LINK,CATEGORY,TITLE,SUMMARY,SENTIMENT,PUB_DATE,CLICKBAIT_PROB,ARTICLE_TYPE,TYPE_PROB
https://n.news.naver.com/mnews/article/009/0005659181?sid=103,자동차/모빌리티,"“새 고객 환영해요”…현대차그룹, 전기차 ‘웰컴 199원’ 충전 프로모...",현대차그룹이 전기차 신규 출고 고객을 대상으로 '웰컴 199원' 충전 요금 프로모션을 진행한다.,호재,2026-04-01 09:22,17.1,사실형,84.6
https://n.news.naver.com/mnews/article/366/0001153491?sid=103,자동차/모빌리티,기아 역대 1분기 최다 판매에 중견 3사도 성장… 현대차는 주춤,"기아가 전기차 호조에 힘입어 역대 1분기 중 최다 판매량을 기록했고, 현대차는 지정학적 리스크 확대로 내수와 해외 모두 3월 판매량이 감소했다.",호재,2026-04-01 18:05,25.0,사실형,97.3
https://n.news.naver.com/mnews/article/020/0003709332?sid=103,자동차/모빌리티,"美 픽업트럭 시장 공략나선 현대차, 콘셉트카 ‘볼더’ 공개","현대차그룹은 미국 시장 공략 강화를 위해 픽업트럭부터 전기차, 하이브리드, 프리미엄 모델까지 신규 콘셉트카와 신차를 대거 공개했다.",호재,2026-04-02 16:32,21.3,사실형,76.8
https://n.news.naver.com/mnews/article/016/0002621009?sid=101,자동차/모빌리티,“기름값 때문에 안되겠어” 2월 국내 전기차 신규등록 역대 최다,올해 2월 국내 전기차 신규 등록 대수가 3만5693대를 기록하며 역대 최다를 기록했다.,호재,2026-03-29 09:34,28.6,사실형,73.5
https://n.news.naver.com/mnews/article/029/0003019593?sid=101,자동차/모빌리티,"현대차·기아, 美서 1분기 최대 실적…SUV·친환경차 견인",현대차와 기아가 미국 시장에서 1분기 최대 실적을 기록하며 SUV와 친환경차 수요가 견인했다.,호재,2026-04-02 14:04,5.8,사실형,96.4
https://n.news.naver.com/mnews/article/023/0003967547?sid=101,자동차/모빌리티,보조금 늘고 값 내리니… 전기차 판매 불 붙었다,"전기차 판매가 비수기인 2월에 역대 최대를 기록했으며, 보조금 제도 개편과 가격 인하 경쟁이 주요 원인으로 작년 2월 대비 172% 급증했다.",호재,2026-03-30 00:35,18.1,사실형,74.3
https://n.news.naver.com/mnews/article/629/0000487556?sid=103,자동차/모빌리티,"현대차·기아, 3월 판매량 64만4613대…전년比 0.2%↓",현대차·기아의 3월 판매량이 전년 동월 대비 0.2% 감소한 64만4613대를 기록했다.,호재,2026-04-01 17:56,21.0,사실형,81.8
https://n.news.naver.com/mnews/article/001/0015987850?sid=101,자동차/모빌리티,2월 국내 전기차 신규등록 역대 최다…이란전쟁에 강세 이어질듯,올해 2월 국내 전기차 신규 등록 대수가 3만5천693대로 처음으로 3만대 넘어 역대 최다를 기록했다.,호재,2026-03-29 09:12,33.4,사실형,98.2
https://n.news.naver.com/mnews/article/003/0013861643?sid=101,자동차/모빌리티,미래차 드라이브 건 현대차…한진칼은 '지배구조' 강조 [2026주총결산②...,"현대차그룹은 미래차에 대한 로드맵을 공개하고, 2030년까지 북미 시장에 현대차 브랜드 신차 36종을 출시할 계획을 발표했다.",호재,2026-04-02 06:30,8.6,사실형,94.5
https://n.news.naver.com/mnews/article/092/0002417181?sid=103,자동차/모빌리티,"고유가 시대, 전기차·하이브리드 내수 급증…전동화 급물살",전기차와 하이브리드 중심으로 재편되는 국내 자동차 시장에서 기아와 현대차가 전동화 전략에 성공했다.,호재,2026-04-01 18:30,44.9,사실형,94.7
https://n.news.naver.com/mnews/article/081/0003632072?sid=101,자동차/모빌리티,현대차 ‘픽업의 성지’ 북미 공략…뉴욕에서 콘셉트카 ‘볼더’ 공개,현대차는 미국 뉴욕에서 차세대 픽업트럭 비전을 공개하며 북미 시장에 최적화한 라인업을 대거 선보였다.,호재,2026-04-03 05:11,16.6,사실형,75.6
https://n.news.naver.com/mnews/article/081/0003631958?sid=101,자동차/모빌리티,"현대차, ‘픽업의 성지’ 북미 공략…뉴욕에서 콘셉트카 ‘볼더’ 공개",현대차그룹은 미국 뉴욕에서 차세대 픽업트럭 비전을 공개하는 등 북미 시장에 최적화한 라인업을 대거 선보였다.,호재,2026-04-02 18:44,16.9,사실형,86.4
https://n.news.naver.com/mnews/article/008/0005339090?sid=101,자동차/모빌리티,현대차·기아 픽업트럭·SUV 신차로 美시장점유율 끌어올린다,현대차와 기아가 미국 고객들의 선호도가 높은 픽업트럭과 SUV로 신차 라인업을 강화해 시장 점유율을 끌어올린다는 전략을 발표했다.,호재,2026-04-02 16:20,18.6,사실형,67.9
https://n.news.naver.com/mnews/article/015/0005269303?sid=101,자동차/모빌리티,[단독] 현대차그룹 '배터리 이원화' 승부수…가성비 전기차로 中 잡는다,현대차그룹이 중저가 배터리 도입을 통해 중국 전기차와 경쟁할 계획을 발표했다.,호재,2026-03-31 17:44,36.1,사실형,68.9
https://n.news.naver.com/mnews/article/215/0001247412?sid=101,자동차/모빌리티,"현대차 ""전기차 사면 초고속 충전 ㎾h당 199원에""",현대차그룹은 전기차 신규 출고 고객을 대상으로 '웰컴 199원' 초고속 충전 요금 프로모션을 2026년 4월부터 7월까지 시행한다.,호재,2026-04-01 10:00,15.9,사실형,72.7
https://n.news.naver.com/mnews/article/079/0004130249?sid=103,자동차/모빌리티,"지난달 전기차 신규 등록 3만 5693대로, 역대 최다 기록","전기차 신규 등록이 역대 최다 기록을 달성했으며, 중동 전쟁 장기화로 전기차 선호가 지속될 전망이다.",호재,2026-03-29 12:59,51.2,사실형,74.1
https://n.news.naver.com/mnews/article/030/0003413937?sid=103,자동차/모빌리티,"현대차·기아, '2026 뉴욕 국제 오토쇼' 참가...픽업 '볼더' 콘셉트 등 공...","현대차와 기아가 2026 뉴욕 국제 오토쇼에서 콘셉트 모델 '볼더'와 셀토스, EV3 등을 공개했다.",호재,2026-04-02 10:36,15.1,사실형,98.6
https://n.news.naver.com/mnews/article/008/0005338547?sid=101,자동차/모빌리티,"""보조금에 살아난 수요""…현대차·기아 1분기 판매실적 전기차로 선방","현대차와 기아의 1분기 판매실적이 전기차로 선방했으며, 전기차 판매량이 크게 늘어났습니다.",호재,2026-04-01 17:36,17.7,사실형,86.2
https://n.news.naver.com/mnews/article/016/0002623363?sid=101,자동차/모빌리티,"현대차·기아, 美서 1분기 역대 최다 판매…무뇨스 사장 “58개 신차로 ...",현대차와 기아가 1분기 미국 시장에서 역대 최다 판매 기록을 달성했다.,호재,2026-04-02 07:52,14.4,사실형,93.9
https://n.news.naver.com/mnews/article/022/0004116629?sid=101,자동차/모빌리티,"현대차·기아, 공장 가동률 2년새 10%P ‘뚝’",현대차와 기아의 합산 공장 가동률이 2년 새 10%포인트 떨어진 것으로 나타났습니다.,호재,2026-03-30 06:04,21.9,사실형,94.9
https://n.news.naver.com/mnews/article/215/0001247745?sid=101,자동차/모빌리티,고유가 시대 전기차 수요 급증…월 10만원 대로 이용,"고유가로 전기차 판매량이 급증하고 있으며, 금융사들의 저금리 상품은 소비자들의 부담을 완화하고 있다.",호재,2026-04-03 09:21,23.7,사실형,76.8
https://n.news.naver.com/mnews/article/374/0000500891?sid=101,자동차/모빌리티,'캐즘 끝났나'…전기차 등록 월 3.5만대 역대 최다,올해 2월 국내 전기차 신규 등록 대수가 역대 최다인 3만 5693대를 기록했다.,호재,2026-03-29 09:36,47.1,추론형,20
https://n.news.naver.com/mnews/article/081/0003630284?sid=101,자동차/모빌리티,2월 국내 전기차 신규등록 역대 최다…이란 전쟁에 강세 이어질듯,"2월 국내 전기차 신규등록이 역대 최다를 기록했으며, 이란 전쟁에 따른 유가 상승에 따라 전기차 강세가 계속될 전망이다.",호재,2026-03-29 15:02,53.6,사실형,87.0
https://n.news.naver.com/mnews/article/366/0001153452?sid=103,자동차/모빌리티,4월 車 구매 혜택… 전기차 할인에 유류비 특별지원까지,4월 국내 완성차 업계가 전기차와 인기 차종을 대상으로 할인 혜택을 발표했다.,호재,2026-04-01 16:47,23.3,사실형,78.5
https://n.news.naver.com/mnews/article/001/0015987804?sid=101,자동차/모빌리티,현대차·기아 공장 가동률 2년새 10%p↓…관세·전기차 캐즘 영향,현대차와 기아의 합산 공장 가동률이 2년 새 10%포인트 떨어진 것으로 나타났습니다.,악재,2026-03-29 08:00,19.5,사실형,93.6
https://n.news.naver.com/mnews/article/018/0006247078?sid=103,자동차/모빌리티,"현대차그룹, 새 전기차 고객 충전 kWh당 199원 프로모션",현대차그룹이 전기차 구매 심리를 완화하고 신규 고객의 초기 부담을 줄이기 위한 '웰컴 199원' 충전 요금 프로모션을 시행한다.,호재,2026-04-01 09:22,21.9,사실형,65.5
https://n.news.naver.com/mnews/article/014/0005500850?sid=101,자동차/모빌리티,"현대차그룹, 신규 전기차 고객 '충전요금 지원' 프로모션 실시",현대차그룹이 신규 전기차 고객을 대상으로 E-pit 초고속 충전 요금을 kWh당 199원에 제공하는 프로모션을 시행한다.,호재,2026-04-01 12:35,21.4,사실형,56.2
https://n.news.naver.com/mnews/article/123/0002380607?sid=101,자동차/모빌리티,현대차 1분기 판매량 2.6% 줄어 '주춤'…기아는 '역대 최다',"현대차는 1분기 판매량 2.6% 줄어 '주춤'했지만, 기아는 역대 최다 판매 실적을 달성했다.",호재,2026-04-02 07:02,13.4,사실형,92.8
https://n.news.naver.com/mnews/article/001/0015996661?sid=101,자동차/모빌리티,완성차 5사 3월 판매 71.5만대…이란전쟁에도 현대차 제외 반등,"완성차 5사 3월 판매량이 전년 동월 대비 1.4% 증가했으며, 이란 전쟁 여파에도 현대차를 제외한 나머지 4개 업체가 판매량을 늘렸다.",호재,2026-04-01 17:55,39.7,사실형,93.6
https://n.news.naver.com/mnews/article/009/0005661147?sid=101,방산/우주항공,"LIG D&amp;A, 정지궤도급 위성 주도…지상·해상 넘어 우주서도 K방산 입지 ...","LIG D&A는 정밀 유도무기, 감시정찰, 지휘통제·통신, 항공전자·전자전 등 육해공 전 분야에서 첨단 무기체계를 개발·양산해온 자주국방 역사의 산증인이다.",호재,2026-04-05 16:06,40.8,사실형,75.65637079626322
https://n.news.naver.com/mnews/article/016/0002615618?sid=101,IT/플랫폼,"나이스디앤비, K-웹툰 글로벌 플랫폼 만든다",나이스디앤비가 K-웹툰 글로벌 플랫폼을 구축하여 국내 대형 플랫폼에 의존하는 좁은 문을 넓히고 창작자와 수요자를 직접 잇는 새로운 생태계를 만들 계획이다.,호재,2026-03-18 12:33,27.3,사실형,77.10002958774567
https://n.news.naver.com/mnews/article/079/0004125751?sid=102,IT/플랫폼,"네이버웹툰 ""창작자 수익 4조1500억""…700억 추가 투자",네이버웹툰이 최근 5년간 창작자에게 지급한 누적 수익이 4조1500억원을 돌파했다고 밝혔다.,호재,2026-03-17 14:57,42.2,사실형,71.84928590477284
https://n.news.naver.com/mnews/article/015/0005270958?sid=103,자동차/모빌리티,현대차 '아이오닉6 N' 결국 일냈다…'포르쉐까지 잡을 줄은',현대차그룹의 아이오닉6 N이 '2026 월드카 어워즈'에서 '세계 올해의 고성능 자동차' 부문 최고상을 수상했다.,호재,2026-04-05 09:01,24.9,사실형,82.26198335178196
https://n.news.naver.com/mnews/article/011/0004607167?sid=101,자동차/모빌리티,"“현대차·기아, 이제 포르쉐랑 동급” 이 말 진짜?…‘아이오닉6 N’ 대...",현대차그룹의 아이오닉6 N이 월드카 어워즈 '세계 올해의 고성능 자동차' 부문에서 최고상을 수상했다.,호재,2026-04-05 14:41,20.2,사실형,74.23074087128043
https://n.news.naver.com/mnews/article/016/0002624917?sid=101,자동차/모빌리티,"현대차 ‘아이오닉 6 N’, 포르쉐·맥라렌·BMW 주름잡던 무대서 주인공...",현대차그룹의 전기차 전용 플랫폼 E-GMP를 기반으로 한 아이오닉 6 N이 2026 월드카 어워즈에서 고성능 차 부문 '최고상'을 수상했다.,호재,2026-04-05 18:43,30.8,사실형,73.69358986616135
https://n.news.naver.com/mnews/article/030/0003414650?sid=103,자동차/모빌리티,"“포르쉐·아우디·BMW 비켜”...현대차, 고성능차 시장 '지각변동'","현대차그룹이 포르쉐, 아우디, BMW와 같은 프리미엄 브랜드가 주도하던 고성능차 시장에 지각변동을 일으키고 있다.",호재,2026-04-05 11:17,29.4,사실형,65.21409451961517
https://n.news.naver.com/mnews/article/003/0013867874?sid=101,자동차/모빌리티,"현대차 아이오닉 6 N, 월드카 어워즈 석권…""고성능차 게임 체인저""",현대차 아이오닉 6 N이 월드카 어워즈에서 세계 올해의 고성능 자동차 부문에서 석권하며 고성능차 게임 체인저로 부상하고 있다.,호재,2026-04-05 11:37,30.6,사실형,90.57579398155212
https://n.news.naver.com/mnews/article/014/0005492171?sid=101,금융/밸류업,“주총 시즌이 온다”...자사주 소각 릴레이에 ‘밸류업 장세’ 재점화,국내 증시의 밸류업 기대가 주주총회 시즌을 계기로 다시 부각될 전망이다.,호재,2026-03-16 15:40,20.4,사실형,34.9
https://n.news.naver.com/mnews/article/003/0013870597?sid=105,IT/반도체,'16조 몸값' 프랑스 미스트랄AI가 韓 찾은 이유,삼성전자와 미스트랄AI가 AI 반도체 공급망 및 기술 협력을 협의했다.,호재,2026-04-06 15:59,24.5,사실형,98.1
https://n.news.naver.com/mnews/article/030/0003415167?sid=105,IT/반도체,산업부 'AI 광반도체 공모 최종 선정…아산시에 143억 투입 제조 기반 마...,충남도는 산업부 주관 '인공지능(AI) 광반도체 핵심부품 제조 기반 구축' 공모에 최종 선정되어 아산시에 차세대 AI 반도체 시장 선점을 위한 산업 생태계를 조성한다.,호재,2026-04-06 16:53,62.2,사실형,34.3
https://n.news.naver.com/mnews/article/008/0005340460?sid=105,IT/반도체,"건설硏 ""AI 데이터센터부터 SMR까지…국가전략산업 인프라 주도""","건설연(KICT)은 반도체, AI, 소형모듈원자로(SMR) 등 국가전략산업을 뒷받침하기 위해 기술 혁신에 나선다.",호재,2026-04-06 16:53,53.7,사실형,67.3
https://n.news.naver.com/mnews/article/030/0003415104?sid=105,IT/반도체,"건설연, 반도체·AI·SMR 지원 '미래 비전' 공유...국가전략산업 인프라...",건설연이 국가전략산업 인프라 기술 혁신 방향을 공유하고 실행 의지를 결집한다.,호재,2026-04-06 15:51,18.3,추론형,17.6
https://n.news.naver.com/mnews/article/023/0003969154?sid=105,IT/반도체,中 주요 반도체 업체 전 분야에서 사상 최대 매출...AI 붐과 칩 자립화 ...,"중국 반도체 업체가 사상 최대 매출을 기록한데다, 칩 자립 전략의 성과로 인해 AI 붐과 글로벌 반도체 수퍼 사이클에 성공적으로 참여했다는 분석이다.",호재,2026-04-06 16:19,20.9,사실형,77.4
https://n.news.naver.com/mnews/article/015/0005271480?sid=105,IT/반도체,엔비디아가 번 돈 수조원씩 베팅…'젠슨 황 AI 제국' 만든다,엔비디아가 AI프런티어랩에 수조원씩 투자하여 AI 제국을 구축 중이다.,호재,2026-04-06 15:56,29.8,사실형,39.6
https://n.news.naver.com/mnews/article/009/0005661782?sid=105,IT/반도체,"“SMR·데이터센터·반도체팹, 건설 기술없이 경쟁력 확보어려워”",반도체와 SMR과 같은 국가전략산업은 안정적이고 정밀한 인프라가 뒷받침되지 않으면 지속적인 경쟁력을 확보하기 어렵다.,호재,2026-04-06 16:42,46.5,사실형,25.1
https://n.news.naver.com/mnews/article/215/0001248056?sid=101,IT/반도체,"크레버스, 퓨리오사AI ‘Renegade 2026 서밋’서 AI 자동평가 엔진 ‘허밍...",크레버스는 퓨리오사AI 'Renegade 2026 서밋'에서 AI 자동평가 엔진 '허밍고(HUMMINGo)'를 시연하며 실사용 가능한 AI 서비스 사례를 제시했다.,호재,2026-04-06 16:11,27.9,사실형,41.3
https://n.news.naver.com/mnews/article/015/0005271474?sid=105,IT/반도체,"백준호 ""터보퀀트가 메모리 효율의 시작…반도체 수요 확대될 것""","백준호 대표는 '터보퀀트' 기술이 메모리 효율화를 위한 시도의 시작이며, 경제성이 확보되면 반도체 수요가 확대될 가능성이 있다.",호재,2026-04-06 15:53,31.3,사실형,53.5
https://n.news.naver.com/mnews/article/011/0004607616?sid=101,IT/반도체,반도체 ‘대학원대학’ 만든다…에이스 인재 年 300명 육성,대만 정부가 반도체 인재를 육성하기 위해 10년간 14조 원을 투입하기로 함,호재,2026-04-06 16:01,13.4,사실형,81.0
https://n.news.naver.com/mnews/article/584/0000037075?sid=105,IT/반도체,"건설연 ""반도체·데이터센터·SMR 등 국가전략산업 인프라 뒷받침""",건설연이 국가전략산업 인프라 뒷받침을 위해 기술 혁신 방향을 공유하고 실행 의지를 결집했다.,호재,2026-04-06 15:47,14.0,사실형,96.2
https://n.news.naver.com/mnews/article/031/0001019896?sid=101,제약/바이오,"롯데바이오, 日 제약사와 항암 신약 CDMO 계약",롯데바이오로직스는 일본 소재 글로벌 제약사와 항암 신약 위탁개발생산 계약을 맺었다.,호재,2026-04-06 14:14,11.7,사실형,66.3
https://n.news.naver.com/mnews/article/421/0008873078?sid=103,제약/바이오,기자 간담회 참석하는 전인석 삼천당제약 대표,삼천당제약 대표가 기자간담회에 참석해 지분매각 철회 경위와 S-PASS 기술 의혹 등 주요 현안에 대한 설명을 하고 있다.,호재,2026-04-06 15:22,15.8,사실형,98.3
https://n.news.naver.com/mnews/article/031/0001019928?sid=101,제약/바이오,"SK바이오사이언스, R&amp;D 지원 조직 정비",SK바이오사이언스는 연구개발(R&D) 실행력을 높이기 위해 마상호 연구지원실장 부사장을 영입했다.,호재,2026-04-06 14:58,14.3,대화형,43.9
https://n.news.naver.com/mnews/article/016/0002539410?sid=101,금융/밸류업,"약세 금융주 ‘다시 밸류업’…5대 금융지주 회장, 해외 투자자 세일즈",금융지주 회장들이 IMF 총회에서 직접 IR를 진행하며 밸류업 의지를 전하는 것으로 보인다.,호재,2025-10-07 08:16,20.2,사실형,62.9
https://n.news.naver.com/mnews/article/417/0001067555?sid=101,금융/밸류업,공매도 재개 첫날 '밸류업' 금융주 흔들… 하나·신한·우리금융 3% 하락,공매도가 재개되면서 금융주가 약 3% 하락했다.,악재,2025-03-31 17:36,35.3,사실형,54.6
https://n.news.naver.com/mnews/article/009/0005500121?sid=101,금융/밸류업,“주주환원 기대되네”…밸류업에 환율 내리자 금융주 ‘화색’,밸류업 정책의 지속과 주주환원율의 우상향으로 금융주가 긍정적인 영향을 받을 것으로 예상된다.,호재,2025-05-28 16:46,30.7,사실형,48.3
https://n.news.naver.com/mnews/article/029/0002977692?sid=101,금융/밸류업,‘밸류업’ 기대 꺾인 금융주… 정부 청구서에 ‘흔들’,금융주가 주주환원 확대 기대가 꺾인 것으로 보인다.,악재,2025-08-25 15:58,24.6,사실형,72.8
https://n.news.naver.com/mnews/article/003/0013870144?sid=102,IT/반도체,"충남도, 아산시에 차세대 AI 반도체 산업 생태계 조성","충남도, 아산시에 차세대 AI 반도체 산업 생태계를 조성한다.",호재,2026-04-06 14:37,32.8,추론형,14.5
https://n.news.naver.com/mnews/article/015/0005114201?sid=101,금융/밸류업,밸류업 공시 늘었지만…금융주 랠리는 '글쎄',밸류업 공시가 증가했지만 금융주 랠리는 기대하기 어렵다고 전망된다.,중립,2025-04-02 18:14,11.0,사실형,98.4
https://n.news.naver.com/mnews/article/421/0008287150?sid=101,금융/밸류업,'밸류업 효과' 볕드는 금융주…자사주 산 지주 임원 잔고도 '쑥',금융지주가 밸류업 효과로 인해 자사주 산 지주 임원 잔고가 증가하고 있다.,호재,2025-06-01 06:24,46.8,사실형,90.6
https://n.news.naver.com/mnews/article/215/0001248033?sid=101,방산/우주항공,"한화, 풍산 인수 유력…10조 미국 자주포 노린다 [방산인사이드]","한화가 풍산 인수에 관심을 보이고, 10조 미국 자주포를 노리는 중이다.",호재,2026-04-06 15:02,26.1,추론형,50.0
https://n.news.naver.com/mnews/article/029/0003020193?sid=101,방산/우주항공,"후원부터 발표까지…K-방산, 루마니아 장악",한화에어로스페이스와 현대로템이 동유럽 시장 공략에 총력전을 펼치고 있다.,호재,2026-04-06 15:30,29.2,사실형,49.1
https://n.news.naver.com/mnews/article/421/0008871317?sid=101,방산/우주항공,"美 ""나토 탈퇴 검토""에 K방산 '관심 집중'…'바이 유러피언' 숙제",K방산이 나토 탈퇴 검토에 관심을 집중하고 있다,호재,2026-04-06 07:00,44.6,사실형,49.7
https://n.news.naver.com/mnews/article/003/0013864002?sid=101,방산/우주항공,'전략적 동반자' 인니와 재도약…K방산·건설기계 수출 '기대감','천궁-Ⅱ'와 '천무' 등 K방산 주력 무기 수출 가능성 높아,호재,2026-04-02 16:36,25.5,사실형,95.5
https://n.news.naver.com/mnews/article/014/0005503195?sid=100,방산/우주항공,"방사청 사이버 방패 직접 지원 강화 ""K-방산 해킹 원천 차단""",방사청이 국내 방산 기업들의 정보 시스템을 지원하여 데이터 주권을 수호하고 방산 수출 확대에 긍정적인 영향을 주는 정책을 발표했다.,호재,2026-04-06 15:56,25.7,추론형,18.2
https://n.news.naver.com/mnews/article/001/0015996714?sid=100,방산/우주항공,"韓-인니, 첫 특별포괄적전략동반자 됐다…전투기 등 방산협력 강화","韓-인니, 방산 협력 강화로 전투기 양산 협력에 대한 의지를 표명했다.",호재,2026-04-01 18:38,20.6,사실형,99.0
https://n.news.naver.com/mnews/article/421/0008864142?sid=101,방산/우주항공,"""중동 무기 수요 지속"" 방산주 급등…LIG넥스원 상한가[핫종목]","LIG넥스원은 방산주 급등에 상한가에 오르며, 중동 무기 수요가 지속될 전망에 힘입은 듯하다.",호재,2026-04-01 16:45,7.3,사실형,84.8
https://n.news.naver.com/mnews/article/215/0001247885?sid=101,IT/플랫폼,"""이미 반토막인데"" 네이버·카카오 목표주가 또 하향",네이버와 카카오 주가가 또 목표주가 하향,악재,2026-04-05 06:00,23.9,사실형,31.7
https://n.news.naver.com/mnews/article/001/0016004015?sid=101,제약/바이오,"[바이오스냅] SK바이오팜, 미국 암연구학회서 방사성의약품 전임상 성과...",SK바이오팜은 미국 암연구학회에서 방사성 의약품 치료제 'SKL35501'과 영상진단제 'SKL35502'의 전임상 연구 성과를 공개한다.,호재,2026-04-06 09:29,31.3,예측형,25.7
https://n.news.naver.com/mnews/article/421/0008871258?sid=101,IT/플랫폼,"'공영주차장 5부제' 네이버지도·카카오맵서 확인 추진…""논의 진행 중...",정부는 공영주차장별 5부제 적용 여부를 네이버지도와 카카오맵 등 주요 지도 플랫폼 통해 안내할 계획이다.,중립,2026-04-06 06:00,19.9,대화형,18.6
https://n.news.naver.com/mnews/article/056/0012153732?sid=100,방산/우주항공,한·인니 정상 “KF-21 공동 개발 성공 축하”…포괄적 방산협력 확대,"한·인니 정상은 KF-21 공동 개발 성공을 축하하며, 포괄적 방산협력 확대를 약속했다.",호재,2026-04-01 17:22,21.2,사실형,81.4
https://n.news.naver.com/mnews/article/243/0000095770?sid=101,IT/플랫폼,"‘일하는 사람’ 정의 모호…플랫폼 기업, ‘일법 패키지’에 한숨 커진...",플랫폼 기업이 일법 패키지에 큰 타격을 입을 것으로 예상된다.,악재,2026-04-06 07:01,19.3,대화형,15.9
https://n.news.naver.com/mnews/article/018/0006251367?sid=101,자동차/모빌리티,기름값 치솟자 잘 나가는 전기차…K배터리도 웃는다,"중동 사태로 고유가 공포가 확산되자 소비자들의 관심이 전기차로 쏠리고 있으며, 미국 BEV 판매량이 21.5% 급증하면서 국내 배터리 업계도 수혜를 볼 것이라는 기대가 나온다.",호재,2026-04-06 16:35,17.7,사실형,83.2
https://n.news.naver.com/mnews/article/008/0005340726?sid=101,제약/바이오,"삼진제약, 산업부 '월드클래스 플러스' 선정…""ADC 플랫폼 구축""","삼진제약이 산업부의 '월드클래스 플러스' 프로젝트에 선정돼, 첨단 바이오 분야 대표 기업으로 글로벌 사업화를 본격 추진할 계획이다.",호재,2026-04-07 09:57,23.1,사실형,52.8
https://n.news.naver.com/mnews/article/008/0005340658?sid=101,제약/바이오,"HLB라이프케어, 'HLB마이오카인 연구소' 설립…""바이오마커 확보""",HLB라이프케어가 근육에서 분비되는 단백질 호르몬 '마이오카인' 연구를 위해 연구소를 설립하고 국내 내분비·대사 분야 최고 권위자들과 컨소시엄을 구성했다.,호재,2026-04-07 08:53,38.6,사실형,35.7
https://n.news.naver.com/mnews/article/003/0013868656?sid=102,제약/바이오,"K-제약바이오, 국제암회회 '대거출격'…어떤 기술 있나",K-제약바이오 기업들이 국제암학회 '대거출격'하며 기술 수출 상업화에 힘쓸 것으로 보인다.,호재,2026-04-06 05:01,62.1,대화형,36.2
https://n.news.naver.com/mnews/article/003/0013872198?sid=102,제약/바이오,"""글로벌 경쟁력 키운다""…제약바이오, R&amp;D사령탑 재편",제약바이오 기업들이 글로벌 경쟁력을 강화하기 위해 연구개발(R&D) 수장을 영입하고 조직을 재편한다.,호재,2026-04-07 11:34,55.8,사실형,32.4
https://n.news.naver.com/mnews/article/001/0016006139?sid=105,제약/바이오,"[바이오스냅] HLB라이프케어, DGIST와 마이오카인 연구 컨소시엄 구축","HLB라이프케어는 근육에서 분비되는 단백질 호르몬 마이오카인 연구를 위해 연구소와 컨소시엄을 구성하고, 광동제약은 유기농 원료를 사용한 프리미엄 차음료를 출시했다.",호재,2026-04-07 08:29,36.7,사실형,79.6
https://n.news.naver.com/mnews/article/014/0005503535?sid=102,IT/반도체,"원주시, 대만 신주시와 AI 디지털헬스 협력 체계 구축",원주시가 대만 신주시와 AI 디지털헬스 협력 체계를 구축하고 글로벌 진출 기반을 다졌다.,호재,2026-04-07 09:45,13.6,예측형,42.2
https://n.news.naver.com/mnews/article/003/0013871944?sid=101,IT/반도체,"삼성전자, 올 1Q '어닝서프라이즈' 57조 영업익 비결은…""고부가 메모리...",삼성전자가 고부가 메모리 판매 확대에 힘입어 올해 1분기 영업이익이 사상 최대 '어닝서프라이즈'를 기록했다.,호재,2026-04-07 10:46,27.5,사실형,73.6
https://n.news.naver.com/mnews/article/016/0002625631?sid=101,IT/반도체,"AI 디지털헬스, 한국 원주-대만 신주, 협력한다",원주시가 대만의 AI EXPO Taiwan 2026에 참가하여 디지털헬스케어 인공지능(AI) 분야 글로벌 협력 기반을 확보했다.,호재,2026-04-07 07:50,18.7,사실형,69.3
https://n.news.naver.com/mnews/article/277/0005745282?sid=102,IT/반도체,"서울 직업교육, '로봇·AI' 중심으로 전환…""AI시대 이끌 기술 인재 육성...",서울시교육청이 로봇·AI 중심의 직업 교육을 강화해 AI·디지털 기술 인재를 육성하기로 했다.,호재,2026-04-06 08:36,17.3,사실형,45.0
https://n.news.naver.com/mnews/article/003/0013871286?sid=102,제약/바이오,"""자칫하면 실명""…황반변성 치료제 개발 불붙은 제약사",국내 제약바이오 기업들이 황반변성의 차세대 치료제를 개발하기 위해 노력하고 있다.,호재,2026-04-07 06:01,63.2,사실형,81.1
https://n.news.naver.com/mnews/article/001/0016006623?sid=105,제약/바이오,"[바이오스냅] SD바이오센서, 잠복결핵 진단 제품 글로벌펀드 조달 리스...",SD바이오센서는 글로벌 펀드 조달 리스트에 등재돼 잠복결핵 진단 제품으로서 세계 시장에서 실질적 판매 권한을 확보했다.,호재,2026-04-07 11:07,39.0,사실형,44.9
https://n.news.naver.com/mnews/article/003/0013868912?sid=102,제약/바이오,"롯데바이오로직스 ""日제약사서 항암신약 CDMO 수주""",롯데바이오로직스는 일본 제약사와 항암 신약을 위탁개발 및 생산 계약을 체결했다.,호재,2026-04-06 09:19,17.6,사실형,89.8
https://n.news.naver.com/mnews/article/015/0005271194?sid=110,IT/반도체,[사설] 미적분 몰라도 이공계 진학…AI 강국 가능한가,"미적분과 기하는 인공지능 등 첨단 과학기술의 기초이지만, 일부 학생들이 기초수학에 취약하다는 문제가 있다.",악재,2026-04-06 00:20,20.3,추론형,49.5
https://n.news.naver.com/mnews/article/421/0008874425?sid=103,제약/바이오,"삼진제약, 정부 지원 프로젝트 첨단 바이오 대표 기업 선정",삼진제약이 정부 지원 프로젝트 '월드클래스 플러스 프로젝트'에 최종 선정돼 첨단 바이오 대표 기업으로 이름을 올렸다.,호재,2026-04-07 10:21,34.9,사실형,36.3
https://n.news.naver.com/mnews/article/014/0005503042?sid=103,제약/바이오,"제약바이오협회, 중소제약·AI벤처 연결 파트너링 데이 개최",한국제약바이오협회가 중소제약사와 AI 바이오벤처를 연결하는 오픈이노베이션 협력의 장을 마련한다.,호재,2026-04-06 13:44,23.0,대화형,11.6
https://n.news.naver.com/mnews/article/366/0001154430?sid=101,제약/바이오,"전인석 대표, 삼천당제약 주식 2500억 매각 계획 철회",삼천당제약 전인석 대표가 약 2500억원 규모의 주식 매도 계획을 철회했다.,호재,2026-04-06 08:29,46.7,사실형,62.1
https://n.news.naver.com/mnews/article/011/0004607378?sid=102,IT/반도체,"“AI로 직업교육 판 바꾼다”…서울시교육청, ‘AX 특성화고’ 20개교로...",서울시교육청이 AI를 접목한 'AX 특성화고'를 20개교로 확대하여 직업교육의 표준 모델로 정착시키기로 함,호재,2026-04-06 08:43,25.3,사실형,95.1
https://n.news.naver.com/mnews/article/003/0013871663?sid=102,제약/바이오,"삼진제약, 월드클래스플러스프로젝트 선정…""R&amp;D 지원""","삼진제약이 월드클래스 플러스 프로젝트에 선정되어 연구개발(R&D)과 수출, 금융, 컨설팅 등을 지원받게 된다.",호재,2026-04-07 09:39,41.6,사실형,42.2
https://n.news.naver.com/mnews/article/277/0005744917?sid=105,IT/반도체,"국가AI전략위원회, 미스트랄 AI CEO 만나 협력 논의","국가AI전략위원회와 미스트랄 AI가 협력 논의를 진행하며, 한국의 AI 반도체 기술과 미스트랄 AI의 모델이 결합할 가능성이 높아졌다.",호재,2026-04-03 20:41,14.4,추론형,20
https://n.news.naver.com/mnews/article/006/0000135198?sid=101,IT/반도체,'최태원 노트' 끌어낸 이 책…'다른' 기업 보도는 가능할까,SK하이닉스가 글로벌 빅테크와의 AI 반도체 협력 네트워크를 통해 위상을 부각했다.,호재,2026-04-11 17:30,37.1,사실형,57.9
https://n.news.naver.com/mnews/article/015/0005274468?sid=100,방산/우주항공,"李 대통령 ""우린 민주주의자"" 투스크 폴란드 총리와 공감대 쌓아",이재명 대통령과 도날트 투스크 폴란드 총리가 민주화 역사를 공유하며 공감대를 쌓았다.,호재,2026-04-13 19:28,49.4,사실형,81.1
https://n.news.naver.com/mnews/article/025/0003515989?sid=100,방산/우주항공,전쟁터에 웬 방산 직원? 80년전 독일 전차 흑역사가 부러운 이유 [Focus 인...,"1942년 독일군의 신예 전차 '티거'가 실전 테스트를 받았지만, 문제점이 발견되어 실망스러운 결과를 보였다.",호재,2026-04-14 05:00,46.3,사실형,63.6
https://n.news.naver.com/mnews/article/028/0002800614?sid=101,방산/우주항공,"[단독] K-방산, 지난해 ‘무기 수출’ 글로벌 4위…리스크도 커져",한국 방산이 지난해 글로벌 무기 수출시장 점유율에서 세계 4위에 오른 것으로 확인됐다.,호재,2026-04-14 05:02,48.0,사실형,83.3
https://n.news.naver.com/mnews/article/015/0005274440?sid=100,방산/우주항공,"李, K2·천무 구입 폴란드에 ""방산협력 더 확대될 것""",이재명 대통령과 폴란드 총리가 방산협력을 확대할 것이라고 밝혔다.,호재,2026-04-13 18:25,13.1,사실형,78.4
https://n.news.naver.com/mnews/article/011/0004610245?sid=100,방산/우주항공,"李 “방산 넘어 협력”…투스크 “韓, 중요 동맹국”","이 대통령과 폴란드 총리는 한·폴란드 정상회담을 통해 방산 협력을 강화하고, 양국 관계를 '포괄적 전략 동반자 관계'로 격상했다.",호재,2026-04-13 18:00,16.5,사실형,89.0
https://n.news.naver.com/mnews/article/005/0001842941?sid=100,방산/우주항공,한·폴란드 “방산 협력 확대·포괄적 전략 동반자로 격상”,"한·폴란드 양국은 방산 협력을 확대하고, 포괄적 전략 동반자로 격상하는 합의를 하였다.",호재,2026-04-13 18:38,12.1,사실형,95.5
https://n.news.naver.com/mnews/article/009/0005665362?sid=100,방산/우주항공,"투스크 만난 李 ""방산·에너지 협력 강화를""",이재명 대통령과 폴란드 총리가 방산·에너지 분야 협력을 강화하기로 하였다.,호재,2026-04-13 17:58,10.1,사실형,93.4
https://n.news.naver.com/mnews/article/024/0000104773?sid=102,방산/우주항공,"“사우디, 천궁Ⅱ 조기인도 타진…UAE도 요격미사일 요청”",사우디아라비아와 UAE가 한국의 천궁Ⅱ 중거리 지대공 유도무기 체계를 조기 인도 타진하고 있다.,호재,2026-04-13 17:41,19.8,사실형,85.1
https://n.news.naver.com/mnews/article/366/0001156509?sid=100,방산/우주항공,"韓-폴란드 ‘소고기 수입’ 논의…“李, 해결해주겠다고 답""","이재명 대통령과 도날트 투스크 폴란드 총리가 한국-폴란드 소고기 수입 논의를 위해 정상회담을 열어, 투스크 총리는 이 대통령이 요청을 듣고 관련 사안을 해결해주겠다고 답했다.",호재,2026-04-13 17:53,9.7,사실형,90.6
https://n.news.naver.com/mnews/article/009/0005665297?sid=101,방산/우주항공,K방산 천궁Ⅱ 주문 급증,"중동 전쟁으로 인해 사우디·UAE·카타르 등이 한국으로부터 천궁Ⅱ를 급히 수입하는 가운데, 국내 방산업계는 시장 확대에 대한 기대감을 내비치고 있다.",호재,2026-04-13 17:38,49.7,사실형,78.9
https://n.news.naver.com/mnews/article/009/0005665303?sid=101,방산/우주항공,"“천궁II 퀵배송 안되나요, 제발”…전쟁 불똥튄 ‘이 나라’ 주문 급증",중동 전쟁 불똥이 이 지역 걸프 국가들로 튀면서 한국 '가성비 방공무기'에 러브콜이 몰려와 한국 업체들에 중거리 지대공 유도무기(천궁Ⅱ)의 인도 일정을 앞당겨 달라고 요청했다.,호재,2026-04-13 17:45,63.8,사실형,83.7
https://n.news.naver.com/mnews/article/002/0002437064?sid=100,방산/우주항공,"韓-폴란드, '포괄적 전략동반자' 격상…'소고기 수입' 논의도",이 대통령과 도날트 투스크 폴란드 총리는 양국 관계를 '포괄적 전략 동반자 관계'로 격상하고 양국 간 협력을 강화하기로 했다.,호재,2026-04-13 17:53,14.7,사실형,90.5
https://n.news.naver.com/mnews/article/011/0004610262?sid=110,방산/우주항공,[청론직설] “K무기용 국방반도체 99%가 수입산…국가 주도로 국산화해...,"국방반도체 99%가 수입산에 의존하고 있으며, 국가 주도로 국산화하여 민간 칩 기술을 접목해 산업 육성을 해야 한다.",호재,2026-04-13 18:17,40.6,사실형,63.1
https://n.news.naver.com/mnews/article/055/0001348137?sid=100,방산/우주항공,"""저도 노동자 출신"" 공감대…한-폴란드 방산 협력 확대",이재명 대통령과 도날드 투스크 폴란드 총리가 노동자 출신 공감대와 방산 협력을 확대하기로 합의했다.,호재,2026-04-13 17:10,28.8,추론형,0.0
https://n.news.naver.com/mnews/article/003/0013884899?sid=100,방산/우주항공,"이 대통령 ""폴란드 韓방산계약 안정적 이행…중동위기 공급망 협력""(종...","이 대통령과 폴란드 총리는 한국-폴란드 관계를 '포괄적 전략 동반자 관계'로 격상하고, 방산 협력과 중동 대응에 대한 협력을 강화하기로 했다.",호재,2026-04-13 17:16,20.3,사실형,96.2
https://n.news.naver.com/mnews/article/088/0001005361?sid=102,방산/우주항공,성능+가성비 천궁-Ⅱ 러브콜…협력사 투자 1조원 넘었다,"천궁-Ⅱ가 성능과 가성비를 입증하며, 중동 지역의 공급망 다변화로 수출 확대를 기대하고 있다.",호재,2026-04-13 16:38,33.9,사실형,84.8
https://n.news.naver.com/mnews/article/055/0001348129?sid=104,방산/우주항공,"""우리도 제발"" 줄 섰다…걸프국들이 콕 집은 '한국 무기'","걸프 주요국들이 미국 중심 무기 조달 구조에서 벗어나 한국과 영국, 우크라이나 등으로 공급선을 다변화하고 있다.",호재,2026-04-13 16:33,20.7,추론형,0.1
https://n.news.naver.com/mnews/article/421/0008886965?sid=101,방산/우주항공,李대통령·폴란드 총리 오찬에 K방산 총출동…추가 수주 기대 확산,"한국과 폴란드는 '포괄적 전략 동반자' 관계를 격상하고, K-방산 협력을 심화·발전시키기로 합의했다.",호재,2026-04-13 17:03,22.7,사실형,89.9
https://n.news.naver.com/mnews/article/052/0002340377?sid=102,방산/우주항공,"[스타트 브리핑] ""무당층이 힙스터""...정당과 이별하는 20대",국내 탈플라스틱 정책이 중동 전쟁발 나프타 수급 위기를 계기로 산업 보호 차원에서 논의되고 있다.,호재,2026-04-14 07:05,34.5,추론형,0.4
https://n.news.naver.com/mnews/article/011/0004610366?sid=101,제약/바이오,"카카오헬스케어, 차바이오 중심 이사회 재편 “B2C 넘어 B2H 확장”","카카오헬스케어가 환자 데이터 표준화 사업을 추진 중이며, 임상 효율과 신약 개발을 향상시키는 목표를 가졌다.",호재,2026-04-14 07:01,19.7,사실형,33.1
https://n.news.naver.com/mnews/article/008/0005343707?sid=101,제약/바이오,루닛 스코프 매출 100억 돌파…'돈 되는' AI 바이오마커 입증,루닛 스코프가 매출 100억원을 돌파하며 '돈 되는' AI 바이오마커 솔루션을 입증했다.,호재,2026-04-14 08:00,24.0,추론형,0.8
https://n.news.naver.com/mnews/article/003/0013885272?sid=102,제약/바이오,"""당장 돈되는 약 잡아라""…제약사들, '판권확보' 잰걸음",제약사들은 신약개발에도 열심히 나서 판권확보를 잰걸음에 나서고 있다.,호재,2026-04-14 05:02,37.2,추론형,10.5
https://n.news.naver.com/mnews/article/008/0005343650?sid=101,제약/바이오,"ADC 앞세운 K바이오, 빅파마 '픽' 노린다",삼성바이오에피스가 신약 파이프라인 'SBE303'의 전임상 결과를 발표한다.,호재,2026-04-14 04:00,36.8,사실형,74.0
https://n.news.naver.com/mnews/article/018/0006256707?sid=101,제약/바이오,오름·HLB·카나프…항암 신약 임상·허가·AACR 기대감[바이오맥짚기],"국내 제약·바이오 업계가 항암 신약 임상 진입과 글로벌 학회 발표, 미국 FDA 허가 일정이 맞물려 주요 개발 성과에 이목이 집중되고 있다.",호재,2026-04-14 08:02,24.5,사실형,41.9
https://n.news.naver.com/mnews/article/366/0001156502?sid=101,제약/바이오,"대원제약, 서울바이오허브와 유망 바이오 스타트업 모집","대원제약이 서울바이오허브 입주 및 임대료 지원 혜택을 제공하며, 유망 바이오 스타트업을 모집한다.",호재,2026-04-13 17:32,19.5,사실형,81.1
https://n.news.naver.com/mnews/article/003/0013884701?sid=102,제약/바이오,"대원제약-서울바이오허브 ""유망 바이오 스타트업 모집""",대원제약이 바이오 스타트업 발굴을 위해 서울바이오허브와 함께 오픈이노베이션 프로그램을 진행한다.,호재,2026-04-13 16:14,40.0,사실형,62.8
https://n.news.naver.com/mnews/article/031/0001021733?sid=101,제약/바이오,"대원제약, 바이오 스타트업 모집","대원제약은 서울바이오허브와 함께 제약·바이오 스타트업을 모집하여 공동연구와 기술실증, 맞춤형 멘토링을 지원한다.",호재,2026-04-13 15:10,47.3,대화형,25.6
https://n.news.naver.com/mnews/article/014/0005506735?sid=103,제약/바이오,"K제약바이오, 기대감에서 실적 중심 투자 환경 전환","금감원이 제약바이오 공시 체계를 개편하기로 결정하면서, 투자 환경이 실질 가치 중심으로 변환할 것으로 예상된다.",호재,2026-04-13 14:05,36.8,대화형,31.5
https://n.news.naver.com/mnews/article/003/0013884070?sid=102,제약/바이오,"'미신고 유리병' 알부민 대거 적발…""2200만병 제조판매""",식품의약품안전처가 알부민 식품 제조업체 12개소를 식품위생법 위반으로 적발했다.,악재,2026-04-13 14:00,33.4,예측형,35.3
https://n.news.naver.com/mnews/article/079/0004136080?sid=102,제약/바이오,"""개방형 혁신 거점으로 승부수"" 'AI+바이오' 융합의 닻 올린 부산·경남",부산·경남은 'AI+바이오' 융합을 통해 지역 산업의 체질을 바꾸기 위해 '개방형 혁신 거점'을 설립하는 계획을 발표했다.,호재,2026-04-13 15:08,42.0,사실형,46.8
https://n.news.naver.com/mnews/article/056/0012161594?sid=100,방산/우주항공,"중동정세·방산협력 논의…이 대통령, 폴란드 총리와 회담","이 대통령은 폴란드 총리와 정상회담을 가졌고, 양국 간의 호혜적 방산 협력을 더욱 확대하기로 하였습니다.",호재,2026-04-14 06:22,27.8,추론형,0.0
https://n.news.naver.com/mnews/article/020/0003712076?sid=100,방산/우주항공,韓-폴란드 “방산 협력 고도화” 66조 계약 이행 속도,"이재명 대통령과 도날트 투스크 폴란드 총리가 한-폴란드 정상회담을 통해 양국 간 협력 관계를 '포괄적 전략 동반자 관계'로 격상하고, 방산 협력을 심화하기로 했다.",호재,2026-04-14 04:34,22.0,사실형,95.6
https://n.news.naver.com/mnews/article/056/0012161393?sid=100,방산/우주항공,"중동 정세·방산협력 논의…이 대통령, 폴란드 총리와 회담",이 대통령과 폴란드 총리는 중동 위기 대처를 위한 방산 협력과 글로벌 공급망 안정화를 위한 협력을 강화하기로 했다.,호재,2026-04-13 21:21,28.0,추론형,0.0
https://n.news.naver.com/mnews/article/009/0005665421?sid=100,방산/우주항공,‘방산깐부’ 폴란드 총리 만난 李…“중동발 공급망 위기대응 협력”,이재명 대통령과 폴란드 총리는 중동 전쟁으로 원전·수소·2차전지 수요가 커지는 상황에서 양국이 공동으로 관련 생산·투자·조달망 구축에 나서기로 했다.,호재,2026-04-13 22:26,16.3,사실형,94.0
https://n.news.naver.com/mnews/article/032/0003439622?sid=100,방산/우주항공,폴란드 총리 “한국은 미국 다음으로 중요한 동맹국”,이 대통령과 폴란드 총리 도날트 투스크는 양국 관계를 전략적 동반자 관계에서 포괄적 전략 동반자 관계로 격상하기로 합의했다.,호재,2026-04-13 20:37,23.8,사실형,95.2
https://n.news.naver.com/mnews/article/020/0003712080?sid=100,방산/우주항공,李 “폴란드 신공항 사업 韓 참여 요청” 방산 이어 인프라 협력 확대,이재명 대통령과 도날트 투스크 폴란드 총리는 한-폴란드 정상회담에서 양국 관계를 포괄적 전략 동반자 관계로 격상하고 방산 협력을 이어가겠다는 의지를 강조했다.,호재,2026-04-14 04:34,5.2,사실형,94.2
https://n.news.naver.com/mnews/article/025/0003515964?sid=104,방산/우주항공,"“천궁Ⅱ 좀더 빨리 보내달라” 사우디·UAE, 한국에 SOS","사우디와 UAE가 한국에 천궁Ⅱ를 빨리 보내달라고 요청하면서, 한국 방산 업체가 세계 각국으로부터 주목을 받고 있다.",호재,2026-04-14 00:22,14.5,사실형,96.5
https://n.news.naver.com/mnews/article/081/0003634933?sid=100,방산/우주항공,"“천궁Ⅱ 빨리, 더 달라”… 걸프국, 방공망 공백 우려에 잇단 러브콜","중동 국가들이 한국으로 무기체계 공급선을 넓히고 있으며, 사우디아라비아는 한국산 요격체계 '천궁Ⅱ'의 조기 인도를 타진했다.",호재,2026-04-14 05:01,13.7,사실형,96.6
https://n.news.naver.com/mnews/article/016/0002628176?sid=104,2차전지,"호르무즈 위기에 ‘탈석유’ 선언한 佛…국내 전기차株, 기회 생기나",전기차 판매량 회복으로 국내 2차전지 기업 실적 개선 기대,호재,2026-04-11 17:50,18.2,사실형,53.7
https://n.news.naver.com/mnews/article/056/0012161085?sid=100,방산/우주항공,"이 대통령, 폴란드 총리와 오찬 “아픈 역사 앞 하나로 연결…우린 민주...","이 대통령은 폴란드 총리와 오찬을 함께하며, 두 국가의 민주주의적 가치와 방산 협력을 강조했습니다.",호재,2026-04-13 15:19,40.9,추론형,0.3
https://n.news.naver.com/mnews/article/031/0001021749?sid=101,방산/우주항공,"방산업계, 李대통령-폴란드 총리 오찬 참석⋯협력 강화 기대","이 대통령과 폴란드 총리는 방산 협력 강화에 대해 협약을 체결하며, 한국산 무기 도입 규모를 늘리기로 합의했다.",호재,2026-04-13 15:41,32.4,사실형,80.3
https://n.news.naver.com/mnews/article/056/0012161035?sid=100,방산/우주항공,"이 대통령 “지정학적 위기 속 방산협력 발전…대한민국 무기, 폴란드 ...","이 대통령은 도날드 투스크 폴란드 총리와 정상회담에서 양국 방산협력의 중요성을 강조하고, 양국의 협력으로 새로운 지평을 열 것이라고 말했다.",호재,2026-04-13 14:28,27.6,추론형,6.3
https://n.news.naver.com/mnews/article/008/0005343442?sid=100,방산/우주항공,"""K-방산 최대 수출대상국·유럽거점""...한-폴란드, 방산협력 강화","한국과 폴란드가 '포괄적 전략 동반자'로 관계를 맺고 방산 협력을 강화하기로 하여, 폴란드는 K-방산의 유럽 거점으로 자리매김할 것으로 예상된다.",호재,2026-04-13 15:44,31.6,사실형,85.7
https://n.news.naver.com/mnews/article/215/0001248815?sid=100,방산/우주항공,한-폴란드 정상회담...방산 협력 강화,한-폴란드 정상회담에서 양국 관계를 '포괄적 전략 동반자 관계'로 격상하고 방산 협력을 강화했다.,호재,2026-04-13 14:16,14.7,추론형,0.0
https://n.news.naver.com/mnews/article/092/0002418486?sid=105,방산/우주항공,"""공작기계는 국가 전략 자산""…韓 공작기계, AX 전환으로 경쟁력 제고",한국공작기계산업협회 회장 김원종이 공작기계의 인공지능 전환(AX)을 핵심 전략으로 천명하며 국가 전략 자산으로 정의했다.,호재,2026-04-13 16:01,47.7,사실형,88.4
https://n.news.naver.com/mnews/article/081/0003634792?sid=100,방산/우주항공,"李대통령 “쇼팽, 韓국민 심금 울려”… 투스크 “최애 책은 채식주의자...",이재명 대통령은 도날드 투스크 폴란드 총리와의 공식 오찬에서 한국과 폴란드의 협력 관계를 강조하고 쇼팽의 음악을 통해 양국 간 문화적 유대감을 강조했다.,호재,2026-04-13 15:37,32.8,사실형,84.4
https://n.news.naver.com/mnews/article/001/0016018688?sid=100,방산/우주항공,"李대통령 ""우린 민주주의자""…투스크 ""월드컵이 유일한 불미스런 일""(종...","이재명 대통령과 도날트 투스크 폴란드 총리가 청와대에서 확대 정상회담을 가졌으며, 양국이 공통적으로 가진 민주화 투쟁의 역사를 공유하며 공감대를 쌓았다.",호재,2026-04-13 15:45,66.5,사실형,86.1
https://n.news.naver.com/mnews/article/092/0002418518?sid=105,IT/플랫폼,"네이버, 패션 플랫폼 다시 도전…‘노크잇’으로 무신사 견제",네이버가 패션 전문 플랫폼 '노크잇'을 출시하며 무신사를 견제하는 경쟁 구도를 형성하고 있다.,호재,2026-04-13 17:57,16.5,사실형,70.3
https://n.news.naver.com/mnews/article/629/0000491022?sid=101,IT/플랫폼,"'불법 웹툰' 칼빼든 네이버웹툰·카카오엔터, 수익성·IP 보호 나선다",네이버웹툰과 카카오엔터테인먼트가 불법 웹툰 유통을 근절하기 위해 다양한 대응 방안을 마련하고 있다.,호재,2026-04-14 00:01,58.1,예측형,49.2
https://n.news.naver.com/mnews/article/023/0003970691?sid=101,IT/플랫폼,"트럼프가 전쟁 일으키고 콕 찍었던 이 주식, 얼마나 올랐나",팔란티어의 주식 티커인 'PLTR'는 트럼프 대통령의 글이 올라간 이후 약 28% 하락한 뒤 다시 상승했다.,호재,2026-04-14 05:31,32.6,사실형,77.5
https://n.news.naver.com/mnews/article/028/0002800567?sid=101,IT/플랫폼,"인공지능이 내 취향 맞춰 골라준 제품?...신세계·네이버·카카오, AI 커...",신세계·네이버·카카오 등 유통·플랫폼 업계가 인공지능(AI) 기술을 도입하여 고객의 취향에 맞춰 상품을 추천하는 '에이전틱 커머스'를 개발하고 있다.,호재,2026-04-13 17:54,43.0,사실형,80.3
https://n.news.naver.com/mnews/article/092/0002418501?sid=105,IT/플랫폼,"[종합] 네이버·삼성 등 5개사, 2조원 정부 GPU 확충 도전장…AWS·MSP 불...","네이버·삼성 등 5개사, 2조원 정부 GPU 확충 도전장을 받아들이고 있으며, 클라우드 관리 서비스 기업(MSP)들은 이번 공모에 대부분 참여하지 않았다.",호재,2026-04-13 17:02,41.2,사실형,64.5
https://n.news.naver.com/mnews/article/002/0002437036?sid=102,IT/플랫폼,"전주시, 파크골프장 예약제 도입…5월 혁신도시부터 시범 운영",전주시는 파크골프장 예약프로그램 '공유누리'를 운영하기로 결정했다.,중립,2026-04-13 16:36,20.9,사실형,71.4
https://n.news.naver.com/mnews/article/119/0003080201?sid=101,IT/플랫폼,페이 확산에 카드 입지 ‘흔들’…주결제 수단 ‘세대교체’ 가능할까,카드 결제가 선불충전 결제에 밀리며 카드 중심 구조가 흔들고 있다.,호재,2026-04-14 07:05,11.1,사실형,78.5
https://n.news.naver.com/mnews/article/029/0003021424?sid=110,IT/플랫폼,[입법이 나라 바꾼다] 택시기사 삶 지켜줄 수수료 개혁안,택시기사들이 카카오모빌리티가 배회 영업 등으로 발생한 운임에 대해 수수료를 부과하는 것에 대한 불만을 호소했다.,호재,2026-04-13 17:16,51.5,사실형,65.3
https://n.news.naver.com/mnews/article/024/0000104761?sid=101,IT/플랫폼,“요즘 누가 카드 쓰나요”…‘페이’ 확산에 카드업계 긴장,카드업계는 간편결제의 확산으로 인해 고객 기반 약화와 성장세의 꺾임을 겪고 있다.,악재,2026-04-13 14:10,43.1,사실형,75.2
https://n.news.naver.com/mnews/article/022/0004120648?sid=101,IT/플랫폼,이광재 중소·벤처 민관협의회 공동위원장 “AI·국부펀드 기반 경제 대...,"이광재 중소·벤처 민관협의회 공동위원장은 AI·국부펀드 기반 경제 대혁신을 제안하며, 기존 질서를 답습하면 미래가 없다고 말했다.",호재,2026-04-14 06:03,79.2,사실형,46.6
https://n.news.naver.com/mnews/article/009/0005664694?sid=101,IT/플랫폼,“내가 할 수 있는 게 얼마나 많은데”…알아서 일하는 AI 요원들 몰려온...,AI 에이전트 전용 소셜미디어인 몰트북에서 AI 에이전트들이 서로 소통하고 글을 쓰며 인간들의 관심을 끌었습니다.,호재,2026-04-12 17:01,34.5,추론형,89.3
https://n.news.naver.com/mnews/article/014/0005506210?sid=101,IT/플랫폼,중동전쟁에 경기침체 '동행축제' 구원투수 될까...본격 개막,정부가 중동전쟁에 따른 경기 침체를 막기 위해 '동행축제'를 개최한다.,호재,2026-04-12 14:17,22.3,사실형,62.7
https://n.news.naver.com/mnews/article/022/0004120143?sid=101,IT/플랫폼,"소비로 꽃피우는 4월…중기부, 2026 동행축제 개막","중소벤처기업부가 4월 동행축제를 시작하며, 지역상권에 활력을 불어넣기 위한 대규모 소비촉진 프로그램을 운영한다.",호재,2026-04-12 13:41,20.7,사실형,59.5
https://n.news.naver.com/mnews/article/018/0006255808?sid=105,IT/플랫폼,"토스, 네카오 다음 혁신이 될까 [김현아의 IT세상읽기]",토스는 금융과 시작하여 생활 영역으로 확장해 나가는 혁신적인 방식으로 성장하고 있다.,호재,2026-04-12 20:32,30.0,사실형,80.2
https://n.news.naver.com/mnews/article/009/0005664611?sid=101,IT/플랫폼,4월 동행축제 개최…200개 유통채널서 할인·이벤트,"4월 동행축제가 개최되며, 200개 유통채널에서 할인 및 이벤트가 진행된다.",호재,2026-04-12 14:43,8.4,사실형,63.0
https://n.news.naver.com/mnews/article/029/0003021139?sid=101,IT/플랫폼,중동전쟁 먹구름…2026 4월 동행축제로 걷어낸다,"중동 전쟁 여파로 어려움을 겪는 소상공인을 돕고, 소비로 경제를 살리기 위한 '4월 동행축제'가 전국에서 개최된다.",호재,2026-04-12 14:19,18.6,사실형,59.6
https://n.news.naver.com/mnews/article/421/0008884241?sid=101,IT/플랫폼,"""온·오프라인 200개 채널 총출동""…중기부, '4월 동행축제' 본격 가동",중소벤처기업부가 4월 동행축제를 통해 대규모 소비촉진 프로그램을 본격 가동한다.,호재,2026-04-12 12:00,6.0,사실형,70.9
https://n.news.naver.com/mnews/article/030/0003416918?sid=101,IT/플랫폼,“소비로 지역 살린다”…전주서 막 오른 '2026 동행축제',중소벤처기업부가 지역상권과 내수 회복을 위한 대규모 소비촉진 행사 '2026 동행축제'를 개최했다.,호재,2026-04-12 12:01,18.1,사실형,46.5
https://n.news.naver.com/mnews/article/366/0001156193?sid=101,IT/플랫폼,"중기부, ‘4월 동행축제’ 개막…30일간 전국 소비촉진 행사",중기부는 4월 동행축제를 개막하고 전국 단위 소비촉진 행사를 시작했다.,호재,2026-04-12 12:01,8.5,사실형,75.7
https://n.news.naver.com/mnews/article/030/0003416922?sid=101,IT/플랫폼,"[르포]온라인 대출시장, 수익은 '신용 관리'에서 갈렸다",온라인 대출 시장에서 수익은 '신용 관리'에서 갈라진 것으로 나타났다.,호재,2026-04-12 13:01,44.7,사실형,94.8
https://n.news.naver.com/mnews/article/468/0001233087?sid=102,IT/플랫폼,"인제군, 지역화폐 ‘그리고 앱’ 통합 플랫폼으로 확대",인제군은 '그리고 앱'을 리뉴얼하여 지역화폐 플랫폼을 확대하고 군민 생활에 밀착된 통합 플랫폼으로 기능을 강화할 계획이다.,호재,2026-04-12 09:14,44.1,사실형,46.6
https://n.news.naver.com/mnews/article/003/0013882213?sid=101,IT/플랫폼,"""동행축제 오세요""…대표 상품 300개 최대 70% 할인",2026년 4월 동행축제가 다음 달 10일까지 200개 채널에서 최대 70% 할인으로 진행된다.,호재,2026-04-12 12:00,10.1,사실형,69.3
https://n.news.naver.com/mnews/article/001/0016016386?sid=101,IT/플랫폼,"중기부, '4월 동행축제' 개막…전국 소비촉진 행사 돌입",중기부가 전국 200개 온오프라인 유통채널을 통해 소비 촉진 행사를 개최한다.,호재,2026-04-12 12:00,27.1,사실형,67.7
https://n.news.naver.com/mnews/article/008/0005342982?sid=101,IT/플랫폼,"전국민 소비 장터 열렸다…중기부, 4월 동행축제 개막",전국민 소비 장터 '동행축제'가 4월 11일부터 시작되었습니다.,호재,2026-04-12 12:00,16.2,사실형,59.0
https://n.news.naver.com/mnews/article/030/0003416882?sid=101,IT/플랫폼,[이슈플러스] “회식 대신 단기 모임” 커뮤니티에 몰린 2030…온라인플...,"2030세대가 회식 대신 모임을 찾고 있으며, 카카오, 당근, 네이버 등 플랫폼 기업들이 이를 타겟팅하여 서비스를 강화하고 있다.",호재,2026-04-12 10:01,37.2,사실형,77.2
https://n.news.naver.com/mnews/article/022/0004120100?sid=101,IT/플랫폼,"검색 대신 물어본다…1533만 몰린 AI, 쇼핑 흐름 바꿨다","AI 기반 추천이 유통 구조를 바꿔고 있으며, 기존의 검색 중심 구조가 점차 AI 기반 추천으로 이동하고 있다.",호재,2026-04-12 08:09,20.0,사실형,84.5
https://n.news.naver.com/mnews/article/016/0002628288?sid=102,IT/플랫폼,"기초단체 생활거버넌스 쇄신, 이번엔 인제군 앱 경제 혁신",인제군은 지역화폐 앱 '그리고 앱'을 리뉴얼하여 군민 생활에 밀착된 통합 플랫폼으로 기능을 확대할 계획이다.,호재,2026-04-12 11:25,37.3,사실형,35.6
https://n.news.naver.com/mnews/article/277/0005748345?sid=101,자동차/모빌리티,"[클릭 e종목]""현대모비스, AS가 지켜주는 실적…목표가 56만원""",유진투자증권은 현대모비스의 안정적인 수익창출원인 AS 사업부가 실적 개선을 견인하고 있다고 밝히며 목표주가 56만원을 유지했다.,호재,2026-04-13 08:12,7.4,사실형,86.0
https://n.news.naver.com/mnews/article/417/0001138624?sid=103,자동차/모빌리티,국내 전기차 100만대 시대 열린다…점유율 1위는 '현대차',"국내 전기차 시장이 빠르게 성장하고 있으며, 100만대 시대를 앞두고 있다.",호재,2026-04-13 05:41,29.6,사실형,64.4
https://n.news.naver.com/mnews/article/011/0004609793?sid=101,자동차/모빌리티,"디지털트윈으로...기아, 연간 노동량 3750시간 줄였다",기아가 디지털 트윈 기술을 도입하여 설비 유지 보수 노동량을 연간 3750시간 절감했다.,호재,2026-04-12 17:46,14.9,사실형,75.7
https://n.news.naver.com/mnews/article/009/0005664524?sid=101,자동차/모빌리티,"“테슬라 모델Y, 이젠 비싸게 사야하나요?”…전기차 보조금 평가 바뀐...",전기차 보조금 지급 기준이 바뀌면서 테슬라·BYD 등 해외 제조사들이 불리해지고 있다.,호재,2026-04-12 06:10,15.4,사실형,75.9
https://n.news.naver.com/mnews/article/015/0005273700?sid=101,IT/반도체,"삼성전자, 중국 사업 구조조정 시작하나…""반도체 분야 집중"" 전망","삼성전자, 중국 사업 구조조정 시작하나... 반도체 분야 집중 전망",호재,2026-04-11 16:43,41.1,사실형,79.0
https://n.news.naver.com/mnews/article/003/0013882259?sid=101,자동차/모빌리티,"국내 전기차 등록 100만대 눈앞…현대차, 35% 점유로 '1위'",현대차가 국내 전기차 등록 100만대 근처를 달성할 것으로 기대되고 있다.,호재,2026-04-12 13:00,21.3,사실형,73.6
https://n.news.naver.com/mnews/article/009/0005664562?sid=103,자동차/모빌리티,"중국 전기차, ‘이 나라’에선 턱도 없네…20위권에도 못들었다는데","중국 전기차 브랜드들은 독일 시장에서 부진한 성과를 내고 있으며, 브랜드 인지도도 낮은 수준에 머물렀다.",악재,2026-04-12 10:27,30.7,사실형,88.1
https://n.news.naver.com/mnews/article/005/0001842752?sid=101,자동차/모빌리티,최대 판매량 신기록 찍자마자 가격 ‘기습’ 인상한 테슬라,테슬라가 국내 전기차 시장에서 최대 판매량 신기록을 찍은 후 가격을 기습 인상했다.,호재,2026-04-13 00:16,17.6,사실형,81.5
https://n.news.naver.com/mnews/article/015/0005273751?sid=103,자동차/모빌리티,중국차 유럽 휩쓴다더니…'최대 시장' 독일선 20위권 밖 굴욕,중국 완성차 브랜드들은 독일에서 판매량 20위 권 밖으로 밀려 반면 현대차는 9위로 약진했다.,호재,2026-04-12 10:24,49.5,사실형,80.2
https://n.news.naver.com/mnews/article/001/0016016190?sid=101,자동차/모빌리티,'車원조국' 독일서 맥 못 추는 중국…1분기 판매 모두 20위권밖,중국 완성차 브랜드들은 독일에서 판매량이 모두 20위권 밖으로 밀리며 인지도도 낮았다.,악재,2026-04-12 09:07,52.9,사실형,89.5
https://n.news.naver.com/mnews/article/008/0005342205?sid=101,자동차/모빌리티,"기아, 49조 투자 중 43%가 '미래사업'..""美공장에 '아틀라스' 투입""",기아는 2026~2030년까지 총 49조원을 투자하여 글로벌 완성차 점유율 4.5% 달성과 기술력 제고를 위해 전동화·자율주행·로보틱스 등 미래사업 경쟁력을 끌어올리기 위한 21조원을 배정한다.,호재,2026-04-09 16:50,24.6,알 수 없음,0.0
https://n.news.naver.com/mnews/article/009/0005664635?sid=103,자동차/모빌리티,"""충전비까지 두둑하게""… 완성차 가격 '고유가 세일'",전기차 전환을 유도하기 위해 현대차가 4월에도 다양한 프로모션을 진행한다.,호재,2026-04-12 16:06,10.1,사실형,78.0
https://n.news.naver.com/mnews/article/023/0003970331?sid=101,제약/바이오,"삼천당제약 논란에...금감원, 난해한 제약·바이오 공시 손 본다","금감원, 제약·바이오 공시 내용이 복잡하여 이해하기 어려움을 이유로 난해한 공시를 조사한다.",호재,2026-04-12 12:33,15.0,사실형,41.8
https://n.news.naver.com/mnews/article/022/0004120133?sid=101,제약/바이오,"호재 뻥튀기 막는다…당국, 제약·바이오 ‘쉬운 공시’ 가이드라인 낸...",금융감독원이 제약·바이오 기업의 공시를 투자자 눈높이에 맞춰 개편한다.,호재,2026-04-12 12:04,8.2,사실형,58.0
https://n.news.naver.com/mnews/article/018/0006255479?sid=101,제약/바이오,'제2의 삼천당제약' 막을까…'깜깜이' 바이오 공시 전면 손질,'제2의 삼천당제약' 막을까…'깜깜이' 바이오 공시 전면 손질한다.,호재,2026-04-12 12:03,21.9,사실형,49.9
https://n.news.naver.com/mnews/article/015/0005277535?sid=103,자동차/모빌리티,"""한국 출시 안되나요""…유럽서 공개하자 관심 폭발한 전기차",현대차가 유럽 시장에 맞춰 소형 해치백 전기차 아이오닉3를 공개했다.,호재,2026-04-21 10:15,23.6,사실형,68.5
https://n.news.naver.com/mnews/article/018/0006262177?sid=103,자동차/모빌리티,"현대차·기아, 1Q 역대급 美·印 판매에도…관세에 전쟁까지 '발목'",현대차와 기아가 1분기 역대급 판매 실적에도 좋은 성적을 내지 못할 것으로 보인다.,악재,2026-04-21 05:46,28.8,사실형,65.8
https://n.news.naver.com/mnews/article/277/0005752474?sid=101,자동차/모빌리티,종전에 실적 기대까지…코스피 다시 사상최고치,코스피가 전쟁 전 고점을 경신하며 사상 최고치를 돌파했다.,호재,2026-04-21 10:24,18.7,사실형,82.1
https://n.news.naver.com/mnews/article/011/0004612814?sid=105,자동차/모빌리티,"AR 1위의 지적 “한국은 돈, 중국은 도전”","한국은 돈, 중국은 도전이라는 지적이 나온 가운데, 중국 정부가 AI 안경에 제품당 최대 500위안(약 11만 원)의 국가 보조금을 지원하고 있다.",호재,2026-04-21 07:21,20.0,사실형,63.3
https://n.news.naver.com/mnews/article/011/0004612819?sid=101,자동차/모빌리티,"SK브로드밴드, 전 직원 AI 교육…“퍼포머 400명 육성”","SK브로드밴드는 올해 3월부터 10월까지 전 직원에게 AI 교육을 의무화하고, AI 퍼포머를 400명까지 육성하기로 함.",호재,2026-04-21 07:30,16.2,사실형,67.4
https://n.news.naver.com/mnews/article/011/0004612716?sid=101,자동차/모빌리티,"작년 870만대 팔린 스마트글라스, 韓은 ‘0’…삼성 “8억대 AI기기 연결...","삼성 전자는 작년 870만대 팔린 스마트글라스의 판매량을 달성하지 못했지만, AI 기기와의 연결을 강화하여 스마트폰 강자에서 AR 시장 강자로 도약하고 있다.",호재,2026-04-20 18:58,23.8,사실형,68.1
https://n.news.naver.com/mnews/article/003/0013886940?sid=102,제약/바이오,"""AI가 설계한 단백질""…1.5조원 투자받은 '드노보' 무엇?","AI를 활용한 단백질 설계 기술이 주목받고 있으며, 나블라 바이오는 다케다와 연구 계약을 체결하여 드노보 항체 설계에 성공했다.",호재,2026-04-14 15:20,50.0,사실형,67.2
https://n.news.naver.com/mnews/article/009/0005665756?sid=105,제약/바이오,"약가개편 대응 비대위, ‘제약바이오 혁신협의체’로 전환",약가개편 대응 비대위가 '제약바이오 혁신협의체'로 전환하여 정부와 산업계 간 지속적인 소통 창구를 마련하고 현장 의견을 정책에 반영하기 위한 체계를 구축하기 위한 조치다.,중립,2026-04-14 15:40,9.0,사실형,50.2
https://n.news.naver.com/mnews/article/117/0004053957?sid=102,제약/바이오,"CJ제일제당 재도전 ‘레드바이오', 수익 구조 확보 ‘안갯속’","CJ제일제당의 레드바이오 사업이 대규모 투자에도 부진을 이어가고 있으며, 바타비아의 손상차손 4000억원 규모가 문제를 일으키고 있다.",악재,2026-04-14 16:27,22.6,사실형,79.6
https://n.news.naver.com/mnews/article/293/0000082732?sid=101,제약/바이오,"'유노비아' 재합병…일동제약, R&amp;D 전략 재편",일동제약이 완전 자본잠식에 놓인 연구개발 전담 자회사 유노비아를 흡수합병한다.,호재,2026-04-14 15:43,22.1,사실형,45.4
https://n.news.naver.com/mnews/article/014/0005507861?sid=101,방산/우주항공,"한화에어로, 노르웨이 방산 생태계 파고든다…'천무' 현지화",한화에어로스페이스는 노르웨이 차세대 다연장로켓 '천무' 수출 계약에 따른 현지 산업 협력을 본격적으로 시작했다.,호재,2026-04-15 09:20,21.0,사실형,72.5
https://n.news.naver.com/mnews/article/366/0001156913?sid=101,방산/우주항공,"한투證 “한화에어로스페이스, 기대 이하 실적 예상에도 매력도 여전…...","한투증권은 한화에어로스페이스의 실적이 기대 이하일 것으로 예상하지만, 신규 수출 계약과 다연장 유도 무기 '천무'의 점유율 확대 등으로 매력도가 여전하다고 평가했다.",호재,2026-04-15 08:21,12.4,사실형,99.2
https://n.news.naver.com/mnews/article/417/0001139021?sid=101,방산/우주항공,"[아침밥] 유안타증권 ""코츠테크놀로지 K방산 수출 확대 수혜 기대""",유안타증권은 코츠테크놀로지의 실적 성장세를 이어갈 것이라고 평가했다.,호재,2026-04-15 08:44,31.4,사실형,67.7
https://n.news.naver.com/mnews/article/055/0001348653?sid=100,방산/우주항공,"라팔은 '소스 코드' 지키고, KF-21은 '시제기' 내주고 [취재파일]","인도네시아에 KF-21 시제기를 넘기는 것은 방산의 금기이며, 프랑스 다쏘가 라팔 소스 코드를 지키는 것처럼 KF-21의 기밀을 보호해야 한다.",악재,2026-04-15 08:49,72.0,추론형,3.5
https://n.news.naver.com/mnews/article/138/0002224486?sid=101,방산/우주항공,"한화에어로, NATO 대사단에 K9·천무 소개 ""유럽 안보 기여 강화""",한화에어로스페이스는 NATO 대사단을 본사로 초청해 글로벌 방산 협력 방향을 공유했다.,호재,2026-04-14 20:34,31.0,사실형,96.8
https://n.news.naver.com/mnews/article/014/0005507725?sid=101,방산/우주항공,"SNT다이내믹스, 국내 첫 美전쟁부 사이버보안 인증 취득",SNT다이내믹스가 국내 첫 미국 전쟁부 사이버보안 인증을 취득하며 국내 방산기업의 리더십을 확고히 하였다.,호재,2026-04-14 18:54,27.3,사실형,49.8
https://n.news.naver.com/mnews/article/030/0003417816?sid=102,방산/우주항공,“K-방산 강국 도약 위해 첨단 복합소재 공급망 자립 최우선 과제”,K-방산의 지속 가능한 성장과 자주국방 실현을 위해 첨단 복합소재 공급망 내재화가 필요하다는 목소리가 제기됐다.,호재,2026-04-14 17:07,34.8,사실형,82.1
https://n.news.naver.com/mnews/article/629/0000491426?sid=101,방산/우주항공,"NATO 대사단 만난 한화에어로…""안보 파트너십 재확인""","한화에어로스페이스는 NATO 대사단을 본사로 불러 안보 협력 의지를 확인하고, 글로벌 방산 역량과 NATO와의 협력 비전을 소개했다.",호재,2026-04-14 22:49,28.5,사실형,84.0
https://n.news.naver.com/mnews/article/081/0003635335?sid=104,방산/우주항공,시제기까지 넘긴 KF-21…인니 16대가 첫 수출 열까 [밀리터리+],인도네시아가 한국형 초음속 전투기 KF-21을 16대 도입하는 논의가 재개되면서 첫 수출 가능성에 관심이 커지고 있다.,호재,2026-04-14 22:31,43.4,사실형,83.9
https://n.news.naver.com/mnews/article/119/0003080604?sid=101,방산/우주항공,"한화에어로, NATO 30개국 대사단 초청…유럽 안보 협력 비전 제시",한화에어로스페이스는 NATO 30개국 대사단을 초청해 유럽 안보 협력 확대와 현지 생산 기반 강화 전략을 제시했다.,호재,2026-04-14 20:22,16.0,사실형,98.2
https://n.news.naver.com/mnews/article/002/0002437253?sid=102,방산/우주항공,"진보당, ""경기북부는 '평화' 우선""…추미애 후보의 '방산클러스터' 공약...","진보당은 추미애 후보의 '경기북부 방산클러스터 조성' 공약에 대해 우려를 표명하고, 대안으로 대규모 군사훈련 축소, 남북 신뢰기반 구축, 첨단산단지 조성, 공공 평화발전소 구축 등을 제시했다.",호재,2026-04-14 16:06,55.0,사실형,72.7
https://n.news.naver.com/mnews/article/138/0002224483?sid=101,방산/우주항공,"전쟁은 이제 '생산 속도' 싸움…적층제조, K-방산 판 바꿀까","전쟁은 이제 공급 속도 싸움이 되며, 적층제조 기술이 새로운 국가 안보 전략으로 떠올랐다.",호재,2026-04-14 20:13,30.7,사실형,69.4
https://n.news.naver.com/mnews/article/047/0002512009?sid=102,방산/우주항공,"""이재명 대통령 전쟁범죄 비판 환영... 대전, 이스라엘 군사협력 중단해...","대전참여자치시민연대 평화위원회는 이재명 대통령의 이스라엘 전쟁범죄 비판을 환영하고, 대전지역의 군사·학술 협력 중단과 평화 정책 전환을 촉구했다.",호재,2026-04-14 15:41,84.3,사실형,62.3
https://n.news.naver.com/mnews/article/011/0004610652?sid=104,방산/우주항공,[여명] 전쟁 이용한 日의 영리한 틈새외교,일본은 전쟁을 이용해 자국 이익을 최대치로 끌어올리며 미국과 이란을 오가고 있다.,호재,2026-04-14 17:42,48.1,사실형,66.3
https://m.sports.naver.com/esports/article/144/0001105282,엔터/미디어,게임하며 아이돌 덕질···최애로운 ‘SMiniz’ 세상속으로,카카오게임즈가 SM엔터테인먼트와 함께 만든 아이돌 게임 'SMiniz'가 K-팝 팬덤의 문화와 정서적 유대감을 담고 있다.,호재,2026-03-24 06:01,36.9,사실형,74.2
https://n.news.naver.com/mnews/article/262/0000019231?sid=103,엔터/미디어,"중국 AI 영상 제작의 역습, K-콘텐츠도 안전지대 아니다!","중국 AI 영상 제작 기술이 급격히 발전하여 할리우드까지 영향을 미치고 있으며, K-콘텐츠도 안전지대가 아니다.",호재,2026-03-15 07:01,24.6,사실형,50.8
https://m.entertain.naver.com/article/003/0013814613,엔터/미디어,"'젠더리스 K팝 그룹' 엑스러브, 알비더블유 품에","WM엔터테인먼트 공동대표로 새롭게 취임한 엑스러브, 기존 대표와 함께 공동 경영한다.",호재,2026-03-11 10:43,40.3,사실형,59.3
https://n.news.naver.com/mnews/article/052/0002330415?sid=103,엔터/미디어,BTS가 걸어온 13년...그 길이 곧 K팝 역사였다,BTS는 평범한 아이돌에서 세계가 열광하는 아이콘으로 13년 동안의 경력을 통해 K팝 역사에 새겨진 기록을 남겼습니다.,호재,2026-03-21 17:17,37.5,추론형,0.0
https://m.entertain.naver.com/article/437/0000482397,엔터/미디어,"RBW, 엑스러브 품었다…257엔터 인수",RBW가 엑스러브를 인수하여 아이돌 최초 젠더리스 아이돌을 데뷔시키는 움직임을 보인다.,호재,2026-03-11 11:29,24.9,사실형,58.2
https://m.entertain.naver.com/article/015/0005260887,엔터/미디어,"RBW, '젠더리스 그룹' 엑스러브 품었다…257엔터 인수",RBW가 젠더리스 그룹 엑스러브를 인수하여 아이돌 최초 젠더리스 그룹으로 데뷔시켰다.,호재,2026-03-11 11:39,22.8,사실형,36.3
https://n.news.naver.com/mnews/article/009/0005651884?sid=004,엔터/미디어,BTS 드디어 컴백 잠자던 K엔터주 ‘벌떡’,BTS의 컴백으로 K엔터테인먼트 주식이 상승할 것으로 예상된다.,호재,2026-03-18 09:49,21.1,사실형,75.1
https://m.entertain.naver.com/article/144/0001102275,엔터/미디어,"버추얼 아이돌 SKINZ × 크리에이티브멋, 콘텐츠 쇼룸 오픈","버추얼 아이돌 그룹 SKINZ가 콘텐츠 쇼룸을 오픈하며, 언리얼 엔진 기반의 고도화된 그래픽 기술과 세계관 중심 스토리텔링을 선보일 예정입니다.",호재,2026-03-09 22:35,23.6,추론형,15.9
https://m.entertain.naver.com/article/477/0000597097,엔터/미디어,"RBW, '글로벌 루키' 엑스러브 품었다…257엔터 인수하며 '글로벌 확장 본...",RBW가 257엔터를 인수하며 글로벌 확장 본격화,호재,2026-03-11 10:31,25.4,사실형,62.6
https://n.news.naver.com/mnews/article/009/0005645436?sid=101,엔터/미디어,"‘왕의 귀환’ 알린 빅뱅, YG엔터 투자 매력도 높아진다 [오늘 나온 보고...","YG엔터테인먼트에 대한 시장의 기대감이 커지고 있으며, 빅뱅의 글로벌 투어 계획으로 2026년 예상 영업이익이 935억원으로 상향조정되었다.",호재,2026-03-05 08:31,31.4,사실형,56.4
https://m.entertain.naver.com/article/469/0000919218,엔터/미디어,"K팝, 장르인가 산업인가","K팝은 글로벌 팝 음악의 집합체에 가깝고, 아이돌 트레이닝 시스템과 글로벌 시장 구조로 특징지어질 수 있다.",중립,2026-03-13 10:19,34.1,사실형,40.9
https://m.entertain.naver.com/article/112/0003789870,엔터/미디어,"[KPOP NOW]이수만 돌아오고, SM·민희진 맞붙는다...요동치는 K팝 판도",SM엔터테인먼트와 오케이 레코즈가 보이그룹 론칭을 알리면서 K팝 판도가 요동치고 있다.,호재,2026-03-08 09:02,13.6,추론형,44.3
https://m.entertain.naver.com/article/469/0000919786,엔터/미디어,"""서울에서 녹음, 스웨덴에서 작곡""… 확장된 K팝 세계지도",유럽의 팝 제작 시스템을 이해하는 작곡가들과의 협업은 세계 음악 시장에서의 경쟁력 확보와 산업적 효율성을 높여준다.,호재,2026-03-16 22:16,23.0,추론형,3.9
https://m.entertain.naver.com/article/018/0006230991,엔터/미디어,지코·박재범·김재중…아이돌 제작자가 히트 아이돌 키운다[스타in 포커...,아이돌 출신 제작자들이 K팝 업계 제작 패러다임을 변화시키고 있음을 시사하는 신호이다.,호재,2026-03-09 14:08,62.5,예측형,12.2
https://n.news.naver.com/mnews/article/031/0001012523?sid=102,엔터/미디어,"RBW, '4인조 다국적 보이그룹' 엑스러브 품었다! 257엔터 인수…글로벌...","종합 콘텐츠 기업 알비더블유(RBW)가 글로벌 확장에 나선다. WM엔터테인먼트가 257엔터테인먼트를 인수하고, 4인조 다국적 보이그룹 엑스러브를 품었다.",호재,2026-03-12 09:12,81.3,사실형,73.9
https://n.news.naver.com/mnews/article/032/0003414599?sid=101,엔터/미디어,"​유니콘 기업 갤럭시코퍼레이션, K-팝 로봇 아이돌 비전 제시…엔터테...",유니콘 기업 갤럭시코퍼레이션은 K-팝 로봇 아이돌 비전을 제시하고 차세대 비전을 발표했다.,호재,2025-12-11 14:25,30.0,사실형,63.9
https://m.entertain.naver.com/article/241/0003461222,엔터/미디어,"[심재걸 엔터잡학사전] 아이돌 조기 해체…K팝 위기 신호인가, 건강한 ...",S2엔터테인먼트가 벤처캐피털로부터 50억 규모의 투자를 끌어내는 등 아이돌 시장의 자금력 부족이 심화하는 신호가 나타나고 있다.,호재,2025-08-21 05:35,16.8,예측형,14.3
https://n.news.naver.com/mnews/article/008/0005294360?sid=101,엔터/미디어,"갤럭시코퍼, 매출 3천억 '점프'… 지드래곤·로봇 아이돌 업고 IPO '속도...","갤럭시코퍼레이션은 올해 매출 3000억원을 예고하며, 2026년 기업공개(IPO)를 향한 9부 능선을 넘었다.",호재,2025-12-19 15:00,37.9,사실형,57.3
https://m.entertain.naver.com/article/117/0003966979,엔터/미디어,"손예진, K팝 아이돌 그룹 기획…엔터사 대표 된다 [버라이어티]",손예진이 K팝 아이돌 그룹을 기획하는 엔터테인먼트 대표로 새로 임명되었다.,호재,2025-07-21 09:01,22.9,사실형,74.0
https://m.entertain.naver.com/article/445/0000354055,엔터/미디어,"'아이돌 명가' 큐브의 파격 영입…日 아나운서 타니 아사코, 성공할까?",큐브엔터가 다국적 인재를 영입해 글로벌 OTT 시대를 대비하는 전략적 의지로 타니 아사코를 영입했다.,호재,2025-10-16 09:35,14.9,사실형,36.9
https://n.news.naver.com/mnews/article/421/0008867886?sid=103,제약/바이오,"한올바이오파마, 바토클리맙 갑상선안병증 임상 3상 유효성 실패",한올바이오파마의 바토클리맙은 임상 3상 연구에서 통계적 유효성을 확보하지 못했다.,악재,2026-04-03 09:01,43.4,사실형,34.7
https://n.news.naver.com/mnews/article/421/0008868038?sid=101,제약/바이오,"한올바이오파마, 임상 3상 실패에 14%대 급락[핫종목]",한올바이오파마가 임상 3상 실패로 14%대 급락했다.,악재,2026-04-03 09:42,38.1,사실형,74.0
https://n.news.naver.com/mnews/article/014/0005501717?sid=103,제약/바이오,"약가 개편 대응 ‘총력전’ 돌입…제약업계, 충격 최소화·체질 개선 병...","한국제약바이오협회가 약가 개편 대응 전략을 논의하고, 충격 최소화와 체질 개선을 동시에 추진하기로 했다.",호재,2026-04-02 15:50,24.6,대화형,44.7
https://n.news.naver.com/mnews/article/374/0000501999?sid=101,제약/바이오,"제약바이오협, 긴급 이사장단 회의…약가 개편안 대응 논의","한국제약바이오협회는 약가제도 개편안에 대한 대응을 논의하고, 향후 보건복지부와 산업계가 참여하는 '민관협의체'에서 논의될 주요 의제를 체계적으로 발굴하고 전달하는 역할을 맡을 협의체를 전환하는 방안을 검토합니다.",호재,2026-04-02 17:23,51.8,추론형,20
https://n.news.naver.com/mnews/article/277/0005744542?sid=102,제약/바이오,"파주시, ‘경제자유구역 바이오 컨퍼런스’ 성료…글로벌 거점 도약 시...",파주시가 바이오산업을 핵심 전략으로 내세운 경제자유구역 조성을 위해 글로벌 네트워크 구축에 나섰다.,호재,2026-04-03 09:25,34.2,대화형,32.7
https://n.news.naver.com/mnews/article/011/0004606693?sid=101,제약/바이오,신약·수출 ‘쌍끌이’…K제약·바이오 매출 30조 넘었다,국내 제약·바이오 산업의 성장을 주도하는 상위 22개 기업의 지난해 합산 매출액이 30조 원을 넘어섰다.,호재,2026-04-03 07:20,70.2,사실형,56.9
https://n.news.naver.com/mnews/article/018/0006248080?sid=101,제약/바이오,"계약 부풀린 삼천당, 검증 건너뛴 시장[삼천당제약 대해부②]",삼천당제약의 주가 급등은 단순한 계약 논란이나 단기 수급 이슈가 아니라 핵심 기술에 대한 신뢰가 흔들린 결과로 분석된다.,악재,2026-04-02 09:02,13.0,사실형,79.1
https://n.news.naver.com/mnews/article/018/0006250021?sid=101,제약/바이오,"[임상 업데이트] 아이엠바이오로직스, IMB-101 이중항체 글로벌 2상 환자...",아이엠바이오로직스는 자가면역질환 치료용 이중항체 IMB-101의 글로벌 임상시험 진행 중이다.,호재,2026-04-04 08:05,36.7,사실형,33.8
https://n.news.naver.com/mnews/article/015/0005269996?sid=105,제약/바이오,"아리바이오, 성수현 공동대표이사 선임…AR1001 임상 마무리 총력","아리바이오는 성수현 부회장을 신임 공동대표이사로 선임하여 새로운 도약에 나섰고, 경영 전반과 사업 전략, 투자 유치 등을 담당할 예정이다.",호재,2026-04-02 08:28,36.5,사실형,39.2
https://n.news.naver.com/mnews/article/011/0004606738?sid=102,제약/바이오,"스탠퍼드·브로드연구소 이어 글로벌 기업까지…파주시, 바이오 ‘판’...",파주시는 경제자유구역 바이오산업 육성을 위해 글로벌 연구기관과 기업과 협력하고 있다.,호재,2026-04-03 09:32,35.6,예측형,30.2
https://n.news.naver.com/mnews/article/081/0003544631?sid=101,금융/밸류업,현대車 넘은 KB… 밸류업·환율 효과에 금융주 훨훨,국내 4대 금융지주는 환율 하락과 함께 가파르게 오르며 역대 최고가를 경신하고 있다.,호재,2025-05-28 05:03,62.1,사실형,87.9
https://n.news.naver.com/mnews/article/119/0003023881?sid=101,금융/밸류업,비과세 배당 카드 꺼낸 금융권…은행주 밸류업 '청신호',금융권이 비과세 배당 카드를 꺼내 우리금융 타 지주보다 수익률 3~4%p 높아 주주환원 확대 카드로 투자 열기가 기대된다.,호재,2025-11-12 07:12,60.1,사실형,90.4
https://n.news.naver.com/mnews/article/015/0005142800?sid=101,금융/밸류업,밸류업 1년…금융주 25% 오르고 자사주 매입은 두 배 늘어,금융당국의 밸류업 프로그램이 1년을 맞아 금융 업종의 주가가 25% 이상 상승하고 자사주 매입과 소각액이 두 배 이상 늘었다.,호재,2025-06-10 16:09,29.9,사실형,90.6
https://n.news.naver.com/mnews/article/421/0008077721?sid=101,금융/밸류업,"삼성생명, 화재 편입에 7% 껑충…'밸류업' 타고 금융주 들썩[핫종목]","삼성생명과 삼성화재가 자회사 편입으로 인해 주가가 상승하며, 금융업종 전반적으로 매수세가 강조되고 있다.",호재,2025-02-14 16:48,39.7,사실형,92.5
https://n.news.naver.com/mnews/article/005/0001747526?sid=101,금융/밸류업,"‘밸류업 수혜’ 금융주, 고환율 여파에 수익률 우수수",금융주가 약세를 보이며 외국인 투자자의 매도에 따른 수익률 하락이 뚜렷하다.,악재,2024-12-23 17:05,38.6,사실형,85.9
https://n.news.naver.com/mnews/article/117/0003897041?sid=103,금융/밸류업,"KB·하나금융, 밸류업 편입에도 금융주 ‘지지부진’","KB금융과 하나금융이 코리아 밸류업 지수에 편입되지만, 비상계엄 여파로 금융주 주가에는 크게 영향을 미치지 않을 것으로 분석된다.",호재,2024-12-17 17:09,50.4,사실형,91.1
https://n.news.naver.com/mnews/article/014/0005289415?sid=101,금융/밸류업,"함영주 회장, 하나금융 5000주 매입 ""금융주 밸류업 모범사례될 것""",하나금융그룹 함영주 회장이 하나금융지주 주식 5000주를 매입하며 책임경영 실천에 나섰다.,호재,2024-12-31 14:11,40.8,사실형,87.2
https://n.news.naver.com/mnews/article/629/0000340248?sid=101,금융/밸류업,밸류업 기대감에 볕드는 금융주…KB금융 시총 7위 등극,"금융주들이 KB금융이 코스피 시총 7위로 등극하는 등 강세를 보이며, 코리아 밸류업 지수 편입 기대감에 힘입은 것으로 풀이된다.",호재,2024-11-20 17:53,68.7,사실형,74.6
https://n.news.naver.com/mnews/article/001/0015999015?sid=100,방산/우주항공,"한화에어로, 민군협력 간담회 참가…군수지원체계 수출 추진",한화에어로스페이스는 육군 방산업체 소통 간담회에 참가하여 한국형 MRO 수출 계획을 발표했다.,호재,2026-04-02 15:36,36.8,사실형,96.7
https://n.news.naver.com/mnews/article/421/0008866811?sid=101,방산/우주항공,"한화에어로, 육군과 'K-MRO' 수출 추진…민군 협력 강화",한화에어로스페이스는 육군과 협력해 'K-MRO' 사업의 수출 확대에 나선다.,호재,2026-04-02 15:53,28.5,사실형,86.7
https://n.news.naver.com/mnews/article/008/0005339127?sid=101,방산/우주항공,"한화에어로, 육군본부와 'K-MRO' 수출 협력",한화에어로스페이스는 육군과 손잡고 K-MRO 사업의 해외 수출 확대에 나선다.,호재,2026-04-02 16:53,25.1,사실형,83.1
https://n.news.naver.com/mnews/article/123/0002380680?sid=101,방산/우주항공,"NYT ""천궁-II 첫 실전서 통했다…이란 전쟁서 K방산 위상 입증""",이란 전쟁에서 한국산 방공체계인 천궁-II가 실전에서 성능을 입증하며 글로벌 방산 시장에서 존재감을 키우고 있다.,호재,2026-04-02 20:11,20.1,사실형,88.9
https://n.news.naver.com/mnews/article/009/0005660129?sid=101,방산/우주항공,"한화에어로, 육군본부와 ‘K-MRO’ 수출 협력 나선다",한화에어로스페이스가 육군과 유지·보수·정비(MRO) 사업의 수출에 나선다.,호재,2026-04-02 15:44,31.7,사실형,98.3
https://n.news.naver.com/mnews/article/018/0006248529?sid=101,방산/우주항공,"한화에어로, 육군본부와 ‘K-MRO’ 수출 협력 나선다",한화에어로스페이스가 육군과 'K-MRO' 사업의 해외 수출을 위해 협력을 본격화한다.,호재,2026-04-02 15:44,37.8,사실형,99.9
https://n.news.naver.com/mnews/article/629/0000487830?sid=101,방산/우주항공,"한화에어로, 육군본부와 'K-MRO' 수출 협력 나선다",한화에어로스페이스는 육군과 MRO 사업의 해외 수출을 위한 협력에 나서기로 하였다.,호재,2026-04-02 15:21,43.1,사실형,80.9
https://n.news.naver.com/mnews/article/029/0003019714?sid=101,방산/우주항공,"한화에어로, 육군과 방산수출 ‘2막’ 협력…MRO 공략","한화에어로스페이스가 방산 수출 '2막'에 시동을 걸고, 육군과 민군 MRO 협력을 위한 간담회에 참여했다.",호재,2026-04-02 19:25,31.8,사실형,82.0
https://n.news.naver.com/mnews/article/025/0003513608?sid=100,방산/우주항공,"NYT “이란전쟁, K-방산 실전 쇼케이스…글로벌 무기시장 핵심 부상""",이란 전쟁을 계기로 한국 방위산업이 세계 무기시장의 핵심 플레이어로 부상했다는 평가를 받고 있다.,호재,2026-04-02 17:25,28.4,사실형,86.6
https://n.news.naver.com/mnews/article/031/0001019196?sid=101,방산/우주항공,"한화에어로-육군본부, 'K-MRO' 수출 협력 본격화",한화에어로스페이스는 육군과 'K-MRO(유지·보수·정비)' 사업의 해외 수출을 위해 협력을 본격화한다.,호재,2026-04-02 15:32,27.9,사실형,78.7
https://n.news.naver.com/mnews/article/374/0000501967?sid=101,방산/우주항공,"한화에어로, 육군본부와 'K-MRO' 수출 협력 나선다",한화에어로스페이스는 육군본부와 'K-MRO' 수출 협력에 나선 중이다.,호재,2026-04-02 16:15,71.3,추론형,19.4
https://n.news.naver.com/mnews/article/082/0001374127?sid=101,방산/우주항공,"한화에어로, 육군본부와 ‘K-MRO’ 수출 협력 나선다",한화에어로스페이스는 육군본부와 'K-MRO' 수출 협력에 나선다.,호재,2026-04-02 16:16,31.5,사실형,98.8
https://n.news.naver.com/mnews/article/003/0013859906?sid=101,방산/우주항공,"""이란 미사일 잡았다""…'천궁의 눈' 만든 뚝심의 K-중기","넥스윌, 방산 및 IT 분야에서 우수한 기술력을 보이며 글로벌 진출을 꾀하고 있다.",호재,2026-04-01 12:00,58.9,사실형,91.4
https://n.news.naver.com/mnews/article/011/0004606456?sid=101,방산/우주항공,"한화에어로-육군본부, 한국형 MRO 모델 수출 꾀한다",한화에어로스페이스는 육군과 유지·보수·정비(MRO) 사업의 해외 수출을 위해 협력을 본격화한다.,호재,2026-04-02 15:27,35.9,사실형,93.2
https://n.news.naver.com/mnews/article/277/0005744271?sid=101,방산/우주항공,"한화에어로, 육군과 ‘K-MRO’ 수출 협력… 민군 협력 확대","한화에어로스페이스는 육군과 협력해 'K-MRO' 사업을 수출하고, 정비 인프라 확충 계획을 발표했다.",호재,2026-04-02 16:13,22.4,사실형,96.7
https://n.news.naver.com/mnews/article/277/0005742593?sid=101,방산/우주항공,"한화오션, K-해양방산 이끌 '차세대 구축함' 공개",한화오션은 '2026년 이순신방위사업전'에서 고성능·고효율 해상전투 플랫폼인 '차세대 구축함'을 공개한다.,호재,2026-03-31 11:03,30.8,사실형,95.6
https://n.news.naver.com/mnews/article/138/0002223132?sid=101,방산/우주항공,"한화에어로-육군, K-MRO 수출 협력",한화에어로스페이스는 육군과 K-MRO 사업의 해외 수출 협력을 본격화한다.,호재,2026-04-02 16:58,22.0,사실형,90.0
https://n.news.naver.com/mnews/article/119/0003076493?sid=101,방산/우주항공,"한화에어로, 육군과 K-MRO 수출 협력…민군 협력 확대",한화에어로스페이스는 육군과 협력해 군수 정비 사업의 해외 수출 확대에 나선다.,호재,2026-04-02 17:01,17.3,사실형,98.7
https://n.news.naver.com/mnews/article/018/0006249996?sid=101,방산/우주항공,[마켓인]방산도 스타트업 시대…“기술보다 전장 수요 읽어야”,방산 스타트업 네트워킹 플랫폼 '랩터스'가 민간 플랫폼으로 군·정부·기업 연결을 지원한다.,호재,2026-04-04 05:39,55.3,사실형,82.9
https://n.news.naver.com/mnews/article/422/0000850899?sid=101,방산/우주항공,"한화에어로, 육군-방산업체 간담회 참가…군수지원체계 수출 추진",한화에어로스페이스는 육군과 민군 MRO 협력을 위한 간담회에 참가하여 한국형 MRO 수출 계획을 발표했다.,호재,2026-04-02 16:19,56.4,추론형,17.5
https://n.news.naver.com/mnews/article/014/0005501691?sid=101,방산/우주항공,"한화에어로, 육군과 K-MRO 수출 협력 본격화",한화에어로스페이스는 육군과 'K-MRO' 사업의 해외 수출을 위해 협력을 본격화한다.,호재,2026-04-02 15:18,36.1,사실형,88.8
https://n.news.naver.com/mnews/article/016/0002623809?sid=102,방산/우주항공,"K-방산, ‘수출·기술’ 두 마리 토끼 다 잡는다",2026 이순신 방위 산업전은 K-방산의 글로벌 경쟁력을 입증하며 실질적인 비즈니스 성과 창출에 집중했다.,호재,2026-04-02 14:30,69.9,사실형,65.0
https://n.news.naver.com/mnews/article/003/0013852046?sid=101,방산/우주항공,전쟁 포화 속에 방산·건설株 웃고 자동차·항공株 울었다,이란 전쟁으로 국내 증시 업종별 온도차가 뚜렷해지고 있는 상황이다.,호재,2026-03-29 08:00,15.9,사실형,86.3
https://n.news.naver.com/mnews/article/003/0013856745?sid=101,방산/우주항공,"한화오션, 이순신방위산업전 참가…""미래 K해양방산 기술 전시""",한화오션이 K해양방산 기술을 전시하며 미래 기술을 선보일 예정입니다.,호재,2026-03-31 11:55,50.6,사실형,93.4
https://n.news.naver.com/mnews/article/014/0005501798?sid=101,방산/우주항공,"한화에어로, 육군과 손잡고 군수지원체계 수출 추진","한화에어로스페이스는 육군과 함께 K-MRO 사업의 해외 수출을 위해 협력을 본격화하고, 민군 협력이 확대된다.",호재,2026-04-02 18:04,27.3,사실형,97.8
https://n.news.naver.com/mnews/article/417/0001137177?sid=102,방산/우주항공,방산기술 현재·미래 보여주는 전시회 진해서 개막,창원시와 해군이 공동 주최하는 '2026 이순신방위산업전(YIDEX)' 개막식이 진해 해군사관학교에서 열렸습니다.,호재,2026-04-02 11:15,47.6,사실형,53.3
https://n.news.naver.com/mnews/article/082/0001373586?sid=102,방산/우주항공,"한화오션, 창원서 ‘K해양방산’ 이끌 ‘비밀무기’ 공개한다",한화오션은 YIDEX에서 '차세대 구축함'을 공개하며 미래 해양 전장에 최적화된 플랫폼을 선보인다.,호재,2026-03-31 13:59,30.8,사실형,91.6
https://n.news.naver.com/mnews/article/050/0000104376?sid=101,방산/우주항공,'LIG D&amp;A' 출범…K방산 강자에서 항공우주로 판 키운다,LIG넥스원이 창립 50주년을 맞아 사명을 'LIG 디펜스&에어로스페이스'로 변경하여 항공·우주를 아우르는 글로벌 종합방산기업으로의 도약을 선언했다.,호재,2026-03-31 11:43,31.0,사실형,85.8
https://n.news.naver.com/mnews/article/020/0003707937?sid=101,방산/우주항공,실전서 입증된 ‘K방산’… “우리 먼저” 전 세계가 줄 섰다,K방산은 UAE에 수출된 유도무기 '천궁-Ⅱ'가 이란의 탄도미사일을 정확히 요격하는 등 실전서 입증된 성과를 거두고 있다.,호재,2026-03-30 04:32,44.0,사실형,78.3
https://n.news.naver.com/mnews/article/018/0006245876?sid=100,방산/우주항공,KAI 민영화·풍산 매각설…K방산 ‘합종연횡’ 신호탄 되나,"방산업계 부는 M&A 바람이 불면서 한국항공우주산업(KAI) 민영화와 풍산 방산부문 매각 가능성이 제기되며, 업계 재편 기대가 커지고 있다.",호재,2026-03-31 05:31,54.4,사실형,99.8
https://n.news.naver.com/mnews/article/243/0000096475?sid=101,IT/플랫폼,‘미토스 쇼크’에 디지털 금고도 불안…AI 해킹 공포에 금융권은 초긴...,AI가 스스로 시스템 결함을 포착하고 인간 개입 없이 공격할 수 있는 가능성이 입증되면서 금융권은 디지털 금고가 표적이 될 수 있다는 우려가 나온다.,호재,2026-04-16 17:01,30.5,사실형,76.5
https://n.news.naver.com/mnews/article/003/0013891991?sid=105,IT/플랫폼,‘괴물 AI’ 미토스에 세계 보안당국 ‘발칵’…美 '통제 동맹' VS 韓 '현...,미국과 한국이 앤트로픽의 차세대 AI 모델 '미토스'에 대해 보안 우려를 제기하고 각각 다른 대응책을 취하고 있다.,호재,2026-04-16 15:02,15.3,사실형,81.5
https://n.news.naver.com/mnews/article/008/0005345523?sid=105,IT/플랫폼,"괴물 해킹무기 탄생, 속수무책 뚫린다…""이전에 없던 위기"" 경고",미국 빅테크의 고성능 AI가 사이버보안 영역까지 파고들어 정부가 보안기업과 주요 기업의 CISO를 불러 비상대책 마련에 나섰다.,호재,2026-04-17 06:00,41.9,사실형,70.8
https://n.news.naver.com/mnews/article/138/0002224744?sid=105,IT/플랫폼,[네카오는 지금] 포털은 왜 'AI 검색'으로 향할까,"네이버와 카카오가 기술 고도화와 조직 혁신을 통해 글로벌 경쟁에 대응하고, 인공지능(AI)이 답을 정리하고 예약·구매·결제까지 이어주는 '실행형 검색'으로의 전환이 이루어지는 중이다.",호재,2026-04-16 15:35,30.0,사실형,74.7
https://n.news.naver.com/mnews/article/586/0000127073?sid=101,IT/플랫폼,네카오 지도가 구글맵에 대항하는 방법,국내 지도 앱들이 구글의 기술 공세에 맞불을 놓기 위해 서비스 고도화에 나선다.,호재,2026-04-16 15:52,23.9,사실형,50.1
https://n.news.naver.com/mnews/article/014/0005509090?sid=105,IT/플랫폼,"구글 187억 낼때, 네이버 6014억",글로벌 빅테크들이 국내에서 올린 수익을 대부분 해외 법인으로 돌리며 세망을 빠져나가는 조세 형평성 논란이 꾸준히 나오고 있다.,악재,2026-04-16 18:25,51.8,사실형,85.8
https://n.news.naver.com/mnews/article/586/0000127078?sid=101,IT/플랫폼,'미토스 쇼크'에 네카토·통신사 AI 해킹 대응 총력전,"네이버, 카카오, 토스 등 주요 플랫폼과 이동통신 3사가 미토스 쇼크에 대응하여 보안 점검 및 대응 체계를 강화하고 있다.",호재,2026-04-16 16:16,28.0,사실형,92.6
https://n.news.naver.com/mnews/article/079/0004137542?sid=105,IT/플랫폼,"팀네이버, 온라인 DX 경험 오프라인·사업자 AX 생태계로 확대","네이버는 온라인 DX 경험을 오프라인 및 사업자 AX 생태계로 확대하고, 새로운 지원 프로그램을 시작한다.",호재,2026-04-16 14:34,19.7,사실형,45.8
https://n.news.naver.com/mnews/article/082/0001376432?sid=102,IT/플랫폼,창원 평생학습관 ‘누리배움터’ 하반기 문 연다,창원 평생학습관 '누리배움터'가 9월에 문을 열어 평생교육을 원스톱으로 제공할 예정입니다.,호재,2026-04-16 16:22,31.3,대화형,23.5
https://n.news.naver.com/mnews/article/374/0000504883?sid=104,IT/플랫폼,'전쟁보다 무섭다' 앤트로픽 '미토스 쇼크',앤트로픽의 차세대 인공지능 모델 '미토스'가 전세계 정부와 금융·산업계에 충격을 주고 있는 보안 취약점을 발견하는 기능을 갖췄다.,악재,2026-04-16 15:13,51.4,추론형,0.0
https://n.news.naver.com/mnews/article/029/0003022099?sid=105,IT/플랫폼,‘미토스 쇼크’에 네카토·통신사도 비상,"네이버, 카카오, 토스 등 플랫폼과 이통3사가 미토스 쇼크에 대응하여 보안 점검과 대응 체계를 강화하고 있다.",호재,2026-04-16 16:07,42.4,사실형,73.8
https://n.news.naver.com/mnews/article/025/0003516885?sid=105,IT/플랫폼,정부·빅테크 총동원령 내렸다… 보안 생태계 뒤흔드는 '미토스 쇼크',"앤스로픽의 새로운 AI 모델 '미토스'가 사이버 보안 업계에 큰 파장을 일으키고 있으며, 정부와 빅테크가 함께 대응책을 논의하고 있다.",호재,2026-04-17 05:00,28.9,사실형,69.6
https://n.news.naver.com/mnews/article/001/0016025631?sid=105,IT/플랫폼,'미토스 쇼크'에 네카토·통신사 비상…AI 해킹 대응 총력,네이버·카카오·토스 등 주요 플랫폼과 이동통신 3사가 미토스 쇼크에 대응하기 위해 보안 점검과 대응 체계 강화에 나섰다.,호재,2026-04-16 14:38,34.7,사실형,79.9
https://n.news.naver.com/mnews/article/003/0013891573?sid=102,IT/플랫폼,"창원시, 평생학습관 누리배움터 9월 개관 준비 박차",창원시 평생학습관 누리배움터가 9월 정식 개관을 앞두고 학습 공간 조성과 소통 창구 강화 등 준비를 완료하고 있습니다.,호재,2026-04-16 13:11,54.4,대화형,13.4
https://n.news.naver.com/mnews/article/001/0016025427?sid=101,IT/플랫폼,[K-VIBE] 유경한의 커뮤니케이션 비평…대기업 본사 지역 이전 이슈,"대기업이 서울을 떠나 지역에 본사를 옮기는 것은, 기업이 한 도시의 생태계를 책임지는 '창조적 주체'가 될 수 있는지에 대한 본질적인 물음이다.",호재,2026-04-16 14:00,63.9,사실형,48.7
https://n.news.naver.com/mnews/article/016/0002630708?sid=105,IT/플랫폼,"전 세계 초비상 ‘미토스 쇼크’…“AI가 거르고, 화이트해커로 방어”",SK쉴더스는 AI 보안 공격·방어 '전쟁'에 대비하여 관리형 확장 탐지·대응 체계를 구축하여 사이버 공격을 예의주시하고 파급력 적지 않도록 관리하고 있다.,호재,2026-04-16 11:33,34.4,사실형,82.1
https://n.news.naver.com/mnews/article/277/0005750454?sid=105,IT/플랫폼,"미토스發 '보안 쇼크'…""AI 공격에 AI로 방어해야""","앤스로픽의 최신 AI 모델 '미토스'가 사이버 보안에 새로운 패러다임을 열면서, 업계가 대응 마련에 분주하다.",호재,2026-04-16 11:35,20.4,사실형,83.0
https://n.news.naver.com/mnews/article/016/0002630700?sid=101,IT/플랫폼,디지털자산 인프라 확보 경쟁…자체 메인넷 구축 속도전,"두나무, 해시드 오픈파이낸스, NHN KCP 등이 자체 메인넷을 구축하는 움직임을 보이며 디지털자산 인프라 확보 경쟁이 가속화되고 있다.",호재,2026-04-16 11:29,64.6,사실형,78.0
https://n.news.naver.com/mnews/article/079/0004137410?sid=101,IT/플랫폼,"""몰래 위치추적? 징역형입니다""…정부, 불법 판매·유통 정조준","정부는 불법 위치추적기 판매를 막기 위해 경고 문구를 노출하고, 불법 판매자와 구매자를 대상으로 주의 안내를 강화한다.",호재,2026-04-16 10:41,51.8,사실형,50.7
https://n.news.naver.com/mnews/article/011/0004612261?sid=104,IT/반도체,"AI·반도체·양자 키우는 日, 이공계 정원 50%로 확대","일본 정부가 AI, 반도체, 양자 등 성장 전략 분야에 대한 민관 투자를 활성화하기 위해 이공계 대학 정원 50% 확충하고 노동시간제 확대한다.",호재,2026-04-19 17:58,24.4,사실형,95.8
https://n.news.naver.com/mnews/article/015/0005276719?sid=101,IT/반도체,반도체株 집중매수…LIG디펜스도 담아,대형 증권사 자산가들이 반도체와 방위산업주를 집중 매수하고 있다.,호재,2026-04-19 17:42,16.9,사실형,97.2
https://n.news.naver.com/mnews/article/374/0000505138?sid=101,2차전지,"[투자 노하우] 트럼프 ""이스라엘- 레바논, 열흘 휴전 합의돼""","트럼프가 이스라엘-레바논 휴전 합의에 대해 발표했으며, 랠리 시장은 알루미늄 가격 상승과 2차전지 소재 활용에 따른 물가 인상 가능성에 반응하고 있다.",호재,2026-04-17 16:54,25.7,추론형,0.0
https://n.news.naver.com/mnews/article/009/0005668152?sid=105,IT/반도체,"AI 덩치 키우는 시대 갔다 …""이젠 수익성·생산성 경쟁""","AI 성공 법칙이 달라졌고, 한국은 데이터와 모델 크기를 키우는 무한 경쟁 대신 전문적인 모델을 육성하는 전략이 필요하다.",호재,2026-04-19 17:40,11.8,사실형,92.6
https://n.news.naver.com/mnews/article/374/0000505129?sid=101,2차전지,[증시 인사이트] 국내증시 혼조 마감…코스피 내리고 코스닥 오르고,CATL의 1분기 실적이 사상 최대치를 기록하며 업황 둔화에도 전기차 배터리·ESS 세계 1위에 올랐다.,호재,2026-04-17 16:44,27.1,사실형,72.9
https://n.news.naver.com/mnews/article/374/0000504910?sid=101,2차전지,[증시 인사이트] 국내증시 동반 상승…코스피 6200선 회복 성공,국내 증시가 코스피 6200선에 회복 성공하며 동반 상승했다.,호재,2026-04-16 16:37,26.3,사실형,97.2
https://n.news.naver.com/mnews/article/015/0005276715?sid=103,IT/반도체,"""하이닉스 가려고요""…2500명 역대급 대이동에 '술렁'",SK하이닉스에 입사할 예정인 졸업생들이 대거 입사하여 2500명에 달하는 역대급 대이동을 하면서 회사에 술렁거린다.,호재,2026-04-19 17:37,12.2,사실형,98.6
https://n.news.naver.com/mnews/article/021/0002785501?sid=101,2차전지,"중부권 제조업 AI 전환 본격화… 김정관, 2차전지 업계 간담회","중부권 제조업 AI 전환 본격화, 2차전지 업계 간담회 개최",호재,2026-04-17 11:52,15.6,사실형,93.0
https://n.news.naver.com/mnews/article/009/0005668143?sid=103,IT/반도체,"글로벌은 혁신 톱100중 20곳 물갈이 … 한국, 5년째 '신흥 특허강자' 안...",반도체가 제약 분야를抜어넘어 글로벌 혁신 톱100의 20곳을 차지하고 한국은 '신흥 특허강자'로 5년 연속 선정되었다.,호재,2026-04-19 17:37,9.8,사실형,98.2
https://n.news.naver.com/mnews/article/029/0003022477?sid=110,IT/반도체,[사설] 추월 넘어 격차 커지는 韓·대만 소득···혁신 우습게 본 대가...,반도체 슈퍼사이클과 인공지능(AI) 수요 확대로 한국과 대만의 소득 격차가 커지고 있다.,호재,2026-04-19 17:34,11.9,사실형,56.6
https://n.news.naver.com/mnews/article/015/0005276717?sid=101,2차전지,다음 주도주는 '조선·배터리·뷰티',"뷰티, 배터리 업종이 다음 주도주로 추천되었다.",호재,2026-04-19 17:39,18.3,사실형,99.1
https://n.news.naver.com/mnews/article/011/0004612028?sid=105,2차전지,"SK하이닉스, TSMC와 HBM4E 협력…3나노 승부수",삼성SDI는 미국 에너지기업과 1조 5000억 원 규모의 ESS용 각형 배터리 공급계약을 체결하며 투자 기대감을 높였다.,호재,2026-04-18 10:20,12.5,사실형,96.3
https://n.news.naver.com/mnews/article/353/0000055139?sid=102,2차전지,"실행 중심 전략, 혁신 역량으로 위기속 도약…제주개발공사·코리아에프...",성화이앤씨가 철강 및 전지 분야 사업을 확대하고 국산화 장비 개발에 성공했다.,호재,2026-04-18 00:02,14.3,사실형,99.8
https://n.news.naver.com/mnews/article/015/0005276504?sid=101,2차전지,뜻밖의 호재에 주가 7% 넘게 '급등'…연기금도 쓸어 담았다 [종목+],"데이터센터용 배터리 협력 방안 논의로 주가 급등, 정책 모멘텀도 투자심리를 자극했다.",호재,2026-04-17 22:01,22.5,사실형,99.8
https://n.news.naver.com/mnews/article/015/0005276721?sid=102,IT/반도체,[단독] 법대 나와 대기업 다니면 뭐하나…'문송' 직장인 결국,법전과 관련된 자격증을 가진 직장인들은 AI가 직장을 대체할 가능성이 높다고 걱정하고 있다.,호재,2026-04-19 17:44,25.0,추론형,24.8
https://n.news.naver.com/mnews/article/079/0004138152?sid=101,2차전지,"""전쟁 났는데 코스피 날았다!""…K-제조업의 역습[경제적본능]","K-제조업이 전기차 수요 정체로 어려움을 겪고 있지만, 에너지저장장치 부문에서 새로운 기회를 찾고 있다.",호재,2026-04-18 05:01,32.3,사실형,98.1
https://n.news.naver.com/mnews/article/014/0005508166?sid=102,2차전지,"경기경제청, 5개 유망 기업과 640억 규모 투자협약…포승지구 '첨단 클러...",경기경제청은 5개 유망 기업과 640억 규모의 투자협약을 체결하여 기업환경을 개선하고 지원한다.,호재,2026-04-15 15:02,11.5,사실형,75.4
https://n.news.naver.com/mnews/article/417/0001138978?sid=101,2차전지,국민성장펀드 50조 투입…AI·바이오·모빌리티 '메가프로젝트' 확대,"국민성장펀드 50조 투입으로 AI, 바이오, 모빌리티 분야의 '메가프로젝트'가 확대되며, 국내 AI 반도체 기업에 소재·부품·엔진·배터리·반도체 등 전후방 산업에 파급효과가 기대된다.",호재,2026-04-14 16:51,15.2,사실형,39.3
https://n.news.naver.com/mnews/article/031/0001022302?sid=101,2차전지,에코프로머티 2대주주 꾸준한 장내 매도⋯왜?,에코프로머티가 2024년에 큰 적자를 기록한 이유는 배터리가 탑재되는 전기차 업황의 악화로 인한 것으로 보인다.,악재,2026-04-15 10:58,21.2,사실형,96.6
https://n.news.naver.com/mnews/article/011/0004611219?sid=101,2차전지,대기업 골머리 ‘석유화학·배터리’…차입금 줄이기 총력전 [시그널],SK그룹은 2차전지 배터리 계열사들의 부진을 재무 부담 요인으로 지적했다.,악재,2026-04-16 06:50,19.5,사실형,99.1
https://n.news.naver.com/mnews/article/047/0002512018?sid=101,2차전지,"검찰로 번진 금양 사태,이복현 전 금감원장 직권남용 의혹 고발",이복현 전 금감원장 직권남용 의혹에 대한 고발이 이루어졌다.,악재,2026-04-14 16:16,16.4,사실형,99.5
https://n.news.naver.com/mnews/article/016/0002632930?sid=101,IT/반도체,"SK하이닉스, 美 인디애나 패키징 공장 ‘첫 삽’ [H-EXCLUSIVE]",SK하이닉스가 인디애나 패키징 공장에서 항타 작업을 시작한다.,호재,2026-04-21 11:25,9.0,사실형,36.5
https://n.news.naver.com/mnews/article/001/0016033185?sid=101,2차전지,수익률 상위권 휩쓴 2차전지 ETF 급부상…고유가·ESS 수혜주,수익률 상위권을 휩쓴 2차전지 ETF가 급부상했다.,호재,2026-04-21 10:58,11.4,사실형,99.5
https://n.news.naver.com/mnews/article/001/0016033069?sid=101,2차전지,[특징주] '캐즘 터널' 빠져나오나…2차전지주 동반 강세(종합),삼성SDI가 벤츠 전기차 배터리 공급 소식으로 장중 신고가를 기록했다.,호재,2026-04-21 10:38,11.1,사실형,93.9
https://n.news.naver.com/mnews/article/293/0000083083?sid=101,2차전지,"케이엔에스, 이차전지 배터리 기업과 108억 규모 장비 계약",케이엔에스가 이차전지 배터리 소재 기업과 108억원 규모의 장비 계약을 체결했다.,호재,2026-04-20 16:41,23.1,사실형,99.0
https://n.news.naver.com/mnews/article/277/0005752442?sid=101,제약/바이오,"갤럭스·GC녹십자, 자가면역질환 항체 신약 공동개발 착수",갤럭스와 GC녹십자가 자가면역질환 항체 신약 공동개발을 시작했다.,호재,2026-04-21 09:55,27.5,사실형,79.0
https://n.news.naver.com/mnews/article/277/0005752563?sid=101,제약/바이오,오픈AI·엔비디아 참전한 'AI 신약' 전쟁…빅파마 합종연횡 속 K바이오 ...,글로벌 빅테크 기업과 제약사 간의 AI 신약 개발 연합이 국내 바이오 기업들의 연구 성과를 국제 무대에서 부상시키고 있다.,호재,2026-04-21 12:00,18.6,사실형,83.2
https://n.news.naver.com/mnews/article/016/0002632984?sid=101,제약/바이오,"삼성바이오, 최대 암학회서 CRDMO 역량 과시",삼성바이오로직스가 세계 최대 암 학회인 미국암연구학회(AACR)에 참가해 CRDMO 역량을 과시했다.,호재,2026-04-21 11:40,14.7,사실형,53.5
https://n.news.naver.com/mnews/article/092/0002419451?sid=105,제약/바이오,"구광모 'ABC 전략' 또 통했다…LG, 에이전틱 AI로 암 치료 설계 '하루'로...",LG가 에이전틱 AI를 사용한 암 치료 설계에 성공했다는 분석이 나왔다.,호재,2026-04-21 10:01,25.7,사실형,35.9
https://n.news.naver.com/mnews/article/296/0000099745?sid=101,제약/바이오,"‘몸속에서 만드는 CAR-T’… 릴리, 혈액암 신기술에 10조원 투자",릴리 제약사는 혈액암 신기술에 10조원 투자한다.,호재,2026-04-21 10:13,36.3,사실형,66.8
https://n.news.naver.com/mnews/article/346/0000108433?sid=103,제약/바이오,"일라이 릴리, 혈액암 차세대 신약 개발사 10조원에 인수",일라이 릴리가 차세대 항암 바이오 기업 켈로니아 테라퓨틱스를 10조3400억 원에 인수했다.,호재,2026-04-21 10:14,35.2,사실형,31.0
https://n.news.naver.com/mnews/article/003/0013900097?sid=102,제약/바이오,"""암 정복 향한 도전""…K-바이오, AACR서 기술력 과시",국내 제약바이오 기업들이 미국암연구학회(AACR)에서 최신 항암 신약 연구를 소개했다.,호재,2026-04-21 11:36,37.5,사실형,78.1
https://n.news.naver.com/mnews/article/011/0004612887?sid=101,제약/바이오,"갤럭스·GC녹십자, 자가면역질환 항체 신약 공동개발 계약 체결","갤럭스·GC녹십자, 국내외 제약사와 공동 신약 개발 파트너십을 통해 AI 신약 개발을 확대한다.",호재,2026-04-21 09:57,18.9,사실형,71.8
https://n.news.naver.com/mnews/article/001/0016032872?sid=101,제약/바이오,"[바이오스냅] LG화학, 성장호르몬 신제품 '유트로핀 에코펜' 출시",LG화학이 성장호르몬 신제품 '유트로핀 에코펜'을 출시했다.,호재,2026-04-21 09:47,11.3,사실형,99.2
https://n.news.naver.com/mnews/article/437/0000488267?sid=101,제약/바이오,'암 치료제' 올림픽 개막…첫 발표부터 K-바이오 '눈도장',K-바이오기업들이 글로벌 대형제약사들과 함께 AACR에서 신약 개발 역량을 선보였다.,호재,2026-04-21 08:37,45.3,사실형,85.0
https://n.news.naver.com/mnews/article/018/0006262243?sid=105,제약/바이오,다시 불어닥친 감염병 진단·백신 테마풍…진원생명과학·수젠텍 '上'[바...,제약·바이오·헬스케어 섹터가 코로나19 신종 변이 바이러스 우려로 상승,호재,2026-04-21 08:02,32.4,추론형,10.0
https://n.news.naver.com/mnews/article/023/0003971948?sid=105,제약/바이오,"[AX 지금, 현장에선] AI 시대, 신약 R&amp;D의 진짜 경쟁력은?",AI의 연구 체계 구축이 신약 개발의 진짜 경쟁력인 것으로 나타났다.,호재,2026-04-20 18:41,25.1,사실형,69.5
https://n.news.naver.com/mnews/article/015/0005277471?sid=105,제약/바이오,"갤럭스–GC 녹십자, AI 활용한 자가면역질환 항체 신약 공동개발 계약 ...",갤럭스와 GC녹십자가 AI 활용한 자가면역질환 항체 신약 공동개발 계약을 체결했다.,호재,2026-04-21 08:59,29.2,추론형,18.8
https://n.news.naver.com/mnews/article/001/0016032449?sid=101,제약/바이오,"일라이릴리, 혈액암치료 차세대신약 개발사 10조원에 인수",일라이릴리가 혈액암 치료 차세대 신약 개발사에 10조원에 인수했다.,호재,2026-04-21 00:00,28.0,사실형,96.2
https://n.news.naver.com/mnews/article/366/0001158357?sid=101,제약/바이오,[바이오 e종목] “쥐 대신 칩” 콜마가 품은 우정바이오...동물 실험 축...,우정바이오가 갖고 있는 비임상 연구 인프라가 신약 개발에 활용될 수 있다는 점이 업계의 주목을 받고 있다.,호재,2026-04-21 06:14,19.4,사실형,99.5
https://n.news.naver.com/mnews/article/003/0013899397?sid=102,제약/바이오,"삼성바이오에피스 ""1호 신약, 전임상 결과 안전성 관찰""",삼성바이오에피스는 전임상 결과 안전성 관찰을 위해 노력하고 있다.,중립,2026-04-21 08:55,25.0,예측형,20.5
https://n.news.naver.com/mnews/article/018/0006262352?sid=105,제약/바이오,"美 FDA 출신이 이끄는 글로벌 규제 대응 교육…KoNECT, 웨비나·세미나 ...",KoNECT이 7월과 12월에 대면 세미나를 개최하여 FDA 임상시험계획과 신약허가신청 승인 사례를 교육합니다.,호재,2026-04-21 09:04,12.8,사실형,76.4
https://n.news.naver.com/mnews/article/023/0003972066?sid=105,제약/바이오,코스닥 시총 1위 오른 뒤 반토막... 삼천당제약 논란 짚어보니,삼천당제약 사태가 국내 바이오주 전반에 대한 시장 신뢰에 영향을 주고 있다.,악재,2026-04-21 06:01,21.1,사실형,86.1
https://n.news.naver.com/mnews/article/648/0000046426?sid=101,제약/바이오,"K-바이오, 미국 암학회서 차세대 항암 기술력 과시",K-바이오 기업들이 미국 암학회서 차세대 항암 기술력 과시하는 혁신적인 연구 성과를 발표했다.,호재,2026-04-21 07:30,26.3,사실형,80.7
https://n.news.naver.com/mnews/article/421/0008901445?sid=103,제약/바이오,약가제도 대변혁 시대…제약·바이오업계 대응 전략은,제약바이오 산업이 약가제도 개편에 대응하는 전략을 모색하는 자리가 마련되었습니다.,호재,2026-04-21 06:40,30.7,대화형,23.4
https://n.news.naver.com/mnews/article/020/0003713901?sid=101,제약/바이오,"희망이라던 치매약, ‘부작용’ 남고 ‘기억’은 돌아오지 않았다",치매약 아두헬름 등 3종의 효과가 미미한 부작용이 더 커 치매 치료에 실패했다.,악재,2026-04-21 00:32,15.3,사실형,88.6
https://n.news.naver.com/mnews/article/003/0013899472?sid=102,제약/바이오,"갤럭스·GC녹십자, '자가면역질환 항체 신약' 공동 개발","갤럭스·GC녹십자, 국내외 제약사와 공동 신약개발 파트너십을 통해 AI 신약개발의 실증 사례를 확대한다.",호재,2026-04-21 09:14,17.5,사실형,36.8
https://n.news.naver.com/mnews/article/003/0013899589?sid=102,제약/바이오,"메드팩토 ""백토서팁 대장암 전임상 효과, AACR 발표""",메드팩토가 대장암 전임상 효과를 발표하여 임상 성공 가능성을 높일 수 있다고 밝혔다.,호재,2026-04-21 09:35,75.2,추론형,15.0
https://n.news.naver.com/mnews/article/293/0000083112?sid=110,제약/바이오,[디깅노트] 모래성 같았던 삼천당제약 주가,삼천당제약은 약가 인하로 비용을 줄이며 신약개발을 유지하고 있어 투자 유치를 위한 마지막 동아줄이다.,호재,2026-04-21 08:00,49.0,사실형,41.6
https://n.news.naver.com/mnews/article/003/0013899266?sid=102,제약/바이오,"흩어진 연구조직 합치는 바이오…""의사 결정 민첩하게""",제약바이오 기업들이 연구조직을 일원화하여 의사결정 구조를 혁신하고 있다.,호재,2026-04-21 07:01,34.6,사실형,55.9
https://n.news.naver.com/mnews/article/014/0005510514?sid=103,제약/바이오,항암 신약 위탁연구부터 생산까지… 삼성바이오 역량 알린다,삼성바이오로직스가 미국암연구학회(AACR) 2026에서 참가하여 초기 신약 개발 단계 고객을 확보하기 위해 본격적으로 나섰다.,호재,2026-04-20 18:13,47.2,사실형,45.1
https://n.news.naver.com/mnews/article/117/0004056216?sid=102,제약/바이오,"[제약바이오 브리핑] 종근당, ADC 항암 신약 ‘CKD-703’ 美 글로벌 임상...",종근당이 항체-약물 접합체 기반 항암 신약 'CKD-703'의 글로벌 임상 1/2a상 시험을 위한 미국 내 첫 환자 등록을 시작했다.,호재,2026-04-20 18:03,18.8,사실형,56.6
https://n.news.naver.com/mnews/article/021/0002786046?sid=101,제약/바이오,‘이유있는 국뽕!’…미국 새 희귀의약품 5개 중 1개가 ‘한국산’,"미국에서 희귀의약품으로 지정된 14개 치료제 중 3개가 한국산으로 개발되었으며, 유한양행, ABL바이오, 엑셀라몰이 개발한 치료제가 포함되었다.",호재,2026-04-20 17:27,47.4,사실형,47.7
https://n.news.naver.com/mnews/article/293/0000083104?sid=101,제약/바이오,"[외부감사 진단] HLB제약, 높은 CSO 비율...건기식으로 만회","HLB제약이 높은 CSO 비율로 인한 수익성 악화가 우려되는 반면, 지속가능한 성장 전략을 구사하는 긍정적인 모습도 보였다.",호재,2026-04-20 17:58,15.8,사실형,57.1
https://n.news.naver.com/mnews/article/032/0003441096?sid=104,방산/우주항공,"일본, 이제 ‘살상무기’도 수출한다···‘전쟁가능국가’ 향해 우로...",일본 정부가 방위장비 수출 규정을 폐지해 살상 무기 수출을 원칙적으로 허용했다.,호재,2026-04-21 12:20,48.4,사실형,88.6
https://n.news.naver.com/mnews/article/018/0006262564?sid=101,방산/우주항공,"'방산 대국' 야심…일본, 살상 무기 수출 허용","일본은 살상 능력이 있는 무기 수출을 제한했던 규정을 폐지하고, 분쟁 당사국에도 수출이 가능하게 되었다.",호재,2026-04-21 11:54,62.5,사실형,88.1
https://n.news.naver.com/mnews/article/092/0002419479?sid=105,방산/우주항공,"다시 날아오른 K방산, 수출 62.5% 급증에 생산유발 46조","방산수출이 2년 만에 반등하며 62.5% 급증, 생산유발 46조, 고용유발 10만 1000명 추산",호재,2026-04-21 11:01,55.2,사실형,77.8
https://n.news.naver.com/mnews/article/001/0016033322?sid=104,방산/우주항공,"日, 살상 무기 수출 허용…'우경화 행보' 가속",일본 정부가 살상 무기 수출을 원칙적으로 허용하기로 결정했다.,악재,2026-04-21 11:31,45.2,사실형,95.0
https://n.news.naver.com/mnews/article/031/0001023611?sid=101,방산/우주항공,"LIG D&amp;A, 미국 해양방산전시회 'SAS 2026' 참가",LIG D&A는 미국 해양방산전시회 'SAS 2026'에 참가하여 미국 시장 진출을 위한 마케팅 활동을 전개한다.,호재,2026-04-21 11:10,24.4,사실형,79.1
https://n.news.naver.com/mnews/article/421/0008902088?sid=101,방산/우주항공,"""비궁 내세워 美 방산시장 공략""…LIG D&amp;A, SAS 2026 참가","LIG D&A, 미국 방산시장 공략 위해 SAS 2026 참가",호재,2026-04-21 10:41,20.5,사실형,75.8
https://n.news.naver.com/mnews/article/119/0003082802?sid=101,방산/우주항공,"LIG D&amp;A, 美 최대 해양 방산 전시회 참가…'100% 명중' 비궁 선보인다","LIG D&A는 미국 최대 해양 방산 전시회 'SAS 2026'에 참가하여 유도로켓 '비궁'과 함정 방어체계, 무인수상정을 선보인다.",호재,2026-04-21 10:25,11.8,사실형,88.1
https://n.news.naver.com/mnews/article/422/0000857243?sid=104,방산/우주항공,"일본, 살상 무기 수출 허용…'전쟁 가능 국가' 움직임",일본 정부가 살상 무기 수출을 원칙적으로 허용하기로 함,호재,2026-04-21 11:42,49.4,추론형,2.3
https://n.news.naver.com/mnews/article/001/0016032935?sid=103,방산/우주항공,"LIG D&amp;A, 미국 해양 방산 전시회 참가…""미국시장 진출 가속""","LIG D&A는 미국 해양 방산 전시회 '해양항공우주 전시회 2026'에 참가하여 미국 시장 진출을 가속하고, K-방산 수출의 주역이 되겠다고 밝혔다.",호재,2026-04-21 10:02,28.7,사실형,93.1
https://n.news.naver.com/mnews/article/014/0005510857?sid=101,방산/우주항공,"DX KOREA 2026, 글로벌 공급망 연계 방위사업 설명회 마련",DX KOREA 2026 조직위원회가 국내 방산 기업의 실질적인 사업 성과 창출을 지원하는 방위사업 참여 설명회를 개최한다.,호재,2026-04-21 10:51,27.4,사실형,74.4
https://n.news.naver.com/mnews/article/658/0000141655?sid=105,IT/반도체,국내 최대 IT전시회 ‘월드IT쇼’ 22일 개막…‘피지컬 AI’ 전면에,"월드IT쇼가 22일 개막하여 AI, 반도체, 로보틱스 등 혁신 기업들이 참여한다.",호재,2026-04-21 12:42,19.7,사실형,53.1
https://n.news.naver.com/mnews/article/018/0006257809?sid=105,IT/플랫폼,"“미토스 충격 현실화”…AI 보안 전환기, 제로트러스트·공급망 보안 시...","AI 보안 위협이 상수로 봐야 하는 상황이며, 기존 보안 체계의 전면 재편이 필요해진다.",악재,2026-04-15 14:08,19.0,사실형,85.5
https://n.news.naver.com/mnews/article/009/0005666199?sid=101,IT/플랫폼,모든 사이트 다 뚫는 ‘최악의 해킹 괴물’…‘미토스 쇼크’에 전세계...,"앤트로픽의 AI '미토스'가 27년간 발견되지 않았던 보안 결함을 찾아내고 침투 경로까지 설계하는 해킹 능력을 보유하고 있어, 전세계가 충격에 빠졌다.",악재,2026-04-15 11:15,23.7,사실형,88.3
https://n.news.naver.com/mnews/article/030/0003418014?sid=101,IT/플랫폼,오피넷 日평균 이용자 200만명…네이터·카카오 네비에서도 착한주유소...,네이버 및 카카오 네비에서도 착한주유소 정보가 제공되기 시작했습니다.,호재,2026-04-15 10:50,41.8,대화형,7.2
https://n.news.naver.com/mnews/article/119/0003080855?sid=105,IT/플랫폼,기본통신권 궤도 올랐지만…OTT 합병·망 사용료는 제자리,"정부가 추진 중인 '기본통신권' 확대와 차세대 네트워크 구축은 본궤도에 오르지만, 망 사용료와 플랫폼 규제 등 이해관계가 얽힌 과제는 여전히 해결되지 않았다.",호재,2026-04-15 11:39,20.6,사실형,88.5
https://n.news.naver.com/mnews/article/079/0004136931?sid=102,IT/플랫폼,웹툰 '청춘 블라썸' 애니로 확장…'우리의 봄' 15일 KBS 첫 방송,'청춘 블라썸' 웹툰이 TV 애니메이션으로 확장되어 KBS 2TV를 통해 첫 방송된다.,호재,2026-04-15 10:41,33.6,사실형,48.4
https://n.news.naver.com/mnews/article/032/0003440069?sid=101,IT/플랫폼,‘자율 해킹’ AI 등장에 한국도 비상…“민·관 대응 시스템 개혁해야...,한국은 자율 해킹 AI 등장에 대응하기 위해 민·관 대응 시스템을 개혁해야 한다.,호재,2026-04-15 16:52,15.7,사실형,45.2
https://n.news.naver.com/mnews/article/081/0003635818?sid=101,자동차/모빌리티,요즘 대세는 K하이브리드車… 고유가 타고 수출 60% 급증,국내 하이브리드차 수출이 60% 넘게 급증했다.,호재,2026-04-16 05:05,38.3,사실형,92.5
https://n.news.naver.com/mnews/article/031/0001022538?sid=101,자동차/모빌리티,[EV 100만]②'캐즘' 뚫고 반등⋯수요·신차·정책 '트리플 이펙트',"전기차 수요가 증가하는 가운데, 정부의 정책 지원과 신차 라인업, 유가 상승이 맞물려 '트리플 이펙트' 효과를 나타내고 있다.",호재,2026-04-16 07:22,32.9,사실형,78.0
https://n.news.naver.com/mnews/article/023/0003970953?sid=101,자동차/모빌리티,"자동차 수출액, 1분기 소폭 감소… 유럽서 늘고 중동서 급감, 하이브리...",1분기 국내 자동차 산업은 내수와 생산이 증가했지만 수출은 소폭 감소했다.,호재,2026-04-15 11:03,38.3,사실형,91.5
https://n.news.naver.com/mnews/article/092/0002418754?sid=103,자동차/모빌리티,"국내 완성차, 4년 연속 1Q 100만대 생산 달성…하이브리드 내수·수출 호...","국내 완성차는 4년 연속 1Q 100만대 생산을 달성했으며, 수출과 내수 모두 전년 동월 대비 증가했다.",호재,2026-04-15 11:01,36.5,사실형,88.0
https://n.news.naver.com/mnews/article/016/0002623210?sid=101,방산/우주항공,"[단독] 佛 방산기업 탈레스, 카이스트·전북대 장학금 지원…K-인재 유치...","탈레스가 국내 대학들과 협력하여 장학금 제도를 신설하며, 글로벌 기업들이 국내 인재 확보에 속도를 내는 중이다.",호재,2026-04-01 17:01,15.3,사실형,98.0
https://n.news.naver.com/mnews/article/055/0001345147?sid=101,방산/우주항공,"""이게 그 잠수함이군요""…K-방산 총출동 이순신방위산업전 성황","2026 이순신방위산업전(YIDEX 2026)이 성황리에 개최되며,国内외 방산기업 100여 개사가 참여하여 방위산업 전문 전시회를 이뤘습니다.",호재,2026-04-02 05:13,78.4,추론형,20
https://n.news.naver.com/mnews/article/016/0002623635?sid=101,방산/우주항공,"佛 방산기업 탈레스, 카이스트·전북대 장학금 지원",프랑스 탈레스 그룹은 한국과학기술원(KAIST) 및 전북대 학부생을 대상으로 장학금 제도를 운영할 계획이다.,호재,2026-04-02 11:16,16.3,사실형,80.4
https://n.news.naver.com/mnews/article/018/0006250002?sid=105,IT/플랫폼,지워도 지워도 불어난다…'복붙·저품질 쇼츠'에 점령당한 플랫폼 피드,"플랫폼들은 AI 슬롭을 스팸으로 규정하고 차단하겠다고 공언하지만, 실제로 피드가 데이터 쓰레기장으로 변질되는 것을 방치하고 있다.",악재,2026-04-04 06:02,31.1,사실형,78.1
https://n.news.naver.com/mnews/article/008/0005339757?sid=105,IT/플랫폼,다작 경쟁 줄어든 웹툰 플랫폼… 메가IP 발굴 '선택과 집중',"한국만화영상진흥원 보고서에 따르면, 국내 웹툰 시장 성장세가 둔화되면서 다작보다 지식재산권(IP)을 활용할 수 있는 작품으로 '선택과 집중'한 결과로 풀이된다.",호재,2026-04-04 08:00,58.1,사실형,70.8
https://n.news.naver.com/mnews/article/366/0001153819?sid=105,IT/플랫폼,네이버웹툰·카카오엔터 새 리더십 출범… ‘메가 IP’ 키워 해외 시장...,네이버웹툰과 카카오엔터테인먼트가 새로운 리더십을 출범하여 히트작을 육성하고 해외 사업을 확장하는 전략을 발표했다.,호재,2026-04-02 16:49,30.3,대화형,15.7
https://n.news.naver.com/mnews/article/001/0015994612?sid=101,IT/플랫폼,"[테크스냅] 카카오, 지역 인재 대상 '카카오테크 캠퍼스 4기' 모집",카카오가 지역 대학생들을 AI 시대의 핵심 개발자로 양성하기 위해 카카오테크 캠퍼스를 AI 중심으로 프로그램을 개편하고 4기 교육생 모집한다.,호재,2026-04-01 09:55,31.9,사실형,68.9
https://n.news.naver.com/mnews/article/015/0005269797?sid=101,IT/플랫폼,"핀테크 '빅3' 순이익, 지방은행 맞먹는다","토스, 네이버, 카카오의 합산 순이익이 작년 대비 141% 증가하며 4000억 원에 근접해 부산은행의 순이익 규모에 다가갔다.",호재,2026-04-01 17:34,13.4,사실형,86.9
https://n.news.naver.com/mnews/article/293/0000081870?sid=101,IT/플랫폼,[네이버·두나무 빅딜] 3개월 연기…공정위 심사 지연 '발목',네이버·두나무 빅딜이 3개월 연기되었습니다. 공정위 심사 지연으로 인해 거래가 지연되었습니다.,호재,2026-03-30 18:11,28.4,사실형,90.4
https://n.news.naver.com/mnews/article/277/0005743883?sid=105,IT/플랫폼,"카카오모빌리티, 우버 피인수설에 ""사실무근…지분매각 논의 없어""","카카오모빌리티는 우버 피인수설에 대해 ""사실무근""이라고 밝혔다.",호재,2026-04-02 09:29,29.0,사실형,83.4
https://n.news.naver.com/mnews/article/079/0004131718?sid=102,IT/플랫폼,"네이버웹툰, 만우절 맞아 'SNS 탐색 탭' 썸네일 공개",네이버웹툰이 만우절을 맞아 서비스 내 연재 작품 썸네일을 SNS 탐색 탭 콘셉트로 교체하는 이벤트를 진행한다.,호재,2026-04-01 16:12,18.2,사실형,51.0
https://n.news.naver.com/mnews/article/088/0001004035?sid=103,IT/플랫폼,"웹툰·웹소설 플랫폼, IP 경쟁 격화…글로벌·확장 전략 강화","리디가 역대 최대 매출을 달성하며 '스토리 IP' 산업이 재편되고 있으며, 네이버 웹툰과 카카오엔터테인먼트도 '메가 IP' 확보와 글로벌 시장 공략을 핵심 전략으로 내세웠다.",호재,2026-04-03 16:01,68.2,사실형,45.3
https://n.news.naver.com/mnews/article/015/0005266883?sid=101,IT/플랫폼,"카카오게임즈, 日 라인야후가 품는다",카카오게임즈를 일본 라인야후에 넘기고 인공지능(AI)과 카카오톡 중심 플랫폼에 역량을 집중한다.,호재,2026-03-25 17:26,18.6,사실형,71.0
https://n.news.naver.com/mnews/article/009/0005660143?sid=101,IT/플랫폼,얼굴 결제 질주 vs 맛집 지도 연계 … 토스·네이버 결제 단말기 '맞대결...,"토스와 네이버가 오프라인 결제 단말기를 출시하여 경쟁을 시작하고 있으며, 두 서비스 모두 다양한 기능과 디자인을 제공하고 있다.",호재,2026-04-02 16:06,24.7,사실형,76.2
https://n.news.naver.com/mnews/article/028/0002799110?sid=103,제약/바이오,"[제약바이오 소식] 서울바이오허브–SK바이오팜, 오픈이노베이션 첫 협...","서울바이오허브와 SK바이오팜은 오픈 이노베이션 프로그램의 첫 기수 협력사 2곳을 선정했으며, 중추신경계 질환 치료제 분야의 유망 스타트업인 노보렉스와 쓰리브룩스테라퓨틱스가 선정되었다.",호재,2026-04-03 16:24,23.5,사실형,36.4
https://n.news.naver.com/mnews/article/421/0008867939?sid=103,제약/바이오,"SK바이오팜, 서울바이오허브와 중추신경계 스타트업 육성",SK바이오팜은 서울바이오허브와 함께 중추신경계 스타트업 육성을 위해 노보렉스와 쓰리브룩스테라퓨틱스를 선정하고 협약식을 개최했다.,호재,2026-04-03 09:14,17.8,대화형,36.3
https://n.news.naver.com/mnews/article/014/0005502026?sid=105,제약/바이오,"SK바이오팜-서울바이오허브, 오픈이노베이션 맞손","SK바이오팜과 서울바이오허브가 중추신경계 분야의 스타트업 2개사를 선정, 협약식을 개최했다.",호재,2026-04-03 09:22,16.9,사실형,27.1
https://n.news.naver.com/mnews/article/081/0003632231?sid=101,제약/바이오,"美 철강 완제품 25% 관세에 수출업계 촉각… 가전은 ‘비상’, 제약은 ‘...",미국 트럼프 행정부가 철강·알루미늄·구리 함량이 높은 파생 제품에 대해 25%의 관세를 부과하겠다고 발표했다.,악재,2026-04-03 13:22,21.2,사실형,75.3
https://n.news.naver.com/mnews/article/003/0013864864?sid=102,제약/바이오,"""신약 역량 지원 사격""…SK바이오팜, 스타트업 2곳 선정",SK바이오팜이 중추신경계 분야 유망 스타트업 2개사를 선정하고 협약식을 개최했다.,호재,2026-04-03 09:29,16.8,사실형,30.6
https://n.news.naver.com/mnews/article/003/0013865391?sid=102,제약/바이오,잇단 논란→고소→기자회견…삼천당제약에 무슨 일이?,"삼천당제약에 대한 논란이 확산되고 있으며, 회사 측의 해명과 법적대응 예고에도 쉽게 가라앉지 않는 모습이다.",악재,2026-04-03 11:07,60.2,사실형,77.9
https://n.news.naver.com/mnews/article/003/0013864039?sid=102,제약/바이오,"""약가 인하의 충격 최소화""…제약업계 대응 마련 '분주'",한국제약바이오협회는 약가 인하의 충격을 최소화하기 위해 긴급 이사장단회의를 열고 대응 계획을 논의했다.,호재,2026-04-02 16:40,40.4,대화형,39.0
https://n.news.naver.com/mnews/article/024/0000104550?sid=101,제약/바이오,"논란·고소→기자회견…삼천당제약, 무슨 말 할까","삼천당제약이 4월 6일 기자 간담회를 개최할 예정이며, 작전주 의혹과 불성실공시 논란에 대한 구체적인 설명과 향후 대응 방향을 제시할 것으로 예상된다.",악재,2026-04-03 14:45,59.3,사실형,46.7
https://n.news.naver.com/mnews/article/001/0016001202?sid=102,제약/바이오,"의정부시, 경제자유구역 바이오산업 육성 업무협약",의정부시는 가톨릭대와 산학협력단과 함께 경제자유구역 바이오산업 육성을 위한 업무협약을 체결했다.,호재,2026-04-03 14:28,37.5,대화형,32.8
https://n.news.naver.com/mnews/article/028/0002799125?sid=103,제약/바이오,"[제약바이오소식] 한국애브비-서울대병원, 항암제 조기 개발 협력 강화",한국애브비와 서울대병원은 항암제 조기 개발과 관련한 협력을 강화하기로 했다.,호재,2026-04-03 17:04,31.1,사실형,55.7
https://n.news.naver.com/mnews/article/003/0013861955?sid=102,제약/바이오,"식약처 ""희귀필수의약품센터와 '수급 모니터링' 간담회""",식약처와 한국희귀·필수의약품센터는 '2026년 현장 의약품 수급모니터링 네트워크'에 참여하는 8개 전문단체와 간담회를 개최하여 의약품 공급 상황을 상시 파악하고 대응하기 위한 방안을 논의하고 현황을 공유했다.,호재,2026-04-02 09:28,16.5,사실형,43.7
https://n.news.naver.com/mnews/article/030/0003414457?sid=102,제약/바이오,"SK바이오팜, 노보렉스·쓰리브룩스와 오픈이노베이션 협력",SK바이오팜이 노보렉스와 쓰리브룩스테라퓨틱스를 오픈이노베이션 지원 기업으로 선정하여 협력한다.,호재,2026-04-03 14:17,31.4,사실형,48.9
https://n.news.naver.com/mnews/article/011/0004606821?sid=103,제약/바이오,"SK바이오팜, 서울바이오허브와 맞손…스타트업 신약개발 돕는다",SK바이오팜과 서울바이오허브가 중추신경계 분야 유망 스타트업 2곳을 선정해 지원한다.,호재,2026-04-03 13:41,28.4,대화형,38.0
https://n.news.naver.com/mnews/article/277/0005744594?sid=101,제약/바이오,"SK바이오팜-서울바이오허브, CNS 분야 스타트업 2곳 선정",SK바이오팜이 CNS 분야 스타트업 2곳인 노보렉스와 쓰리브룩스테라퓨틱스를 선정해 1년간 연구 자문 및 협력센터를 개설한다.,호재,2026-04-03 09:51,15.6,사실형,37.2
https://n.news.naver.com/mnews/article/092/0002417403?sid=105,제약/바이오,"제약업계, 약가 개편안 대응 논의·산업계 충격 최소화 총력",제약업계는 정부의 약가 개편안에 대응하기 위해 산업계 충격을 최소화하는 총력 대응을 선언했다.,호재,2026-04-03 09:27,51.3,대화형,11.8
https://n.news.naver.com/mnews/article/022/0004118008?sid=101,제약/바이오,"“24시간 멈추면 끝”…삼성바이오로직스 파업 예고, 생산 중단 우려 커...","삼성바이오로직스 노사 갈등로 파업 예고, 생산 공정 유지를 위한 법적 대응에 나서며 긴장이 고조되고 있다.",악재,2026-04-03 10:58,7.5,사실형,68.9
https://n.news.naver.com/mnews/article/011/0004606998?sid=101,제약/바이오,"주가 반토막 삼천당제약, 대표 간담회 ‘정면승부’ 통할까 [마켓 시그...",삼천당제약은 주가 반토막 난 상황에서 기자간담회를 열어 향후 주가 향방을 결정할 것으로 관측된다.,호재,2026-04-04 06:35,53.3,사실형,64.3
https://n.news.naver.com/mnews/article/008/0005339657?sid=102,제약/바이오,파주시 '바이오 경제자유구역' 위해 글로벌 브레인 모였다,파주시는 '2026 파주 경제자유구역 바이오 컨퍼런스'를 개최하여 바이오산업의 미래를 논의하고 파주가 국제적 바이오산업 거점으로 성장하기 위한 중요한 출발점을 마련했습니다.,호재,2026-04-03 17:47,27.2,대화형,37.7
https://n.news.naver.com/mnews/article/079/0004132259?sid=101,제약/바이오,"제약바이오협회 ""제네릭 약가 대폭 인하 충격 최소화 총력""","제약바이오협회는 정부의 '약가제도 개선방안' 대응 계획 등을 논의하고, 산업계 충격을 최소화하는 데 총력을 기울이기로 했다.",호재,2026-04-02 16:46,32.8,대화형,34.7
https://n.news.naver.com/mnews/article/003/0013874058?sid=102,2차전지,"경북도 ""폐전기차는 미래자원""…순환이용 사업 본격화","경북도가 폐전기차 핵심부품을 재활용하고, 전기차 전주기 순환이용 체계를 구축하는 사업을 추진한다.",호재,2026-04-08 08:44,25.5,사실형,49.5
https://n.news.naver.com/mnews/article/009/0005662311?sid=101,2차전지,"미국·이란 정세 시시각각 변화…변동성 커진 국내 증시, 유망 분야는",에너지 위기와 호르무즈 해협 봉쇄로 원전주와 재생에너지 등이 유망한 주식으로 보도한다.,호재,2026-04-07 15:11,42.4,사실형,70.0
https://n.news.naver.com/mnews/article/374/0000502868?sid=101,2차전지,"[증시 인사이트] 국내증시, 상승 출발 후 혼조 마감…코스피↑ 코스닥↓",국내증시가 상승 출발 후 혼조 마감을 기록하며 코스피가 오르고 코스닥이 내렸다.,중립,2026-04-07 16:36,12.5,추론형,14.6
https://n.news.naver.com/mnews/article/015/0005272629?sid=101,2차전지,"김태유 ""전기국가는 에너지 전환 종착지…전력구조 개편이 첫 단추""",김태유 교수는 4차 산업혁명 시대가 전기국가 시대로 진행되는 것이 자연스러운 문명사적 흐름이라고 설명했다.,호재,2026-04-08 17:52,70.4,추론형,19.2
https://n.news.naver.com/mnews/article/032/0003438561?sid=102,2차전지,“최태원 동거인 중국 간첩” 허위 주장한 ‘배터리 아저씨’ 불구속 기...,유튜버 박순혁씨가 최태원 SK그룹 회장의 동거인 김희영씨를 '중국 간첩'이라고 발언한 혐의로 불구속 기소되었다.,악재,2026-04-08 14:52,34.8,사실형,73.0
https://n.news.naver.com/mnews/article/052/0002338014?sid=102,2차전지,"""최태원 동거인은 중국 간첩""…'배터리 아저씨' 결국 재판행","박순혁(56)씨는 '배터리 아저씨'로 불리는 유튜버로, SK그룹 회장 최태원과 동거인 김희영에 대한 중화선거관리위원회가 저지른 범죄의 재구성 1편'이라는 제목의 영상에서 허위사실을 유포해 명예를 훼손한 혐의로 재판에 넘겨졌다.",악재,2026-04-08 15:26,76.4,사실형,87.8
https://n.news.naver.com/mnews/article/003/0013867187?sid=102,2차전지,구미에 국내 최대 배터리 시험인증기관 들어선다,구미에 국내 최대 배터리 시험인증기관이 7월에 설립 예정이다.,호재,2026-04-04 10:49,41.3,대화형,12.6
https://n.news.naver.com/mnews/article/374/0000502584?sid=101,2차전지,[증시 인사이트] 국내증시 동반 상승 출발 후 엇갈린 희비…혼조 마감,국내증시 동반 상승 출발 후 엇갈린 희비로 혼조 마감을 기록했다.,중립,2026-04-06 16:34,15.1,추론형,13.7
https://n.news.naver.com/mnews/article/421/0008879286?sid=105,제약/바이오,"보건산업진흥원, FDA 인허가 대응 콘텐츠 공개…실무 지원 강화",한국보건산업진흥원은 국내 제약·바이오 기업의 글로벌 규제 대응 역량 강화를 위해 교육 콘텐츠를 공개했다.,호재,2026-04-09 09:45,13.3,대화형,13.2
https://n.news.naver.com/mnews/article/018/0006252255?sid=102,2차전지,"삼성 반도체 수석연구원도 합류…폴리텍 교수진, 이번엔 82명 뽑는다",한국폴리텍대학은 82명의 교원을 공개 채용하여 '현장형 직업교육' 강화를 위해 실무형 전문가들을 교수로 영입한다.,호재,2026-04-07 18:09,14.2,사실형,31.1
https://n.news.naver.com/mnews/article/469/0000923710?sid=110,2차전지,"[뉴스룸에서] K배터리, 동트기 전이 어두운 법","한국이 놓칠 수 없는 배터리 산업은 ESS, 전고체 등 신시장 개척을 통해 전기차 캐즘을 뚫기 위한 해법을 제시해야 한다.",호재,2026-04-06 04:30,30.6,사실형,72.8
https://n.news.naver.com/mnews/article/629/0000489722?sid=101,제약/바이오,"코스피, 폭등 후 숨 고르기…장 초반 5800선 공방","코스피는 장 초반 5800선에서 보합하고 있으며, 미국과 이란의 휴전 합의 영향으로 향후 6000선 돌파 여부가 결정될 전망이다.",중립,2026-04-09 09:22,52.4,사실형,62.9
https://n.news.naver.com/mnews/article/081/0003633732?sid=101,제약/바이오,[서울데이터랩]‘애머릿지’ 30% 상한가…실시간 상승률 1위,애머릿지가 30% 상한가로 실시간 상승률 1위를 차지했다.,호재,2026-04-09 09:38,52.8,사실형,83.8
https://n.news.naver.com/mnews/article/277/0005747032?sid=101,제약/바이오,"[특징주] 논란 속 삼천당제약, 10%대 반등",삼천당제약 주가는 과대평가 논란으로 급락했던 이후 소폭 반등하고 있다.,호재,2026-04-09 09:51,32.1,사실형,56.9
https://n.news.naver.com/mnews/article/586/0000126417?sid=102,제약/바이오,"[대구 24시] 달성군, 소상공인 카드 수수료 0.4% 지원…대구 첫 시행","달성군이 소상공인 카드 수수료 지원사업을 시행해, 연 매출 1억원 이하 소상공인을 대상으로 카드 매출액의 0.4%를 지원한다.",호재,2026-04-09 09:33,22.1,사실형,72.2
https://n.news.naver.com/mnews/article/009/0005663307?sid=101,제약/바이오,미국·이란 2주 휴전했지만 여전히 불안…코스피 5800선 지키며 하락 출...,코스피는 미국과 이란의 2주간 휴전 합의 이후에도 불안한 분위기 속에서 하락 출발했다.,호재,2026-04-09 09:25,50.5,사실형,90.2
https://n.news.naver.com/mnews/article/001/0016011235?sid=101,제약/바이오,"코스피, 장초반 0.6% 내린 5,830대…코스닥은 상승 전환(종합)","코스피는 장초반 0.6% 내린 5,830대에 도달했으며, 코스닥은 상승 전환했다.",호재,2026-04-09 09:45,51.3,사실형,89.2
https://n.news.naver.com/mnews/article/003/0013876812?sid=102,제약/바이오,"""규제과학 국제협력""…식약처·규제과학센터·DIA 워크숍","식약처, 규제과학 국제협력 워크숍 개최한다.",중립,2026-04-09 09:37,26.4,대화형,14.2
https://n.news.naver.com/mnews/article/119/0003078706?sid=101,제약/바이오,"'잔불' 남은 중동 화약고…코스피, 약보합 출발 [특징주]","코스피는 약보합 출발해 5826.45로 시작했으며, 투자주체별로는 외국인이 순매도하고 개인과 기관이 순매수했다.",중립,2026-04-09 09:52,59.6,사실형,90.1
https://n.news.naver.com/mnews/article/277/0005747004?sid=101,제약/바이오,"코스피, 하락 출발 후 보합…코스닥도 약보합","코스피는 하락 출발 후 보합세를 보이며, 코스닥도 약보합을 유지하고 있다.",중립,2026-04-09 09:35,81.9,사실형,85.2
https://n.news.naver.com/mnews/article/030/0003416238?sid=102,제약/바이오,"아주대 콰트로 정밀의약연구원-LG AI연구원, 신약개발 플랫폼 '맞손'",아주대 콰트로 정밀의약연구원과 LG AI연구원은 AI 기반 정밀의약 개발을 위한 공동연구실을 개소하고 신약 개발 플랫폼을 구축한다.,호재,2026-04-09 09:24,28.4,대화형,11.5
https://n.news.naver.com/mnews/article/417/0001138182?sid=101,제약/바이오,"코스피, 중동 불안에 5840선 하락 출발…외인 1600억원 '팔자'",코스피가 중동 정세 불확실성에 하락 출발했다.,호재,2026-04-09 10:09,67.6,사실형,85.5
https://n.news.naver.com/mnews/article/003/0013876814?sid=102,제약/바이오,"아델, 490억원 규모 투자유치…""연내 코스닥 상장 목표""",아델이 490억원 규모의 투자유치를 통해 연내 코스닥 상장을 목표로 준비하고 있다.,호재,2026-04-09 09:37,19.3,사실형,78.7
https://n.news.naver.com/mnews/article/015/0005272799?sid=101,제약/바이오,"불안한 휴전…코스피, 호르무즈 재봉쇄 경계감 장 초반 1%대↓",코스피지수는 호르무즈 해협 재봉쇄 소식에 경계감을 드러내며 장 초반 1%대 하락하고 있다.,호재,2026-04-09 09:13,36.8,사실형,87.1
https://n.news.naver.com/mnews/article/003/0013876850?sid=101,제약/바이오,코스피 장 초반 숨고르기…중동 불확실성에 0.78% 하락,"코스피가 장 초반 소폭 하락세를 보이며, 중동 불확실성에 영향이 있는 것으로 풀이된다.",악재,2026-04-09 09:41,38.5,사실형,90.2
https://n.news.naver.com/mnews/article/421/0008879150?sid=103,제약/바이오,"""면접 꿀팁 풀었다""…'연봉 1억' 삼성바이오로직스, 유튜브로 Z세대 공략",삼성바이오로직스는 유튜브를 통해 Z세대 취업 준비생들과 접점을 확대하고 취업에 도움이 되는 정보를 제공하는 콘텐츠를 공개했다.,호재,2026-04-09 09:10,20.8,사실형,93.0
https://n.news.naver.com/mnews/article/008/0005341852?sid=101,제약/바이오,잔존한 전쟁 불확실성+차익실현 매물 출현…코스피·코스닥 약세 출발,코스피·코스닥이 전일의 7% 가까이 급등한 후 차익실현 매물로 약세로 출발했다.,악재,2026-04-09 09:20,26.2,사실형,80.9
https://n.news.naver.com/mnews/article/023/0003969778?sid=101,제약/바이오,개미 1조 태운 코스닥 액티브 ETF… 한 달 성적표는 코스닥보다 더 나빴...,"개미들이 몰린 코스닥 액티브 ETF는 상장 직후부터 개인 자금이 집중되지만, 성적표는 코스닥보다 더 나빴다.",악재,2026-04-09 09:02,8.4,사실형,83.2
https://n.news.naver.com/mnews/article/003/0013876637?sid=102,제약/바이오,"바이오협회 ""바이오기업 맞춤 후속 투자유치 지원사격""",한국바이오협회는 2026년 상반기 후속 투자유치 IR 프로그램을 개최하여 바이오기업 투자유치를 위한 지원 사격을 나섰다.,호재,2026-04-09 08:42,21.9,사실형,86.3
https://n.news.naver.com/mnews/article/011/0004605213?sid=101,금융/밸류업,삼성전자 1분기 D램 영업이익만 33조…메모리 40조 시대 열린다,"금융주 주주 환원 확대, 단순 실적 경쟁 넘어 기업가치 제고 경쟁 본격화",호재,2026-03-31 07:17,30.3,사실형,99.3
https://n.news.naver.com/mnews/article/018/0006253321?sid=105,제약/바이오,"삼천당 S-PASS 특허 발명자는 내부자 거래, 시밀러 계약엔 석상제 대표 ...","삼천당제약의 S-PASS 특허 발명자 허장산 대표가 내부자 거래 혐의로 유죄 판결을 받았고, 석상제 디오스파마 대표가 아일리아 바이오시밀러 계약에 관여한 정황이 포착되었습니다.",악재,2026-04-09 09:02,31.6,사실형,57.8
https://n.news.naver.com/mnews/article/014/0005494318?sid=101,금융/밸류업,"""삼성전자도 10조 쏜다는데""...주총 시즌 수혜주는",저 PBR 테마가 주목받을 것으로 예상된다.,호재,2026-03-19 16:22,13.4,사실형,93.1
https://n.news.naver.com/mnews/article/277/0005746994?sid=101,제약/바이오,“트럼프가 틀렸다”...美 전략 대전환 시기 올 것[경제정책 줌인],트럼프 행정부의 이란 전쟁 결정이 잘못된 결정이라는 평가가 많아 미국의 전략 대전환 시기가 올 것으로 보인다.,호재,2026-04-09 09:24,63.4,예측형,44.3
https://n.news.naver.com/mnews/article/023/0003969774?sid=101,제약/바이오,"“리포트 쓰기 겁난다”… 뜬소문에 휘청이는 K바이오株, ETF도 ‘마이너...",코스닥 대장주들은 증권사의 분석 한마디에 크게 휘청이고 있다.,악재,2026-04-09 08:47,43.8,사실형,74.7
https://n.news.naver.com/mnews/article/011/0004608790?sid=101,제약/바이오,"온코닉테라퓨틱스, 자큐보로 벌고 네수파립 키운다 “이중 구조 기대감...","온코닉테라퓨틱스, 자큐보의 판매 확대와 네수파립의 임상 데이터 공개로 실적 성장과 기업 가치 상승을 기대한다.",호재,2026-04-09 09:02,24.1,예측형,10.3
https://n.news.naver.com/mnews/article/119/0003078669?sid=103,제약/바이오,AI 기반 정밀의약 개발 '맞손'…아주대·LG 공동연구 착수,아주대와 LG가 AI 기반 정밀의약 개발을 위한 공동연구에 착수했다.,호재,2026-04-09 08:58,31.2,사실형,39.3
https://n.news.naver.com/mnews/article/014/0005494395?sid=101,금융/밸류업,3차 상법개정안 통과 후 첫 주총 시즌… ‘수혜주 찾기’ 분주,3차 상법개정안 통과로 저PBR 테마가 수혜를 받을 것으로 예상된다.,호재,2026-03-19 18:27,19.6,사실형,93.1
https://n.news.naver.com/mnews/article/277/0005739524?sid=101,금융/밸류업,"양종희 KB회장, 해외 IR 직접 챙긴다…5월 '뉴욕행'","양종희 KB회장, 5월 뉴욕행해 글로벌 투자자와 직접 소통할 예정이다.",호재,2026-03-25 06:05,19.5,사실형,74.1
https://n.news.naver.com/mnews/article/648/0000046100?sid=101,제약/바이오,"JW중외제약, 中서 비만신약 도입…위고비 대체 경쟁 '가세'",JW중외제약이 중국 간앤리 파마슈티컬스와 비만 및 당뇨병 치료제 후보물질 '보팡글루타이드'의 국내 상용화 독점적 권리를 확보하는 라이선스 계약을 체결했다.,호재,2026-04-09 08:33,43.7,사실형,28.6
https://n.news.naver.com/mnews/article/018/0006253318?sid=101,제약/바이오,[마켓인]'490억 프리IPO 유치' 성공한 아델…연내 코스닥 상장 노린다,바이오 투자심리가 위축된 가운데 중추신경계(CNS) 신약 개발사 아델이 약 500억원 규모 자금을 끌어모았습니다.,호재,2026-04-09 08:57,10.2,사실형,60.2
https://n.news.naver.com/mnews/article/648/0000046101?sid=101,제약/바이오,진양곤 HLB 의장 공격적 M&amp;A…실적·지배구조 '숙제',"진양곤 HLB 의장이 공격적 M&A로 지배구조를 복잡하게 만들었고, 계열사들의 재무 실적이 부진한 점이 문제가 되고 있다.",악재,2026-04-09 08:53,20.8,사실형,74.0
https://n.news.naver.com/mnews/article/293/0000082282?sid=110,금융/밸류업,[박종면칼럼] 잘나가던 메리츠금융 왜 멈춰 섰나,"메리츠금융지주는 1년 전만 해도 한국 자본시장의 눈부신 스타였지만, 1년이 지난 지금은 시총 순위가 급락하고 주가도 5%만큼 떨어졌습니다.",악재,2026-04-07 06:00,30.0,추론형,0.3
https://n.news.naver.com/mnews/article/421/0008834342?sid=101,금융/밸류업,'밸류업 트레이드' 삼성그룹 강세…금융·지주株 상승[핫종목](종합),금융주와 지주 종목들이 안정적인 이익 구조로 주주환원 여력이 크다.,호재,2026-03-18 17:10,21.7,사실형,44.8
https://n.news.naver.com/mnews/article/648/0000045436?sid=101,금융/밸류업,"대통령 만나자 벤처업계 불만 쏟아졌다...""정책지원 더 필요""","벤처업계가 정책지원을 요청하며, 상장사 부담을 줄여 장기투자를 장려하고 회수시장 확대를 제안했다.",호재,2026-03-18 19:01,53.1,추론형,22.4
https://n.news.naver.com/mnews/article/018/0006253277?sid=105,제약/바이오,창사 후 첫 파업 위기 직면한 삼성바이오로직스...영향은?,"삼성바이오로직스가 창사 이래 첫 파업 위기에 직면해 공급망 전체에 타격을 입을 것으로 예상되며, 기업 신뢰도 하락과 조단위 손실, 환자의 생명과 직결되는 국가적 손실 등 여러 가지 우려가 제기된다.",악재,2026-04-09 08:32,11.8,사실형,66.5
https://n.news.naver.com/mnews/article/009/0005651142?sid=101,금융/밸류업,“주식 가치 오를 일만 남았다”...상장사 자사주 소각 올해만 벌써 46조,정부 정책에 따라 상장사들의 자사주 소각이 올 들어 폭증하고 있다.,호재,2026-03-16 20:17,15.0,사실형,99.5
https://n.news.naver.com/mnews/article/014/0005492303?sid=101,금융/밸류업,"주총 앞둔 증시,'밸류업' 덕 제대로 볼까",국내 증시의 밸류업 기대가 주주총회 시즌을 계기로 다시 부각될 전망이다.,호재,2026-03-16 18:40,20.6,사실형,34.9
https://n.news.naver.com/mnews/article/138/0002219180?sid=101,금융/밸류업,"‘美, 이란 공습’에 금융시장 초긴장… 코스피 ‘6000’ 지킬 수 있을까...",코스피가 6000선을 지킬 수 있을지 관심이 쏠린다.,중립,2026-03-01 14:00,48.0,사실형,75.1
https://n.news.naver.com/mnews/article/009/0005646587?sid=101,금융/밸류업,주가 두달만에 180% 뛰자 일어난 일…삼성생명·신한지주 시총 넘보는 미...,"미래에셋증권의 주가가 180% 이상 급등하여 국내 금융주 시가총액 순위 4위에 오르며, 삼성생명과 신한지주를 가시권 내 접전을 벌이고 있다.",호재,2026-03-07 13:39,15.7,사실형,89.7
https://n.news.naver.com/mnews/article/001/0016010952?sid=101,방산/우주항공,"하나證 ""종전 이후 중동 무기수요 확장예상…韓방산기업 우호적""",하나증권은 미국·이스라엘과 이란간 전쟁 종전에도 한국 방산기업의 중동 무기 수출 환경이 우호적일 것으로 내다봤다.,호재,2026-04-09 08:24,11.3,사실형,87.0
https://n.news.naver.com/mnews/article/014/0005480792?sid=101,금융/밸류업,"5대은행 PB들은 뭘 살까… ""반도체 다음은 금융·바이오""","5대 은행의 자산관리 전문가들은 자산 포트폴리오의 재배치를 권유하며, 단기적으로 반도체와 금융, 바이오 업종의 주식비중을 늘리고 장기적으로 유동성을 확보하라고 조언한다.",호재,2026-02-22 18:26,19.0,사실형,90.7
https://n.news.naver.com/mnews/article/011/0004594438?sid=105,금융/밸류업,"하나금융, SWIFT 대체 블록체인 송금망 구축",하나금융그룹이 두나무의 블록체인 네트워크 '기와(GIWA)' 체인을 활용한 외화 송금 기술검증(PoC)을 성공적으로 완료했다.,호재,2026-02-28 06:32,25.0,사실형,74.2
https://n.news.naver.com/mnews/article/014/0005483629?sid=101,금융/밸류업,반도체·밸류업… ETF 시장 움직이는 키워드 둘,금융·고배당 관련 ETF와 반도체 관련 ETF가 국내 주식형 ETF 수익률 상위 10개 종목을 장악했다.,호재,2026-02-26 18:27,20.1,사실형,78.7
https://n.news.naver.com/mnews/article/032/0003438665?sid=110,방산/우주항공,[정동칼럼]한국의 실력과 운,한국의 경제성장은 미국 주도한 전후 세계질서와 자유무역 체제의 수혜로 가능했다.,호재,2026-04-08 20:00,57.1,사실형,52.1
https://n.news.naver.com/mnews/article/011/0004608757?sid=101,방산/우주항공,코스피 6.87% 급등에…개미 5조 역대 최대 매도,코스피가 6.87% 급등하며 개인이 역대 최대 5조 4165억 원을 순매도한 반면 외국인과 기관은 순매수로 지수 급등을 견인했다.,호재,2026-04-09 07:49,18.8,사실형,76.0
https://n.news.naver.com/mnews/article/014/0005480680?sid=101,금융/밸류업,반도체 다음은 금융·바이오·인프라·로봇주...가상자산은 3% 이하[5대 ...,5대 은행의 자산관리 전문가들은 코스피가 빠른 속도로 상승하고 있는 만큼 자산 포트폴리오의 재배치를 권했다.,호재,2026-02-22 12:20,21.0,사실형,87.4
https://n.news.naver.com/mnews/article/011/0004608758?sid=101,방산/우주항공,전쟁이 증명한 ‘가성비 무기’…K방산 수출 200억弗 넘본다,"K방산 4사의 올해 영업이익이 41% 급증할 것으로 전망되며, 해외 수출액이 377억 달러를 돌파할 가능성이 있다.",호재,2026-04-09 07:49,17.1,사실형,66.5
https://n.news.naver.com/mnews/article/008/0005342989?sid=101,제약/바이오,"""신약개발 했다더니"" 주가 반토막…금감원, 공시 뜯어고친다",금감원은 제약·바이오 업종의 공시를 일반투자자가 쉽게 이해할 수 있도록 개선하기 위해 태스크포스를 구성했다.,호재,2026-04-12 12:00,19.9,사실형,65.5
https://n.news.naver.com/mnews/article/025/0003515550?sid=101,제약/바이오,"알약 하나면 살 쭉쭉…먹는 비만약 시대, K제약 차별화 전략은","비만약 시장이 경쟁적으로 진화하고 있는 가운데, 노보노디스크와 일라이릴리가 출시한 경구용 비만약 제품들이 차별화된 전략으로 국내 시장에 진출할 예정이다.",호재,2026-04-12 10:14,39.8,예측형,27.8
https://n.news.naver.com/mnews/article/032/0003439276?sid=101,제약/바이오,제 2의 삼천당제약 막나…제약·바이오 공시 개선 “합리적 판단 저해요...,금융감독원은 제약·바이오 업종의 정보 비대칭 문제를 해결하기 위해 공시 제도를 개선할 계획이다.,호재,2026-04-12 12:00,32.1,사실형,69.3
https://n.news.naver.com/mnews/article/293/0000082598?sid=101,제약/바이오,"[어바웃 C] SK바사, 백신통 영입…'개발 실행력' 병목 해소 카드","SK바사, 백신통 영입하여 연구개발 프로젝트 관리 능력을 강화하고 개발 진행 속도와 완성도를 높일 계획입니다.",호재,2026-04-12 12:00,16.5,사실형,50.2
https://n.news.naver.com/mnews/article/366/0001156146?sid=101,제약/바이오,"[단독] 동원산업, 바이오사업 진출 모색…‘참치’서 고기능 바이오 원...",동원산업은 참치 부산물에서 기능성 원료를 추출해 건강기능식품과 의약품으로 개발하는 사업을 추진 중이다.,호재,2026-04-12 06:01,63.9,사실형,90.9
https://n.news.naver.com/mnews/article/003/0013881995?sid=102,제약/바이오,"""알고보면 돈 된다""…희귀의약품 도전하는 토종기업들","희귀의약품 시장이 성장하고 있는 가운데, 한미약품, GC녹십자, 지씨셀 등 기업들이 희약품 개발에 뛰어들고 있으며 정부도 지원에 나서고 있다.",호재,2026-04-12 08:01,64.6,사실형,68.7
https://n.news.naver.com/mnews/article/011/0004609707?sid=105,제약/바이오,"“의약품 사재기 막아라”…제약사들, 중동사태에 과잉주문 제한",제약사들이 중동 전쟁의 여파로 의약품 사재기를 막기 위해 과잉주문을 제한하는 조치를 취한다.,호재,2026-04-12 10:03,35.0,사실형,59.3
https://n.news.naver.com/mnews/article/469/0000924894?sid=103,제약/바이오,"BTS 키운 K팝처럼… K바이오, 스타 신약 만들 시스템 갖춰라",K바이오는 신약 시장의 최신 동향을 전하고 국내 업계가 변화에 대처하고 기회를 창출할 수 있는 생존 전략을 제시하는 책이다.,호재,2026-04-12 10:00,39.1,예측형,41.9
https://n.news.naver.com/mnews/article/119/0003079617?sid=101,제약/바이오,"반토막 삼천당제약에 개미 '피눈물'…금감원, 제약·바이오 공시 개선 ...","금감원은 제약·바이오 공시를 개선하기 위해 태스크포스를 구성하고, 향후 3개월 동안 시장 및 전문가 의견을 수렴할 예정입니다.",중립,2026-04-12 12:01,14.3,사실형,83.9
https://n.news.naver.com/mnews/article/052/0002339861?sid=101,IT/반도체,[자막뉴스] 이란 사태에 12% 급락한 코스피...6천피 탈환 가능성은?,반도체 경기 호황의 지속성 여부가 국내 증시 향방을 결정한다.,호재,2026-04-13 08:33,44.9,추론형,2.4
https://n.news.naver.com/mnews/article/031/0001021568?sid=105,IT/반도체,"딥엑스, 日 'DX 위크 2026' 참가…피지컬AI 칩 선보여","딥엑스, 일본에서 DX 위크 2026에서 저전력 고성능 AI 반도체를 선보여",호재,2026-04-13 09:07,14.9,사실형,57.5
https://n.news.naver.com/mnews/article/088/0001005258?sid=110,IT/반도체,"[화요초대석-전병서] 다윗의 돌팔매, 호르무즈의 교훈",한국의 강력한 반도체 기술은 강대국 틈을 doldur기 위한 핵심 요소이다.,호재,2026-04-13 09:00,17.1,예측형,4.1
https://n.news.naver.com/mnews/article/011/0004606756?sid=101,2차전지,"동화일렉트로라이트, 전해액 첨가제로 ‘국가전략기술’ 공인",동화일렉트로라이트의 전해액 첨가제 기술이 '국가전략기술'로 공인되었습니다.,호재,2026-04-03 10:18,26.8,사실형,81.4
https://n.news.naver.com/mnews/article/001/0016017187?sid=105,IT/반도체,"[AI픽] 딥엑스, 일본 피지컬 AI 시장 공략 박차",딥엑스가 일본 최대 IT 전시회 '재팬 DX 위크 2026'에서 AI 반도체 양산품 'DX-M1'을 선보였다.,호재,2026-04-13 08:49,26.4,사실형,48.6
https://n.news.naver.com/mnews/article/366/0001153605?sid=101,2차전지,[특징주] LFP 배터리용 인산철 제조 특허 소식에 코스모화학 7% 상승,코스모화학이 LFP 배터리용 인산철 제조 특허 소식으로 7% 상승했다.,호재,2026-04-02 10:14,9.7,사실형,94.2
https://n.news.naver.com/mnews/article/001/0015991723?sid=101,2차전지,"이차전지 ETF, 증시 파란불 뚫고 반등…ESS 모멘텀 수혜(종합)",이차전지 ETF가 증시 파란불을 뚫고 반등하며 ESS 모멘텀 수혜가 기대된다.,호재,2026-03-31 10:11,12.0,사실형,53.4
https://n.news.naver.com/mnews/article/001/0015991280?sid=101,2차전지,"이차전지 ETF, 증시 파란불 뚫고 반등…ESS 모멘텀 수혜",이차전지 ETF가 증시 파란불을 뚫고 반등하며 ESS 수요 증가로 국내 기업 수혜가 확대될 것으로 기대된다.,호재,2026-03-31 07:03,11.2,사실형,53.4
https://n.news.naver.com/mnews/article/002/0002434739?sid=102,2차전지,"이원택 의원 대표 발의 '전북특별법 개정안' 국회 통과…""도민 체감 변...","이원택 의원 대표 발의 '전북특별법 개정안'이 국회 통과, 도민 체감 변화를 가져올 것으로 기대된다.",호재,2026-04-01 05:23,22.7,사실형,99.8
https://n.news.naver.com/mnews/article/374/0000501217?sid=101,2차전지,"이차전지 ETF, 증시 파란불 뚫고 반등…ESS 모멘텀 수혜",LG에너지솔루션과 테슬라 간 대규모 공급 계약과 삼성SDI의 ESS 배터리 수주 확대로 이차전지 ETF가 반등했다.,호재,2026-03-31 07:06,15.4,사실형,49.5
https://n.news.naver.com/mnews/article/014/0005499307?sid=101,2차전지,"삼성SDI, 실적 바닥인데 목표가 42만→58만원…성일하이텍, 12개 분기 만...",삼성SDI의 목표 주가는 42만에서 58만원으로 상향 조정되었습니다.,호재,2026-03-30 11:01,18.3,사실형,99.5
https://n.news.naver.com/mnews/article/014/0005499130?sid=101,2차전지,"""ESS 확대·제품 다변화 지아이텍, 매출 430억 예상""",지아이텍의 매출이 430억 원으로 예상되는 이유는 ESS 확대와 제품 다변화 때문이다.,호재,2026-03-30 08:53,31.8,사실형,91.2
https://n.news.naver.com/mnews/article/025/0003512773?sid=110,2차전지,"[최준호의 혁신창업의 길] 50년 ‘축적의 시간’…대덕, K딥테크의 심장...",대덕특구에 있는 스타트업 K딥테크가 세계 최초로 화재나 폭발 위험이 없는 차세대 이차전지 기술을 개발중이다.,호재,2026-03-31 00:14,21.7,사실형,45.3
https://n.news.naver.com/mnews/article/008/0005336612?sid=101,2차전지,"""양팔로봇·BMS 반도체까지""…모험자본, 딥테크 투자 이어간다",모험자본이 양팔로봇과 BMS 반도체에 투자하여 딥테크 산업을 확장하고 있다.,호재,2026-03-29 17:30,18.4,사실형,99.5
https://n.news.naver.com/mnews/article/025/0003512633?sid=101,2차전지,"50년 ‘축적의 시간’…대덕, K딥테크의 심장으로 부상 [최준호의 혁신...",대덕 특구의 K딥테크는 차세대 ESS 바나듐이온배터리(VIB) 개발로 주목받고 있다.,호재,2026-03-30 15:24,17.8,사실형,45.3
https://n.news.naver.com/mnews/article/277/0005741027?sid=101,2차전지,"파인디앤씨, 북미 EV 고객사 배터리 핵심 부품 양산 수주…글로벌 사업...",파인디앤씨가 북미 EV 고객사로부터 배터리 핵심 부품 양산 수주를 받았다.,호재,2026-03-27 09:19,6.0,사실형,87.9
https://n.news.naver.com/mnews/article/018/0006244751?sid=101,2차전지,"[VC’s Pick]“K엔비디아 노린다”…리벨리온, 국민성장펀드로부터 자금...",스마일게이트인베는 아나배틱세미가 이차전지 산업의 국가 경쟁력을 확보하기 위해 BMS 국산화를 진행 중이라고 밝혔다.,호재,2026-03-28 15:31,26.1,추론형,13.8
https://n.news.naver.com/mnews/article/014/0005506205?sid=103,제약/바이오,'중동사태' 속 의약품 사재기 우려..제약업계 공급 관리 강화,중동사태로 의약품 사재기 우려가 있어 제약업계가 공급 관리를 강화하고 있다.,호재,2026-04-12 14:08,25.7,사실형,99.0
https://n.news.naver.com/mnews/article/014/0005506221?sid=103,제약/바이오,약가인하·고환율·중동 '삼중고' K제약 위기 속 체질 전환 가속,K제약이 제네릭 사업에서 벗어나 고부가가치 신약과 바이오의약품으로 전환해야 한다는 목소리가 높아지고 있다.,호재,2026-04-12 14:43,28.7,예측형,11.4
https://n.news.naver.com/mnews/article/215/0001248724?sid=101,제약/바이오,이란 전쟁 이후...눈길 끄는 중국 주식,이란 전쟁 이후 중국 주식이 주목받고 있다.,호재,2026-04-12 16:06,22.6,사실형,99.7
https://n.news.naver.com/mnews/article/003/0013882355?sid=102,제약/바이오,"""암세포만 골라 공격한다""…ADC 영역 넓히는 K바이오",K바이오는 암세포만 골라 공격하는 기술을 개발하여 글로벌 경쟁력을 높이고 있다.,호재,2026-04-12 14:01,69.6,추론형,2.6
https://n.news.naver.com/mnews/article/015/0005273811?sid=101,제약/바이오,"금감원, 제약·바이오 공시 개편 착수…“개미투자자도 이해하도록 재설...","금감원, 제약·바이오 공시 개편을 위해 착수하고 있습니다.",호재,2026-04-12 14:20,16.6,사실형,79.7
https://n.news.naver.com/mnews/article/030/0003416833?sid=102,제약/바이오,"신계용의 공약장부, 또 SA…과천시 4년 연속 최고등급 행진",과천시가 4년 연속 최고 등급인 SA를 받았다. ,호재,2026-04-11 16:24,25.0,사실형,78.4
https://n.news.naver.com/mnews/article/003/0013887340?sid=105,IT/플랫폼,"'미토스' 파장에…과기정통부, 통신·플랫폼 서비스 긴급 점검",과기정통부가 통신3사와 주요 플랫폼사에 AI 보안 대비태세 점검과 보안 체계 변화 동향을 예의주시하도록 요청했다.,호재,2026-04-14 17:21,16.3,사실형,45.7
https://n.news.naver.com/mnews/article/008/0005344153?sid=105,IT/플랫폼,'미토스 공포' 과기정통부도 나섰다…통신3사·네카오 모여 긴급 점검,정부가 '미토스'라는 고성능 AI가 촉발한 해킹 위험에 대응하기 위해 긴급 현안 점검에 나섰다.,호재,2026-04-14 17:49,23.7,사실형,89.5
https://n.news.naver.com/mnews/article/421/0008889431?sid=105,IT/플랫폼,"AI해커 '미토스 쇼크'에…정부, 통신3사·네카오 긴급소집",정부는 AI 해커 '미토스 쇼크'에 대응하기 위해 통신3사와 주요 플랫폼사 정보보호 최고책임자들을 불러 긴급 현안 점검 회의를 열었다.,호재,2026-04-14 17:05,16.6,사실형,82.7
https://n.news.naver.com/mnews/article/001/0016021372?sid=105,IT/플랫폼,"'미토스'발 보안 위협…정부, 사이버보안 태세 긴급 점검","정부, 엔트로픽과 오픈AI의 새로운 AI 모델 '미토스'가 사이버 보안에 미치는 영향에 대비하기 위해 긴급 점검을 실시했다.",악재,2026-04-14 17:29,16.6,사실형,88.4
https://n.news.naver.com/mnews/article/030/0003417829?sid=105,IT/플랫폼,"과기정통부, 통신·플랫폼 사이버보안 점검…'미토스 충격' 대응","과기정통부는 통신·플랫폼 사이버보안 점검을 실시하고, AI 보안 위협 대비를 위해 긴급 점검을 개최했다.",호재,2026-04-14 17:33,24.3,사실형,79.7
https://n.news.naver.com/mnews/article/015/0005274886?sid=105,IT/플랫폼,구글맵 온다…국내 플랫폼 '고도화'로 맞불,국내 지도 서비스들이 기능을 대폭 손질하고 구글의 한국 진출에 대응하고 있다.,호재,2026-04-14 17:40,54.4,사실형,68.5
https://n.news.naver.com/mnews/article/119/0003080581?sid=105,IT/플랫폼,"보안 취약점 찾아 공격까지 ‘미토스’ 등장…정부, 긴급보안 나서",AI 보안 취약점 탐지 모델 '미토스'가 공개되면서 제로데이 공격 가능성이 우려된다.,악재,2026-04-14 17:53,34.1,사실형,64.6
https://n.news.naver.com/mnews/article/421/0008889342?sid=105,IT/플랫폼,"네카오 지도, 5부제 공영주차장 안내…제한 차량번호도 한눈에",네이버지도와 카카오맵이 공영주차장 5부제 정보를 제공하기 시작했다.,호재,2026-04-14 16:33,54.4,사실형,52.2
https://n.news.naver.com/mnews/article/417/0001138980?sid=101,IT/플랫폼,"""수수료 낮춰라"" 압박 커지자…핀테크 ""대출 플랫폼 접을 판""",금융당국이 저축은행 등 2금융권 온라인 대출 중개 플랫폼 수수료율을 인하할 경우 핀테크 업계가 위축될 수 있는 위기감이 커지고 있다.,호재,2026-04-14 17:01,43.4,사실형,81.0
https://n.news.naver.com/mnews/article/215/0001249002?sid=101,IT/플랫폼,"미토스 보안 위협에…정부, 사이버보안 긴급 점검",정부는 미토스 보안 위협에 대한 사이버보안 긴급 점검을 실시했다.,호재,2026-04-14 18:02,12.1,사실형,91.2
https://n.news.naver.com/mnews/article/417/0001138958?sid=101,IT/플랫폼,"[단독]핀테크 대출중개 수수료 대폭 인하, 이르면 내달 발표",핀테크 대출중개 수수료가 대폭 인하될 예정이다.,호재,2026-04-14 15:39,38.2,사실형,49.8
https://n.news.naver.com/mnews/article/009/0005666019?sid=103,자동차/모빌리티,호르무즈 막히자 중국차 혈 뚫렸나…BYD 한국서 불티나게 팔렸다,BYD가 국내 진출 11개월 만에 수입차 최단 기간 1만대 판매 기록을 세웠다.,호재,2026-04-15 06:11,21.4,사실형,74.7
https://n.news.naver.com/mnews/article/031/0001022225?sid=101,자동차/모빌리티,[EV 100만]①'전기차 대중화 원년'⋯엔트리·생계형 모델로 확산,전기차가 대중화되며 100만 대를 넘어설 전망이다.,호재,2026-04-15 07:01,21.7,사실형,80.8
https://n.news.naver.com/mnews/article/018/0006257294?sid=101,자동차/모빌리티,"[미리보는 이데일리 신문]AI 결제, 외국에 다 뺏기나…멈춰선 원화 스테...",원화 스테이블코인의 시장 점유율이 외국에 뺏기고 있는 상황이다.,악재,2026-04-14 20:33,15.4,사실형,58.7
https://n.news.naver.com/mnews/article/022/0004120921?sid=101,자동차/모빌리티,"르노코리아, 2028년 부산서 전기차 생산",르노코리아가 2028년 부산에서 전기차 생산을 시작할 예정이다.,호재,2026-04-15 06:02,15.3,사실형,71.3
https://n.news.naver.com/mnews/article/015/0005275077?sid=101,자동차/모빌리티,테슬라 차값 '500만원' 기습 인상…자신감 이유 있었네 [프라이스&amp;],"테슬라코리아가 차값을 500만원으로 기습 인상했으며, 이는 국내 전기차 시장의 방향 전환을 알리는 신호로 해석되고 있다.",호재,2026-04-15 09:01,21.0,사실형,79.8
https://n.news.naver.com/mnews/article/025/0003516224?sid=101,자동차/모빌리티,정의선 ‘미국판 다보스 포럼’서 리더십 전략 발표,"정의선 현대차그룹 회장은 미국 포럼에서 로봇, 인공지능(AI)을 중심으로 한 모빌리티 리더십 강화 전략을 발표했다.",호재,2026-04-15 00:01,29.0,사실형,79.2
https://n.news.naver.com/mnews/article/658/0000141064?sid=101,자동차/모빌리티,전기차 주말 11~14시 충전료 50% 할인(종합),"전기차 신규 등록이 4만1918대로 사상 최고치를 기록하며, 고유가 시대 대안으로 떠올랐다.",호재,2026-04-14 19:23,13.4,사실형,95.2
https://n.news.naver.com/mnews/article/469/0000925436?sid=101,자동차/모빌리티,"르노코리아 ""내년 SDV 출시, 2029년까지 매년 신차 내놓겠다""","르노코리아는 내년 소프트웨어정의차량(SDV)을 출시하고, 2029년까지 매년 신차를 내놓으며, 차세대 전기차를 부산공장에서 생산하는 로드맵을 발표했다.",호재,2026-04-14 18:31,19.5,사실형,91.4
https://n.news.naver.com/mnews/article/025/0003516173?sid=101,자동차/모빌리티,‘미국판 다보스포럼’ 총출동 현대차그룹…美시장 공략 속도 높인다,"현대차그룹 정의선 회장은 미국 워싱턴DC의 '세마포 월드 이코노미' 행사에서 로봇, 인공지능(AI)을 중심으로 한 모빌리티 리더십 강화 전략을 발표하고, 2028년까지 미국에 38조원을 투자할 예정이다.",호재,2026-04-14 17:56,41.4,사실형,81.1
https://n.news.naver.com/mnews/article/003/0013890474?sid=101,IT/반도체,[오늘의 증시]'S&amp;P500·나스닥 최고치'…미국발 훈풍에 코스피 강세 이어...,미국 증시가 상승 출발하여 글로벌 훈풍을 반영했지만 장중에는 차익실현 매물과 맞물리며 변동성이 확대되는 흐름을 보일 전망이다.,호재,2026-04-16 08:10,17.0,사실형,86.3
https://n.news.naver.com/mnews/article/123/0002381425?sid=101,IT/반도체,"국민성장펀드, 네이버 AI 데이터센터·GPU 도입에 4000억 저리대출",네이버가 자체 거대언어모델(LLM) 고도화와 검색서비스 내 AI 적용 확대를 위해 첨단전략산업기금 3400억원과 산업은행 본체 600억원을 투입받아 총 4000억원 규모의 저리대출을 지원받았다.,호재,2026-04-16 08:38,24.8,사실형,62.3
https://n.news.naver.com/mnews/article/374/0000504741?sid=104,IT/반도체,"[비즈 나우] 머스크 ""땡큐 삼성""…'아픈 손가락' 파운드리 부활?","일론 머스크가 테슬라와 삼성전자, TSMC에 감사한 메시지를 보내며, 삼성전자의 파운드리 사업이 부활 조짐을 보이고 있다고 언급했습니다.",호재,2026-04-16 07:59,83.6,추론형,0.2
https://n.news.naver.com/mnews/article/277/0005750184?sid=101,IT/반도체,[굿모닝증시]S&amp;P500·나스닥 '사상 최고치'…韓증시도 상승 전망,뉴욕증시가 사상 최고치를 경신하면서 국내 증시 역시 상승세를 이어나갈 것으로 전망된다.,호재,2026-04-16 08:12,52.4,사실형,78.2
https://n.news.naver.com/mnews/article/011/0004611247?sid=101,IT/반도체,"삼성SDS, KKR서 1.2조 유치…AI·M&amp;A 신사업 확대 본격화",삼성SDS가 KKR로부터 1.2조 원의 투자를 유치하여 AI·M&A 신사업 확대 본격화,호재,2026-04-16 08:05,16.6,사실형,84.3
https://n.news.naver.com/mnews/article/018/0006258184?sid=101,IT/반도체,"미·이란 협상 기대에 S&amp;P·나스닥, 사상 최고…코스피 상승 이어지나[뉴...","미·이란 협상 기대에 S&P·나스닥, 사상 최고치를 기록하면서 코스피도 상승 흐름을 이어갈 것으로 전망된다.",호재,2026-04-16 08:03,17.4,사실형,97.0
https://n.news.naver.com/mnews/article/422/0000855590?sid=101,IT/반도체,[3분증시] 종전 낙관론 지속…뉴욕증시 '사상 최고치' 마감,뉴욕증시가 사상 최고치를 기록하며 종전 낙관론이 지속되었습니다.,호재,2026-04-16 07:57,28.3,추론형,0.2
https://n.news.naver.com/mnews/article/003/0013890483?sid=101,IT/반도체,"JK머트리얼즈, 세종공장 화학물질관리법 설치검사 적합 통보",JK머트리얼즈는 세종공장에서 화학물질관리법에 따른 반도체 소재 생산을 위한 유해화학물질 취급시설 설치검사에서 적합 통보를 받았다.,호재,2026-04-16 08:17,8.0,대화형,43.4
https://n.news.naver.com/mnews/article/011/0004611245?sid=101,IT/반도체,"코스피 6091, 전쟁 전 수준 회복…이달 7000 가시권",코스피가 전쟁 이전 수준으로 회복되며 7000선 돌파에 대한 가능성이 제기되고 있다.,호재,2026-04-16 08:04,17.2,사실형,97.3
https://n.news.naver.com/mnews/article/011/0004611243?sid=105,IT/반도체,코스피 ‘6000피’ 회복…전고점까지 200p 남았다,"코스피가 6000선을 회복하고, ETF 순자산이 400조원을 돌파했다.",호재,2026-04-16 08:04,26.2,사실형,89.5
https://n.news.naver.com/mnews/article/123/0002381423?sid=101,IT/반도체,뉴욕증시 혼조 마감... 나스닥·S&amp;P 사상최고 경신,"뉴욕증시가 혼조세 속에서도 강한 상승 흐름을 이어가며, S&P500지수와 나스닥종합지수가 사상 최고치를 기록했다.",호재,2026-04-16 08:16,54.4,사실형,84.1
https://n.news.naver.com/mnews/article/008/0005344919?sid=101,IT/반도체,"JK머트리얼즈, 세종공장 화학물질관리법 설치검사 적합 통보…영업허가...",JK머트리얼즈는 화학물질관리법에 따른 반도체 소재 생산을 위한 유해화학물질 취급시설 설치검사에서 적합 통보를 받았다.,호재,2026-04-16 08:37,14.8,사실형,39.1
https://n.news.naver.com/mnews/article/215/0001249166?sid=101,IT/반도체,나스닥· S&amp;P500 사상 최고치 경신…종전 기대감 [굿모닝 글로벌 이슈],나스닥과 S&P500 지수가 사상 최고치를 경신하고 종전 기대감으로 시장이 회복하는 모습을 보입니다.,호재,2026-04-16 07:53,67.5,추론형,0.0
https://n.news.naver.com/mnews/article/468/0001234423?sid=102,IT/반도체,"용인시, 올해 일자리 목표 ‘2만 5789개’ 설정","용인시가 올해 일자리 목표를 2만 5789개로 설정하고, 일자리 인프라 강화, 계층별 맞춤형 일자리 지원, 지속가능한 일자리 환경 구축, 지역특화 주력산업 일자리 조성 등 4대 추진 전략을 통해 일자리 정책을 추진한다.",호재,2026-04-16 08:12,32.9,사실형,80.6
https://n.news.naver.com/mnews/article/092/0002418852?sid=105,IT/반도체,"테슬라 ""AI6는 삼성, AI6.5는 TSMC""...차세대 2나노 칩도 이원화","테슬라는 차세대 AI6 칩을 두 가지 버전으로 개발하고, TSMC에서 AI6.5를 위탁생산하기로 했다.",호재,2026-04-16 07:56,39.2,사실형,95.9
https://n.news.naver.com/mnews/article/011/0004611256?sid=101,IT/반도체,"美 메모리 약세 속 삼전·닉스, 코스피 6200선 복귀 이끌까 [이런국장 저...",코스피 6200선 복귀를 시도할 전망이다.,호재,2026-04-16 08:26,34.4,사실형,81.0
https://n.news.naver.com/mnews/article/001/0016024293?sid=101,IT/반도체,[마켓뷰] 종전 협상 낙관론 속 코스피 상승 이어갈까,"코스피는 전날 미국과 이란 간 2차 종전 협상에 대한 기대감에 상승세를 이어나가 6,000선에 회복했다.",호재,2026-04-16 08:02,35.4,사실형,80.2
https://n.news.naver.com/mnews/article/215/0001249165?sid=101,IT/반도체,"SEC, 데이트레이딩 규제 완화…로빈후드·위불 주가 급등-[美증시 특징주...",SEC가 데이트레이딩 규제를 완화하자 로빈후드와 위블 주가가 급등했습니다.,호재,2026-04-16 07:53,45.5,추론형,0.0
https://n.news.naver.com/mnews/article/029/0003021970?sid=101,IT/반도체,"美반도체 숨고르기에도 SK하닉, 프리마켓서 ‘강세’","SK하닉, 프리마켓에서 강세를 보이며 국내 증시에서 반도체주들의 급등 여파에 영향을 받는 것으로 보인다.",호재,2026-04-16 08:38,22.7,사실형,35.2
https://n.news.naver.com/mnews/article/374/0000504731?sid=101,IT/반도체,"[애프터마켓 리뷰] 삼성SDS, 1.2조 유치…AI·M&amp;A 확대 신호탄",삼성SDS가 글로벌 파트너와 손잡고 'AI 풀스택' 도약에 나선다.,호재,2026-04-16 07:51,12.6,추론형,0.1
https://n.news.naver.com/mnews/article/003/0013881714?sid=101,제약/바이오,'깜깜이 투자' 반복…정보 비대칭 해소가 관건[삼천당제약 거품 논란③...,삼천당제약 논란이 바이오 산업의 구조적 취약성을 드러내고 정보 비대칭 구조가 여전히 개선되지 않았다는 평가다.,호재,2026-04-11 15:00,21.7,사실형,66.8
https://n.news.naver.com/mnews/article/011/0004609934?sid=100,방산/우주항공,명품 K2 전차·K9 자주포 ‘하이브리드 심장’ 탑재한다[이현호의 방산...,"현대로템과 한화에어로스페이스는 K2 전차와 K9 자주포의 하이브리드 엔진을 개발 중이며, 2040년부터는 수소 엔진만 사용할 계획이다.",호재,2026-04-13 07:00,69.7,사실형,56.9
https://n.news.naver.com/mnews/article/469/0000925016?sid=100,방산/우주항공,"[단독] 軍과 협의 없이 ""육군 인원, 예산 지원""… 허위광고로 기업 모집...",민간단체인 육군협회가 KADEX 전시회에 허위 광고를 올려 참가기업을 모집한 논란이 발생했다.,악재,2026-04-13 04:31,57.2,사실형,90.0
https://n.news.naver.com/mnews/article/050/0000104867?sid=101,방산/우주항공,"""천궁-II 더 빨리 보내달라""…중동 'SOS'에 美 무기 패권 흔들","사우디아라비아와 UAE가 방공망 공백을 메우기 위해 한국산 천궁-II 무기 체계의 조기 인도를 요청하며, 미국의 무기 패권을 흔들고 있다.",호재,2026-04-13 04:19,34.8,사실형,75.3
https://n.news.naver.com/mnews/article/011/0004609773?sid=100,방산/우주항공,"민·관 방산협력 사절단, 중남미서 K-방산 홍보 활동",한국 방산협력 사절단이 중남미 지역에 K-방산 세일즈 활동을 벌여 양국 방산 분야 협력을 강화했다.,호재,2026-04-12 15:33,45.9,사실형,97.3
https://n.news.naver.com/mnews/article/003/0013882622?sid=100,방산/우주항공,"정부, 민관 방산협력 사절단 중남미 파견…""K-방산 홍보·협력 논의""","정부는 중남미에 민관 방산협력 사절단을 파견해 K-방산 포럼 개최, 주요 국방 관계자 면담 등 K-방산 세일즈 활동을 펼쳤다.",호재,2026-04-12 17:31,28.9,사실형,97.2
https://n.news.naver.com/mnews/article/029/0003021238?sid=104,방산/우주항공,"하늘 뚫린 중동의 다급한 구애… “한국, 천궁Ⅱ 더 빨리 줄 수 없나”","중동 국가들이 미국에 의존하는 무기 조달 체계에서 벗어나 한국, 영국, 우크라이나 등으로 눈을 돌리며 대체 무기 확보를 시급하게 추진하고 있다.",호재,2026-04-13 03:21,13.2,사실형,95.3
https://n.news.naver.com/mnews/article/001/0016016641?sid=100,방산/우주항공,"민·관 방산협력 사절단, 중남미서 K-방산 홍보 활동",정부는 중남미 지역에 민·관 방산협력 사절단을 파견해 'K-방산' 세일즈 활동을 벌였다.,호재,2026-04-12 15:06,49.7,사실형,93.3
https://n.news.naver.com/mnews/article/014/0005506430?sid=101,방산/우주항공,"풍산, 탄약 매각 백지화에 '총차입금 1兆' 경고등","풍산이 탄약사업 매각을 백지화하면서 총차입금 1조원이 넘는 부담이 가중되고, '차환 릴레이'가 계속될 전망이다.",악재,2026-04-13 07:59,28.4,사실형,97.1
https://n.news.naver.com/mnews/article/056/0012160584?sid=100,방산/우주항공,"민·관 방산협력 사절단, 중남미서 K-방산 홍보 활동",정부는 중남미 지역에 민·관 방산 협력 사절단을 파견해 'K-방산' 세일즈 활동을 벌였다.,호재,2026-04-12 15:32,72.1,추론형,100.0
https://n.news.naver.com/mnews/article/021/0002784056?sid=100,방산/우주항공,범정부·기업 民官방산협력 사절단 칠레·브라질서 K-방산 세일즈,정부와 기업이 함께한 K-방산의 중남미 시장 확대 본격화,호재,2026-04-12 16:27,46.3,사실형,89.2
https://n.news.naver.com/mnews/article/243/0000096218?sid=105,IT/플랫폼,고정밀 지도 ‘날개 단’ 구글 vs ‘단골집’ 꽉 잡은 네카오…지도 전...,국내 고정밀 지도의 국외 반출이 조건부로 승인되어 구글이 한국 지도에 접근할 수 있게 되었다.,호재,2026-04-13 07:00,21.6,사실형,75.8
https://n.news.naver.com/mnews/article/022/0004120315?sid=102,IT/플랫폼,"인제 지역화폐 앱, 간편결제 확대",인제군은 지역화폐 플랫폼을 대폭 강화하고 간편결제 서비스를 확대한다.,호재,2026-04-13 06:04,13.7,사실형,59.4
https://n.news.naver.com/mnews/article/029/0003021173?sid=103,IT/플랫폼,웹툰 완결 5년 지나도 여전한 인기…키움 입단한 춘배가 보여준 IP 롱런...,네이버웹툰 '냐한남자'의 캐릭터 '춘배'가 키움 히어로즈와 컬래버한 후 여전히 높은 인기를 가지고 있다.,호재,2026-04-12 16:12,51.3,사실형,59.9
https://n.news.naver.com/mnews/article/087/0001186370?sid=102,IT/플랫폼,인제군 ‘그리고 앱’ 리뉴얼… 지역화폐 편의 높인다,"인제군이 지역화폐 플랫폼 기능을 강화하고, 간편결제 서비스를 확대해 주민 편의성을 높인다.",호재,2026-04-13 00:05,21.4,사실형,52.6
https://n.news.naver.com/mnews/article/082/0001375567?sid=101,IT/플랫폼,‘동행축제’ 시작…93개 온라인쇼핑몰 K-뷰티·패션·식품 할인전,"동행축제가 4월 11일부터 5월 10일까지 전국 곳곳에서 열리며, 온라인 플랫폼 93개에서 K-뷰티·패션·식품 등 1만 8000여 소상공인의 제품에 대한 할인전이 진행된다.",호재,2026-04-12 14:44,20.2,사실형,61.5
https://n.news.naver.com/mnews/article/009/0005664818?sid=101,IT/플랫폼,“페이로 할게요” 한마디에 심장 철렁…회원수 쭉쭉 빠진다는 카드업...,신용카드 사가 간편결제 확산으로 고객 기반이 약화되고 있다.,악재,2026-04-12 23:28,30.2,사실형,73.2
https://n.news.naver.com/mnews/article/658/0000140847?sid=101,IT/플랫폼,닫힌 지갑 열어라…전국 소비 대축제,"정부는 4월 10일까지 전국에서 대규모 소비 촉진 행사를 개최하며, 연매출 30억 원 이상의 가맹점에서는 온누리상품권 사용을 제한한다.",호재,2026-04-12 19:52,42.0,사실형,65.6
https://n.news.naver.com/mnews/article/009/0005664705?sid=101,IT/플랫폼,"신규회원 정체, 해지는 급증 … 이중고 직면한 신용카드사",신용카드사 신규회원 정체와 해지는 급증으로 고객 기반 마저 뺏길 위기에 처했다.,악재,2026-04-12 17:10,20.2,사실형,68.4
https://n.news.naver.com/mnews/article/277/0005748277?sid=101,IT/플랫폼,'동행축제' 5월10일까지 운영…온·오프 200개 채널 할인행사,"동행축제가 5월 10일까지 30일간 운영되며, 200개 온·오프라인 유통채널에서 할인행사와 이벤트가 진행될 예정이다.",호재,2026-04-12 18:06,7.9,사실형,63.9
https://n.news.naver.com/mnews/article/014/0005506290?sid=101,IT/플랫폼,막 오른 동행축제… 한 달간 '할인혜택' 터진다,"정부가 중소벤처기업부가 준비한 '4월 동행축제'가 시작되며, 전국에서 소비 촉진 행사를 한 달간 진행된다.",호재,2026-04-12 18:14,15.2,사실형,62.6
https://n.news.naver.com/mnews/article/001/0016020345?sid=105,제약/바이오,"[바이오스냅] 리가켐, CLDN18.2 ADC 후보물질 글로벌 임상 1/2상 IND 제출",리가켐의 CLDN18.2 ADC 후보물질이 글로벌 임상 1/2상 IND 제출되었습니다.,호재,2026-04-14 11:38,19.8,사실형,45.3
https://n.news.naver.com/mnews/article/629/0000491229?sid=101,제약/바이오,"제약바이오 '깜깜이' 공시 손질에 업계 ""경쟁력 약화""","제약바이오 업계가 공시 손질에 어려움을 겪고おり, 경쟁력이 약화하는 문제가 있다.",악재,2026-04-14 14:10,23.5,사실형,97.1
https://n.news.naver.com/mnews/article/629/0000491566?sid=101,자동차/모빌리티,중동 변수에도 車 수출 3월 반등…63.7억달러 '역대 2위',"3월 자동차 수출액이 전년 동월 대비 2.2% 증가하여 역대 2위에 올랐으며, 내수와 생산도 증가했다.",호재,2026-04-15 11:14,16.0,사실형,85.8
https://n.news.naver.com/mnews/article/037/0000038003?sid=101,자동차/모빌리티,"국민연금, 1분기 삼성전자와 SK하이닉스 담아 49조 벌었다","국민연금이 1분기에 국내 주식평가액이 78조5507억 원 증가한 것으로 나타났으며, 반도체 투톱 삼성전자와 SK하이닉스가 절대적인 역할을 했다.",호재,2026-04-16 07:02,43.8,사실형,91.2
https://n.news.naver.com/mnews/article/031/0001022251?sid=101,자동차/모빌리티,"현대글로비스, 美 동·서부 물류 거점 확대⋯'HMGMA' 가동 대응 공급망 ...",현대글로비스가 미국 서부 LA와 동부 서배너에 대규모 물류 인프라를 구축하여 북미 시장 공략에 속도를 냈다.,호재,2026-04-15 09:53,23.7,사실형,73.7
https://n.news.naver.com/mnews/article/293/0000082768?sid=101,자동차/모빌리티,"'전기차 충전요금' 인하 확산, 이용자 숨통","전기차 충전 요금 인하가 확산되고 있으며, 이용자에게 숨통이 풀리는 상황이다.",호재,2026-04-15 09:36,38.7,사실형,76.7
https://n.news.naver.com/mnews/article/396/0000741960?sid=103,자동차/모빌리티,탈석유 선언한 프랑스…K-전기차·배터리 훈풍 분다,프랑스가 탈석유 선언으로 K-전기차·배터리 산업이 훈풍을 분다,호재,2026-04-15 18:26,34.9,사실형,89.5
https://n.news.naver.com/mnews/article/421/0008891445?sid=103,자동차/모빌리티,"르노코리아·한국GM, 신차 늘린다…안방 공략해 수출 불확실성 극복",르노코리아와 한국GM이 신차 생산을 늘려 국내 전기차 시장에서 경쟁력을 확보할 계획이다.,호재,2026-04-15 14:27,13.5,사실형,99.2
https://n.news.naver.com/mnews/article/109/0005515094?sid=103,자동차/모빌리티,한국적 자동차 문법으로 르노 필랑트를 온전히 해석하기 어려웠던 이유,현대차 기아가 만든 '한국적 자동차 문법'으로 르노 필랑트를 온전히 해석하기 어려웠던 이유,호재,2026-04-15 15:46,19.7,사실형,55.0
https://n.news.naver.com/mnews/article/008/0005346213?sid=101,자동차/모빌리티,'인도 공략' 정의선 뚝심 통했다… 현대차 분기 20만대 새 역사,"현대차는 인도에서 분기 기준 역대 최대 판매실적을 달성하고, 1분기 20만대 돌파기록을 세웠다.",호재,2026-04-20 04:03,22.8,사실형,80.8
https://n.news.naver.com/mnews/article/421/0008898769?sid=103,자동차/모빌리티,"""기름값 무섭다""…리터당 20㎞ 넘는 '괴물 연비' 톱5 어떤 모델?","기름값 부담이 커지면서 연비와 전비가 구매 기준의 중심이 되고 있는 가운데, 국내 브랜드 중 연비 1위를 자랑하는 현대차 아반떼 하이브리드가 리터당 21.1㎞의 압도적인 연비를 자랑한다.",호재,2026-04-20 07:00,22.7,사실형,74.5
https://n.news.naver.com/mnews/article/008/0005346211?sid=101,자동차/모빌리티,코스피 6400 넘나… 하이닉스에 쏠린 눈,코스피가 6400까지 오를 가능성이 높아지고 있다.,호재,2026-04-20 04:03,27.6,사실형,89.4
https://n.news.naver.com/mnews/article/056/0012163578?sid=162,방산/우주항공,"[무등의 아침] 김병주 “호남을 K-방산 전략 거점으로…31사단 이전, 검...",김병주 의원은 광주·전남을 방위 산업의 새로운 거점으로 만들겠다는 구상을 밝혔다.,호재,2026-04-16 11:55,58.0,추론형,0.0
https://n.news.naver.com/mnews/article/018/0006258464?sid=100,방산/우주항공,계룡대 활주로 막힌 KADEX…갈 길 잃은 '지상방산전시회',국방부가 KADEX 2026 개최를 위해 계룡대 비상활주로 사용을 불허했다.,호재,2026-04-16 11:31,31.3,사실형,79.7
https://n.news.naver.com/mnews/article/056/0012164039?sid=100,방산/우주항공,K-방산 돌풍 속 소외된 광주·전남…육성 시급,"광주와 전남은 K-방산에서 여전히 소외된 상태이며, 지역의 방위산업 생산 기반을 활용하여 새로운 성장 동력을 키워야 한다.",호재,2026-04-16 21:50,19.6,추론형,0.0
https://n.news.naver.com/mnews/article/293/0000082873?sid=101,방산/우주항공,"[현대차 실용주의 사업재편] '방산' 떼는 현대위아, 군살 덜어낸 까닭은","현대위아가 방산 부문을 현대로템에 양도하는 것은 현대로템의 방산 기술과 인프라를 고려한 결정으로, 경영 효율화를 위해 비주력 사업을 정리하고 주력 사업의 시너지를 극대화하려는 목적이다.",호재,2026-04-16 14:16,35.4,사실형,65.9
https://n.news.naver.com/mnews/article/417/0001139375?sid=110,방산/우주항공,[사설]'도전적 시행착오' 이끌 국가 주도 '방산 창투사' 만들자,국가가 나서 AI 등 미래 기술을 촉진하고 국방 분야에 신속하게 접목하는 것이 방산의 미래 기술을 발전시키는 열쇠이다.,호재,2026-04-16 19:11,50.3,사실형,49.1
https://n.news.naver.com/mnews/article/020/0003713082?sid=110,방산/우주항공,[광화문에서/장윤정]호르무즈가 일깨운 ‘핀치 포인트’ 전쟁,"호르무즈 해협 봉쇄로 세계 경제가 큰 충격을 받았고, 에너지 수급이 막히자 국제 유가가 반응했고, 산업 전반에 영향을 미쳐 공급망 무기화 시대에 들어섰다는 사실을 분명하게 보여주었다.",호재,2026-04-16 23:10,33.9,사실형,51.7
https://n.news.naver.com/mnews/article/014/0005509180?sid=101,방산/우주항공,"풍산, 회사채 수요예측에 3300억 뭉칫돈…한온시스템도 1.6조 흥행",풍산은 회사채 수요예측에서 3300억원의 매수 주문을 받으며 우호적인 금리 조건으로 자금 조달에 성공했다.,호재,2026-04-17 06:36,36.7,사실형,80.9
https://n.news.naver.com/mnews/article/003/0013892453?sid=101,방산/우주항공,"현대로템, 현대위아 방산 인수 검토…'K2 전차' 수직계열화 노리나","현대로템이 현대위아 방산 부문을 인수 검토 중이며, 이는 수직계열화를 완성하고 핵심 부품과 완성 장비의 생산을 통합하여 원가 절감과 납기 경쟁력을 강화하는 목적으로 진행되고 있다.",호재,2026-04-16 16:33,32.3,사실형,82.6
https://n.news.naver.com/mnews/article/018/0006258740?sid=101,방산/우주항공,"[마켓인] ""믿고 보는 K-방산""…풍산, 회사채 3배 뭉칫돈 몰리며 언더발...",풍산이 회사채 수요예측에서 총 3300억원의 매수 주문을 받으며 우호적인 금리 조건으로 발행을 마무리했다.,호재,2026-04-16 17:09,33.2,사실형,73.3
https://n.news.naver.com/mnews/article/025/0003516699?sid=104,방산/우주항공,자폭·기관총 로봇 돌격에 러 항복 외쳤다…우크라 놀라운 ‘무인 전쟁...,"우크라이나가 드론과 지상 로봇을 사용하여 러시아군 진지를 점령하고, 적의 항복까지 받아낸 사례가 나왔다.",호재,2026-04-16 15:40,48.0,사실형,93.0
https://n.news.naver.com/mnews/article/024/0000104851?sid=101,방산/우주항공,"‘K드론’ 소프트웨어는 자립 가능, 그러나…",한국 드론 산업은 소프트웨어 부문에서 강점을 보이나 하드웨어 부문은 약점을 보이고 있다.,호재,2026-04-16 21:01,26.9,사실형,59.9
https://n.news.naver.com/mnews/article/374/0000504843?sid=101,방산/우주항공,[직설] 미-이란 협상 급물살…복잡한 상황 속 합의점 찾을까?,"미국과 이란의 2차 대면 협상이 급물살을 타고 있지만, 핵심 쟁점 사항에 대한 여전히 이견이 팽팽해 섣불리 낙관해선 안 된다는 신중론이 나오고 있습니다.",호재,2026-04-16 13:39,47.8,추론형,0.2
https://n.news.naver.com/mnews/article/021/0002785153?sid=100,방산/우주항공,"국방부, 2년 전 승인한 ‘KADEX’ 계룡대 활주로 사용 이번엔 불허…육...",국방부가 2년 전 승인한 'KADEX' 계룡대 활주로 사용을 이번에는 불허했다.,호재,2026-04-16 11:29,62.9,사실형,73.2
https://n.news.naver.com/mnews/article/008/0005345039?sid=100,방산/우주항공,"드론전쟁 시대, 우리가 알아야 할 것들 ②",풍산이 선보인 공격용 드론은 탄약의 대량생산과 국산화를 기반으로 공격에 최적화된 무기다.,호재,2026-04-16 10:41,29.7,사실형,85.5
https://n.news.naver.com/mnews/article/422/0000855941?sid=101,IT/플랫폼,'미토스' 충격에 통신사·플랫폼 보안 강화,앤트로픽의 차세대 AI 모델 '미토스'가 전세계적으로 주목을 받고 국내 기업들이 보안 강화에 나서고 있습니다.,호재,2026-04-17 05:46,67.8,추론형,0.3
https://n.news.naver.com/mnews/article/031/0001022779?sid=105,IT/플랫폼,앤트로픽 '미토스' 충격…네이버·카카오·이통3사 보안 대응 강화,앤트로픽의 AI 모델 '미토스'가 스스로 보안 취약점을 찾아내는 것으로 알려지면서 국내 주요 플랫폼과 이통 3사가 보안 대응 강화에 나섰다.,호재,2026-04-16 17:21,44.3,사실형,77.8
https://n.news.naver.com/mnews/article/117/0004054772?sid=105,IT/플랫폼,‘미토스’발 AI 해킹 우려…네이버·카카오·통신3사 보안 대응 강화,"네이버, 카카오, 통신 3사 등 국내 플랫폼과 통신업계가 AI 기반 공격 위협에 대응하기 위해 보안 대응 수위를 끌어올렸다.",호재,2026-04-16 15:53,22.4,사실형,87.6
https://n.news.naver.com/mnews/article/014/0005508981?sid=105,IT/플랫폼,여전한 글로벌 빅테크 조세 '꼼수'...배민은 구글보다 5배 더 냈다,글로벌 빅테크 기업들이 국내에서 올리는 수익을 대부분 해외 법인으로 돌려 조세 형평성 논란이 나오고 있다.,호재,2026-04-16 16:53,57.9,사실형,90.0
https://n.news.naver.com/mnews/article/003/0013879980?sid=101,자동차/모빌리티,"현대차·기아, 경상용차 사업 확대 가속…""PBV와 픽업트럭 투트랙""",현대차와 기아가 경상용차 사업을 확대하고있다.,호재,2026-04-10 11:25,17.7,사실형,97.9
https://n.news.naver.com/mnews/article/023/0003970085?sid=004,IT/반도체,10년간 ‘반도체 굴기’ 외치더니... 兩會서 조용해진 중국 반도체,"중국은 10년간 1500억달러를 투자해 반도체 자급률을 높이려 하였지만, 현재는 20%대에 머물러 있다.",악재,2026-04-10 16:01,38.2,추론형,18.8
https://n.news.naver.com/mnews/article/081/0003634287?sid=101,IT/반도체,삼성전‘자’가 아니다…3개월새 ‘2배’ 뛰어 신고가 찍은 ‘이 종목’,"삼성전기가 신고가를 기록하며 102.51% 상승, 엔비디아 AI 생태계 입지 확대 기대",호재,2026-04-10 16:28,14.7,사실형,80.0
https://n.news.naver.com/mnews/article/366/0001155944?sid=101,IT/반도체,[마켓뷰] 美·이란 1차 회담 앞두고 외국인 1조원 순매수…코스피 1.4% 상...,"코스피가 1.4% 상승하며 5858.87에 마감, 미국·이란 1차 회담 기대감에 외국인이 1조원 넘게 순매수했다.",호재,2026-04-10 16:27,63.0,사실형,83.3
https://n.news.naver.com/mnews/article/417/0001138492?sid=101,IT/반도체,AI 수요 확산에 전자 형님 이어 부품 아우도 1분기 '방긋',삼성전기와 LG이노텍이 올해 1분기 기대 이상의 실적을 거둘 것으로 전망된다.,호재,2026-04-10 16:17,24.6,사실형,59.7
https://n.news.naver.com/mnews/article/031/0001021338?sid=105,IT/반도체,"삼성 메모리 유통 대만 슈프림, 1분기 매출 137% 급증","대만 반도체 유통업체 슈프림 일렉트로닉스가 1분기 매출 137% 급증, 사상 최대 실적을 기록했다.",호재,2026-04-10 16:04,40.1,사실형,94.3
https://n.news.naver.com/mnews/article/092/0002418280?sid=105,IT/반도체,"1분기 완제PC 출하량, 불확실성 속 2.5% '반짝성장'","IDC는 1분기 완제PC 출하량이 전년 동기 대비 2.5% 증가했지만, 미국-이란 전쟁과 메모리 반도체 수급난으로 인한 비용 상승 압력으로 연간 시장 위축 가능성이 제기되었다.",호재,2026-04-10 16:38,45.5,사실형,67.8
https://n.news.naver.com/mnews/article/018/0006254702?sid=101,IT/반도체,메모리 초호황·공정 고도화에…반도체 장비 시장도 '쑥쑥',반도체 장비 시장도 메모리 초호황과 공정 고도화로 함께 성장한 것으로 분석된다.,호재,2026-04-10 16:20,48.8,사실형,76.4
https://n.news.naver.com/mnews/article/001/0016014783?sid=105,IT/반도체,대전 과학기술진흥에 4천369억 투입…우주·반도체 산업 육성,대전시는 4대 전략산업에 86개 세부과제를 추진하고 4천369억원을 투입한다.,호재,2026-04-10 16:01,82.2,대화형,41.7
https://n.news.naver.com/mnews/article/030/0003416793?sid=102,IT/반도체,"대전시, 대전과학기술진흥종합계획 2026년도 시행계획 확정…과기분야...",대전시는 2026년 시행계획을 확정하여 4대 전략과제를 추진할 계획이다. ,호재,2026-04-10 16:01,71.8,사실형,37.2
https://n.news.naver.com/mnews/article/374/0000503712?sid=101,방산/우주항공,[증시 인사이트] 국내증시 동반 상승…외국인·기관 코스피 순매수,국내증시가 미국과 이란의 협상을 앞두고 양 시장 모두 상승 출발을 보이며 거래를 마쳤습니다.,호재,2026-04-10 16:38,11.7,추론형,0.0
https://n.news.naver.com/mnews/article/293/0000082557?sid=101,IT/반도체,[미코 줌인]① 1조 클럽 눈앞 '슈퍼을'…투자 성과 기대,"미코가 반도체 업계 '슈퍼 을'로 주목받고 있으며, 매출이 80.7% 증가했지만 수익성은 상대적으로 둔화했다.",호재,2026-04-10 16:31,14.3,사실형,78.5
https://n.news.naver.com/mnews/article/001/0016014800?sid=101,제약/바이오,"코스피, 주말 美·이란 종전협상 앞두고 1.4% 올라 5,850대 마감(종합)","코스피가 미국과 이란의 종전협상 앞두고 1.4% 오른 5,858.87으로 마감했다.",호재,2026-04-10 16:10,57.5,사실형,98.1
https://n.news.naver.com/mnews/article/016/0002627941?sid=101,제약/바이오,‘돌아온 외인’ 1조 사자…코스피 5900선 겨냥 [투자360],코스피가 주말 예정된 미국·이란 종전 협상을 앞두고 상승 마감했다.,호재,2026-04-10 16:32,63.7,사실형,96.5
https://n.news.naver.com/mnews/article/629/0000490358?sid=101,제약/바이오,코스피·코스닥 1%대 상승 마감…'20만전자·102만닉스' 안착,"코스피와 코스닥은 각각 1.40%, 1.64% 오르며 1%대 상승세로 거래를 종료했다.",호재,2026-04-10 16:09,86.4,사실형,84.8
https://n.news.naver.com/mnews/article/087/0001186173?sid=101,제약/바이오,"미국·이란 종전협상 앞두고 코스피 1.4% 올라 5,850대 마감","코스피가 미국·이란 종전협상에 따른 호재로 1.4% 오른 5,858.87으로 마감했다.",호재,2026-04-10 15:57,74.0,사실형,98.9
https://n.news.naver.com/mnews/article/011/0004609420?sid=103,제약/바이오,"K-바이오의약품, 분기 수출액 3조원…역대 최대",K-바이오의약품이 1분기 수출액 3조원으로 역대 최대치를 기록하며 세계 시장 점유율이 증가하고 CDMO 경쟁력도 확대되었다.,호재,2026-04-10 16:30,38.8,사실형,66.3
https://n.news.naver.com/mnews/article/277/0005747892?sid=101,제약/바이오,'중동 우려 완화' 코스피·코스닥 모두 1%대 상승 마감,코스피와 코스닥이 중동 전쟁 우려 완화로 1%대 상승을 기록했다.,호재,2026-04-10 16:00,76.3,사실형,80.7
https://n.news.naver.com/mnews/article/215/0001248611?sid=101,방산/우주항공,[단독] 탄약 빅딜 무산은 풍산의 변심...“노조 최후통첩에 백기“ [방산...,풍산이 노조의 최후통첩에 백기를 들면서 한화와의 탄약 빅딜이 무산되었습니다.,호재,2026-04-10 16:31,57.8,추론형,0.0
https://n.news.naver.com/mnews/article/374/0000503804?sid=104,IT/반도체,AI칩 수요 꺽이지 않았다…TSMC '또 깜짝' 실적,TSMC의 실적 성장은 AI 반도체 수요 확대와 엔비디아 AI 가속기 수요 증가로 견인되었다.,호재,2026-04-11 12:10,43.9,추론형,0.0
https://n.news.naver.com/mnews/article/009/0005664429?sid=101,IT/반도체,“반도체 수퍼사이클 안 믿는다”...개인 9조원 매도 폭탄,반도체 수퍼사이클을 믿지 않는 개인이 9조원 매도 폭탄을 날렸다.,악재,2026-04-11 12:58,20.3,사실형,97.0
https://n.news.naver.com/mnews/article/092/0002418320?sid=105,IT/반도체,"[AI는 지금] 엔비디아, GPU 시장서 86% 독주 가능한 까닭은",엔비디아가 GPU 시장에서 86%의 독주 가능성을 이유는 전용 컴파일러 고도화와 거대언어모델 추론 소프트웨어 최적화에 집중하는 국내 AI 반도체 기업들의 노력 때문이다.,호재,2026-04-11 13:13,26.1,사실형,87.3
https://n.news.naver.com/mnews/article/243/0000096152?sid=101,IT/반도체,"새 역사 쓴 삼성전자…""내년 엔비디아 넘어 세계 1위""",삼성전자가 내년 엔비디아를 넘어 세계 1위가 될 가능성이 높아졌다.,호재,2026-04-11 08:35,16.4,사실형,96.5
https://n.news.naver.com/mnews/article/092/0002418318?sid=105,IT/반도체,메모리 품귀 '장기화' 진입… 韓 팹리스 수급난 고조,메모리 품귀 현상이 장기화 될 것이라는 전망이 나온다.,호재,2026-04-11 10:06,53.4,사실형,96.7
https://n.news.naver.com/mnews/article/029/0003021023?sid=100,IT/반도체,"“법률기술자 대신 반도체 전문가를”… 국힘 양향자, 경기지사 출마 선...",양 최고위원은 반도체 전문가로서의 정체성을 강조하며 출퇴근 시간 광역버스 이용 불편을 해결하기 위해 AI 빅데이터 분석을 제안했다.,호재,2026-04-11 09:11,46.6,사실형,99.8
https://n.news.naver.com/mnews/article/009/0005664383?sid=101,IT/반도체,삼전닉스 살까 팔까…증권가 목표가 줄줄이 올리는 이유 보니,삼성전자와 SK하이닉스의 목표가가 올리는 이유는 인공지능 시대에 따른 메모리 반도체 수요 급증과 산업 구조 변화 때문이다.,호재,2026-04-11 08:03,25.7,사실형,86.6
https://n.news.naver.com/mnews/article/079/0004135587?sid=102,IT/반도체,경남 주력산업 '퀀텀점프' 노린다…'제조 AX' 유망산업 육성,경남 주력산업 '퀀텀점프' 노린다…'제조 AX' 유망산업 육성,호재,2026-04-11 12:58,22.9,사실형,85.7
https://n.news.naver.com/mnews/article/003/0013881520?sid=101,IT/반도체,엔비디아 맞선 구글·브로드컴 동맹 강화…K반도체 협상력 강화 전망,엔비디아를 맞선 구글과 브로드컴이 동맹을 강화하여 K반도체 협상력 강화 전망이다.,호재,2026-04-11 10:00,13.9,사실형,52.1
https://n.news.naver.com/mnews/article/421/0008883440?sid=102,IT/반도체,"반도체 산단은…김영록 ""클러스터 조성"" vs 민형배 ""값싼 전기료""",전남광주통합특별시장 후보들 중 김영록 후보는 수도권에 몰려 있는 반도체 산업을 클러스터 조성으로 해결하자는 주장을 내세운다.,호재,2026-04-11 07:33,45.7,사실형,74.9
https://n.news.naver.com/mnews/article/003/0013881442?sid=101,IT/반도체,"""20만 전자·100만 닉스""…덩달아 뜨거워진 '취업 전선'",AI 반도체 수요 지속으로 반도체 특화 교육 콘텐츠에 대한 관심이 지속될 것으로 예상된다.,호재,2026-04-11 08:01,13.9,예측형,12.1
https://n.news.naver.com/mnews/article/011/0004609555?sid=101,IT/반도체,상장 리츠 시총 10조 돌파…도입 25년 만의 이정표,상장 리츠 시총이 10조원을 돌파했다.,호재,2026-04-11 05:39,24.3,사실형,99.9
https://n.news.naver.com/mnews/article/011/0004609552?sid=101,IT/반도체,"SKT, Arm·리벨리온과 GPU 대체 AI 서버 솔루션 공동 개발",SK텔레콤이 Arm와 리벨리온과 함께 차세대 AI 서버 솔루션을 공동 개발한다.,호재,2026-04-11 05:33,9.2,사실형,97.0
https://n.news.naver.com/mnews/article/011/0004609551?sid=101,IT/반도체,앤스로픽도 자체 칩 개발 검토…AI 빅테크 ‘탈엔비디아’ 가속,"앤스로픽이 자체 칩 개발을 검토하고 있는 것으로 알려졌으며, 이는 엔비디아가 데이터센터 칩 시장에서 지배적인 위치를 차지하는 구조에서 탈엔비디아 흐름이 가속화될 수 있는 신호로 여겨지고 있습니다.",호재,2026-04-11 05:32,16.2,대화형,11.8
https://n.news.naver.com/mnews/article/138/0002224102?sid=105,IT/반도체,[알쓸신기] ① 냉장고 문이 열리면 왜 '삐' 소리가 날까,삼성은 가전 제품에 신경망처리장치를 포함한 고성능 AI 반도체를 내장하여 새로운 기능을 제공하고 있다.,호재,2026-04-11 06:01,30.7,사실형,46.0
https://n.news.naver.com/mnews/article/366/0001156025?sid=105,IT/반도체,[인터뷰] 라미 라힘 HPE 수석부사장 “AI 시대 네트워크 시장 승부처는...,라미 라힘 HPE 수석부사장은 AI 시대 네트워크 시장 승부처에 대해 설명했다.,호재,2026-04-11 06:02,21.5,사실형,99.3
https://n.news.naver.com/mnews/article/029/0003021011?sid=105,IT/반도체,"‘40만전자·200만닉스 시대’ 열리나… 반도체 양강, 사상 초유 ‘슈퍼...",국내 반도체 기업들에게는 유례없는 '골든 타임'이 시작된 것으로 보인다.,호재,2026-04-11 06:30,25.5,사실형,61.2
https://n.news.naver.com/mnews/article/421/0008883419?sid=104,IT/반도체,"엔비디아 2.55% 상승, 반도체지수 2.31%↑ 사상 최고(상보)","반도체지수 사상 최고치를 기록, 엔비디아 2.55% 상승",호재,2026-04-11 06:46,26.8,사실형,95.0
https://n.news.naver.com/mnews/article/018/0006254978?sid=101,IT/반도체,"브로드컴, AI 인프라 핵심 플레이어 될까…지지부진 주가도 반등?","브로드컴, AI 인프라 핵심 플레이어 될 가능성이 높아졌다.",호재,2026-04-11 08:02,15.1,사실형,90.3
https://n.news.naver.com/mnews/article/022/0004119975?sid=105,IT/반도체,SKT·Arm·리벨리온 CPU·NPU AI데이터센터 구축 협력,"SK텔레콤, 암과 리벨리온과 함께 AI 데이터센터 구축을 위한 협력을 시작한다.",호재,2026-04-11 06:37,13.6,사실형,33.5
https://n.news.naver.com/mnews/article/293/0000082582?sid=110,IT/반도체,"[디깅노트] AI도 못 믿는 삼성전자 실적, 만든 건 결국 '사람'",삼성전자 실적은 인재 확보와 유지에서 결정된다고 분석된다.,호재,2026-04-11 07:00,9.5,사실형,42.3
https://n.news.naver.com/mnews/article/293/0000082540?sid=101,IT/반도체,"㈜두산, 전자BG 中 선전 법인 청산 '운영 효율화'",㈜두산이 중국 전자BG 영업 법인을 통합하여 운영 효율화를 통해 전자 소재 시장에 대응하겠다는 의도로 풀이된다.,호재,2026-04-10 15:12,68.1,사실형,81.3
https://n.news.naver.com/mnews/article/119/0003079271?sid=105,IT/반도체,"KAIST, 4월 과학의 달 맞아 ‘KAIST Play World’ 공개",KAIST는 4월 과학의 달을 맞아 'KAIST Play World'라는 대규모 체험형 전시관을 운영한다.,호재,2026-04-10 14:21,76.0,대화형,13.8
https://n.news.naver.com/mnews/article/030/0003416769?sid=105,IT/반도체,"제이스, 반도체 산업 이해부터 정밀 측정까지… 실무형 교육 과정 주목",제이스 교육장에서 반도체 산업 이해부터 정밀 측정까지 실무형 교육 과정 개최,호재,2026-04-10 14:28,38.1,사실형,66.8
https://n.news.naver.com/mnews/article/011/0004609402?sid=101,IT/반도체,“왜 이렇게 비싸졌어?”라고 할 때 그냥 살 걸…부품값 급등에 PC·태블...,"LG전자와 삼성전자 노트북·태블릿 가격이 인상되며, 메모리 반도체 부족으로 인한 PC·태블릿 가격 상승이 스마트폰까지 번질 것이라는 전망이 제기된다.",악재,2026-04-10 15:24,17.5,사실형,85.8
https://n.news.naver.com/mnews/article/018/0006254610?sid=101,IT/반도체,"미래에셋자산운용, TIGER ETF 국내 주식 테마형 25조원 돌파",미래에셋자산운용 'TIGER ETF'가 국내 주식 테마형 상품에서 순자산 규모 25조원을 돌파했다.,호재,2026-04-10 14:18,14.3,사실형,94.1
https://n.news.naver.com/mnews/article/028/0002800180?sid=101,IT/반도체,"아마존, ‘엔비디아 독주’ 인공지능 반도체 시장에 ‘자체칩’ 도전장...",아마존이 자체 개발한 인공지능 반도체 '트라이니움'을 외부 기업들에게 판매할 가능성을 열어뒀다.,호재,2026-04-10 14:28,22.3,사실형,83.5
https://n.news.naver.com/mnews/article/366/0001155927?sid=101,IT/반도체,AI·로봇·바이오·에너지 스타트업 총출동…‘IBK창공’ 데모데이 개최,국내 스타트업들이 IBK창공 데모데이에 참여하여 연구개발 역량을 선보였다.,호재,2026-04-10 15:57,12.6,사실형,93.2
https://n.news.naver.com/mnews/article/023/0003970071?sid=105,IT/반도체,트럼프가 ‘구원투수’ 나선 인텔 살아나나...테슬라 이어 구글과도 협...,"인텔이 구글 클라우드와 CPU 공급 및 IPU 공동 개발을 하기로 하면서, 미 정부의 구원투수로 나선 인텔이 살아나나 보인다.",호재,2026-04-10 14:13,37.7,사실형,81.4
https://n.news.naver.com/mnews/article/366/0001155881?sid=105,IT/반도체,"로이터 “앤트로픽, 자체 AI 칩 개발 검토”","앤트로픽이 자체 AI 칩 개발을 검토 중이며, 이는 전 세계적인 반도체 공급 부족 현상에 대응하기 위한 조치로 해석된다.",호재,2026-04-10 14:21,33.4,사실형,81.1
https://n.news.naver.com/mnews/article/366/0001155866?sid=101,2차전지,"오렉스 “고농도 게르마늄 이온 액 개발·상용화""",오렉스가 고농도 게르마늄 이온 액을 개발하고 상용화할 가능성이 있다.,호재,2026-04-10 13:54,31.7,사실형,97.2
https://n.news.naver.com/mnews/article/015/0005273438?sid=101,IT/반도체,"초호황에 40조 잭팟 예고…""200만닉스 간다"" 역대급 전망 [테크로그]",SK하이닉스가 올해 1분기 실적이 역대급 성적을 기록할 것으로 기대된다.,호재,2026-04-10 14:16,29.8,사실형,61.5
https://n.news.naver.com/mnews/article/437/0000486853?sid=100,IT/반도체,"하정우 “이 대통령 '작업' 발언, 액면 그대로 지시하신대로 봐야""","하정우 청와대 AI미래기획 수석이 이 대통령의 부산 출마에 대한 언급이 없다는 점을 강조하며, 최종 결정은 대통령의 뜻에 따를 것이라고 말했다.",호재,2026-04-10 14:02,49.0,추론형,17.3
https://n.news.naver.com/mnews/article/417/0001138479?sid=101,제약/바이오,"[오늘증시] 5900 찍고 유턴 코스피, 개인 1.2조 매도…환율 1482.5원",코스피와 코스닥이 상승세를 유지하며 장을 마쳤지만 개인 매도량이 높아졌다.,호재,2026-04-10 15:48,59.4,사실형,98.8
https://n.news.naver.com/mnews/article/008/0005342628?sid=101,제약/바이오,코스피 완연한 상승세…휴전 협상 기대에 외인 조단위 순매수,코스피가 미국과 이란의 대면 휴전 협상에 대한 기대감에 완연한 상승세를 보이며 외국인이 1조원 넘게 순매수했다.,호재,2026-04-10 15:55,82.4,사실형,93.2
https://n.news.naver.com/mnews/article/015/0005273477?sid=105,제약/바이오,"1분기에만 20억달러…K바이오의약품, 역대 최대 규모 수출액 달성",우리나라 바이오의약품 수출 규모가 20억달러를 기록하며 역대 최대치를 달성했다.,호재,2026-04-10 15:36,28.8,사실형,54.3
https://n.news.naver.com/mnews/article/018/0006254685?sid=101,제약/바이오,"코스피, 종전 협상 앞두고 1%대 상승…2거래일 만에 5800선 회복[마감]",코스피는 미국과 이란의 종전 협상을 앞두고 1%대 강세로 마감했다.,호재,2026-04-10 16:00,69.3,사실형,92.4
https://n.news.naver.com/mnews/article/366/0001155898?sid=101,제약/바이오,"시지메드텍, 인체조직 은행 인수…바이오 소재 사업 본격화",시지메드텍이 인체조직 은행 인수하여 바이오 소재 사업을 본격화한다.,호재,2026-04-10 14:52,16.9,예측형,27.0
https://n.news.naver.com/mnews/article/366/0001155896?sid=101,제약/바이오,K-바이오의약품 1분기 수출 ‘역대 최대’…20억달러,K-바이오의약품 1분기 수출이 역대 최대 20억달러를 기록했다.,호재,2026-04-10 14:52,28.0,사실형,60.6
https://n.news.naver.com/mnews/article/022/0004119861?sid=101,제약/바이오,"K-바이오 1분기 수출액 20억 달러, 전년比11.1%↑…사상 최대",K-바이오의약품 수출액 20억 달러로 사상 최대치를 기록했다.,호재,2026-04-10 14:04,30.2,사실형,46.6
https://n.news.naver.com/mnews/article/024/0000104697?sid=101,제약/바이오,“기대했는데 왜 이래”…액티브 ETF 한 달 성적표 ‘한숨’,코스닥 액티브 ETF가 상장 한 달 만에 두 자릿수 손실을 내며 혹독한 신고식을 치렀다.,악재,2026-04-10 14:58,24.8,사실형,91.8
https://n.news.naver.com/mnews/article/081/0003634205?sid=101,제약/바이오,D-8 돌입… 바이오 코리아 2026 사전등록 마감 앞두고 열기 고조,"바이오 코리아 2026 사전등록 마감 임박, 업계 관심 집중",호재,2026-04-10 13:44,30.1,사실형,36.9
https://n.news.naver.com/mnews/article/215/0001248646?sid=101,IT/반도체,고유가·AI·자금이동… 복합 변수 속 시장의 방향이 바뀐다 [박문환 시...,"반도체 공급 부족 현상은 심화될 가능성이 있으며, 에너지 시장에 호르무즈 해협 이슈가 영향을 미칠 것으로 보인다.",호재,2026-04-11 07:00,20.1,예측형,6.8
https://n.news.naver.com/mnews/article/092/0002418313?sid=105,IT/반도체,"TSMC, 1분기 최대 실적 경신…AI칩 호황 증명",TSMC가 1분기 최대 실적을 경신하며 AI칩 호황을 증명했다.,호재,2026-04-11 07:01,13.6,사실형,94.1
https://n.news.naver.com/mnews/article/138/0002224111?sid=105,IT/반도체,"TSMC, 중동 위기 뚫고 ‘어닝 서프라이즈’…1Q 매출 1.13조 대만달러 기...",TSMC가 글로벌 지정학적 위기에도 불구하고 기록적인 1분기 실적을 기록했다.,호재,2026-04-11 07:04,9.6,사실형,97.0
https://n.news.naver.com/mnews/article/011/0004609550?sid=101,IT/반도체,"Z세대 53% “자소서, AI 때문에 변별력 잃었다”…채용 전형 전환 가속","AI 반도체 스타트업에 대규모 자금 유입이 이어지는 가운데, 채용 전형이 전환될 가능성이 커지고 있다.",호재,2026-04-11 05:32,21.9,사실형,55.9
https://n.news.naver.com/mnews/article/011/0004609548?sid=105,IT/반도체,앤스로픽도 ‘자체 칩’ 검토…AI 반도체 전쟁 격화,"앤스로픽이 자체 칩을 개발하는 것을 검토하고 있으며, 글로벌 반도체 기업과 협력하고 있다.",호재,2026-04-11 05:31,19.3,사실형,88.2
https://n.news.naver.com/mnews/article/011/0004609546?sid=105,IT/반도체,물가 오르고 경기는 둔화…금리 인상 ‘신중 모드’,물가 상승과 경기 둔화로 금리 인상이 신중하게 고려되고 있다.,악재,2026-04-11 05:29,18.8,사실형,99.4
https://n.news.naver.com/mnews/article/011/0004609549?sid=101,IT/반도체,허태수 GS 회장 “AI 잘 만드는 나라 넘어 잘 쓰는 나라로 도약해야”,Arm은 AI 칩 시스템 효율화를 위해 삼성전자·SK하이닉스와 협력을 확대한다.,호재,2026-04-11 05:32,29.7,사실형,89.2
https://n.news.naver.com/mnews/article/417/0001137568?sid=101,IT/반도체,"[아침밥] 하나증권 ""리노공업 목표가 17만, 반도체 개발 수요 확대 수혜...",하나증권은 리노공업의 목표가를 17만 원으로 상향 조정하고 반도체 개발 수요 확대의 수혜를 예상했다.,호재,2026-04-06 08:09,22.7,사실형,80.1
https://n.news.naver.com/mnews/article/015/0005269377?sid=101,2차전지,"""15만원에 샀는데 상폐라니""…울분 토해낸 금양 주주들",금양 주식이 상폐되자 불만을 토해내는 주주들이 있다.,악재,2026-03-31 21:01,10.5,사실형,97.5
https://n.news.naver.com/mnews/article/008/0005340112?sid=101,제약/바이오,"롯데바이오로직스, 日 제약사와 항암 신약 CDMO 계약 체결",롯데바이오로직스는 일본 소재 글로벌 제약사와 항암 신약 위탁개발생산(CDMO) 수주 계약을 체결했다.,호재,2026-04-06 09:23,11.5,대화형,47.1
https://n.news.naver.com/mnews/article/011/0004607421?sid=101,제약/바이오,"롯데바이오로직스, 日 제약사와 항암 신약 CDMO 계약",롯데바이오로직스는 일본 글로벌 제약사와 항암 신약 위탁개발생산 계약을 체결했다.,호재,2026-04-06 09:45,15.8,사실형,65.4
https://n.news.naver.com/mnews/article/003/0013868862?sid=102,제약/바이오,"SK바이오 ""R&amp;D·해외경쟁력 강화""…인재영입·조직정비",SK바이오사이언스는 연구개발(R&D) 및 글로벌 경쟁력을 강화하기 위해 인재를 영입하고 연구지원 조직을 정비했다.,호재,2026-04-06 09:02,25.0,예측형,27.3
https://n.news.naver.com/mnews/article/029/0003020116?sid=105,제약/바이오,"롯데바이오로직스, 日 글로벌 제약사와 항암 신약 위탁개발 수주",롯데바이오로직스는 일본 제약사와 항암 신약 위탁개발 및 생산 계약을 체결했다.,호재,2026-04-06 10:45,9.9,사실형,59.0
https://n.news.naver.com/mnews/article/015/0005271537?sid=101,IT/반도체,"""SK하이닉스, 2029년 HBM5 출시""",SK하이닉스는 2029년 8세대 고대역폭메모리(HBM5)를 만들기 위해 하이브리드 본딩 공정 도입을 추진한다.,호재,2026-04-06 17:25,15.3,사실형,45.2
https://n.news.naver.com/mnews/article/079/0004138210?sid=101,IT/플랫폼,"""AI, 해킹 주도권까지 쥔다""…'미토스 충격'에 정부 보안 비상",정부는 AI가 사이버보안 영역에서 기존보다 빠른 속도로 취약점을 찾아내고 공격 가능성을 보여주면서 대응 체계를 재정비하기 시작했다.,호재,2026-04-19 05:02,21.4,사실형,68.5
https://n.news.naver.com/mnews/article/417/0001139517?sid=105,IT/플랫폼,"AI의 예고된 역습?…'클로드 미토스' 보안 비상, 정부·기업 긴급 대응체...","AI 모델 '클로드 미토스 프리뷰'가 국내 보안 위협을 가중시키고 있으며, 정부와 기업들이 긴급 대응 체계를 구축하고 있다.",악재,2026-04-17 16:13,25.4,사실형,64.3
https://n.news.naver.com/mnews/article/009/0005668150?sid=105,IT/플랫폼,"""에이전트 수요 잡아야 살아남는다""",앤스로픽이 클로드 코워크를 출시하여 기업 고객을 확보하고 빅테크들의 AI 경쟁을 더욱 격화시켰다.,호재,2026-04-19 17:38,18.4,사실형,77.2
https://n.news.naver.com/mnews/article/117/0004055206?sid=105,IT/플랫폼,"네카오, 실적은 웃고 AI는 숙제…수익화 시점 ‘불확실’","네이버와 카카오가 1분기 실적을 기대할 것으로 보이나, 인공지능(AI) 수익화 시점은 불확실하다.",호재,2026-04-17 15:39,36.3,사실형,69.1
https://n.news.naver.com/mnews/article/243/0000096573?sid=110,IT/플랫폼,AI가 은행 시스템 뒷문 헤집고 다니는 시대 오나[한세희 테크&amp;라이프],"AI 개발사 앤트로픽의 최신 모델 '클로드 미토스'가 소프트웨어 취약점을 찾아내는 성능을 보이며, 사이버 보안 위험을 내포하고 있다고 평가받고 있습니다.",악재,2026-04-18 08:00,26.4,사실형,71.0
https://n.news.naver.com/mnews/article/366/0001157740?sid=105,IT/플랫폼,네카오 1분기 실적 전망 ‘쾌청’… AI 수익화는 ‘아직’,"네이버와 카카오가 올 1분기 견조한 실적을 기록할 것으로 전망되지만, AI 사업은 여전히 투자 단계에 머물며 수익화까지는 시간이 필요할 것으로 보인다.",호재,2026-04-17 14:54,53.2,사실형,62.0
https://n.news.naver.com/mnews/article/055/0001349310?sid=101,IT/플랫폼,"""하늘에서 닭발이 툭…"" 드론과 로봇이 배달하는 배송 혁명 이뤄질까 [...","미국, 핀란드, 중국 등에서 드론과 로봇을 활용한 미래 배송이 현실화되고 있으며, 시간과 비용을 절감하고 배달 사각지대를 해소하는 효과가 있습니다.",호재,2026-04-17 09:00,43.7,추론형,0.8
https://n.news.naver.com/mnews/article/117/0004055202?sid=103,IT/플랫폼,"카드사 흔드는 ‘간편결제’…핀테크 3사, 결제 넘어 ‘락인 경쟁’ 사...",핀테크사들이 결제를 넘어 이용자 자금을 플랫폼에 묶어두는 '잔고 확보 경쟁'에 나선 모습이다.,호재,2026-04-17 15:25,27.9,사실형,84.7
https://n.news.naver.com/mnews/article/008/0005345770?sid=102,IT/플랫폼,"""모바일 간편 예약·결제""…시흥도시공사, 체육시설 이용 시스템 개편",시흥도시공사가 체육시설 통합예약 시스템을 전면 개편해 모바일 중심 이용 환경을 구축하고 행정 효율을 강화했다.,호재,2026-04-17 15:31,15.5,사실형,42.9
https://m.entertain.naver.com/article/215/0001249364,엔터/미디어,K엔터 초대형 동맹…'1조 코첼라' 한국서 나온다,K엔터 4대 대형사들이 함께하는 초대형 프로젝트 '1조 코첼라'가 한국서 개최된다.,호재,2026-04-17 14:13,48.9,예측형,6.5
https://m.entertain.naver.com/article/144/0001110078,엔터/미디어,"“K팝 콘텐츠로 알았는데···” 영베리, 엑셀방송 노예계약 폭로","영베리, 엑셀방송 노예계약 폭로에 대한 반응",악재,2026-04-15 17:35,14.6,추론형,2.5
https://m.entertain.naver.com/article/477/0000603209,엔터/미디어,"타이탄콘텐츠-대원미디어, 버추얼 아이돌 윙스 360도 글로벌 IP 공동사업...",타이탄콘텐츠와 대원미디어가 버추얼 아이돌 윙스 360도 글로벌 IP 공동사업을 시작한다.,호재,2026-04-14 14:50,16.0,사실형,57.0
https://n.news.naver.com/mnews/article/005/0001844047?sid=103,자동차/모빌리티,테슬라 모델YL 가세… 다인승 패밀리카 ‘경계’ 흔든다,테슬라 모델YL이 국내에 상륙하면서 다인승 패밀리카 경쟁 구도가 재편될 것으로 예상된다.,호재,2026-04-19 16:26,20.1,사실형,49.5
https://n.news.naver.com/mnews/article/014/0005509879?sid=101,자동차/모빌리티,'보조금 쇼크' 현대차 美전기차 공장…' HEV 병행' 꺼냈다,"현대차의 미국 전기차 공장인 메타플랜트 아메리카의 출하량이 500대에 그쳐, 미국 정부의 전기차 보조금 폐지로 인한 영향이 나타났습니다.",악재,2026-04-19 18:32,21.6,사실형,76.8
https://n.news.naver.com/mnews/article/023/0003971759?sid=101,자동차/모빌리티,"테슬라에 꽂힌 2040, 美 주식 사듯 산다","테슬라의 판매량이 증가하는 이유는 2040 남성 팬층의 구매력 때문이며, 이들은 미국 주식 사듯 테슬라를 구매하는 것으로 분석된다.",호재,2026-04-20 00:32,32.0,사실형,82.9
https://n.news.naver.com/mnews/article/009/0005667921?sid=103,자동차/모빌리티,"“한국車 따위가 감히” 욕해서 미안…돈 벌면 벤츠, 별 달면 제네시스...","제네시스는 10년 만에 성공을 거두어 프리미엄 브랜드로 성장하였으며, 메르세데스-벤츠와 BMW를 압도하고 글로벌 시장에서 당당히 겨룰 수 있는 브랜드로 인정받고 있습니다.",호재,2026-04-19 07:21,27.3,추론형,6.7
https://n.news.naver.com/mnews/article/022/0004121918?sid=101,자동차/모빌리티,"월 주유비 30만원, “이럴 바엔 전기차 살까?”… 기름값 뛰자 판매 4만...",유가가 오르면서 전기차에 대한 관심이 높아져 3월 국내 전기차 판매가 4만대 돌파했다.,호재,2026-04-19 10:58,21.6,사실형,93.4
https://n.news.naver.com/mnews/article/421/0008897593?sid=103,자동차/모빌리티,'기름값 폭등' 전기차에 밀리던 하이브리드 '부활'…3월 판매 급증,고유가 기조로 전기차에 밀려 잠시 주춤했던 하이브리드 차량이 연비 효율을 앞세워 부활했다.,호재,2026-04-19 07:15,23.8,사실형,80.3
https://n.news.naver.com/mnews/article/008/0005346147?sid=101,자동차/모빌리티,"""코스피 6600을 향해""…종전에 SK하닉 실적까지 호재 겹겹이",코스피가 전고점을 넘어 신고가 경신 가능성을 내다보며 상승장세에 대한 조건이 갖춰졌다는 분석이 나오고 있다.,호재,2026-04-19 14:30,29.8,사실형,89.5
https://n.news.naver.com/mnews/article/016/0002632892?sid=101,IT/플랫폼,‘육천피’에도 K자형 장세는 여전…4월 목표가 하향 리포트 201건,"코스피 최고치 경신에도 K자형 장세가 여전하며, 4월 목표가 하향 리포트가 201건으로 늘어났다.",호재,2026-04-21 11:15,21.5,사실형,96.0
https://n.news.naver.com/mnews/article/079/0004138796?sid=105,IT/플랫폼,"네이버, 印 최대 IT기업 타타 컨설팅 서비스와 업무협약",네이버가 인도 최대 IT기업 타타 컨설팅 서비스와 업무협약을 체결하여 인도 시장을 중심으로 AI·클라우드·B2C 서비스 분야에서 다양한 사업 기회를 탐색한다.,호재,2026-04-20 20:31,46.0,대화형,25.8
https://n.news.naver.com/mnews/article/030/0003419808?sid=101,IT/플랫폼,“환절기 면역력 챙기세요”…동행축제 '건강식' 동행제품 눈길,환절기 면역력을 챙길 수 있는 '면역력 동행제품'이 소비자들의 관심을 끌고 있다.,호재,2026-04-21 09:22,19.2,예측형,33.7
https://n.news.naver.com/mnews/article/648/0000046423?sid=101,IT/플랫폼,"""요즘 누가 TV 보나요""…생존 기로 놓인 홈쇼핑",홈쇼핑 업계가 침체 국면에서 벗어나지 못하고 있는 이유는 시장 현실이 반영된 제도 개선이 이뤄지지 않고 있기 때문이다.,호재,2026-04-21 07:00,12.8,사실형,69.7
https://n.news.naver.com/mnews/article/293/0000083118?sid=101,IT/플랫폼,[업스테이지 상장]③ B2B서 B2C로…'다음' 품고 AI 포털 노린다 [넘버스...,업스테이지가 카카오가 보유한 다음 운영사 에이엑스지(AXZ) 지분 100%를 인수합병(M&A)하고 AI 검색 시장에 진출한다.,호재,2026-04-21 09:16,16.0,사실형,48.5
https://n.news.naver.com/mnews/article/011/0004612645?sid=110,방산/우주항공,[청론직설] “中 광물 패권 위협적…‘탈중국 공급망’ 구축에 사활 걸...,박준혁 한국지질자원연구원 선임연구원은 정부가 광물 분야 컨트롤타워를 조속히 구축하여 자원 정책의 일관성과 통일성을 높여야 한다고 강조했다.,호재,2026-04-20 17:35,33.2,사실형,60.0
https://n.news.naver.com/mnews/article/018/0006262083?sid=100,IT/플랫폼,韓·인도 거리 좁힌다…정부 간 MOU 15건 체결,한국과 인도 양국은 경제·산업·디지털·기후 등 전방위 분야에 걸쳐 총 15건의 양해각서(MOU)를 체결했다.,호재,2026-04-20 17:55,33.2,사실형,74.4
https://n.news.naver.com/mnews/article/421/0008901369?sid=105,IT/플랫폼,美 국방부는 막고 NSA는 쓴다…앤트로픽 '미토스' 혼선,미국 국방부가 앤트로픽을 '공급망 위험' 기업으로 지정했음에도 NSA와 일부 안보 조직에서는 이 회사의 AI 모델 '미토스 프리뷰'를 활용하고 있다.,호재,2026-04-21 05:57,11.7,사실형,90.3
https://n.news.naver.com/mnews/article/014/0005510552?sid=101,IT/플랫폼,일상 파고든 간편결제의 힘… 네카토 선불충전금 1兆 눈앞,네카토 선불충전금이 1조원 돌파를 눈앞에 두고 있다.,호재,2026-04-20 18:35,26.2,사실형,84.7
https://n.news.naver.com/mnews/article/469/0000926530?sid=100,IT/플랫폼,"한·인도 정상, 공급망·경제안보 협력 강화키로... 양국에 '전담 데스크...","한·인도 정상회담에서 양국은 공급망·경제안보 협력을 강화하기로 하며, 장관급 경제협력 플랫폼을 신설하고 전담 데스크를 설치하는 방안을 논의했다.",호재,2026-04-20 19:01,25.0,사실형,91.8
https://n.news.naver.com/mnews/article/277/0005752123?sid=100,IT/플랫폼,"韓-인도, CEPA 개선협상 재개…항만·철강·금융 등 15개 문건 체결","韓-인도, CEPA 개선협상 재개...항만·철강·금융 등 15개 문건 체결",호재,2026-04-20 17:29,22.5,사실형,71.5
https://n.news.naver.com/mnews/article/001/0016032743?sid=101,자동차/모빌리티,"현대차, '아이오닉 3' 공개",현대차가 이탈리아 밀라노에서 세계 최초로 차세대 전기차 '아이오닉 3'을 공개했다.,호재,2026-04-21 09:18,25.1,사실형,87.8
https://n.news.naver.com/mnews/article/001/0016032742?sid=101,자동차/모빌리티,"현대차, '아이오닉 3' 공개",현대차가 이탈리아 밀라노에서 열린 '2026 밀라노 디자인 위크'에서 차세대 전기차 '아이오닉 3'을 세계 최초로 공개했다.,호재,2026-04-21 09:18,25.1,사실형,87.8
https://n.news.naver.com/mnews/article/001/0016032745?sid=101,자동차/모빌리티,"현대차, '아이오닉 3' 공개",현대차가 이탈리아 밀라노에서 차세대 전기차 '아이오닉 3'을 세계 최초로 공개했다.,호재,2026-04-21 09:18,25.1,사실형,96.1
https://n.news.naver.com/mnews/article/008/0005347042?sid=101,자동차/모빌리티,인도서 달리는 현대차…'3륜 전기차'에 전기SUV·제네시스도,현대차가 인도에서 전기 SUV를 출시해 제네시스의 신규 진출도 검토 중이다.,호재,2026-04-21 11:12,19.7,사실형,80.7
https://n.news.naver.com/mnews/article/001/0016032744?sid=101,자동차/모빌리티,"현대차, '아이오닉 3' 공개",현대자동차가 이탈리아 밀라노에서 열린 디자인 행사에서 차세대 전기차 '아이오닉 3'을 세계 최초로 공개했다.,호재,2026-04-21 09:18,25.1,사실형,87.8
https://n.news.naver.com/mnews/article/016/0002632685?sid=101,자동차/모빌리티,"정의선-모디 ‘8년 약속’ 결실…현대차, 3륜 EV로 印 마이크로모빌리티...","현대차는 인도 시장 공략을 위한 맞춤형 모빌리티 전략을 본격화하고, TVS와 함께 3륜 전기차를 공동 개발한다.",호재,2026-04-21 08:34,13.8,사실형,69.5
https://n.news.naver.com/mnews/article/025/0003517613?sid=101,자동차/모빌리티,원전·풍력 “베트남” 차·철강·조선 “인도”…’V·I·P’ 떴다,이재명 대통령의 인도·베트남 순방에 재계 총수들이 대거 동행해 국내 기업들의 '글로벌 사우스' 공략이 본격화하고 있다.,호재,2026-04-21 00:07,27.7,사실형,85.7
https://n.news.naver.com/mnews/article/011/0004612822?sid=101,자동차/모빌리티,실리콘밸리에 간 현대차…‘미래 기술 인재’ 직접 찾는다,현대차그룹이 실리콘밸리에서 'HMG 테크 탤런트 포럼'을 개최하여 AI·로보틱스·자율주행 등 7개 분야 이공계 해외 인재를 모집한다.,호재,2026-04-21 07:32,12.1,사실형,68.1
https://n.news.naver.com/mnews/article/277/0005752160?sid=103,자동차/모빌리티,美 전기차 침체 심상찮다…HMGMA 3월 판매 '500대' 가동 후 최저,"HMGMA의 3월 판매량이 500대에 불과해, 미국 전기차 market의 침체가 심상찮다.",악재,2026-04-20 19:12,10.4,사실형,68.7
https://n.news.naver.com/mnews/article/021/0002785480?sid=110,방산/우주항공,"냉혹해진 국제질서, 냉철해야 할 안보 태세[문화논단]","국제정치의 현실이 더욱 냉혹해질 조짐이 나타나고, 한국은 트럼프 리스크를 관리하고 동맹의 변덕을 억제할 힘을 확보해야 한다.",호재,2026-04-17 11:37,36.0,예측형,38.5
https://n.news.naver.com/mnews/article/310/0000135849?sid=110,방산/우주항공,[최연혁의 북유럽 리포트] K-방산의 국제적 위상과 책임,"K-방산의 국제적 위상과 책임을 고려할 때, 스웨덴의 뼈아픈 실패와 엄격한 기준을 참고하여 우리가 나아가야 할 이정표를 제시한다.",호재,2026-04-18 06:00,66.8,사실형,71.5
https://n.news.naver.com/mnews/article/056/0012164357?sid=100,방산/우주항공,K-방산 돌풍 속 소외된 광주·전남…육성 시급,"광주와 전남은 K-방산 산업에서 뒤떨어져 있으며, 새로운 성장 동력을 키워야 한다.",호재,2026-04-17 07:46,19.6,추론형,0.0
https://n.news.naver.com/mnews/article/001/0016027042?sid=101,방산/우주항공,"[K-VIBE] 전태수의 '웹 3.0' 이야기…전쟁에도 오르는 코스피, 그 이유","전쟁에도 오르는 코스피는 한국 산업 구조가 산업 수요를 키우는 역설에 따라 발생하는 현상이며, 종전 협상 기대감과 반도체 실적 호조도 오르는 요인 중 하나이다.",호재,2026-04-17 10:17,60.8,사실형,59.2
https://n.news.naver.com/mnews/article/082/0001376618?sid=102,방산/우주항공,'국뽕' 한 사발을 누가 마다하리오[논설위원의 뉴스 요리],국가의 자부심을 표현하는 '국뽕'이 최근 대한민국의 방위산업 발전에 대한 자부심으로 상승하고 있다.,호재,2026-04-18 09:01,49.2,사실형,70.1
https://n.news.naver.com/mnews/article/021/0002785429?sid=100,방산/우주항공,"방진회, 16일 자그레브서 ‘한·크로아티아 방위산업 협력의 날’ 개최",방진회는 16일 크로아티아 자그레브에서 '한·크로아티아 방위산업 협력의 날'을 개최하여 K-방산의 기술 경쟁력과 통합 협력 모델을 유럽 시장에 소개했다.,호재,2026-04-17 10:05,19.6,사실형,96.9
https://n.news.naver.com/mnews/article/050/0000105050?sid=101,방산/우주항공,트럼프·유럽 '77년 대서양 동맹' 황혼이혼? [홍영식의 이슈 워치],트럼프 대통령의 대서양 동맹 비판이 유럽과 미국의 관계를 위협하고 있다.,악재,2026-04-17 16:02,37.9,사실형,69.7
https://n.news.naver.com/mnews/article/031/0001023113?sid=105,IT/플랫폼,비슷한 듯 다른 지도 경쟁⋯네이버지도 vs 카카오맵 vs 티맵,"네이버지도, 카카오맵, 티맵이 각자 고도화를 통해 경쟁을 치열하게 하고 있다.",호재,2026-04-19 07:51,61.2,사실형,71.8
https://n.news.naver.com/mnews/article/421/0008898163?sid=105,IT/플랫폼,韓까지 파고든 '미토스 쇼크'…LGU+ 유심 교체[뉴스잇(IT)쥬],"LG유플러스가 전 고객 대상 유심 교체를 진행하며, 펄어비스의 '붉은사막'이 출시 초반 혹평을 딛고 500만 장 이상의 판매고를 올렸다.",호재,2026-04-19 14:28,34.8,사실형,68.8
https://n.news.naver.com/mnews/article/014/0005509851?sid=105,IT/플랫폼,지난해 중고거래 플랫폼 3사 성적표 보니...전략 갈렸다,"당근, 번개장터, 중고나라의 전략이 갈리고 있으며 당근은 광고 수익 모델 기반으로 외형 확장에 나섰지만 번개장터는 수익성 제고를 위한 고도화를 강조하고 있다.",호재,2026-04-19 17:08,25.8,사실형,73.5
https://n.news.naver.com/mnews/article/029/0003022471?sid=101,IT/플랫폼,카드 모집인 ‘축소’ vs 보험 설계사 ‘강세’…엇갈린 영업 전략,"카드 모집인 수는 감소하고 있지만, 보험 설계사의 수는 계속 증가하고 있다.",호재,2026-04-19 17:27,14.5,사실형,78.2
https://n.news.naver.com/mnews/article/014/0005509888?sid=105,IT/플랫폼,2년 연속 흑자 낸 당근… 비결은 '로컬 광고',당근이 2년 연속 흑자 낸 비결은 로컬 광고 유치로 안정적인 수익원을 확보한 것이다.,호재,2026-04-19 18:53,26.7,사실형,72.3
https://n.news.naver.com/mnews/article/030/0003419141?sid=105,IT/플랫폼,"AX현장, SW개발자 전진배치","네이버, 카카오 등 IT기업들이 전방배치 엔지니어(FDE)를 채용하고 있으며, AI 기술의 현장 적용을 강화하는 움직임을 보이고 있다.",호재,2026-04-19 09:01,20.2,사실형,79.9
https://n.news.naver.com/mnews/article/002/0002437822?sid=104,방산/우주항공,트럼프 입만 바라본다고 전쟁을 멈출 수는 없다[인권으로 읽는 세상],트럼프와 네타냐후의 무도한 전쟁은 국제법을 무시하고 민간인과 인프라에 대한 대규모 공격을 자행하고 있다.,악재,2026-04-17 08:56,60.4,사실형,70.6
https://n.news.naver.com/mnews/article/024/0000104893?sid=101,IT/플랫폼,구글맵 상륙에 ‘비상’…국내 지도 앱이 살아남는 법,"네이버지도, 카카오맵, 티맵이 구글맵에 대응하기 위해 기능을 강화하고 있다.",호재,2026-04-18 13:01,34.7,사실형,49.6
https://n.news.naver.com/mnews/article/293/0000082983?sid=105,IT/플랫폼,[콘텐츠 큐레이션] 위기를 기회로 바꾸는 무협 웹툰 3선,"무협 웹툰 3선 '화산귀환', '북검전기', '이세계 착각 헌터'가 최근 큰 인기를 끌고 있다.",호재,2026-04-19 10:00,80.2,예측형,35.0
https://n.news.naver.com/mnews/article/001/0016028871?sid=105,IT/플랫폼,[AI픽] '덕테이프' 뭐길래…챗GPT 이미지 모델 추정에 업계 주목,"덤테이프 AI 모델은 오픈AI 챗GPT의 차기 모델로 추정되고 있으며, 한글 렌더링 오류를 상당 부분 개선했다는 평가를 받고 있다.",호재,2026-04-19 06:17,47.8,사실형,49.3
https://n.news.naver.com/mnews/article/243/0000096605?sid=101,IT/플랫폼,스테이블코인 입법 주춤해도…금융권 선점 경쟁 본격화,금융권은 원화 스테이블코인 입법이 지연되는 사이 시장 선점 경쟁을 본격화하고 있다.,호재,2026-04-19 08:00,44.1,사실형,83.8
https://n.news.naver.com/mnews/article/018/0006260139?sid=101,IT/플랫폼,[VC’s Pick]1조 벽 넘은 ‘업스테이지’…국내 첫 AI 유니콘 등극,국내 첫 AI 유니콘이 된 업스테이지는 한국을 넘어 글로벌 시장에서도 경쟁력 있는 자체 AI 모델을 고도화하고 매출로 증명하는 기업이 되는 것을 목표로 한다.,호재,2026-04-18 08:06,19.5,사실형,71.4
https://n.news.naver.com/mnews/article/366/0001155755?sid=101,제약/바이오,美·이란 휴전 지속 기대에 코스피 2%대 상승…5900선 턱 밑,코스피가 2%대 상승을 기록하며 5900선에 근접했다.,호재,2026-04-10 09:14,54.8,사실형,95.0
https://n.news.naver.com/mnews/article/215/0001248469?sid=101,2차전지,"테슬라, 네덜란드 성적표가 주목되는 이유 [마켓딥다이브]",테슬라의 고도화된 자율주행 기술이 배터리 소모량을 5~10% 증가시킬 것으로 알려져 있습니다.,호재,2026-04-09 14:31,65.2,추론형,0.0
https://n.news.naver.com/mnews/article/003/0013878750?sid=101,2차전지,"신한은행, SK온과 'K-배터리' 해외 확장 지원…생산적금융 협약",신한은행과 SK온이 전기차용 2차전지·ESS 분야의 해외 사업 확대를 지원하기 위한 협약을 체결했다.,호재,2026-04-09 17:13,7.6,사실형,87.5
https://n.news.naver.com/mnews/article/025/0003515247?sid=101,2차전지,"[Biz &amp; Now] 포스코홀딩스, 아르헨 리튬 염호 광권 인수","포스코홀딩스가 아르헨 리튬 염호 광권 인수, 전기차 배터리 생산 규모 확보",호재,2026-04-10 00:02,12.3,사실형,99.3
https://n.news.naver.com/mnews/article/016/0002627581?sid=101,제약/바이오,나프타 쇼크에 원료·포장재 ‘비상’…중동발 공급망 ‘비상등’ 켠 제...,나프타 쇼크로 원료와 포장재 공급이 위협받고 있어 제약업계가 비상 상태에 빠졌다.,호재,2026-04-10 09:13,6.5,추론형,19.5
https://n.news.naver.com/mnews/article/015/0005273290?sid=101,제약/바이오,"이스라엘도 휴전 대열 합류 가능성…코스피, 강세 출발",코스피가 2% 넘게 상승하며 5900선 회복을 시도하고 있다.,호재,2026-04-10 09:01,30.4,사실형,80.4
https://n.news.naver.com/mnews/article/374/0000503547?sid=101,제약/바이오,이란전쟁에 국내 주식 10개 중 7개 녹았다,이란 전쟁 여파로 국내 증시에서 10개 중 7개 종목이 하락했다.,악재,2026-04-10 07:25,61.0,추론형,19.9
https://n.news.naver.com/mnews/article/009/0005663867?sid=105,제약/바이오,요즘 오너 3세들이 열공하는 분야는…대기업들 바이오 영토 확장 러시,"대기업들이 바이오 산업으로 영토를 확장하고 있으며, 오너 3세들이 이 분야에 관심을 두고 사업을 주도하고 있습니다.",호재,2026-04-10 06:21,34.9,사실형,66.9
https://n.news.naver.com/mnews/article/421/0008881340?sid=105,제약/바이오,"황제주서 고꾸라진 삼천당제약…""바이오주 옥석 가리기 중요성 남겨""",삼천당제약이 최근 50% 이상 급락하여 국내 바이오 업계의 신뢰 문제로 확산하는 논란의 중심에 섰다.,악재,2026-04-10 06:20,20.5,사실형,75.1
https://n.news.naver.com/mnews/article/001/0016013344?sid=101,제약/바이오,이란전쟁에 국내 주식 10개 중 7개 녹았다…하락률 1위는,이란 전쟁 여파로 국내 주식 10개 중 7개가 하락한 것으로 나타났습니다.,악재,2026-04-10 07:10,57.9,사실형,87.4
https://n.news.naver.com/mnews/article/215/0001248532?sid=101,제약/바이오,"잘 나가던 국장, 전쟁에 '휘청'...하락률 1위는",이란 전쟁 여파로 국내 증시 상장 종목 70%가 하락한 것으로 나타났다.,악재,2026-04-10 07:36,44.4,사실형,99.0
https://n.news.naver.com/mnews/article/018/0006254356?sid=101,제약/바이오,"바이오 코리아 2026 사전등록 D-8, 글로벌 협력과 투자 열기 고조","바이오 코리아 2026 사전등록 마감 임박, 글로벌 협력과 투자 기회 열리는 중",호재,2026-04-10 08:46,32.3,대화형,28.4
https://n.news.naver.com/mnews/article/417/0001138359?sid=101,제약/바이오,"""인류의 적 '암' 정복""…해외로 뻗는 루닛, 실적 정상화 속도 낸다","루닛은 해외 사업을 중심으로 실적 정상화 속도를 높이며, 암을 정복하는 데 효과적인 방법으로 인정을 받고 있다.",호재,2026-04-10 08:46,27.5,사실형,78.7
https://n.news.naver.com/mnews/article/022/0004119754?sid=101,제약/바이오,‘계약 부풀리기’ 그만… 제약·바이오 공시 뜯어 고친다,금융당국은 제약·바이오 공시 기준을 강화하고 호재성 정보를 부풀리는 행위를 막기 위해 작업에 들어간다.,호재,2026-04-10 06:02,15.6,사실형,54.8
https://n.news.naver.com/mnews/article/018/0006254334?sid=101,제약/바이오,"글로벌 최초 꿀벌 유전자치료제 앞세운 제놀루션, 그린바이오 사업으로...","제놀루션은 글로벌 최초로 꿀벌 낭충봉아부패병 유전자 치료제를 개발하고, 그린바이오 사업을 통해 실적 개선에 나선다.",호재,2026-04-10 08:22,54.5,사실형,44.2
https://n.news.naver.com/mnews/article/421/0008881311?sid=103,제약/바이오,"블록버스터 키우는 K-바이오, 글로벌 항암시장 위해 태평양 건넌다",K-바이오 기업들이 세계 최대 암 학회 AACR 2026에 대거 출전하며 최첨단 항암 기술을 선보일 예정이다.,호재,2026-04-10 06:00,60.4,사실형,45.4
https://n.news.naver.com/mnews/article/022/0004119763?sid=101,제약/바이오,"“다주택 양도세 중과유예, 5월 9일 신청까지 허용”…제약·바이오 공...","정부는 다주택자 양도소득세 중과 유예 기한을 5월 9일로 확정하고, 해당 일까지 토지거래허가 신청 시 중과 적용을 배제한다.",호재,2026-04-10 06:03,22.3,사실형,68.7
https://n.news.naver.com/mnews/article/417/0001138337?sid=101,제약/바이오,"[순혈주의 타파]야인에서 동지로…삼성맨 김태한, HLB 숙원 FDA승인 방점",삼성바이오로직스 전 대표 김태한이 HLB 바이오 부문 총괄 회장으로 선임되어 FDA 승인 결과 발표를 앞두고 중요한 역할을 할 것으로 예상된다.,호재,2026-04-10 05:53,26.6,사실형,65.0
https://n.news.naver.com/mnews/article/018/0006254313?sid=101,제약/바이오,"삼천당, 대만 특허 등록 역설…국제조사보고서·선행특허 ‘외면’ 논란...",삼천당제약은 대만 특허 등록 소식에 넥스트트레이드(NXT)에서 주가가 올라 정규장에서 하락했던 만큼을 회복하는 모습을 보였다.,호재,2026-04-10 08:02,38.0,사실형,60.3
https://n.news.naver.com/mnews/article/018/0006254322?sid=101,제약/바이오,"의약품 원료·포장'직격탄' vs CDMO '미소'...K바이오, 중동전쟁 장기화...","중동전쟁으로 국내 제약·바이오 업계가 본격적인 여파를 맞고 있으며, 원료의약품 업체는 고환율과 원유 공급 중단으로 이중고를 겪고 있지만, CDMO 업체는 고환율에 따른 수익 증가를 기대하고 있다.",호재,2026-04-10 08:12,68.0,사실형,56.9
https://n.news.naver.com/mnews/article/011/0004609247?sid=101,제약/바이오,중동 전쟁에 국내 주식 70% ‘하락’…낙폭 1위는[이런국장 저런주식],코스피·코스닥 시장에서 1920개 종목이 하락해 69%에 달하며 중동 전쟁 여파로 국내 주식 70%가 하락했다.,악재,2026-04-10 08:21,40.8,사실형,90.5
https://n.news.naver.com/mnews/article/417/0001138336?sid=101,제약/바이오,[시대데스크]삼천당제약은 왜 내가 사면 떨어지고 팔면 오를까,삼천당제약의 급등과 급락은 파이프라인과 마일스톤 등 미래가치에 대한 기대감이 가격에 과도하게 선반영된 탓이다.,호재,2026-04-10 05:35,47.2,사실형,41.5
https://n.news.naver.com/mnews/article/009/0005663864?sid=101,제약/바이오,“이럴거면 개별종목 투자했죠”…코스닥액티브 ETF 수익률 왜이래,코스닥액티브 ETF가 출시 한달만에 두자릿수 손실을 기록했다.,악재,2026-04-10 05:55,23.3,사실형,81.2
https://n.news.naver.com/mnews/article/023/0003969952?sid=101,제약/바이오,"1조 몰린 ‘코스닥 액티브 ETF’, 수익률은 지수보다 나빴다",코스닥 액티브 ETF가 수익률 부진을 나타내고 있다.,악재,2026-04-10 00:36,10.8,사실형,79.5
https://n.news.naver.com/mnews/article/018/0006254392?sid=101,제약/바이오,"삼천당 대만 특허, ISR·핵심 선행기술 미반영…‘미국식 표준’ 논란도","삼천당제약이 대만에서 약물 전달 플랫폼 S-PASS 기술 특허 등록을 성공했지만, 핵심 선행기술이 심사 과정에서 인용되지 않은 것으로 확인되어 실질적 경쟁력에 대한 불확실성이 제기되고 있다.",악재,2026-04-10 09:02,46.5,예측형,37.9
https://n.news.naver.com/mnews/article/366/0001155719?sid=101,제약/바이오,"규제 속 성과 ‘속속’…韓 줄기세포치료제, 해외 인허가·임상으로 시...",국내 줄기세포치료제가 해외 허가 및 임상 성과를 거두어 규제 완화 추진에 힘입어 시장 진입을 본격화하고 있다.,호재,2026-04-10 06:01,46.6,사실형,36.4
https://n.news.naver.com/mnews/article/469/0000924639?sid=105,제약/바이오,AI 시대 경제의 새 흐름 '토크노믹스'... 토큰이 곧 돈이고 능력,"AI가 처리하는 데이터 단위 '토큰'이 경제적 가치를 지니며, AI 업계에서 '토크노믹스'라는 새로운 흐름이 등장하고 있다.",호재,2026-04-10 04:30,26.4,사실형,74.9
https://n.news.naver.com/mnews/article/031/0001021984?sid=101,제약/바이오,"삼양家엔 김정수, 한미家엔 임주현…여성 리더십 '부상'",삼양과 한미의 여성 부회장들이 각각 경영을 이끌어 나감에 따라 여성 리더십 부상이 이뤄진다.,호재,2026-04-14 11:20,17.0,사실형,48.9
https://n.news.naver.com/mnews/article/029/0003021581?sid=105,제약/바이오,"약가 개편 대응 비대위, ‘제약바이오 혁신협의체’로 전환",제약바이오 혁신협의체로 전환하는 약가 개편 대응 비대위를 마련했습니다.,중립,2026-04-14 13:59,25.8,추론형,4.0
https://n.news.naver.com/mnews/article/003/0013886539?sid=102,제약/바이오,"약가인하 대응 비대위, '제약바이오 혁신협의체'로 전환",약가인하 대응 비대위가 '제약바이오 혁신협의체'로 이름을 바꿨다.,중립,2026-04-14 13:31,27.6,추론형,4.0
https://n.news.naver.com/mnews/article/215/0001248956?sid=101,제약/바이오,"뉴로핏, 치매 신약 '낙수효과'…""빅파마 계약 목표""",뉴로핏의 치매 신약이 빅파마 계약 목표를 향해 나선다.,호재,2026-04-14 14:28,51.9,추론형,0.0
https://n.news.naver.com/mnews/article/009/0005665681?sid=101,방산/우주항공,"SNT다이내믹스, ‘보안 자격’으로 미 방산시장 문 두드린다",SNT다이내믹스는 미국 방산시장 진입을 위한 보안 자격 'CMMC Lead CCA'를 취득하여 미군 방산 공급망 진입을 위한 필수 조건인 CMMC 레벨2 인증 획득 가능성을 높였다.,호재,2026-04-14 14:01,18.9,사실형,50.9
https://n.news.naver.com/mnews/article/119/0003080479?sid=101,방산/우주항공,첨단 복합소재 공급망 자립 K-방산 강국 도약 최우선 과제,국방첨단 복합소재 공급망 내재화 전략 세미나가 개최되어 K-방산의 소재 단위 취약성을 진단하고 대안을 모색했다.,호재,2026-04-14 14:33,26.2,사실형,77.9
https://n.news.naver.com/mnews/article/081/0003635198?sid=101,방산/우주항공,"SNT다이내믹스, 미 전쟁부 공인 사이버보안 인증자격 취득",SNT다이내믹스 기술정보보호팀장 정기열이 미국 전쟁부 공인 사이버보안 인증 'CMMC Lead CCA'를 취득했다.,호재,2026-04-14 14:58,16.5,사실형,60.8
https://n.news.naver.com/mnews/article/003/0013886816?sid=101,방산/우주항공,"중동發 방산 수요 급증…K방산 4사, 분기 이익 '1조 시대' 개막",중동 국가들의 방산 수요가 급증하여 국내 방산업체들의 실적 성장 국면에 진입하고 있다.,호재,2026-04-14 14:44,28.6,사실형,73.8
https://n.news.naver.com/mnews/article/008/0005343944?sid=102,방산/우주항공,SNT다이내믹스 美 DOW 공인 사이버보안 인증자격 획득,"SNT다이내믹스는 미국 전쟁부 공인 사이버보안 인증자격을 획득하여 국내 방산기업 최초로 CMMC Lv. 1 인증을 받았으며, 오는 7월까지 CMMC Lv. 2 인증을 목표로 하고 있다.",호재,2026-04-14 13:57,34.6,대화형,34.1
https://n.news.naver.com/mnews/article/417/0001138910?sid=102,방산/우주항공,"SNT다이내믹스, 美방산시장 진입 교두보 확보",SNT다이내믹스는 미국 방산시장 진출의 핵심 관문인 사이버보안 인증 분야에서 국내 최초로 성과를 냈습니다.,호재,2026-04-14 13:26,31.0,사실형,67.3
https://n.news.naver.com/mnews/article/421/0008888379?sid=100,방산/우주항공,"이준석 ""중동 위기, 첨단 무기 체계 제공하는 '철의 외교' 제안""",이준석 대표가 중동 분쟁과 호르무즈 해협 위기 대응을 위해 '철의 외교' 제안했다.,호재,2026-04-14 11:53,50.0,사실형,81.9
https://n.news.naver.com/mnews/article/047/0002511926?sid=162,방산/우주항공,"진보당 경기북부 후보들 ""추미애 경기도지사 후보의 방산클러스터 공약...",진보당 경기북부권 기초단체장 후보들이 추미애 더불어민주당 경기도지사 후보의 방산클러스터 공약을 반대했다.,호재,2026-04-14 10:06,29.6,사실형,70.3
https://n.news.naver.com/mnews/article/082/0001375923?sid=102,방산/우주항공,SNT다이내믹스 국내 방산 최초 미 전쟁부 사이버보안 인증 취득,SNT다이내믹스가 미국 방산 계약의 필수 조건인 미 전쟁부 공인 사이버보안 인증을 국내 방산기업 최초로 취득했습니다.,호재,2026-04-14 11:39,15.9,사실형,51.1
https://n.news.naver.com/mnews/article/003/0013885780?sid=102,방산/우주항공,"SNT다이내믹스, 미 방산 사이버보안 '최고 등급' 자격",SNT다이내믹스가 미국 전쟁부(DOW)의 사이버보안 인증 제도인 CMMC를 국내 방산기업 최초로 취득했다.,호재,2026-04-14 10:07,15.3,사실형,46.5
https://n.news.naver.com/mnews/article/437/0000487267?sid=100,방산/우주항공,'글로벌 4대 강국' 첫발 뗐다...K-방산 지난해 '무기 수출' 4위 등극,"한국이 지난해 글로벌 무기 수출시장 점유율에서 세계 4위에 올랐다고 보도되며, K-방산 성장세가 계속될 전망입니다.",호재,2026-04-14 09:56,36.3,추론형,0.1
https://n.news.naver.com/mnews/article/021/0002784470?sid=101,방산/우주항공,차세대 항공엔진·軍 무인체계… ‘한국형 방산’ 더 똑똑해진다,한국기계전기전자시험연구원(KTC)은 2030년까지 방산·우주 시험평가센터를 구축하여 극한 환경 및 우주 환경에서의 소재·부품 평가를 지원한다.,호재,2026-04-14 09:14,29.8,사실형,64.9
https://n.news.naver.com/mnews/article/005/0001843078?sid=101,방산/우주항공,"SNT다이내믹스, 미군 방산 ‘보안 관문’ 선점",SNT다이내믹스가 미국 방산 계약의 필수 조건이 된 사이버보안 인증 제도(CMMC) 핵심 전문가 자격 'Lead CCA'를 국내 방산기업 최초로 확보했다.,호재,2026-04-14 10:17,25.7,사실형,68.1
https://n.news.naver.com/mnews/article/374/0000504294?sid=101,방산/우주항공,"[직설] 미국, 호르무즈 해협 역봉쇄…미-이란 강 대 강 대치 상황은?",미국은 이란에 대한 대이란 압박을 극대화하기 위해 호르무즈 해협 역봉쇄를 시행했다.,호재,2026-04-14 13:39,28.8,추론형,0.0
https://n.news.naver.com/mnews/article/421/0008888698?sid=102,방산/우주항공,"SNT다이내믹스, 美 전쟁부 공인 사이버보안 인증자격 취득",SNT다이내믹스가 미국 전쟁부 공인 사이버보안 인증 자격을 국내 방산기업 최초로 취득했다.,호재,2026-04-14 13:54,19.0,사실형,60.6
https://n.news.naver.com/mnews/article/421/0008887879?sid=100,방산/우주항공,"한국, 지난해 '무기 수출 점유율' 글로벌 4위…K-2 등 대형 계약 영향",한국이 지난해 글로벌 방산 시장에서 '무기 수출 점유율' 4위를 기록했다.,호재,2026-04-14 10:12,30.5,사실형,73.4
https://n.news.naver.com/mnews/article/014/0005507242?sid=101,방산/우주항공,"SNT다이내믹스, 국내 방산기업 최초 美 전쟁부 공인 사이버보안 인증 취...",SNT다이내믹스가 미국 전쟁부 공인 사이버보안 인증 자격을 국내 방산기업 최초로 취득했다.,호재,2026-04-14 09:55,27.8,사실형,42.9
https://n.news.naver.com/mnews/article/293/0000082704?sid=101,방산/우주항공,"[풍산 방산사업 인수전]⑧ 한화 포기, LIG 뛰어들까…변수는 KAI [넘버스...","LIG그룹이 풍산 방위사업부 인수에 참여할지 여부가 관심을 끌고 있으며, 한국항공우주산업(KAI)의 매각 추진 여부가 변수로 지적된다.",호재,2026-04-14 10:21,34.2,사실형,70.7
https://n.news.naver.com/mnews/article/437/0000487277?sid=100,방산/우주항공,"K방산, 무기 수출 점유율 세계 4위…'분쟁 개입' 우려도","K방산, 무기 수출 점유율 세계 4위에 오르며 방산 성장세를 이어가고 있지만, 분쟁 개입 우려도 커지고 있다.",호재,2026-04-14 10:28,75.5,추론형,0.0
https://n.news.naver.com/mnews/article/011/0004610524?sid=102,방산/우주항공,"전 세계 4명 미군 보안 자격, SNT다이내믹스가 국내 첫 문 활짝",SNT다이내믹스가 국내 첫으로 미국 방산 계약 필수 조건인 미 국방부 공인 사이버보안 인증 자격을 획득했다.,호재,2026-04-14 13:31,27.6,사실형,49.6
https://n.news.naver.com/mnews/article/030/0003417729?sid=101,IT/플랫폼,"메타, 디지털 광고 시장서 구글 꺾나…국내 광고 판매액은 1조 돌파","메타가 구글을 추월할 것으로 전망되며, 국내 디지털 광고 시장에서 글로벌 빅테크가 국내 기업을 넘어섰다는 진단이 나와 업계 위기감이 고조되고 있다.",호재,2026-04-14 14:50,27.4,사실형,63.2
https://n.news.naver.com/mnews/article/015/0005274647?sid=101,방산/우주항공,"SNT다이내믹스 정보보호책임자, 미 전쟁부 사이버보안 인증자격 취득",SNT다이내믹스는 미국 전쟁부 공인 사이버보안 인증 자격을 국내 방산기업 최초로 취득했다.,호재,2026-04-14 10:11,17.4,사실형,57.4
https://n.news.naver.com/mnews/article/119/0003080433?sid=105,IT/플랫폼,"'커머스 힘받은' 네이버, '내실경영' 카카오…1분기 역대급 실적 예고","네이버와 카카오가 1분기 실적이 역대급으로 예상되며, 네이버는 커머스 사업부 성장에 힘입어 호실적을 거둘 전망이다.",호재,2026-04-14 13:38,19.0,사실형,63.6
https://n.news.naver.com/mnews/article/003/0013886662?sid=101,자동차/모빌리티,"[현장] 르노코리아 CEO ""필랑트, 현대차·기아의 대안이 될 SUV""",르노코리아의 필랑트가 현대차와 기아의 대안이 될 수 있는 SUV로 성장하고 있다.,호재,2026-04-14 14:06,14.9,사실형,76.1
https://n.news.naver.com/mnews/article/215/0001248964?sid=103,자동차/모빌리티,"르노 코리아, 내년 첫 SDV 출시…""2028년 부산에서 EV 생산""",르노 코리아가 내년부터 소프트웨어 중심 차량(SDV)을 출시하고 2028년부터 부산에서 전기차를 생산할 예정입니다.,호재,2026-04-14 15:07,22.9,사실형,70.1
https://n.news.naver.com/mnews/article/366/0001156734?sid=103,자동차/모빌리티,"르노코리아 “내년 SDV, 내후년 전기차 출시… 자랑하고 싶은 車 만들 것...",르노코리아가 2029년까지 매년 전동화 모델을 선보이기로 했다.,호재,2026-04-14 14:44,32.2,사실형,89.3
https://n.news.naver.com/mnews/article/031/0001022036?sid=101,자동차/모빌리티,"르노코리아 ""2028년 부산공장서 차세대 르노 전기차 생산""","르노코리아는 2028년 부산공장에서 르노그룹의 차세대 전기차를 생산할 예정이며, 매년 신차를 출시하는 등 한국 시장의 전략적 허브로 육성할 계획이다.",호재,2026-04-14 13:35,16.6,사실형,90.6
https://n.news.naver.com/mnews/article/421/0008888748?sid=103,자동차/모빌리티,르노코리아 매년 신차 1종 출시…28년 부산서 자체 전기차 생산(종합),"르노코리아는 2029년까지 매년 1종의 신차를 출시하고, 2028년부터 부산공장에서 차세대 전기차를 생산할 예정입니다.",호재,2026-04-14 14:04,16.8,사실형,79.5
https://n.news.naver.com/mnews/article/001/0016020598?sid=101,자동차/모빌리티,"르노코리아 사장 ""매년 신차 출시…2028년 부산서 전기차 생산""",르노코리아는 매년 신차를 출시하고 2028년부터 부산 공장에서 전기차를 생산할 계획이다.,호재,2026-04-14 12:52,18.7,사실형,96.2
https://n.news.naver.com/mnews/article/629/0000491226?sid=103,자동차/모빌리티,"니콜라 파리 CEO ""르노 선택한 소비자가 자랑스럽게""…중장기 전략 공개...","르노코리아 사장 니콜라 파리, 한국에서 미래 모빌리티 혁신을 선도해 나갈 것이라고 밝혔다.",호재,2026-04-14 14:06,13.8,사실형,79.0
https://n.news.naver.com/mnews/article/366/0001156939?sid=102,IT/반도체,"“공고 졸업하고 생산직 입사, 인생이 달다”… SK하이닉스 직원 글 화...",SK하이닉스 생산직 직원이 온라인 커뮤니티에 자신의 취업 경로와 성과급에 대한 기대치를 공유했다.,호재,2026-04-15 09:17,31.2,사실형,92.1
https://n.news.naver.com/mnews/article/011/0004610854?sid=102,IT/반도체,성과급 수억원 전망에…“하이닉스 생산직인데 인생 달다” 20대 직원 글...,"SK하이닉스 생산직 직원은 수억 원에 달하는 성과급을 기대하며, AI 반도체 수요 확대에 대응하기 위해 생산직 직원 채용을 진행하고 있다.",호재,2026-04-15 09:17,32.8,사실형,77.9
https://n.news.naver.com/mnews/article/018/0006257515?sid=101,IT/반도체,종전 기대에 실적 모멘텀까지…삼성전자·SK하이닉스 동반 강세[특징주...,삼성전자와 SK하이닉스가 미국과 이란 간 종전 협상 재개 기대와 반도체 투자심리 개선으로 장 초반 나란히 강세를 나타낸다.,호재,2026-04-15 09:16,30.5,사실형,80.1
https://n.news.naver.com/mnews/article/008/0005344341?sid=101,IT/반도체,"브로드컴, 메타와 맞춤형 AI 칩 설계 계약 2029년까지 연장",브로드컴과 메타 플랫폼스는 기존 파트너십 계약을 2029년까지 연장하여 메타의 자체 AI 칩 설계를 위한 협력을 강화했다.,호재,2026-04-15 09:16,34.7,사실형,99.2
https://n.news.naver.com/mnews/article/016/0002629797?sid=101,IT/반도체,"낸드의 부활…이익률, 20년來 최고·HBM 추월 전망",낸드가 실적을 크게 끌어올려 삼성전자와 SK하이닉스가 사상 최대 실적을 기록할 것으로 예상된다.,호재,2026-04-15 08:56,46.4,사실형,79.4
https://n.news.naver.com/mnews/article/243/0000096352?sid=101,IT/반도체,"외국인 큰손, 움직이나…'전쟁 수혜주' 4조5천억원 매수세 '전환'",외국인 투자자들은 국내 증시에서 반도체 비중을 줄여 에너지·방산 등 '전쟁 수혜주'로 포트폴리오를 재편하고 있다.,호재,2026-04-15 09:09,27.9,사실형,94.2
https://n.news.naver.com/mnews/article/023/0003970932?sid=101,IT/반도체,"‘꿈틀대는 외국인 투자자’, 보름 만에 한국채권·주식 8조원 순매수",외국인 투자자들이 한국 채권과 주식 8조원 이상을 순매수로 사들여 국내 금융시장의 하단이 단단해질 수 있는 기대가 나온다.,호재,2026-04-15 09:10,14.7,사실형,89.1
https://n.news.naver.com/mnews/article/374/0000504461?sid=104,IT/반도체,"뉴욕증시, 종전 기대감 지속에 상승…S&amp;P500 최고치 근접",뉴욕증시는 미국과 이란의 종전 협상 재개 기대감에 강세를 보이며 S&P 500 지수가 사상 최고치를 근접했습니다.,호재,2026-04-15 08:52,35.7,추론형,0.1
https://n.news.naver.com/mnews/article/029/0003021720?sid=101,IT/반도체,평택 부동산 회복 기대감 확산 속 ‘힐스테이트 평택역센트럴시티’ 분...,"평택 부동산 시장이 완만하게 회복하고, 미분양 물량도 줄어들면서 기대가 높아지고 있다.",호재,2026-04-15 08:52,46.2,사실형,75.3
https://n.news.naver.com/mnews/article/011/0004610853?sid=101,IT/반도체,왜 미국 투자자는 삼성전자를 SK하이닉스보다 더 선호할까[갭 월드],미국 투자자들은 삼성전자를 SK하이닉스보다 더 선호하는 이유는 삼성전자의 이익 창출 능력이 완전히 새로운 차원에 진입했기 때문이다.,호재,2026-04-15 09:15,40.7,사실형,73.7
https://n.news.naver.com/mnews/article/052/0002340951?sid=104,IT/반도체,중동발 공급망 '빨간불'...산업 전반 경고음 확산,"중동발 공급망에서 빨간불이 켜졌고, 정부는 대비 중인 것으로 보인다.",호재,2026-04-15 08:54,40.5,추론형,0.4
https://n.news.naver.com/mnews/article/421/0008890153?sid=101,IT/반도체,"수출입은행, 두산그룹 AI 대전환·글로벌 초격차 5조 지원",한국수출입은행이 두산그룹에 5조 원의 금융 지원을 약속했다.,호재,2026-04-15 09:03,18.0,사실형,82.1
https://n.news.naver.com/mnews/article/016/0002629789?sid=101,IT/반도체,"수출입은행, 두산 AI 전환에 5조 금융지원",한국수출입은행은 두산그룹의 AI 전환과 글로벌 초격차 확보를 위해 5조원의 금융 지원에 나선다.,호재,2026-04-15 08:50,27.0,사실형,78.3
https://n.news.naver.com/mnews/article/629/0000491472?sid=101,IT/반도체,종전 기대감에 반도체 폭주까지…코스피 6100선 돌파,코스피는 6100선을 회복하며 6141.72를 기록했다.,호재,2026-04-15 09:20,71.5,사실형,78.3
https://n.news.naver.com/mnews/article/018/0006257512?sid=101,IT/반도체,"코스피, 종전 협상 기대에 '6000피' 안착…SK하이닉스 신고가","코스피가 2%대 상승 출발하면서 6000포인트에 안착했으며, SK하이닉스는 신고가를 기록했다.",호재,2026-04-15 09:15,46.1,사실형,84.2
https://n.news.naver.com/mnews/article/018/0006257461?sid=100,IT/반도체,전남·광주시장 ‘올인’ 이정현 “30% 혁명 필요”…민심 호소,이정현 전 공천관리위원장은 전남·광주 지역의 산업 발전을 위해 30% 혁명이 필요하다고 주장했다.,호재,2026-04-15 08:35,35.7,사실형,80.5
https://n.news.naver.com/mnews/article/366/0001156924?sid=101,IT/반도체,"수출입銀, 두산 AI 전환에 5조원 지원",한국수출입은행이 두산그룹에 5조원 지원한다.,호재,2026-04-15 08:58,14.1,사실형,84.3
https://n.news.naver.com/mnews/article/009/0005666068?sid=102,IT/반도체,"“공고 졸업하고 입사, 인생 달다”…‘7억 성과급’ 전망 SK하이닉스 직...","SK하이닉스 직원 A씨가 자신의 인생이 달라고 글로 밝히며, 자신의 입사 과정과 경험이 화제를 모으고 있다.",호재,2026-04-15 09:03,23.9,사실형,81.8
https://n.news.naver.com/mnews/article/016/0002629777?sid=101,IT/반도체,[인터뷰] “성장 없으면 떠난다”…최준원 지사장이 본 ‘커리어 포트폴...,"금융과 회계 분야의 81%가 1년 내 이직 계획을 가지고 있으며, 경력 개발이 이직의 1순위가 되고 있다.",호재,2026-04-15 08:36,24.9,사실형,83.0
https://n.news.naver.com/mnews/article/014/0005507843?sid=101,IT/반도체,반도체 호황에도 청년 고용률 23개월 연속 하락..'중동전쟁' 4월 고용시...,"반도체 호황에도 청년 고용률 23개월 연속 하락, 중동전쟁 영향으로 4월 고용지표 악화 가능성",악재,2026-04-15 09:06,23.4,사실형,78.9
https://n.news.naver.com/mnews/article/092/0002418691?sid=105,IT/반도체,"엔비디아, PC 제조사 인수설 부인...""사실 아니다""",엔비디아가 PC 제조사 인수설을 부인했다.,호재,2026-04-15 08:29,35.1,사실형,95.6
https://n.news.naver.com/mnews/article/014/0005507813?sid=101,IT/반도체,"성과급만 7억...""공고 나와 하이닉스 생산직, 인생이 달다"" 가성비 루트...","SK하이닉스 직원은 자신의 입사 과정과 성과급에 대해 블라인드 글을 올렸고, 메타인지의 중요성을 강조했다.",호재,2026-04-15 08:30,49.1,사실형,80.1
https://n.news.naver.com/mnews/article/014/0005507817?sid=101,IT/반도체,반도체 호황에도 청년층 취업난 지속..고용률 23개월 연속 하락,반도체 업황의 호황에도 청년층 취업난은 23개월 연속으로 지속되고 있다.,호재,2026-04-15 08:31,24.6,사실형,72.8
https://n.news.naver.com/mnews/article/030/0003417878?sid=105,IT/반도체,"브로드컴·메타, 탈 엔비디아 속도…맞춤형 AI 인프라 협력 확대","브로드컴과 메타가 맞춤형 AI 인프라 협력 확대, 엔비디아와의 경쟁 강화",호재,2026-04-15 08:25,32.7,사실형,81.0
https://n.news.naver.com/mnews/article/277/0005750218?sid=101,IT/반도체,"JK머티리얼즈, 세종공장 설치검사 통과…영업허가 신청 본격 착수",JK머티리얼즈가 세종공장의 유해화학물질 취급시설 설치검사를 통과하여 영업허가 신청을 본격화했다.,호재,2026-04-16 08:50,9.6,사실형,45.4
https://n.news.naver.com/mnews/article/008/0005344936?sid=101,IT/반도체,몸값 몇 배 뛰었는데 존속 의문?…RCPS 착시 빠진 퓨리오사AI,퓨리오사AI가 2024년과 2025년에 이어 회계감사에서 존속 능력에 유의미한 의문이 든다는 평가를 받았다.,악재,2026-04-16 09:00,57.0,사실형,68.7
https://n.news.naver.com/mnews/article/055/0001349007?sid=101,IT/반도체,[친절한 경제] 빅테크 줄이고 성장기업으로…'수익률 10배' 성과,"나스닥 ETF의 성적표가 다르다, 액티브 ETF가 패시브 ETF보다 10배 이상 수익률이 높다.",호재,2026-04-16 09:04,28.5,추론형,0.1
https://n.news.naver.com/mnews/article/243/0000096425?sid=101,IT/반도체,"8%↑ 7000선 뚫었다 ""삼성 땡큐""…테슬라 주가 폭풍 랠리 [자율株 코너링...",테슬라 주가가 8% 급등하며 7000선 뚫었다. 미국 뉴욕증시가 사상 최고치를 경신하며 시장 상승을 이끌었다.,호재,2026-04-16 09:04,21.4,사실형,83.7
https://n.news.naver.com/mnews/article/018/0006258231?sid=101,IT/반도체,"KB운용 ‘RISE 대형고배당10TR ETF’, 순자산 5000억 돌파",KB자산운용의 'RISE 대형고배당10TR ETF' 순자산이 5000억원을 돌파했다.,호재,2026-04-16 08:44,24.4,사실형,88.1
https://n.news.naver.com/mnews/article/003/0013890586?sid=105,IT/반도체,"""K-문샷 프로젝트 이끌 총괄 책임자 찾습니다""…과기정통부 모집 공고",과기정통부는 K-문샷 프로젝트 총괄 책임자(PD)를 모집한다.,중립,2026-04-16 09:00,57.5,대화형,35.6
https://n.news.naver.com/mnews/article/092/0002418865?sid=105,IT/반도체,"상용화 원년 맞은 K-AI 반도체, 매출 성장 '껑충'",K-AI 반도체는 상용화 원년을 맞아 매출 성장률이 3.1배로 급증했다.,호재,2026-04-16 09:04,54.1,사실형,73.9
https://n.news.naver.com/mnews/article/417/0001139200?sid=102,IT/반도체,"""일자리 2만5789개 만든다"" 용인시, 반도체 중심 총력",용인시가 2만5789개의 일자리를 창출하기 위해 반도체 중심 총력을 다하고 있다.,호재,2026-04-16 08:46,38.5,사실형,73.1
https://n.news.naver.com/mnews/article/003/0013898529?sid=101,IT/반도체,2차 협상 불확실성에도 SK하이닉스 3%대 강세 마감[핫스탁](종합),SK하이닉스는 호실적에 대한 기대감과 메모리 가격 상승으로 인해 3%대 강세로 마감했다.,호재,2026-04-20 16:06,25.6,사실형,77.1
https://n.news.naver.com/mnews/article/016/0002632466?sid=100,IT/반도체,"민주당 AI강국위, ‘피지컬AI 규제특례 특별법 논의 라운드테이블’ 개...",더불어민주당 AI강국위원회는 '피지컬 AI 최강국 도약을 위한 입법 논의 라운드 테이블'을 개최해 규제 혁신 및 범국가적 지원책을 논의했다.,호재,2026-04-20 16:33,22.6,사실형,63.2
https://n.news.naver.com/mnews/article/014/0005510443?sid=101,IT/반도체,외인·기관은 '삼전·하닉' 쓸어 담고…개미는 반도체 하락에 베팅,"외국인과 기관은 삼전·하닉을 사들여 코스피를 반등시키고 있지만, 개인 투자자는 반도체 대형주를 대거 팔아치우고 있다.",호재,2026-04-20 16:25,30.6,사실형,79.8
https://n.news.naver.com/mnews/article/001/0016031920?sid=105,IT/반도체,"SK하이닉스 대표 ""AI는 산업표준…협력사와 상생범위 넓힐 것""",SK하이닉스 대표가 AI 시대에 협력 기반을 다지고 상생협력의 깊이와 범위를 넓힐 것이라고 밝혔다.,호재,2026-04-20 16:16,17.2,사실형,88.8
https://n.news.naver.com/mnews/article/417/0001139800?sid=101,IT/반도체,"""반도체 골든타임은 뒷전""…45조 요구에 삼성 노사 협상 '시계제로'",삼성전자 노조의 총파업이 현실화할 경우 회사에 미치는 영향이 클 거란 전망이 제기된다.,악재,2026-04-20 16:14,17.5,사실형,69.5
https://n.news.naver.com/mnews/article/293/0000083080?sid=101,IT/반도체,"고영, AI로봇 주력…배당성향 20% 목표","고영이 신사업 확장과 배당성향 유지에 대한 계획을 발표하며, AI로봇 주력과 글로벌 경쟁력을 강화하는 방침을 발표했다.",호재,2026-04-20 16:20,14.1,사실형,85.3
https://n.news.naver.com/mnews/article/018/0006262004?sid=101,IT/반도체,“삼전닉스 오를텐데 변동성은 불안”…‘반도체 커버드콜’ ETF 나왔다,미래에셋이 반도체 성장세를 따라가면서 손실을 방어하는 '반도체 커버드콜' ETF를 출시한다.,호재,2026-04-20 16:22,20.9,사실형,86.8
https://n.news.naver.com/mnews/article/023/0003971922?sid=105,IT/반도체,"CPU, AI 에이전트 타고 화려한 부활...GPU·메모리 따라 품귀 현상에 가...",인텔의 데이터센터용 CPU 제온 6 시리즈가 AI 에이전트의 본격화로 인해 중요성이 다시 커져 부족 현상과 가격 상승을 겪고 있다.,호재,2026-04-20 16:22,29.9,사실형,92.7
https://n.news.naver.com/mnews/article/030/0003419657?sid=105,IT/반도체,[단독]아몬 퀄컴 CEO 방한…삼성 이어 SK하이닉스까지 만난다,"아몬 퀄컴 CEO가 삼성전자와 SK하이닉스 CEO를 만난 것으로 알려져, 퀄컴이 데이터센터 AI 시장 진출을 위해 메모리 공급망 확보를 위해 협력하는 것으로 풀이된다.",호재,2026-04-20 16:34,34.6,사실형,66.4
https://n.news.naver.com/mnews/article/003/0013898542?sid=101,IT/반도체,"SK하이닉스, 동반성장협의회 정기총회 개최…""협력사 중심 협력체계 전...",SK하이닉스는 협력사 중심의 협력 체계를 강화하며 인공지능(AI) 시대 반도체 공급망 경쟁력 제고에 나섰다.,호재,2026-04-20 16:13,6.2,사실형,83.2
https://n.news.naver.com/mnews/article/366/0001158299?sid=105,IT/반도체,"보스반도체, 베이징 모터쇼 ‘오토 차이나’ 참가… 글로벌 시장 공략","보스반도체는 베이징 모터쇼 '오토 차이나'에서 자율주행 및 SDV 구현에 필수적인 AI 반도체 기술을 선보이며, 이를 로봇 등 다양한 피지컬 AI 분야로 확장할 수 있는 기술 경쟁력을 강조한다.",호재,2026-04-20 16:22,21.8,사실형,55.5
https://n.news.naver.com/mnews/article/656/0000174311?sid=101,IT/반도체,일주일 새 코스피 7%·코스닥 6.8% 급등…충청 상장도 '방긋',코스피와 코스닥이 일주일 새 각각 7%와 6.8% 급등하며 충청권 상장사들도 상승세에 동참했다.,호재,2026-04-20 16:34,39.1,사실형,89.2
https://n.news.naver.com/mnews/article/629/0000493022?sid=101,IT/반도체,"우리금융, 생산적·포용 금융 '속도전'…계열사 시너지 총가동","우리금융그룹이 주요 계열사 최고경영자와 함께 '4월 첨단전략산업금융협의회'를 개최, 생산적·포용 금융 추진 속도를 높일 것을 당부했다.",호재,2026-04-20 16:32,27.6,사실형,88.7
https://n.news.naver.com/mnews/article/092/0002419352?sid=105,IT/반도체,"SK하이닉스 ""AI 시대 협력사와 공급망 경쟁력 강화""",SK하이닉스가 협력사와 함께 AI 시대 반도체 공급망 경쟁력을 강화하기 위한 동반성장 전략을 본격화한다.,호재,2026-04-20 16:11,8.7,사실형,86.1
https://n.news.naver.com/mnews/article/422/0000856937?sid=101,IT/반도체,"미·이란 갈등 재점화에도 코스피 6,200선 사수","코스피 6,200선 사수에 반도체 대장주 SK하이닉스가 이끌었다.",호재,2026-04-20 16:07,41.4,사실형,29.1
https://n.news.naver.com/mnews/article/001/0016031909?sid=101,IT/반도체,"코스피, 미·이란 긴장속 소폭상승 6,210선…하이닉스 실적기대(종합)","코스피는 미·이란 긴장 속에 소폭 상승해 6,210선 마감했다.",호재,2026-04-20 16:11,58.5,사실형,95.0
https://n.news.naver.com/mnews/article/018/0006261981?sid=101,IT/반도체,"SK하닉 곽노정 ""지난해 성과, 협의회 회원사 헌신·협력 덕""","SK하닉 곽노정 사장이 지난해 성과를 협의회 회원사들의 헌신과 협력에 빗대며, 향후 상생협력의 깊이와 범위를 넓혀 나갈 것이라고 밝혔다.",호재,2026-04-20 15:58,10.5,사실형,99.1
https://n.news.naver.com/mnews/article/031/0001023409?sid=105,IT/반도체,"SK하이닉스, 협력사와 AI 공급망 강화…곽노정 ""상생 확대""","SK하이닉스가 협력사와 AI 공급망 협력을 강화하고, 협력사 경쟁력을 높이고 공급망 전반의 안정성을 강화하기 위해 노력한다.",호재,2026-04-20 16:00,12.4,사실형,76.0
https://n.news.naver.com/mnews/article/030/0003419621?sid=105,IT/반도체,"SK하이닉스, 동반성장협의회 개최…AI 시대 협력 전략 공유",SK하이닉스는 협력사와의 동반성장 전략을 재정비하며 인공지능(AI) 시대 공급망 경쟁력 강화에 나섰다.,호재,2026-04-20 15:50,11.2,사실형,82.6
https://n.news.naver.com/mnews/article/421/0008898723?sid=101,2차전지,"""페인트 떼고 반도체·2차전지""…삼화·노루·조광 '첨단소재' 전환 속도","삼화, 반도체 패키징용 EMC 제품 상용화로 첨단소재 기업으로의 변화를 시작한다.",호재,2026-04-20 06:10,10.4,사실형,72.2
https://n.news.naver.com/mnews/article/008/0005346688?sid=101,IT/반도체,"LG화학, 롯데케미칼, SK케미칼…'차이나플라스 2026' 참가","LG화학, 롯데케미칼, SK케미칼이 '차이나플라스 2026' 전시회에 참가하여 다양한 소재를 전시한다.",호재,2026-04-20 16:20,11.2,사실형,48.7
https://n.news.naver.com/mnews/article/119/0003082553?sid=101,IT/반도체,"SK하이닉스, 동반성장협의회 개최…협력사 경쟁력까지 챙긴다",SK하이닉스는 협력사의 경쟁력 제고와 인공지능 반도체 시장 지위 강화를 위해 동반성장협의회 정기총회를 개최했다.,호재,2026-04-20 16:02,5.5,사실형,85.3
https://n.news.naver.com/mnews/article/003/0013896955?sid=101,2차전지,"탑머티리얼, 무전구체 기반 LFP 합성기술 특허 등록",탑머티리얼이 무전구체 기반 LFP 합성 기술에 대한 특허 등록을 완료했다.,호재,2026-04-20 09:22,43.7,사실형,90.3
https://n.news.naver.com/mnews/article/018/0006261978?sid=101,IT/반도체,"""우주에 데이터센터 만들자"" 국회 포럼 출발...'AI·우주 시대' 준비","국회와 산학연이 우주 데이터센터 산업화를 본격 추진하고, 지상 데이터센터의 구조적 한계를 돌파할 차세대 인프라 전략을 논의했다.",호재,2026-04-20 15:54,40.4,사실형,59.5
https://n.news.naver.com/mnews/article/088/0001006368?sid=102,IT/반도체,"""반도체 인재 1,258명 초과 양성"" 경북대, 교육부에 반도체 특성화대 성...","경북대학교는 교육부와 한국산업기술진흥원에서 주최하는 '2026년 첨단산업 특성화대학 성과 교류회'에서 반도체 인재 1,258명을 초과 양성했다.",호재,2026-04-20 15:59,38.3,사실형,83.0
https://n.news.naver.com/mnews/article/030/0003419624?sid=110,IT/반도체,[IP Views] 국가연구개발전략 대혁신해야,"국가연구개발전략을 대혁신해야 하며, 연구성과 확산을 위한 '확대 재생산 선순환 사이클' 구축이 필요하다.",호재,2026-04-20 15:57,85.4,예측형,18.6
https://n.news.naver.com/mnews/article/648/0000046162?sid=101,제약/바이오,中 설비 인증·유럽 수주 공세…국내 CDMO 경쟁 압박 가중,중국 이노반트의 자회사 알트루이스트가 중국 국가약품감독관리국(NMPA)로부터 의약품 제조 라이선스를 획득하여 국내 CDMO 경쟁 압박을 가중시켰다.,호재,2026-04-11 10:00,21.6,사실형,49.1
https://n.news.naver.com/mnews/article/028/0002800238?sid=103,제약/바이오,"[치유와 동행] 입센코리아, 희귀질환 환아 가족과 나들이 행사",입센코리아는 희귀질환 환아 가족과 나들이 행사를 진행하여 가족 모두에게 의미 있는 휴식의 시간을 제공했다.,호재,2026-04-10 19:04,12.6,예측형,32.9
https://n.news.naver.com/mnews/article/032/0003439170?sid=101,제약/바이오,“천당에서 지옥으로”…잘 나가던 코스닥 발목 잡은 ‘삼천당 쇼크’...,삼천당제약 사태는 국내 제약·바이오 주식의 고질적인 문제를 드러내고 있다.,악재,2026-04-11 07:00,25.4,사실형,76.5
https://n.news.naver.com/mnews/article/015/0005273576?sid=103,제약/바이오,[주목! 이 책] 신약의 전쟁,윤태진 지음이 글로벌 제약 산업의 경쟁을 분석한 책이 출간되었다.,중립,2026-04-10 18:19,17.2,사실형,52.7
https://n.news.naver.com/mnews/article/119/0003079473?sid=100,제약/바이오,투자유치 30조·경제자유구역·국가무역항 신설…정명근 화성시장 예비...,"화성시장 예비후보 정명근이 투자유치 30조 달성, 경제자유구역 지정, 국가무역항 신설 등 미래첨단 산업도시 건설 공약을 발표했다.",호재,2026-04-11 11:14,30.9,사실형,92.2
https://n.news.naver.com/mnews/article/003/0013881686?sid=102,제약/바이오,"""K바이오 산업 자체가 미성숙"" vs ""일부 기업 문제일 뿐""[삼천당제약 거...",삼천당제약 논란이 바이오 산업 전반에 대한 부정적 시선으로 번지지 않도록 경계하고 있다.,호재,2026-04-11 14:01,39.3,사실형,87.5
https://n.news.naver.com/mnews/article/015/0005273562?sid=101,제약/바이오,"초반 부진한 코스닥액티브, 종목 대대적 교체","코스닥액티브 ETF가 초반 부진을 이유로 포트폴리오를 대대적으로 교체하고, 반도체 소부장 종목을 확대, 바이오를 줄이고 광통신·K뷰티를 포함한 수출 테마에 집중했다.",호재,2026-04-10 18:10,13.8,사실형,87.5
https://n.news.naver.com/mnews/article/018/0006254968?sid=101,제약/바이오,"[임상 업데이트] 젬백스, 진행성핵상마비 2상 CSR 수령…GV1001 안전성 재...",젤백스는 진행성핵상마비 2상 CSR를 수령하여 GV1001의 안전성을 재확인했다.,호재,2026-04-11 06:47,36.4,사실형,50.4
https://n.news.naver.com/mnews/article/277/0005748010?sid=101,제약/바이오,[주末머니] “중동발 진통에도 코스피 아직 싸다”,코스피는 중동 리스크에도 비중 확대 전략이 유효하다는 전망,호재,2026-04-11 08:26,27.8,사실형,68.4
https://n.news.naver.com/mnews/article/015/0005273560?sid=101,제약/바이오,코스닥서 발 뺀 연기금…4월에만 2334억 순매도,"코스닥에서 2334억 원의 순매도가 발생했으며, 바이오 기업에 대한 투자심리가 축소된 것으로 보인다.",악재,2026-04-10 18:05,32.0,사실형,45.7
https://n.news.naver.com/mnews/article/031/0001021439?sid=102,제약/바이오,"“화성, 국가무역항 들어선다”…정명근 예비후보, 화성시 투자유치 30...","화성시의 미래첨단 산업도시 건설을 위한 공약을 발표한 정명근 예비후보가 투자유치 30조원 달성, 화성경제자유구역 지정, 화성 국가무역항 신설 등을 약속했다.",호재,2026-04-11 13:47,38.6,사실형,78.3
https://n.news.naver.com/mnews/article/277/0005748011?sid=102,제약/바이오,"정명근 ""이번엔 투자유치 30조 시대…화성, 동북아 허브로 만들 것""",정명근 화성시장 예비후보가 화성의 미래 100년을 책임질 파격적인 경제 행보를 선언했다.,호재,2026-04-11 08:25,27.8,사실형,73.8
https://n.news.naver.com/mnews/article/018/0006254962?sid=101,제약/바이오,"美FDA, 임상시험·바이오시밀러 승인 간소화 추진[제약·바이오 해외토...",미국 식품의약국(FDA)이 임상시험과 바이오시밀러 승인 간소화를 추진한다.,호재,2026-04-11 06:02,44.6,사실형,46.5
https://n.news.naver.com/mnews/article/001/0016015418?sid=101,제약/바이오,"[바이오사이언스] 간암 1차 치료, 생존 2년 벽 넘본다","간암 1차 치료에서 새로운 이정표가 세워졌으며, 옵디보-여보이 병용요법이 전체 생존 기간 23.7개월을 기록했다.",호재,2026-04-11 08:00,55.8,사실형,53.1
https://n.news.naver.com/mnews/article/003/0013881665?sid=102,제약/바이오,"""한방 터진다"" 기대감에 바이오 몰빵…한순간 '아수라장'[삼천당제약 거...",삼천당제약의 계약 논란으로 바이오 업계가 신뢰를 잃고 버블 현상이 반복되는 상황이다.,악재,2026-04-11 13:01,22.6,사실형,71.4
https://n.news.naver.com/mnews/article/422/0000853941?sid=101,제약/바이오,[듣는뉴스/알아BIO] 중동 사태로 의료 소모품도 품절 대란?,중동 사태로 의료 소모품 수급이 불안해지고 있다.,호재,2026-04-11 13:00,26.1,추론형,0.0
https://n.news.naver.com/mnews/article/296/0000099423?sid=101,제약/바이오,HK이노엔 이어 JW중외도...中서 수혈한 GLP-1 비만약 경쟁력은?,HK이노엔과 JW중외제약이 GLP-1 계열 비만 신약 후보물질을 해외에서 도입했다.,호재,2026-04-10 17:42,25.6,사실형,57.8
https://n.news.naver.com/mnews/article/215/0001248635?sid=101,제약/바이오,'큰 손' 변심했나…코스닥서 2300억 던진 배경은,"국민연금이 코스닥 시장에서 2,334억원 규모의 주식을 순매도했다.",악재,2026-04-10 20:46,33.6,사실형,91.8
https://n.news.naver.com/mnews/article/422/0000853846?sid=102,제약/바이오,"[알아BIO] ""의료현장도 수급 불안""…의료 소모품도 부족 우려",중동 사태로 의료 소모품 수급이 불안정해지면서 의료 현장에 위기가 닥치고 있다.,호재,2026-04-11 06:01,51.2,추론형,1.0
https://n.news.naver.com/mnews/article/117/0004052810?sid=103,제약/바이오,"소니메디, 락토페린 흡수율 높인 나노 신소재 '히알페린' 독자 기술 확보",소니메디가 락토페린 흡수율을 높인 나노 신소재 '히알페린' 기술을 독자적으로 확보했다.,호재,2026-04-10 16:48,46.1,사실형,45.0
https://n.news.naver.com/mnews/article/015/0005273506?sid=101,제약/바이오,열흘 만에 주식 2000억 던졌다…증시 '큰손' 돌변한 이유,국내 주식시장의 '큰손' 연기금이 1분기 동안 사들인 금액을 단 열흘 만에 대부분 쏟아내는 등 엑시트 열풍이 불고 있다.,호재,2026-04-10 17:09,33.7,사실형,77.2
https://n.news.naver.com/mnews/article/008/0005342674?sid=101,제약/바이오,"주말 종전 '희소식' 들릴까…또 한번 출렁일 증시, 이 '업종' 주목",미국과 이란의 대면 종전 협상에 대한 기대감이 국내 증시 강세에 반영된 것으로 분석된다.,호재,2026-04-10 17:08,57.2,사실형,78.4
https://n.news.naver.com/mnews/article/014/0005505874?sid=101,제약/바이오,'제약 이슈'에 못 가는 코스닥…외국인 수급이 올릴까,코스닥이 코스피보다 부진한 상승률을 보이며 바이오주 부진이 원인으로 보인다.,호재,2026-04-10 16:57,29.5,사실형,94.0
https://n.news.naver.com/mnews/article/009/0005664223?sid=105,제약/바이오,"보이지 않는 ‘스텔스 암세포’ 추적…K바이오, 미세잔존질환 진단 시장...","미세잔존질환 진단 기술이 암 치료 성패 판단에 중요한 역할을 하며, 글로벌 시장은 2035년까지 7조6000억원 규모로 성장할 전망이다.",호재,2026-04-10 17:08,36.2,사실형,42.7
https://n.news.naver.com/mnews/article/138/0002224090?sid=101,제약/바이오,"돌아온 외국인, 휴전 기대에 1.1조 순매수…코스피, 5850선 회복","코스피가 10일 1% 넘게 오르며 5850선을 회복, 외국인이 1조원 넘게 순매수했다.",호재,2026-04-10 17:28,67.4,사실형,96.8
https://n.news.naver.com/mnews/article/015/0005273520?sid=105,제약/바이오,K바이오의약품 1분기 수출액 사상 최대,K바이오의약품 1분기 수출액이 사상 최대인 20억달러를 기록했다.,호재,2026-04-10 17:31,22.8,사실형,56.1
https://n.news.naver.com/mnews/article/421/0008883028?sid=105,제약/바이오,"삼성바이오로직스, 유럽 위탁생산 수주 2796억→3499억 증액",삼성바이오로직스는 유럽 소재 제약사와의 계약을 2796억 원에서 3499억 원으로 증액했다.,호재,2026-04-10 16:57,23.6,사실형,76.0
https://n.news.naver.com/mnews/article/037/0000037978?sid=101,제약/바이오,"돌아온 외국인, 사상 최대 분기 실적 삼성전자 집중 매입",외국인 투자자가 사상 최대 분기 실적을 기록한 삼성전자에 집중 매입했다.,호재,2026-04-10 17:35,16.8,사실형,58.4
https://n.news.naver.com/mnews/article/138/0002224106?sid=105,방산/우주항공,팔란티어 영향력 커지는 K-방산… 외산 AI 의존 심화에 ‘데이터 주권’...,"K-방산이 세계 시장에서 영향력을 키우는 가운데, 데이터 주권을 보장하기 위해 정부와 민간에서 독자 AI 파운데이션 모델을 육성하고 있다.",호재,2026-04-11 06:18,22.9,사실형,71.4
https://n.news.naver.com/mnews/article/138/0002224108?sid=105,IT/플랫폼,"""모든 길은 AI로""…네이버, '에이전트 포털' 꿈꾼다 [IT클로즈업]",네이버는 기존의 검색 구조에서 벗어나 인공지능(AI) 중심의 포털 재편에 착수한다.,호재,2026-04-11 07:00,37.9,사실형,69.4
https://n.news.naver.com/mnews/article/003/0013881521?sid=105,IT/플랫폼,'제페토' 4억명 모았지만 적자…'AI 스트리머'가 구원투수 될까,네이버제트의 매출이 두 자릿수 감소하며 사업 지속 가능성에 대한 우려가 커지고 있다.,악재,2026-04-11 10:00,12.5,사실형,95.6
https://n.news.naver.com/mnews/article/469/0000924748?sid=105,IT/플랫폼,네이버 '클로바X' 종료... 국내 포털 AI도 검색에서 에이전트로,네이버는 하이퍼클로바X 기반 대화형 AI 서비스 '클로바X'와 생성형 AI 검색 서비스 '큐:'를 종료하면서 AI 에이전트 기반 서비스로 전환한다.,호재,2026-04-10 16:21,23.0,사실형,58.6
https://n.news.naver.com/mnews/article/001/0016015370?sid=105,IT/플랫폼,"[AI돋보기] ""AI 갈아타도 맥락 유지""…'기억 연동' 기술 확산",AI 플랫폼이 새로운 기술을 통해 이전에 쌓아 둔 사용자의 대화 맥락과 취향을 다른 AI에 이전할 수 있는 기술이 등장하고 있다.,호재,2026-04-11 06:33,34.4,사실형,77.4
https://n.news.naver.com/mnews/article/003/0013880984?sid=103,IT/플랫폼,‘외국인도 안 헤매는 K-관광’ 위해 민관 의기투합,정부와 민간 업계가 협력하여 외래관광객의 교통수단 이용 편의를 증진하고 지역관광 활성화를 위한 방안을 논의했다.,호재,2026-04-10 17:23,62.6,사실형,55.2
https://n.news.naver.com/mnews/article/011/0004609457?sid=101,IT/플랫폼,AI 사업 불확실성에…눈높이 낮아지는 네카오,"네이버와 카카오의 AI 사업 수익화에 대한 불확실성이 부각되면서 증권가의 시선이 낮아지고 있지만, 최근 주가는 낙폭 과대 인식 속에 반등을 시도하고 있다.",호재,2026-04-10 17:48,17.7,사실형,80.7
https://n.news.naver.com/mnews/article/003/0013896910?sid=100,방산/우주항공,"방사청·국기연, 말레이 방산전시회 'DSA 2026' 통합한국관 운영",방위사업청과 국방기술진흥연구소가 말레이시아 쿠알라룸푸르에서 개최되는 방산전시회 'DSA 2026'에서 통합한국관을 운영한다.,호재,2026-04-20 09:13,13.6,사실형,69.5
https://n.news.naver.com/mnews/article/421/0008898914?sid=100,방산/우주항공,"방사청·국기연, 말레이 DSA에서 통합한국관 운영",방위사업청과 국방기술진흥연구소는 말레이시아 쿠알라룸푸르에서 개최되는 방산전시회(DSA 2026)에서 통합한국관을 운영한다.,호재,2026-04-20 08:43,17.1,사실형,75.6
https://n.news.naver.com/mnews/article/008/0005346264?sid=100,방산/우주항공,"UAE 실세도 ""강훈식 형님""…발로 뛰고 결과로 보여준 'O-CoS' 시대",강훈식 대통령비서실장이 'O-CoS' 시대로 평가받고 있다. 그는 현장을 직접 누비며 성과를 만들어내는 '실행형 비서실장'으로 주목받고 있다.,호재,2026-04-20 07:00,74.7,사실형,99.4
https://n.news.naver.com/mnews/article/001/0016031801?sid=104,방산/우주항공,"""이젠 서방의 무기고""…독일, 방산업으로 제조업 활로 모색","독일은 방산업으로 제조업 활로를 찾고 있으며, 우크라이나 지원을 위해 무기와 탄약을 생산하기 위한 근무 조를 추가했다.",호재,2026-04-20 15:51,41.5,사실형,98.6
https://n.news.naver.com/mnews/article/014/0005510421?sid=101,방산/우주항공,"독일, 자동차·중공업에서 무기 공장으로 변신 중","독일이 군수 산업을 통해 제조 산업을 전환하고자 하며, 규제 완화로 방산 기업들의 자본 시장 접근성이 개선되었다.",호재,2026-04-20 15:59,31.7,사실형,97.8
https://n.news.naver.com/mnews/article/016/0002632029?sid=101,방산/우주항공,"현대로템, 국내 3대 신평사 신용등급 ‘AA’로 상향…“안정적인 경영 ...",현대로템이 국내 3대 신용평가사로부터 신용등급을 'AA-'에서 'AA'로 상향받아 안정적인 경영을 보장했다.,호재,2026-04-20 09:06,18.2,사실형,79.6
https://n.news.naver.com/mnews/article/018/0006261552?sid=103,방산/우주항공,"현대로템, 신용등급 ‘AA-’ 상향…방산 수출 효과","현대로템, 신용등급 'AA-'로 상향, 방산 수출 효과로 안정성과 성장성을 동시에 입증",호재,2026-04-20 08:53,31.1,사실형,74.4
https://n.news.naver.com/mnews/article/014/0005510021?sid=101,방산/우주항공,"이용배호 현대로템, 신용등급 'AA'로 퀀텀 점프",현대로템의 신용등급이 'AA-'에서 'AA'로 상향 조정되었습니다.,호재,2026-04-20 08:48,23.2,사실형,70.3
https://n.news.naver.com/mnews/article/003/0013898021?sid=102,IT/플랫폼,"달서구, 착한가격업소 148곳 확대…서민 물가 잡는다",대구 달서구청이 착한가격업소 22개소를 신규 지정해 총 148개소로 확대 운영한다.,호재,2026-04-20 14:17,54.4,사실형,51.3
https://n.news.naver.com/mnews/article/008/0005346317?sid=101,방산/우주항공,"현대로템, 신용등급 'AA-'로 상향…""역대 최대 수주 잔고""","현대로템의 신용등급이 'AA-'로 상향되며, 역대 최대 수주 잔고를 달성했다.",호재,2026-04-20 09:17,11.2,사실형,99.1
https://n.news.naver.com/mnews/article/421/0008899044?sid=101,IT/플랫폼,"아모레퍼시픽, 설화수·오딧세이 신제품 출시…남녀 스킨케어 라인업 확...",아모레퍼시픽이 설화수와 오딧세이 신제품을 출시하여 스킨케어 라인업을 확대한다.,호재,2026-04-20 09:24,12.1,사실형,42.8
https://n.news.naver.com/mnews/article/018/0006261606?sid=101,IT/플랫폼,'양자 테마' 훈풍 지속…파인텍·케이씨에스 상한가[특징주],"양자 테마가 계속해서 강세를 이어가고 있으며, 엔비디아의 새로운 양자컴퓨팅 기술과 고성능 AI의 해킹 우려가 관련주 투자심리를 높이고 있다.",호재,2026-04-20 09:29,45.3,사실형,69.6
https://n.news.naver.com/mnews/article/079/0004138477?sid=102,IT/플랫폼,해외직구 의료기기 291건 적발…보청기·휠체어 '주의보',식품의약품안전처가 장애인이 주로 사용하는 의료기기를 대상으로 온라인 점검을 실시한 결과 불법 해외직구 광고가 대거 적발됐다.,호재,2026-04-20 10:46,58.4,사실형,47.0
https://n.news.naver.com/mnews/article/003/0013897182?sid=101,IT/플랫폼,"'네·카·쿠' 겨냥?…공정위, 디지털 광고시장 경쟁 분석 나선다","공정위가 디지털 광고시장 경쟁 상황을 분석하고 개선 방안을 연구하기로 하면서, 네이버, 카카오, 쿠팡 등 국내 플랫폼의 디지털 광고 생태계가 압박을 받을 것으로 예상된다.",호재,2026-04-20 10:20,35.7,사실형,57.2
https://n.news.naver.com/mnews/article/421/0008898760?sid=101,IT/플랫폼,"""은행 대비 10배"" 저축은행 대출중개 수수료 인하 추진…업계 '진통'","금융당국이 핀테크 플랫폼의 대출 중개 수수료 인하를 추진 중인 가운데, 업계 반발이 거세지고 있다.",호재,2026-04-20 06:48,38.4,사실형,90.7
https://n.news.naver.com/mnews/article/421/0008898728?sid=105,IT/플랫폼,"""불륜 감시용"" 광고도 걸린다…불법 위치추적 칼 빼든 플랫폼","네이버는 불법 위치추적을 막기 위해 위치추적기 판매와 홍보를 강화하고, 위치정보법 위반 주의 문구를 노출한다.",호재,2026-04-20 06:20,32.9,사실형,70.2
https://n.news.naver.com/mnews/article/138/0002225160?sid=101,자동차/모빌리티,"현대모비스, 1분기 실적 차질없나…중동 불안·대전 화재·노사 갈등 등...","현대모비스가 1분기 실적 발표를 앞두고 실적 개선 기대와 변수가 동시에 부각되고 있으며, 사업 구조 개편 성과가 가시화되는 상황 속 중동 불안과 내부 갈등 관리 여부가 향후 수익성 향상의 핵심 관건이 될 전망이다.",호재,2026-04-20 16:16,22.4,사실형,61.9
https://n.news.naver.com/mnews/article/119/0003082441?sid=101,자동차/모빌리티,"​""모델 Y 1대로 독3사 잡았다""…테슬라, 수입 전기차 시장 '독주'",테슬라가 수입 전기차 시장에서 독보적인 입지를 확보했다.,호재,2026-04-20 13:26,15.5,사실형,79.3
https://n.news.naver.com/mnews/article/001/0016030195?sid=101,자동차/모빌리티,"한화증권 ""HL만도, 우려보다 업황 긍정적…목표가↑""",한화투자증권은 HL만도의 업황이 시장 우려보다 긍정적이라고 발표하며 목표주가를 올렸다.,호재,2026-04-20 08:47,11.4,사실형,66.1
https://n.news.naver.com/mnews/article/366/0001157584?sid=101,제약/바이오,“반도체·가전 다음은 암정복”...‘100분의 1′ 베팅 나선 삼성·LG,삼성·LG가 암을 치료하는 신약 개발에 나선다.,호재,2026-04-17 06:01,39.0,사실형,67.8
https://n.news.naver.com/mnews/article/011/0004611531?sid=101,제약/바이오,"中, 기업에 혁신신약 가격 결정권 허용…韓과 격차 더 벌어진다",중국 정부가 혁신 신약 개발 기업에게 가격 결정권을 일부 허용하는 방식으로 약가 체계를 개편한다.,호재,2026-04-16 17:49,18.1,사실형,53.9
https://n.news.naver.com/mnews/article/001/0016026205?sid=105,제약/바이오,"부경대, 양자AI연구소 개소…동남권 전략산업 협력",부경대가 양자AI연구소를 개소하여 차세대 양자 컴퓨팅과 인공지능 기술 융합을 선도할 연구 거점으로 활동할 예정이다.,호재,2026-04-16 16:51,62.1,대화형,17.0
https://n.news.naver.com/mnews/article/015/0005275924?sid=105,제약/바이오,"한남대, 'GPU 32만장' AI 데이터센터 착공식 개최","한남대는 국내 첫 AI 데이터센터를 2.25조원 투입으로 2029년 완공 예정, 국방과 바이오 연구개발 등 특정 산업 전용으로 특화한다.",호재,2026-04-16 17:20,62.2,사실형,65.6
https://n.news.naver.com/mnews/article/030/0003418729?sid=102,제약/바이오,"제약바이오협회, 바이오혁신위 출범 환영…“산업 거버넌스 일원화 기대...",한국제약바이오협회는 국가바이오혁신위원회 출범을 환영하며 바이오산업의 거버넌스 일원화를 기대한다.,호재,2026-04-16 17:56,17.7,사실형,96.0
https://n.news.naver.com/mnews/article/296/0000099611?sid=101,제약/바이오,"리가켐·에이비엘·오름, 항암 경연장 AACR서 빅파마 눈길 잡는다","리가켐바이오, 오름테라퓨틱, 에이비엘바이오 등 국내 기업들이 항체약물접합체(ADC)와 인공지능(AI) 기반 솔루션 등으로 글로벌 제약사(빅파마) 눈길을 잡는다고 밝혔다.",호재,2026-04-16 16:45,50.0,대화형,31.9
https://n.news.naver.com/mnews/article/014/0005508974?sid=102,제약/바이오,"국립부경대, 국내 대학 첫 '양자AI연구소' 개소",국립부경대가 국내 대학 최초로 양자AI연구소를 개소하고 양자 기술과 인공지능(AI) 융합 연구에 본격 착수했다.,호재,2026-04-16 16:47,69.1,대화형,23.2
https://n.news.naver.com/mnews/article/296/0000099610?sid=101,제약/바이오,"비만약과 항암제가 바꾼 자본의 질서, 신약은 어떻게 패권이 됐나",윤태진 박사의 <신약의 전쟁>은 신약 개발이 제약업계 안의 경쟁에서 자본시장과 산업 질서까지 흔드는 변화를 보여준다.,호재,2026-04-16 16:43,39.3,예측형,37.2
https://n.news.naver.com/mnews/article/003/0013892446?sid=102,제약/바이오,"올릭스 ""이동기 대표, 대한화학회서 '기술 혁신상' 수상""",올릭스 대표이사 이동기는 대한화학회로부터 '기술 혁신상'을 수상하여 화학 분야 기술 혁신에 대한 공로를 인정받았다.,호재,2026-04-16 16:31,65.5,대화형,38.7
https://n.news.naver.com/mnews/article/028/0002801079?sid=103,제약/바이오,[제약바이오 소식] 미 AACR서 페니트리움의 암세포 내성 획득 차단 가능...,페니트리움바이오는 미국 암학회 'AACR 2026'에서 자신의 신약 후보물질 '페니트리움'과 관련한 연구 결과를 발표할 예정이다.,호재,2026-04-16 16:30,45.6,사실형,57.1
https://n.news.naver.com/mnews/article/374/0000504934?sid=101,제약/바이오,"제약바이오협회 ""국가바이오혁신위, 산업 성장 구심점 되길""","한국제약바이오협회는 국가바이오혁신위원회 출범을 환영하며, 부처 간 조정 및 정책 집행력이 강화될 것이라고 전했습니다.",호재,2026-04-16 17:47,27.2,추론형,0.0
https://n.news.naver.com/mnews/article/243/0000096478?sid=101,제약/바이오,"'오죽하면 신약 물질, 사명에 붙였을까' 페니트리움바이오 '패러다임 전...",페니트리움바이오가 항암제 치료의 새로운 패러다임을 위한 과학적 입증을 마쳤다고 발표했다.,호재,2026-04-16 17:19,79.0,사실형,42.8
https://n.news.naver.com/mnews/article/003/0013892662?sid=102,제약/바이오,"'국가바이오혁신위' 출범…제약업계 ""성장견인 큰 기대""","제약바이오 업계는 국가바이오혁신위원회의 출범을 환영하며, 부처 간 조정 및 정책 집행력이 강화될 것으로 기대한다.",호재,2026-04-16 17:39,32.0,사실형,66.3
https://n.news.naver.com/mnews/article/421/0008894849?sid=103,제약/바이오,"제약바이오협, 국가바이오혁신위 출범 환영…""정책 집행력 강화""","한국제약바이오협회가 국가바이오혁신위원회 출범을 환영하며, 정책 집행력 강화와 제약바이오산업 거버넌스 일원화를 기대하고 있다.",호재,2026-04-16 17:48,7.5,사실형,39.6
https://n.news.naver.com/mnews/article/417/0001139353?sid=101,제약/바이오,"대웅·온코닉 신약 출시에도…HK이노엔, 1조클럽 연착륙 기대 쑥",HK이노엔이 올해 매출 1조클럽 연착륙을 기대하고 있다.,호재,2026-04-16 16:58,69.0,사실형,62.5
https://n.news.naver.com/mnews/article/293/0000082912?sid=110,방산/우주항공,[데스크시각] '10년 6개월' 네 정권을 건너온 전투기 KF-21,"KF-21 전투기는 10년 6개월 동안의 장기 프로젝트를 통해 한국 방산에서 보기 드문 지속성을 보여주며, 정권을 넘어선 국책사업으로 성공적으로 완성되었다.",호재,2026-04-17 06:00,21.8,사실형,63.9
https://n.news.naver.com/mnews/article/215/0001249246?sid=101,방산/우주항공,"[단독] 현대로템, 9월 위아 방산 인수 끝낸다...“현물 출자 유력” [방...","현대로템이 현대위아의 방산 부문을 9월 마무리할 예정으로, 현물 출자 방식이 유력한 것으로 파악되고 있습니다.",호재,2026-04-16 15:04,69.5,추론형,0.0
https://n.news.naver.com/mnews/article/658/0000141243?sid=101,방산/우주항공,방산업계 재편 활발…현대차그룹 방산수직계열화 관심,현대위아가 방산 부문을 현대로템에 매각하는 방안을 검토 중인 것으로 알려져 현대자동차그룹이 방산업계의 맹주로 떠오를 가능성이 높아지고 있다.,호재,2026-04-16 16:05,19.8,사실형,69.9
https://n.news.naver.com/mnews/article/056/0012163894?sid=100,방산/우주항공,K-방산 돌풍 속 소외된 광주·전남…육성 시급,"광주와 전남은 K-방산 산업이 성장할 수 있는 잠재력을 가지고 있지만, 현재까지 방위산업 생산 기반을 충분히 활용하지 못하고 있다.",호재,2026-04-16 19:32,19.6,추론형,0.0
https://n.news.naver.com/mnews/article/003/0013887853?sid=101,IT/반도체,휴전 협상 기대에 프리마켓서 삼전 21만원·SK하닉 116만원 돌파,"삼성전자는 4.12% 오른 21만5000원, SK하이닉스는 5.89% 상승한 116만8000원에 거래되며 반도체주 투자심리가 개선된 영향을 받고 있다.",호재,2026-04-15 08:23,20.6,사실형,84.0
https://n.news.naver.com/mnews/article/022/0004120955?sid=101,IT/반도체,AI 주도권 바뀌나... ‘전통 빅테크’ 지고 ‘인프라 기업’ 뜬다,"액티브 ETF는 발빠른 포트폴리오 교체로 높은 성적을 내며, 전통 빅테크의 비중을 줄여 인프라 기업을 강조하고 있다.",호재,2026-04-15 08:25,33.8,사실형,81.3
https://n.news.naver.com/mnews/article/374/0000504459?sid=101,IT/반도체,물가폭탄 터졌다…수입 물가 28년만에 16% 폭등,"3월 수입물가가 16.1% 상승, 원유 가격 급등과 환율 상승으로 인해 최대 폭 상승",호재,2026-04-15 08:24,37.9,추론형,0.0
https://n.news.naver.com/mnews/article/092/0002418688?sid=105,IT/반도체,"[인터뷰] PTC코리아 ""AI, 실행할 때""…제조 솔루션에 에이전트 심는다","PTC코리아는 에이전틱 AI를 통해 제조 솔루션에 AI를 내재화하고, 제조 전 과정의 지능화·자동화를 목표로 하고 있다.",호재,2026-04-15 08:01,26.3,사실형,56.9
https://n.news.naver.com/mnews/article/018/0006257426?sid=101,IT/반도체,협상 재개 기대에 뉴욕증시 랠리…반도체지수 2%↑[뉴스새벽배송],"뉴욕증시가 종전 협상 재개 기대감에 일제히 안도 랠리를 펼치고, 반도체지수도 2% 급등했다.",호재,2026-04-15 08:04,28.1,사실형,91.4
https://n.news.naver.com/mnews/article/421/0008890028?sid=102,IT/반도체,"'성과급 7억 예상' SK 하이닉스 생산직 ""공고 졸업 후 입사…인생이 달...","SK하이닉스 생산직 직원은 입사 과정에 대해 공업고등학교에 다니고, 일찍 취업한 경험이 있다고 밝혔다.",호재,2026-04-15 08:11,34.4,사실형,83.7
https://n.news.naver.com/mnews/article/014/0005507802?sid=101,IT/반도체,"""K개미가 옳았다""…외국인 '삼전닉스' 5조 풀베팅, 7500선 가시권에",외국인 투자자들이 코스피 시장에서 사자로 돌아서 5조 풀베팅을 하며 7500선 가시권에 진입하는 전망이 나왔다.,호재,2026-04-15 08:04,34.1,사실형,89.2
https://n.news.naver.com/mnews/article/277/0005749558?sid=101,IT/반도체,[굿모닝 증시]종전 기대에 美증시 강세 지속…韓증시도 훈풍 전망,미국 증시 주요 지수들이 일제히 강세를 보이며 국내 증시도 안정적인 장세를 보일 것으로 예상된다.,호재,2026-04-15 08:16,33.1,사실형,67.5
https://n.news.naver.com/mnews/article/029/0003021716?sid=101,IT/반도체,휴전+실적 ‘겹호재’…SK하닉 5%·삼전 3%대 프리마켓 급등,SK하닉과 삼전 등 반도체 주가가 급등하며 코스피가 6000선 안착을 시도하고 있다.,호재,2026-04-15 08:19,29.4,사실형,69.5
https://n.news.naver.com/mnews/article/277/0005749550?sid=101,IT/반도체,"삼성전기, 베트남에 1.8조 투자…'반도체 기판' 증설로 캐파 더 키운다","삼성전기는 베트남에 1.8조원 투자하여 반도체 기판 생산 능력을 강화하고, 인공지능(AI)용 고밀도 설계 가능한 기판을 생산하기 위해 베트남 공장을 증설한다.",호재,2026-04-15 08:10,12.7,사실형,72.7
https://n.news.naver.com/mnews/article/277/0005749569?sid=102,IT/반도체,"김대종 세종대 교수, 상산포럼서 경제 전략 제시","세종대 김대종 교수가 부의 축적을 사회적 책임으로 강조하고, 아파트 청약, 글로벌 투자, 구독경제, 온라인 쇼핑, 정부 조달 등 다양한 생존 전략을 제시했다.",호재,2026-04-15 08:23,57.3,사실형,72.0
https://n.news.naver.com/mnews/article/374/0000504451?sid=104,IT/반도체,종전협상 기대에 美증시 상승…S&amp;P 사상 최고치 눈앞,미국과 이란이 종전 협상을 재개할 기대감에 뉴욕증시가 상승하여 S&P 500 지수가 사상 최고치를 기록할 것으로 예상됩니다.,호재,2026-04-15 08:13,54.7,추론형,0.1
https://n.news.naver.com/mnews/article/277/0005749542?sid=105,IT/반도체,눈짓만으로 로봇 팔 움직인다…AI 스마트 콘택트렌즈 개발[과학을읽다],UNIST 연구팀은 스마트 콘택트렌즈를 개발하여 눈동자만 굴려도 로봇 팔을 원격 제어할 수 있게 했다.,호재,2026-04-15 08:00,40.4,사실형,46.4
https://n.news.naver.com/mnews/article/123/0002381339?sid=101,IT/반도체,미·이란 협상 재개 기대에 뉴욕증시 강세…기술주 랠리 주도,미국과 이란 간 종전 협상이 재개될 수 있다는 기대감에 뉴욕증시가 강세를 이어간다.,호재,2026-04-15 08:11,30.7,사실형,81.0
https://n.news.naver.com/mnews/article/648/0000046242?sid=101,2차전지,국민성장펀드 50조 운용안 구체화…바이오·방산에도 자금 푼다,"국민성장펀드가 50조원 규모의 첨단산업 생태계 지원방안을 구체화하고, 바이오·디스플레이·무인기 등 2차 메가프로젝트에 투자할 예정이다.",호재,2026-04-14 15:00,39.7,사실형,82.6
https://n.news.naver.com/mnews/article/011/0004610841?sid=101,제약/바이오,"“대원제약, 건기식 사업 성장세... ‘미래 성장동력’ 신약도 매력적”...","대원제약이 건강기능식품 등 자회사 사업과 중장기 신약 개발에서 성과를 내고 있으며, 건기식 사업 성장세와 신약 개발로 미래 성장 동력을 찾을 수 있다.",호재,2026-04-15 09:02,31.6,예측형,32.3
https://n.news.naver.com/mnews/article/138/0002224490?sid=105,제약/바이오,"앤트로픽, 노바티스 CEO 이사회 선임…헬스케어 사업 확대 행보",앤트로픽이 노바티스 CEO 바스 나라심한을 이사회 이사로 선임하며 헬스케어 사업 확대 행보를 이어가고 있다.,호재,2026-04-15 06:11,19.4,사실형,87.3
https://n.news.naver.com/mnews/article/014/0005510417?sid=101,IT/반도체,"K-화학, '차이나플라스' 총출동…글로벌 경쟁 속 스페셜티 승부",국내 화학사들이 중국 차이나플라스 2026에 총출동해 글로벌 시장 공략에 나선다.,호재,2026-04-20 15:56,14.9,사실형,51.8
https://n.news.naver.com/mnews/article/005/0001844262?sid=103,IT/반도체,“AI는 신이 아냐”… 기술 시대 신앙의 역할을 묻다,"장준식 미국 세화교회 목사는 AI가 인간의 종교적 욕망에 기술을 투영한 결과라고 말하며, AI가 인간중심주의를 약화시키는 것보다 오히려 강화시키는 가능성이 있다고 진단했다.",호재,2026-04-20 15:55,37.0,사실형,65.4
https://n.news.naver.com/mnews/article/366/0001158288?sid=101,제약/바이오,빵 굽는 바이오·20년 적자 기업도 상한가… 코로나 변이 확산에 개미들...,"코로나 변이 바이러스 확산 우려로 관련 테마주가 급등하지만, 일부 기업은 실적 기반 없이 급등하거나 과거 임상 실패 이력이 있음에도 주가가 치솟고 있어 투자자들의 주의가 필요하다.",악재,2026-04-20 16:07,14.2,사실형,79.5
https://n.news.naver.com/mnews/article/030/0003419655?sid=102,제약/바이오,"日, 미국·유럽 이어 제약·바이오 기업 새 공략지로 뜬다",국내 주요 제약·바이오 기업들이 일본을 새로운 해외 전략 지역으로 삼고 현지 성과 확대에 집중하고 있다.,호재,2026-04-20 16:31,37.4,사실형,63.9
https://n.news.naver.com/mnews/article/018/0006261930?sid=101,제약/바이오,"디티앤씨바이오그룹, 바이오코리아 2026 참가...""향후 브랜드 방향 등 선...",디티앤씨바이오그룹이 바이오코리아 2026에 참가하여 신약개발 전주기를 아우르는 통합 서비스 역량과 향후 브랜드 방향 등을 선보일 예정입니다.,호재,2026-04-20 15:17,23.4,사실형,49.9
https://n.news.naver.com/mnews/article/018/0006250016?sid=101,IT/반도체,"AI 병목, 반도체 다음은 ‘네트워크’…광통신 ETF 출격[ETF언박싱]","AI 관련 투자가 반도체와 전력에서 네트워크 인프라로 확장되면서, 광통신 관련 기업에 집중 투자하는 ETF가 새로 출범했다.",호재,2026-04-04 07:32,14.1,사실형,70.8
https://n.news.naver.com/mnews/article/022/0004117808?sid=102,IT/반도체,"인하공전, 교육부 ‘첨단산업 부트캠프’ AI 융합과정 선정",인하공업전문대학이 교육부와 함께 '반도체+AI 융합' 교육과정을 운영할 예정입니다.,호재,2026-04-02 16:52,19.6,사실형,44.1
https://n.news.naver.com/mnews/article/293/0000082165?sid=101,IT/반도체,"SK에코플랜트, 반도체 축 사업 재편 'PF 해소' 과제",SK에코플랜트가 반도체 중심의 사업 재편을 속도가 나면서도 프로젝트파이낸싱(PF) 부담은 여전히 남아 있다.,호재,2026-04-03 16:29,9.0,사실형,89.7
https://n.news.naver.com/mnews/article/020/0003709333?sid=101,IT/반도체,"포스코DX, 모빌린트와 MOU…“국산 NPU로 AI 인프라 비용 절감”",포스코DX는 모빌린트와 업무협약을 체결하여 국산 NPU를 활용해 AI 인프라 비용을 절감하고 '인텔리전트 팩토리'를 구현할 계획이다.,호재,2026-04-02 16:34,14.1,사실형,80.6
https://n.news.naver.com/mnews/article/050/0000104550?sid=101,IT/반도체,"“고맙다 AI”...삼성전자, '축포' 터뜨리나","삼성전자가 1분기 잠정 영업이익이 약 50조원에 달할 것으로 예상되며, 반도체 부문이 이익의 90%를 차지할 것으로 관측된다.",호재,2026-04-04 09:54,39.8,사실형,79.5
https://n.news.naver.com/mnews/article/020/0003709320?sid=101,IT/반도체,"롯데이노베이트, 국산 AI 반도체 활용 ‘그린스마트 인프라구축’ 협력...","롯데이노베이트와 딥엑스는 국산 AI 반도체를 활용해 '그린스마트 인프라구축' 협력을 시작하며, 지능형 CCTV 시스템의 효율성을 높이고 양산화에 나선다.",호재,2026-04-02 16:09,36.3,사실형,32.2
https://n.news.naver.com/mnews/article/277/0005744941?sid=105,IT/반도체,"""반도체 2나노급 생산시설서 치즈버거 먹을 것""…'더러운 팹' 꿈꾸는 머...",이물질이 들어가도 작동하는 반도체 팹을 꿈꾸는 일론 머스크의 야심이 반도체 산업을 뒤집을 수 있다.,호재,2026-04-04 07:13,21.5,추론형,19
https://n.news.naver.com/mnews/article/092/0002417260?sid=105,IT/반도체,"""TCO 낮추고 국산 반도체 얹는다""…롯데이노베이트, NPU로 공공시장 승부...",롯데이노베이트는 딥엑스와 손잡고 온디바이스 AI 시장 공략에 나선다.,호재,2026-04-02 10:45,36.9,예측형,47.2
https://n.news.naver.com/mnews/article/018/0006248205?sid=101,IT/반도체,"포스코DX, 국산 NPU로 제조 AI 혁신 가속화","포스코DX가 국산 NPU를 활용해 인텔리전트 팩토리를 구현하고, 현장에서 즉각적인 AI 분석과 제어가 가능한 시스템을 개발한다.",호재,2026-04-02 10:12,28.2,사실형,99.1
https://n.news.naver.com/mnews/article/005/0001841076?sid=101,IT/반도체,“파트너십으로 반도체 기술 혁신”…삼성 DS부문 상생협력 행사,"삼성전자 DS부문이 협력사와 상생협력 행사를 열어 기술 로드맵을 공유했고, 협력회사 경쟁력을 강화하기 위해 자금·기술·인력 분야 지원 프로그램을 운영하고 있다.",호재,2026-04-03 16:23,17.2,사실형,86.1
https://n.news.naver.com/mnews/article/011/0004606900?sid=101,IT/반도체,전영현 “협력사와 ‘원팀’ 이뤄 반도체 혁신 주도”,삼성전자 DS부문은 협력사와 '원팀'을 이뤄 반도체 혁신을 주도하고자 한다.,호재,2026-04-03 17:01,18.7,사실형,93.0
https://n.news.naver.com/mnews/article/003/0013863862?sid=102,IT/반도체,"인하공전, 반도체 분야 특화 'AI 융합 교육과정' 운영한다",인하공업전문대학은 교육부와 한국산업기술진흥원(KIAT)이 주관하는 '첨단산업 인재양성 부트캠프' 사업에서 인공지능(AI) 융합과정 운영대학으로 선정됐습니다.,호재,2026-04-02 16:12,23.8,사실형,51.7
https://n.news.naver.com/mnews/article/001/0015991136?sid=104,IT/반도체,"韓 AI반도체기업 리벨리온, 4억불 투자유치…美시장 진출 추진",한국의 AI반도체 스타트업 리벨리온이 4억달러의 투자를 유치하고 미국 시장 진출을 본격화한다.,호재,2026-03-31 03:26,31.2,사실형,61.4
https://n.news.naver.com/mnews/article/018/0006249584?sid=105,IT/반도체,"국가AI전략위, 프랑스 ‘미스트랄 AI’와 협력 논의… AI 전략 패키지 이...",정부가 프랑스의 대표 AI 기업인 '미스트랄 AI'와 협력하여 글로벌 AI 경쟁력 확보를 위한 실질적인 협력 방안을 도출한다.,호재,2026-04-03 18:12,24.4,사실형,36.8
https://n.news.naver.com/mnews/article/366/0001154078?sid=105,IT/반도체,"AI 반도체 기판 쏠림에 모바일용 기판 부족… LG이노텍, 공급 탄력",LG이노텍이 모바일용 고부가 반도체 기판 공급 부족에 대응하여 공급 확대 및 단가 인상 전망,호재,2026-04-03 15:01,18.7,사실형,52.6
https://n.news.naver.com/mnews/article/003/0013860456?sid=101,IT/반도체,"삼정KPMG ""국내 기업들, 버티컬 AI에 강점…역량 집중해야""",삼정KPMG는 한국 기업들이 기존 강점 산업에 AI를 접목한 '산업 특화 AI' 분야에서 경쟁력을 확보하고 글로벌 시장 확대를 추진해야 한다고 제언했다.,호재,2026-04-01 14:43,18.2,사실형,82.6
https://n.news.naver.com/mnews/article/366/0001154104?sid=105,IT/반도체,"삼성전자 반도체, 상생협력 데이 개최… 전영현 “파트너사와 기술 혁신...","삼성전자 대표이사 전영현은 상생협력 데이에서 파트너사와 기술 혁신을 강조하며, 협력사와 함께 성장하는 산업 생태계를 구축하기 위해 파트너십을 강화하겠다고 말했다.",호재,2026-04-03 16:01,14.5,사실형,88.4
https://n.news.naver.com/mnews/article/030/0003414543?sid=105,IT/반도체,"삼성전자 DS, 64개 반도체 협력사와 '상생 협력 DAY' 개최",삼성전자 DS부문이 64개 반도체 협력사와 '상생 협력 DAY'를 개최하여 협력회사와 소통 및 동반성장을 다지기 위해 진행했다.,호재,2026-04-03 20:17,35.7,사실형,76.5
https://n.news.naver.com/mnews/article/469/0000923248?sid=102,IT/반도체,"포스코DX, 외국 GPU 대신 국산 NPU로 제조 현장 AI 전환",포스코DX는 외국 GPU 대신 국산 NPU를 활용해 산업 현장의 AI 전환에 나선다.,호재,2026-04-02 15:49,14.6,사실형,58.1
https://n.news.naver.com/mnews/article/374/0000502227?sid=101,IT/반도체,"美 AI전력 인프라 액티브 등 ETF 4종, 7일 신규상장",한국거래소는 7일 신규상장하는 ETF 4종에 대한 정보를 발표했습니다.,호재,2026-04-03 17:09,59.0,추론형,49.8
https://n.news.naver.com/mnews/article/011/0004606852?sid=101,2차전지,"유니드, 2차전지 스타트업 리베스트에 100억원 추가 투자",유니드는 2차전지 스타트업 리베스트에 100억원 추가 투자하여 사업 포트폴리오 확장과 미래 성장 동력 확보를 위한 전략적 결정이다.,호재,2026-04-03 14:55,32.8,사실형,73.1
https://n.news.naver.com/mnews/article/014/0005501929?sid=101,2차전지,“전쟁 덕분에...”봄바람 난 이차전지ETF,전쟁 덕분에 이차전지 ETF가 평균 20% 이상 상승했다.,호재,2026-04-02 22:28,27.3,사실형,91.6
https://n.news.naver.com/mnews/article/015/0005269819?sid=101,2차전지,"현대차·기아, 고성능 배터리 개발…中과 격차 더 벌린다",현대차그룹은 프리미엄 전기차 시장에서 우위를 점하기 위해 고성능 배터리 '울트라 하이니켈'을 개발 중이다.,호재,2026-04-01 17:42,23.0,사실형,73.0
https://n.news.naver.com/mnews/article/015/0005269784?sid=101,2차전지,"2차전지 소재社 코스모화학, 리튬인산철 배터리 특허",코스모화학은 리튬인산철 배터리의 원료로 사용되는 인산철 제조 방법에 대한 특허를 등록했다.,호재,2026-04-01 17:31,13.1,사실형,57.7
https://n.news.naver.com/mnews/article/015/0005269564?sid=101,2차전지,"코스모화학, 리튬인산철 배터리 원료 제조방법 특허 획득","코스모화학은 리튬인산철(LFP) 배터리의 원료인 인산철 제조방법에 대한 특허를 등록하였으며, 이를 통해 자원 효율성을 높이고 원가 경쟁력을 확보할 계획이다.",호재,2026-04-01 11:06,13.0,사실형,51.7
https://n.news.naver.com/mnews/article/015/0005270097?sid=101,2차전지,"한솔로지스틱스, 배터리 공급망 재편 대응…북미 물류사업 확대",한솔로지스틱스가 글로벌 공급망 재편 흐름에 대응해 북미 물류사업 확대에 나서는 중이다.,호재,2026-04-02 10:56,7.8,사실형,71.6
https://n.news.naver.com/mnews/article/018/0006246604?sid=101,2차전지,중동전쟁으로 화석연료 공급우려에 ESS 훈풍까지...K-배터리 '역주행',중동 전쟁으로 화석연료 공급 우려가 높아지면서 에너지 저장 장치(Ess) 시장이 폭발적으로 성장하고 K-배터리의 수혜 기대감이 높아지고 있다.,호재,2026-03-31 16:46,13.3,사실형,91.7
https://n.news.naver.com/mnews/article/421/0008857973?sid=101,2차전지,"""석유 불안, 배터리 재평가""…2차전지株, '나홀로 질주' [핫종목]",2차전지 관련주들은 에너지 안보의 핵심축으로 떠오르며 강세를 보이고 있다.,호재,2026-03-30 15:21,20.0,사실형,84.2
https://n.news.naver.com/mnews/article/016/0002621913?sid=101,2차전지,전쟁에도 뛴 이차전지 ETF…“테슬라 등 ESS 수요 확대” [투자360],중동 전쟁에도 이차전지 ETF가 상승세를 구가하고 있다. LG엔솔과 삼성SDI의 ESS 수요 확대가 주因이다.,호재,2026-03-31 07:50,14.6,사실형,94.4
https://n.news.naver.com/mnews/article/015/0005270036?sid=101,2차전지,테슬라 유럽 판매량 반등에…2차전지주 동반강세,"테슬라 유럽 판매량 반등에 따라 2차전지 관련 종목들이 강세를 보이며, 국내 2차전지주들의 투자심리가 개선되고 있다.",호재,2026-04-02 09:30,29.4,사실형,72.5
https://n.news.naver.com/mnews/article/021/0002779805?sid=101,2차전지,"포스코퓨처엠·금호석화·BEI, 무음극 리튬메탈 배터리 개발협력","포스코퓨처엠, 금호석유화학, BEI와 함께 무음극 리튬메탈 배터리 기술을 공동 개발한다.",호재,2026-03-25 16:09,15.4,사실형,70.3
https://n.news.naver.com/mnews/article/016/0002620114?sid=102,2차전지,“2차전지 특화단지 광양만권 전기차 공장 유치돼야”,광양만권이 이차전지 특화단지로 지정되면 전기자동차 공장을 유치할 수 있는 기회가 열릴 것이라고 전문가들은 주장했다.,호재,2026-03-26 16:04,39.1,사실형,80.1
https://n.news.naver.com/mnews/article/018/0006246057?sid=101,2차전지,유가급등에 ESS까지 호재 2차전지 소재주 급등세…대형주는 차익실현[특...,2차전지 소재주가 급등세를 보이며 ESS 수요 확대 기대감에 따라 리튬·수산화리튬 관련 소재주는 상승폭이 두드러지며 대형 배터리주는 약세를 보인다.,호재,2026-03-31 09:25,53.7,사실형,94.7
https://n.news.naver.com/mnews/article/011/0004602789?sid=101,2차전지,ESS 성장세에 탈중국 기대감까지…2차전지株 ‘활짝’ [이런국장 저런주...,ESS 시장 확대와 탈중국 정책이 2차전지 관련주에 강세를 불러일으키고 있다.,호재,2026-03-24 14:02,18.5,사실형,90.8
https://n.news.naver.com/mnews/article/032/0003435736?sid=101,2차전지,19만원 → 9900원 ‘배터리’ 금양 추락,금양은 2년 연속 감사의견 거절을 받으면서 사실상 상폐 수순을 밟을 것으로 보인다.,악재,2026-03-25 20:41,10.4,사실형,72.0
https://n.news.naver.com/mnews/article/015/0005265874?sid=102,2차전지,"대전, 2차전지 실무·이론 집중 교육",대전시가 2차전지 전문인력 양성을 위한 아카데미를 다음 달 16~17일까지 운영한다.,호재,2026-03-23 18:24,39.3,사실형,88.3
https://n.news.naver.com/mnews/article/003/0013812347?sid=102,2차전지,"고려아연, '자원안보 전초기지' 인터배터리 참가","고려아연은 국내 최대 배터리 전문 전시회 '인터배터리 2026'에 참가하며, 전략광물 및 첨단산업 필수 소재를 생산하는 52년 기술력을 선보일 예정이다.",호재,2026-03-10 11:28,26.9,사실형,49.9
https://n.news.naver.com/mnews/article/008/0005334877?sid=101,2차전지,"'배터리 관리 반도체' 아나배틱세미, 150억 시리즈B 투자유치",배터리 관리 반도체 스타트업 아나배틱세미가 150억원 규모의 시리즈B 투자를 유치했다.,호재,2026-03-25 12:30,28.3,사실형,74.8
https://n.news.naver.com/mnews/article/138/0002220087?sid=004,2차전지,"고려아연, 인터배터리 2026 출격…이차전지 소재부터 전략광물까지 총망...",고려아연은 인터배터리 2026에서 이차전지 소재부터 전략광물까지 생산 기술력을 선보일 계획이다.,호재,2026-03-10 11:15,19.4,사실형,38.2
https://n.news.naver.com/mnews/article/018/0006231637?sid=101,2차전지,"고려아연, ‘인터배터리’서 전략광물 선보인다","고려아연이 '인터배터리2026'에서 전략광물 선보이며, 국가기간산업이자 국내 유일의 전략광물 공급망 생산기업으로서 첨단산업과 방위산업에 필수인 핵심 소재를 생산하는 것을 강조할 예정이다.",호재,2026-03-10 10:26,25.2,대화형,10.2
https://n.news.naver.com/mnews/article/088/0001000552?sid=101,2차전지,전기차 넘어 로봇·UAM ·AI용 차세대 배터리 경쟁,국내 2차전지 업계가 차세대 배터리로 신산업 선점에 나선다.,호재,2026-03-11 15:16,22.4,사실형,85.0
https://n.news.naver.com/mnews/article/138/0002222922?sid=105,2차전지,"[인터뷰] 이춘석 씨아이에스 ""건식 코터 배터리 원가 절감 핵심…장비 ...",이춘석 CIS 생산기술1센터 센터장은 건식 코터를 통해 배터리 원가를 획기적으로 낮출 수 있다고 밝혔다.,호재,2026-04-01 14:25,43.9,사실형,71.5
https://n.news.naver.com/mnews/article/030/0003408248?sid=105,2차전지,"태성, '배터리 재팬 2026' 참가…복합동박 글로벌 협력 확대",태성은 일본 도쿄에서 열리는 배터리 산업 전시회 '배터리 재팬 2026'에 참가해 복합동박 관련 기술을 선보일 예정이다.,호재,2026-03-17 13:42,18.7,사실형,57.0
https://n.news.naver.com/mnews/article/015/0005267963?sid=101,2차전지,매매차익만 수천억…대주주 '수상한 거래',대주주들이 은밀히 이득을 챙기고 있는 의혹이 제기되고 있다.,악재,2026-03-27 17:40,7.6,사실형,92.7
https://n.news.naver.com/mnews/article/215/0001244582?sid=101,2차전지,"고려아연, '전략광물·배터리 소재' 기술력 선보인다","고려아연은 '인터배터리2026'에서 2차전지 소재와 전략광물을 선보이며, 첨단 기술력을 선보인다.",호재,2026-03-10 13:49,15.1,사실형,31.6
https://n.news.naver.com/mnews/article/030/0003407789?sid=105,2차전지,"태성, 일본 배터리 업체와 복합동박 소재 공급 계약","태성은 일본 배터리 업체와 복합동박 소재 공급 계약을 체결하고, 글로벌 배터리 기업들과의 협력을 확대하며 차세대 배터리 소재 시장 진입을 본격화할 계획이다.",호재,2026-03-16 13:36,16.7,사실형,72.5
https://n.news.naver.com/mnews/article/088/0001001157?sid=101,2차전지,"태성, 일본 배터리 업체와 복합동박 소재 공급 계약",태성은 일본 배터리 업체와 복합동박 소재 공급 계약을 체결하고 관련 소재 개발 협력을 추진한다.,호재,2026-03-16 11:03,19.7,사실형,80.0
https://n.news.naver.com/mnews/article/030/0003405871?sid=101,2차전지,"고려아연, '인터배터리 2026'서 이차전지 소재·전략광물 기술력 선보인...",고려아연은 인터배터리2026 전시회에서 이차전지 소재와 전략광물 기술력을 선보일 예정입니다.,호재,2026-03-10 10:10,17.7,대화형,10.3
https://n.news.naver.com/mnews/article/021/0002776145?sid=101,2차전지,"고려아연, ‘인터배터리 2026’서 ‘자원안보 전초기지’ 강조",고려아연이 국내 최대 배터리 산업 전시회 '인터배터리 2026'에서 2차전지 소재와 전략광물 기술력을 선보일 예정이다.,호재,2026-03-10 16:33,18.8,사실형,58.0
https://n.news.naver.com/mnews/article/015/0005265816?sid=101,2차전지,"코스모신소재, 배터리솔루션과 차세대 양극재 개발 SPA 체결",코스모신소재와 배터리솔루션은 차세대 양극재 시장 공략을 위해 전략적 파트너십 계약을 체결했다.,호재,2026-03-23 17:38,12.7,사실형,88.6
https://n.news.naver.com/mnews/article/092/0002414469?sid=105,2차전지,"브라더코리아, 인터배터리 2026에 구동계 솔루션 출품",브라더코리아는 인터배터리 2026에서 고효율 인덕션 기어모터와 감속기 등 구동계 솔루션을 출품했다.,호재,2026-03-16 10:02,12.7,사실형,90.1
https://n.news.naver.com/mnews/article/011/0004597543?sid=101,2차전지,"고려아연, 인터배터리2026 참가... ‘자원안보 전초기지’ 강조",고려아연은 인터배터리2026 전시회에 참가하여 이차전지 소재부터 전략광물까지 생산하는 기술력을 선보일 계획이다.,호재,2026-03-10 10:22,25.8,사실형,45.9
https://n.news.naver.com/mnews/article/003/0013808969?sid=101,2차전지,"이녹스 그룹, 인터배터리 참가…차세대 배터리 통합 솔루션 공개","이녹스 그룹은 인터배터리 2026에서 차세대 이차전지 소재 기술력을 선보이며, 전년 대비 전시 규모를 두 배로 확장한다.",호재,2026-03-09 08:24,18.0,사실형,53.2
https://n.news.naver.com/mnews/article/031/0001012047?sid=101,2차전지,"고려아연, 인터배터리 참가... '자원안보 전초기지' 강조",고려아연이 인터배터리2026에 참가하여 2차전지 소재부터 전략광물까지 첨단 산업 필수 소재를 생산하는 기술 역량을 선보일 예정이다.,호재,2026-03-10 17:54,18.1,사실형,43.6
https://n.news.naver.com/mnews/article/009/0005649834?sid=101,2차전지,이재용 회장 유럽 출장 마치고 귀국…벤츠 등 완성차 ‘배터리 수주’ ...,이재용 삼성전자 회장이 유럽 내 주요 고객사들과의 협력 강화를 위한 출장 마치고 귀국했다.,호재,2026-03-13 14:00,20.2,사실형,83.9
https://n.news.naver.com/mnews/article/138/0002220654?sid=105,2차전지,"브라더코리아, '인터배터리 2026' 성료…2차전지용 기어모터 솔루션 제...",브라더코리아 기어모터 사업부가 '인터배터리 2026'에서 2차전지용 기어모터 솔루션을 성공적으로 알렸다.,호재,2026-03-16 10:16,10.4,사실형,86.6
https://n.news.naver.com/mnews/article/448/0000601473?sid=101,제약/바이오,[돈이 보이는 경제] '천당' 갔다 '지옥' 간 삼천당제약…흔들리는 바이...,"삼천당제약의 주가가 최근 50% 가까이 폭락한 이유는 미국 파트너사에 기술 이전 계약을 체결한 공시와 대주주의 지분 매각 소식, 그리고 불성실공시로 지정될 위기에 있다.",악재,2026-04-04 19:24,42.2,추론형,20
https://n.news.naver.com/mnews/article/015/0005270559?sid=105,제약/바이오,"SK바이오팜-서울바이오허브, 유망 제약·바이오 벤처 연구 돕는다",SK바이오팜과 서울바이오허브가 유망 제약·바이오 벤처 연구를 지원하기 위해 중추신경계 분야의 두 스타트업을 선정했다.,호재,2026-04-03 09:30,20.9,사실형,36.8
https://n.news.naver.com/mnews/article/052/0002339821?sid=104,방산/우주항공,"""사우디, 한국 천궁Ⅱ 조기인도 타진...UAE도 추가 요격미사일 요청""","사우디아라비아와 UAE가 한국의 중거리 지대공 유도무기 체계인 천궁Ⅱ를 조기 인도에 타진하고, 대체 무기 확보를 위해 다양한 수단을 검토하고 있습니다.",호재,2026-04-13 04:58,31.5,추론형,0.0
https://n.news.naver.com/mnews/article/023/0003970475?sid=104,방산/우주항공,"“천궁Ⅱ 좀 빨리”...사우디·UAE, 韓에 방공무기 요청","사우디와 UAE가 한국에 방공무기 요청, 미국 중심의 무기 조달 구조에서 벗어나 한국과 우크라이나, 영국 등으로 공급선을 넓히고 있다.",호재,2026-04-13 09:07,15.5,사실형,92.3
https://n.news.naver.com/mnews/article/243/0000092623?sid=101,금융/밸류업,역대급 증시 랠리…4대 금융지주 주가도 ‘훨훨’,"코스피가 5000선을 돌파한 가운데, 국내 4대 금융의 주가도 역대 최고가를 쓰고 있다.",호재,2026-02-06 07:02,70.3,사실형,93.8
https://n.news.naver.com/mnews/article/215/0001240928?sid=101,금융/밸류업,"'검은 금요일' 와중에 치솟은 7% '불기둥'…""겹호재에 날았다""",KB금융이 '겹호재'에 힘입어 7% 급등해 52주 신고가를 경신했다.,호재,2026-02-07 01:07,55.0,사실형,74.1
https://n.news.naver.com/mnews/article/009/0005636071?sid=101,금융/밸류업,"""지금은 수익 방어 필요 … 韓금융주 투자할때""","토포 회장은 현재 시장은 포모에 의해 지배되고 있으며, 일부 자산은 너무 비싸다고 지적하며 방어적인 투자 기조를 권고했다.",악재,2026-02-11 17:15,37.3,사실형,98.0
https://n.news.naver.com/mnews/article/138/0002216849?sid=101,금융/밸류업,"‘18조 순익’ 4대금융, 주주환원 박차… 주가도 훨훨",4대금융지주가 역대급 주주환원에 나선다.,호재,2026-02-02 15:45,37.8,사실형,74.2
https://n.news.naver.com/mnews/article/374/0000503882?sid=104,방산/우주항공,"중동의 다급한 구애…""사우디, 천궁-II 조기 인도 타진""",사우디아라비아가 한국의 중거리 지대공 유도무기 체계 천궁Ⅱ의 인도 일정을 앞당길 수 있는지 타진했다.,호재,2026-04-13 04:40,34.1,추론형,0.0
https://n.news.naver.com/mnews/article/469/0000925015?sid=110,방산/우주항공,1차 오일쇼크로 바라본 이란의 회색지대 전술 [남성욱의 동북아 포커스...,이란의 핵무기 개발이 원유 수출에 미치는 영향과 파급 효과를 분석한다.,호재,2026-04-13 04:30,29.3,사실형,79.1
https://n.news.naver.com/mnews/article/001/0016017014?sid=104,방산/우주항공,"""사우디, 韓천궁Ⅱ 조기인도 타진…UAE도 추가 요격미사일 요청""",사우디아라비아와 UAE가 한국의 중거리 지대공 유도무기 체계인 '천궁-Ⅱ'를 조기 인도 타진하고 추가 요격미사일을 요청했다.,호재,2026-04-13 02:29,17.4,사실형,92.5
https://n.news.naver.com/mnews/article/293/0000082594?sid=101,방산/우주항공,"풍산, '방산수출 확대' 신용등급 AA- 상향",풍산의 신용등급이 AA-로 상향 조정됐다. 방위산업 수출 확대와 우수한 재무적 안정성으로 인한 것이다.,호재,2026-04-12 09:00,33.7,사실형,72.4
https://n.news.naver.com/mnews/article/374/0000503886?sid=104,방산/우주항공,[글로벌 비즈 브리핑] '중동 쇼크' 원유 확보 비상…현물시장선 '물량 쟁...,'중동 쇼크'로 글로벌 원유 시장에서 즉시 인도 가능한 물량을 둘러싼 각국의 '쟁탈전'이 벌어지고 있습니다.,호재,2026-04-13 04:55,54.2,추론형,2.4
https://n.news.naver.com/mnews/article/658/0000140793?sid=101,방산/우주항공,핀란드에 9400억원 규모 K9 자주포 추가 도입,핀란드는 K9 자주포를 추가로 도입하여 NATO 내에서 세 번째로 200문 이상 K9 자주포를 운용하는 국가가 될 예정이다.,호재,2026-04-12 14:21,24.1,사실형,79.9
https://n.news.naver.com/mnews/article/056/0012160721?sid=104,방산/우주항공,"“사우디, 한국에 천궁Ⅱ 조기 인도 타진…걸프국들, 공급선 다변화”","중동 국가들이 미국에 의존한 무기 조달구조에서 벗어나 한국, 영국, 우크라이나 등으로 눈을 돌리고 있다.",호재,2026-04-13 03:15,34.8,추론형,0.0
https://n.news.naver.com/mnews/article/001/0016017191?sid=101,자동차/모빌리티,"정의선 ""로보틱스·AI는 성장 핵심축…美에 260억달러 투자""","정의선 회장은 로보틱스와 인공지능(AI)을 그룹 미래 성장의 핵심축으로 강조하며, 미국에 260억달러를 투자할 계획을 밝혔다.",호재,2026-04-13 08:51,21.3,사실형,96.5
https://n.news.naver.com/mnews/article/011/0004609896?sid=101,자동차/모빌리티,"“4명 손쓸 일, 1명이서 해결”… 제조혁신 이끄는 ‘이 기술’",기아가 디지털 트윈 기술을 도입한 후 설비 유지 보수에 드는 노동량을 연간 3750시간 절감했다.,호재,2026-04-13 05:31,14.0,사실형,76.6
https://n.news.naver.com/mnews/article/374/0000474467?sid=101,엔터/미디어,[투자 노하우] 하이브 3분기 매출 7272억원…'역대 분기 중 최고',하이브가 3분기 매출 7272억원으로 역대 최고 분기 매출을 기록했지만 영업 손실을 냈다.,호재,2025-11-12 16:55,28.0,추론형,0.0
https://n.news.naver.com/mnews/article/629/0000210308?sid=101,엔터/미디어,[엔터Biz] 中한한령 해제 기대감에 꿈틀대는 'K팝 관련주',K팝 가수들이 8년만에 중국에서 공연할 수 있는 기대감에 가요기획사 주가가 상승하고 있다.,호재,2023-04-07 00:01,64.0,사실형,64.5
https://n.news.naver.com/mnews/article/008/0002899643?sid=101,엔터/미디어,JYP 쓴돈 116억? 싸이는 뮤비 하나로…,싸이의 '강남스타일' 뮤직비디오가 유튜브에서 4300만 조회수를 돌파하여 해외에서의 뜨거운 관심을 끌고 있다.,호재,2012-08-24 09:53,76.3,사실형,43.5
https://n.news.naver.com/mnews/article/008/0005028886?sid=101,엔터/미디어,하이브 '멀티레이블'이 독 됐나…하루만에 시총 7500억 증발한 이유,"하이브 주가는 민희진 어도어 대표와의 갈등으로 급락, 하루만에 시총 7500억원 증발했다.",악재,2024-04-22 21:01,58.6,사실형,50.7
https://n.news.naver.com/mnews/article/001/0015063420?sid=101,엔터/미디어,[살까팔까] 트럼프도 못 막는 K팝…엔터株 이달 들어 시총 2조 '쑥',K팝의 인기로 엔터테인먼트株 시총이 2조원 이상 증가했다.,호재,2024-11-24 08:20,23.9,사실형,93.5
https://n.news.naver.com/mnews/article/366/0001156192?sid=101,제약/바이오,"“난해한 바이오 공시 손본다”…금감원, 제약·바이오 공시 전면 개편","금감원, 제약·바이오 공시를 전면 개편한다.",호재,2026-04-12 12:01,9.0,사실형,49.2
https://n.news.naver.com/mnews/article/001/0016016012?sid=101,제약/바이오,"""의약품 사재기 안 돼""…제약사들, 중동사태에 과잉주문 제한",제약사들은 중동사태로 인한 과잉주문 제한을 시행한다.,호재,2026-04-12 06:13,35.2,사실형,88.0
https://n.news.naver.com/mnews/article/003/0013882214?sid=101,제약/바이오,"금감원, '바이오 공시' 개선 속도…언론보도 가이드라인 만든다","금융감독원은 제약·바이오 공시 개선 작업을 속도 내고, 투자자가 이해하기 쉽도록 공시를 개편하고 언론보도 가이드라인을 마련할 계획이다.",호재,2026-04-12 12:00,14.6,사실형,72.0
https://n.news.naver.com/mnews/article/018/0006255459?sid=104,제약/바이오,트럼프 관세·중국 굴기에…유럽 제약 왕국 흔들린다,유럽 제약 산업이 미국의 관세 공세와 중국의 바이오테크 굴기에 구조적으로 흔들리고 있다.,호재,2026-04-12 11:36,27.5,사실형,58.2
https://n.news.naver.com/mnews/article/088/0000997042?sid=101,금융/밸류업,"주주환원책 쏟아진다…금융株, 저평가 매력 부각에 '밸류업'",금융주가 실적 개선과 주주환원 기대에 힘입어 급등하고 있으며 주요 금융 지수들이 코스피·코스닥 수익률을 크게 웃도는 등 재평가 기대가 확산되고 있다.,호재,2026-02-13 10:38,40.1,사실형,87.4
https://n.news.naver.com/mnews/article/009/0005636635?sid=101,금융/밸류업,출렁이는 장세 생존법…'한 방'버리고 '밸런스' 맞추세요 [지갑을 불려...,적립식 투자는 변동성을 활용해 평균 매입 단가를 낮추고 심리적 안정감을 유지하는 강력한 관리 전략이다.,호재,2026-02-12 16:02,22.9,사실형,49.7
https://n.news.naver.com/mnews/article/009/0005636842?sid=101,금융/밸류업,'반도체 투톱' 끌고 증권株 밀고 … 또 고점 뚫은 코스피,"코스피 사상 첫 5500선을 돌파하고, 반도체주가 강세를 보이며 증권주가 오르는 등 증시가 활황을 보였다.",호재,2026-02-12 17:55,38.7,사실형,84.3
https://n.news.naver.com/mnews/article/009/0005636950?sid=101,금융/밸류업,‘진격의 코스피’ 1년새 2548→5522…개미 던지자 외국인이 넙죽,코스피는 반도체 훈풍과 정부의 밸류업 정책 기대감에 힘입어 사상 최초로 5500선을 돌파했다.,호재,2026-02-13 06:24,41.4,사실형,87.0
https://n.news.naver.com/mnews/article/011/0004594371?sid=101,금융/밸류업,[ETF 줌인] 상법 개정發 밸류업 기대감…올해 수익률 32.6%,PLUS 자사주매입고배당주 ETF는 상법 개정안 통과로 수익률 32.6%를 기록했다.,호재,2026-02-27 18:05,18.1,사실형,79.8
https://n.news.naver.com/mnews/article/011/0004608740?sid=101,방산/우주항공,K방산 빅4 올해 ‘영업이익 7조’ 넘을까[biz-플러스],"K방산 4사 올해 영업이익 7조원 이상 전망, 가격 경쟁력과 성능으로 글로벌 시장 공략",호재,2026-04-09 07:01,35.3,사실형,78.2
https://n.news.naver.com/mnews/article/014/0005483464?sid=101,금융/밸류업,증시 이끄는 트로이카…‘밸류업·반도체·전력 인프라 ETF’ 동반 질주,"금융·반도체·전력 인프라 ETF가 상승하는 추세를 보이며, '기업 밸류업 프로그램'과 AI 랠리의 영향으로 수익률이 급등하고 있다.",호재,2026-02-26 15:15,12.0,사실형,78.0
https://n.news.naver.com/mnews/article/018/0006253234?sid=101,방산/우주항공,“전쟁 끝나도 돈 더 쓴다”…중동 군비 확대에 K-방산 기회,"중동 전쟁 종결에도 중동 국가들의 군비 지출 확대 압력이 이어질 가능성이 크며, 국내 방산업종에 대한 긍정적 시각을 유지해야 한다.",호재,2026-04-09 07:54,11.2,사실형,85.5
https://n.news.naver.com/mnews/article/658/0000136448?sid=101,금융/밸류업,[차호중의 재테크 칼럼] 2월 말 시장에 대한 단상,"코스피와 코스닥 지수가 2026년 들어 가파르게 상승하고 있으며, 반도체 업황이 좋을 것으로 보인다.",호재,2026-02-27 14:56,37.7,사실형,56.3
https://n.news.naver.com/mnews/article/011/0004608585?sid=101,방산/우주항공,군비경쟁 주역 된 K방산…빅4 ‘영업익 7조’ 정조준,K방산 기업들의 수주 확대 기대감이 높아지면서 국내 4대 방산 기업의 영업이익이 최대 7조 원대까지 치솟을 것으로 예상된다.,호재,2026-04-08 17:37,45.3,사실형,74.2
https://n.news.naver.com/mnews/article/421/0008877867?sid=101,방산/우주항공,"휴전에 ""휴~살았다""…산업계 '안도' 석화·항공 '숨통'(종합)","휴전에 대한 반응으로 국내 산업계가 안도하고, 석유화학 업계는 원가 부담 완화의 전환점을 기대하고 있다.",호재,2026-04-08 14:50,30.1,사실형,68.9
https://n.news.naver.com/mnews/article/008/0005341637?sid=101,방산/우주항공,'한국판 록히드마틴' 탄생 길목에 국민연금…K-방산 '빅딜' 향방 가른다,국민연금이 한국판 록히드마틴 탄생 길목에 있는 K-방산 '빅딜'의 향방을 가른다.,호재,2026-04-08 16:59,67.4,사실형,88.7
https://n.news.naver.com/mnews/article/029/0003020542?sid=101,방산/우주항공,"K-방산, 중남미 공략 시동…수출 200억달러 기대","K-방산은 중남미 시장에서 입지를 다져왔으며, 노후 전력 교체 수요에 힘입어 200억달러의 수출 기대를 내걸고 있다.",호재,2026-04-08 11:01,17.5,사실형,98.9
https://n.news.naver.com/mnews/article/021/0002783131?sid=110,방산/우주항공,‘중동 형제’ UAE[오후여담],"UAE는 한국에 원유 공급을 늘리고 있으며, 이는 한국의 석유 수급에 큰 도움이 된다.",호재,2026-04-08 11:00,39.7,사실형,70.6
https://n.news.naver.com/mnews/article/030/0003415948?sid=101,방산/우주항공,"K-방산, 중남미서 수출 200억달러 시동… 칠레 방산전시회 역대 최대 참...",K-방산은 중남미 시장에 본격적으로 진출하여 올해 방위산업 수출 200억 달러 달성을 목표로 한다.,호재,2026-04-08 14:24,16.8,사실형,96.5
https://n.news.naver.com/mnews/article/417/0001137939?sid=101,방산/우주항공,"""사오면 그만인데 왜?"" 비난에 독기로 독자개발한 KF-21 첨단기술",대한민국이 25년 만에 '국산 전투기 개발' 선언 이후 KF-21 '보라매'가 초도 양산의 결실을 맺으며 '항공 기술 독립'을 이뤄냈다.,호재,2026-04-08 05:30,54.3,사실형,59.6
https://n.news.naver.com/mnews/article/014/0005504192?sid=101,방산/우주항공,"전쟁이 키운 K-방산… 방산 빅4, 1분기 또 '1兆 클럽'",국내 방산 '빅4'의 올해 1·4분기 실적이 사상 최대 기록을 경신할 것으로 전망된다.,호재,2026-04-08 08:56,33.1,사실형,71.8
https://n.news.naver.com/mnews/article/421/0008876333?sid=101,방산/우주항공,"'쌓인 먹거리만 120조' K-방산, 4분기 연속 영업익 1조 고지 넘는다",K-방산 빅4의 1분기 합산 영업이익이 1조 2000억 원을 넘어설 것으로 전망된다.,호재,2026-04-08 07:20,57.5,사실형,78.9
https://n.news.naver.com/mnews/article/009/0005662374?sid=101,방산/우주항공,"K방산 메카…진격의 구미, 4년간 투자유치 1조 돌파",구미시는 방산 기업으로부터 1조원 이상의 투자 유치를 이끌어내며 'K방산 도시'로 주목받고 있다.,호재,2026-04-07 16:05,42.0,사실형,88.8
https://n.news.naver.com/mnews/article/081/0003633291?sid=102,방산/우주항공,“중동전쟁 판도 바꾼 AI… 자주국방 위한 AI 무기체계 서둘러야”[최광...,"중동전쟁에서 AI가 활용된 정밀유도 무기의 위력을 확인하고, 모든 무기체계에 AI를 장착해 효율을 향상시키는 것이 필요하다.",호재,2026-04-08 05:12,54.1,사실형,63.1
https://n.news.naver.com/mnews/article/374/0000503157?sid=101,방산/우주항공,[증시 인사이트] 국내증시 동반 상승 마감…코스피 5800선 회복,미국과 이란이 2주 간의 휴전에 돌입하면서 국내 증시가 출발부터 강세를 기록했다.,호재,2026-04-08 16:42,10.2,추론형,13.1
https://n.news.naver.com/mnews/article/469/0000924040?sid=100,방산/우주항공,"""야당 첩자"" 소리 들으며 방사청 지켜낸 사람들…K방산 수출 신화의 뒷...",K방산의 역사와 현재를 돌아보는 기사이다.,호재,2026-04-07 14:01,97.4,사실형,73.6
https://n.news.naver.com/mnews/article/417/0001137944?sid=101,방산/우주항공,[기자노트] 방산 수주전에도 '은메달'을 수여하자,"방산 수주전의 승자독식 구조는 업체 간 갈등을 부르는 핵심이며, 실력은 종이 한 장 차이임에도 보상이 극단적으로 갈리는 구조다.",호재,2026-04-08 06:05,58.3,사실형,70.7
https://n.news.naver.com/mnews/article/014/0005503658?sid=101,방산/우주항공,"삼성E&amp;A, 반도체 투자 재개에 목표가 5만6000원↑…두산에너빌리티, SMR ...","삼성E&A가 반도체 투자 재개를 통해 1분기 영업익 34.5% 증가하고, 두산에너빌리티와 한화에어로스페이스도 목표주가 상향을 받았다.",호재,2026-04-07 11:05,18.4,추론형,19
https://n.news.naver.com/mnews/article/421/0008878875?sid=105,IT/플랫폼,"""AI가 만든 광고입니다""…워터마크 의무화 속도 내는 플랫폼",네이버와 카카오가 AI를 이용한 광고 제작을 지원하는 서비스를 출시한다.,호재,2026-04-09 06:01,25.7,사실형,97.7
https://n.news.naver.com/mnews/article/277/0005745250?sid=101,방산/우주항공,"이번에도 '개미'들만 죽쒔다…이란 전쟁이 가른 성적표, 외국인은 '선방...","개인 투자자들은 이란 전쟁 직후 코스피 상위 10개 종목을 사들였지만, 그 주가들은 모두 하락했다.",호재,2026-04-06 08:00,58.7,사실형,88.5
https://n.news.naver.com/mnews/article/469/0000924402?sid=102,IT/플랫폼,"""구청서 여권만 받고 나오면 안 되나요""… 차량 2부제·5부제 첫날 '혼란...",서울 도심과 전국 곳곳에서 차량 운행 문제로 혼란이 빚어졌습니다.,호재,2026-04-08 19:39,58.2,사실형,75.7
https://n.news.naver.com/mnews/article/008/0005341774?sid=101,IT/플랫폼,"""아, 삼전 샀어야 돼"" 네카오 개미들 '비명'...코스피 오르는데 뒷걸음...","네이버, 카카오가 지난해 최대 매출·영업이익을 기록해 시장에 큰 충격을 주었다.",호재,2026-04-09 04:20,48.5,사실형,59.8
https://n.news.naver.com/mnews/article/024/0000104662?sid=101,IT/플랫폼,역대급 실적에도 주가 부진…커머스주 전락한 네이버,네이버의 주가 부진이 길어지고 있으며 최근 실적에도 주가가 반영되지 않고 있다.,악재,2026-04-08 21:01,49.0,사실형,94.7
https://n.news.naver.com/mnews/article/079/0004134488?sid=102,IT/플랫폼,"창원시, 시민 크리에이터·쇼호스트 키운다",창원시가 소상공인 온라인 홍보와 판로 확대를 지원하는 사업을 진행하고 있다.,호재,2026-04-08 17:28,26.8,사실형,81.4
https://n.news.naver.com/mnews/article/008/0005341674?sid=101,IT/플랫폼,"다른 주식은 쭉쭉 오르는데...""목표가 줄하향"" 네카오 개미 또 운다",네이버·카카오가 목표주가 하향을 맞아 주주들의 원성이 커지는 추세다.,악재,2026-04-08 17:34,24.8,사실형,88.3
https://n.news.naver.com/mnews/article/015/0005272686?sid=102,IT/플랫폼,"공영주차장 5부제 곳곳 혼란…""잠깐 화장실 간다"" 꼼수 주차도",공영주차장 5부제 시행으로 시민 불편이 이어지고 있다.,악재,2026-04-08 19:01,61.7,사실형,52.8
https://n.news.naver.com/mnews/article/009/0005663049?sid=101,IT/플랫폼,중동 진출 밀어붙였는데 … 맘 졸이는 네이버·카카오,"네이버와 카카오의 사우디 사업이 전쟁으로 인해 위협받고 있으며, 국가 예산이 전쟁 후유증 회복과 안보에 우선적으로 사용되기 때문에 IT 관련 사업은 후순위로 밀릴 수 있다.",악재,2026-04-08 17:20,53.2,사실형,72.3
https://n.news.naver.com/mnews/article/031/0001020698?sid=101,IT/플랫폼,"제일기획, AI 배너 자동화 '베리에이드' 도입","제일기획이 AI 기반 배너 자동화 솔루션 '베리에이드'를 도입하여 제작비를 90% 이상 절감하고, 해외 법인 확대 계획을 발표했다.",호재,2026-04-08 17:24,23.9,사실형,45.9
https://n.news.naver.com/mnews/article/009/0005663099?sid=101,IT/플랫폼,신분증 없는 AI도 돈을 쓴다...디지털 지갑 시대의 도래[엠블록레터],"AI가 직접 돈을 쓸 수 있는 지갑이 개발되면서, 우리의 돈 쓰는 방식이 달라질 수 있습니다.",호재,2026-04-08 17:47,53.3,추론형,0.3
https://n.news.naver.com/mnews/article/092/0002417956?sid=105,IT/플랫폼,"주병기 공정거래위원장 ""쿠팡 끼워팔기, 혁신 없이 시장 잠식 우려""","주병기 공정거래위원장은 쿠팡의 '끼워팔기' 의혹에 대해 강도 높은 경고 메시지를 내놨고, 시장 지배적 플랫폼이 기존 이용자 기반을 활용해 신규 사업 영역을 손쉽게 확장하는 행태는 공정 경쟁을 훼손할 수 있다고 지적했다.",호재,2026-04-08 16:41,16.2,사실형,87.3
https://n.news.naver.com/mnews/article/421/0008876299?sid=101,IT/플랫폼,생방송 중 폭행·위법 행위 난무…플랫폼 제재 책임 어디까지,인터넷 생방송에서 폭행 등 위법 행위가 계속 발생해 플랫폼 사업자의 책임을 강화해야 한다는 지적이 나온다.,악재,2026-04-08 06:30,13.8,사실형,75.7
https://n.news.naver.com/mnews/article/016/0002626386?sid=101,IT/플랫폼,"택배값 올리는 세븐일레븐, 편의점 줄인상 신호탄? [중동發 물가쇼크]","세븐일레븐이 일반 택배 요금을 200원 인상하는 것으로 결정했으며, 이는 중동 사태로 인해 유류비 부담이 커지면서 이어질 택배비 인상 전망과 관련된 신호탄으로 간주되고 있다.",호재,2026-04-08 10:03,28.8,사실형,79.9
https://n.news.naver.com/mnews/article/117/0004051950?sid=105,IT/플랫폼,"“잘 벌어도 안 오른다”…네카오, AI 수익화가 주가 운명 가른다",네이버와 카카오의 주가가 실적과 별개로 움직이며 AI 수익화에 대한 시장의 관심이 높아지고 있다.,호재,2026-04-08 11:00,35.0,사실형,87.8
https://n.news.naver.com/mnews/article/366/0001155059?sid=101,IT/플랫폼,"80여 규격 자동 생성…제일기획, 배너 제작 자동화 도입",제일기획이 AI 기술을 활용한 배너 이미지 변형 자동화 솔루션 '베리에이드'를 도입하여 80여 개의 광고 규격에 맞는 배너를 자동으로 제작할 수 있다.,호재,2026-04-08 09:10,19.2,사실형,36.8
https://n.news.naver.com/mnews/article/082/0001375063?sid=102,IT/플랫폼,공영주차장 5부제 첫날… 시민 혼선 속 어수선한 출발,공영주차장 5부제 시행 첫날 시민 혼선 속 출퇴근길 난감한 현장,호재,2026-04-08 16:46,62.3,사실형,70.6
https://n.news.naver.com/mnews/article/421/0008876499?sid=103,IT/플랫폼,"에어비앤비, 삼성전자와 맞손…49개국 갤럭시 이용자 잡는다",에어비앤비는 삼성전자와의 협업을 통해 삼성 갤럭시 스마트폰 기본 웹 브라우저인 '삼성 인터넷'의 '빠른 실행' 메뉴에 에어비앤비 바로가기를 추가했다.,호재,2026-04-08 08:52,30.8,사실형,86.7
https://n.news.naver.com/mnews/article/277/0005746595?sid=102,IT/플랫폼,"[Invest&amp;Law]""단순 대응 넘어 경제분석까지""…8대 로펌 공정거래팀 '고도...",8대 로펌들이 공정거래 사건 대응 조직을 확대 및 고도화하고 있다.,호재,2026-04-08 13:16,12.6,사실형,86.7
https://n.news.naver.com/mnews/article/421/0008877315?sid=102,IT/플랫폼,"""공공기관 직원·민원인 구분 어떻게?""…차량2부제·5부제 첫날 '혼란'",공공기관 직원·민원인 구분에 혼란이 생겨 2부제·5부제 첫날 혼란이 이어졌다.,호재,2026-04-08 11:34,55.2,사실형,68.1
https://n.news.naver.com/mnews/article/003/0013873892?sid=105,IT/플랫폼,"""길 찾기는 기본, 이제는 경험을 판다""…구글맵 공습 앞두고 네카오 지...",네이버가 3년 만에 별점 리뷰 시스템을 다시 도입하여 경쟁력 강화에 나섰다.,호재,2026-04-08 06:00,52.4,사실형,75.8
https://n.news.naver.com/mnews/article/018/0006252935?sid=105,IT/플랫폼,"“선물용 모바일 쿠폰 ‘기프티콘’, 고독사 막았다”",광명시와 SK플래닛이 독거노인에게 모바일 쿠폰을 발송하여 생활 신호 확인을 통해 위험 상황을 발견했다.,호재,2026-04-08 15:34,31.7,사실형,68.7
https://n.news.naver.com/mnews/article/296/0000099570?sid=101,제약/바이오,"오름테라퓨틱, 차세대 항암 기법 ‘DAC’ 선도... 로슈 거센 추격",오름테라퓨틱이 차세대 항암 기법 'DAC' 개발을 가속화하기 위해 잇달아 인재를 영입하고 있다.,호재,2026-04-15 17:11,56.2,사실형,40.9
https://n.news.naver.com/mnews/article/119/0003081035?sid=101,제약/바이오,"伊 경제단체 대표단, 동아ST 연구소 방문…""K바이오 경쟁력 확인""",동아에스티가 이탈리아 경제단체 대표단을 맞아 송도 연구소와 캠퍼스를 공개하며 글로벌 협력 확대에 나섰다.,호재,2026-04-15 16:30,31.9,사실형,51.8
https://n.news.naver.com/mnews/article/029/0003021881?sid=105,제약/바이오,제약업계 R&amp;D 조직 개편 움직임…수장교체·인재 영입 확대,"제약업계는 혁신 신약 개발을 위해 연구개발(R&D) 역량을 강화하고, 정부의 약가 정책에 대응하기 위해 인적 쇄신에 나선다.",호재,2026-04-15 16:54,61.5,사실형,48.0
https://n.news.naver.com/mnews/article/056/0012162825?sid=104,제약/바이오,[맵 브리핑] 약값 체계 개편…바이오강국 시동?,중국 정부가 약값 체계를 개편하여 혁신 의약품 개발을 장려하고 국민의 의약품 접근성을 높이는 정책을 발표했습니다.,호재,2026-04-15 15:31,28.0,추론형,0.0
https://n.news.naver.com/mnews/article/374/0000504624?sid=101,제약/바이오,[증시 인사이트] 국내증시 동반 상승 마감…코스피 6100선에서 등락,"코스피, 코스닥 모두 상승 마감했으며 외국인 투자자도 코스피 '사자'로 전환했다.",호재,2026-04-15 16:35,11.5,추론형,25.7
https://n.news.naver.com/mnews/article/020/0003712623?sid=101,제약/바이오,"동아에스티, 콘핀두스트리아 대표단 맞아… 송도연구소 및 생산시설 소...",동아에스티가 이탈리아 경제단체 콘핀두스트리아 대표단을 송도 연구소와 캠퍼스에 초대해 한국 제약·바이오 산업 경쟁력을 소개했다.,호재,2026-04-15 16:33,30.0,사실형,66.4
https://n.news.naver.com/mnews/article/003/0013889345?sid=102,제약/바이오,"""K바이오 보자""…이탈리아 경제단체, 동아ST연구소 방문",이탈리아 경제단체 콘핀두스트리아 대표단이 동아에스티 연구소 및 캠퍼스를 방문해 한국 제약바이오 산업 경쟁력을 살펴봤다.,호재,2026-04-15 14:53,30.0,사실형,55.8
https://n.news.naver.com/mnews/article/014/0005508135?sid=103,제약/바이오,"이탈리아 경제단체 '콘핀두스트리아' 대표단, 동아ST 송도 연구소 방문",이탈리아 경제단체 '콘핀두스트리아' 대표단이 동아에스티 송도 연구소 및 캠퍼스를 방문해 한국 제약·바이오 산업의 경쟁력을 소개하고 이탈리아 산업계와의 교류 기반을 마련했다.,호재,2026-04-15 14:23,36.8,사실형,46.6
https://n.news.naver.com/mnews/article/030/0003418116?sid=102,제약/바이오,"'K-임상 컨트롤타워' 임상시험지원재단, 차기 이사장 선임 절차 착수",국가임상시험지원재단(KoNECT)이 차기 이사장 선임 절차에 돌입했다.,중립,2026-04-15 14:12,43.7,사실형,51.8
https://n.news.naver.com/mnews/article/003/0013889264?sid=102,제약/바이오,"바이오로 판 넓히는 '국민성장펀드'…""투자회사는 어디?""","국민성장펀드가 바이오 산업으로 투자 범위 넓히고, 국내 제약바이오업계는 산업 생태계 활성화를 기대한다.",호재,2026-04-15 14:40,24.7,사실형,68.9
https://n.news.naver.com/mnews/article/117/0004054317?sid=102,제약/바이오,"K-바이오, AACR 무대서 기술 경쟁…글로벌 무대 존재감 키운다",K-바이오 기업들이 미국암연구학회(AACR 2026)에서 항암 신약 기술 경쟁에 나선다.,호재,2026-04-15 14:24,58.0,사실형,53.4
https://n.news.naver.com/mnews/article/018/0006257799?sid=101,제약/바이오,前 FDA 심사관 “정책적 예외 없는 한 삼천당 S-PASS 제네릭 트랙 쉽지 ...,삼천당제약의 S-PASS 기술을 기반으로 한 경구 세마글루타이드 제네릭 개발의 제네릭 승인 가능성은 낮다고 평가했다.,악재,2026-04-15 14:02,66.3,사실형,45.4
https://n.news.naver.com/mnews/article/366/0001157142?sid=101,제약/바이오,"‘면역항암제 기대주’ 넥스아이, 500억원 규모 프리IPO 투자유치 추진",넥스아이가 500억원 규모로 신규 자금조달을 추진하는 중이다.,호재,2026-04-15 16:01,36.0,사실형,77.3
https://n.news.naver.com/mnews/article/366/0001157245?sid=101,방산/우주항공,[인터뷰] K방산 소재부터 완제품까지…김종일 삼양컴텍 대표 “K2 전차 ...,"삼양컴텍은 방탄 소재부터 부품까지 일괄 생산하는 원스톱 생산 구조로 경쟁력을 확보하고, 최근 수출 확대에 실적이 급증했다.",호재,2026-04-16 06:19,32.9,사실형,87.3
https://n.news.naver.com/mnews/article/023/0003971085?sid=101,방산/우주항공,"현대위아 방산 사업, 현대로템에 매각 검토",현대로템에 현대위아 방산 사업을 매각하는 방안을 검토중이다.,호재,2026-04-16 00:34,37.5,사실형,57.2
https://n.news.naver.com/mnews/article/047/0002512223?sid=104,방산/우주항공,"[이충재의 인사이트] 한국 '무기 수출' 4위, 좋기만 할까","한국이 지난해 세계 무기 수출 점유율 4위에 올랐지만, 국제 분쟁의 한복판으로 끌려갈 가능성이 커지고 있다.",호재,2026-04-16 06:06,55.0,추론형,3.2
https://n.news.naver.com/mnews/article/031/0001022503?sid=101,방산/우주항공,"현대로템, 현대위아 방산부문 인수 검토",현대로템이 현대위아의 방위산업 사업부문을 인수 검토 중인 것으로 알려졌습니다.,호재,2026-04-15 19:51,49.2,사실형,84.4
https://n.news.naver.com/mnews/article/024/0000104826?sid=101,방산/우주항공,‘K방산’에 ‘K드론’ 없다…WHY?,"국내 드론 산업 성장에는 복잡한 인허가 규제를 풀고, 중국산에 의존하는 공급망을 바꿔 핵심 부품 국산화율을 높이는 것이 절실하다.",호재,2026-04-15 21:01,14.5,사실형,79.5
https://n.news.naver.com/mnews/article/417/0001139182?sid=110,방산/우주항공,"[사설]'골든타임' K 방산, 혁신으로 질적 전환 서두를 때","K 방산이 세계 군수시장에서 '골든타임'을 맞고 있으며, 새로운 도전에 직면하여 미래형 기술 혁신에 매각해야 한다.",호재,2026-04-15 19:04,72.5,사실형,50.0
https://n.news.naver.com/mnews/article/014/0005508337?sid=101,방산/우주항공,"생산적 금융 키우는 우리銀, K방산에 3조 공급",우리은행과 LIG D&A가 3조원 규모의 금융 지원 업무협약을 맺어 K방산 육성을 위한 생산적 금융 지원을 확대한다.,호재,2026-04-15 18:16,24.0,사실형,73.8
https://n.news.naver.com/mnews/article/001/0016024580?sid=104,IT/반도체,"AI 붐 탄 한국 메모리…""중국 제치고 ASML 최대 고객 부상""",한국이 1분기 중국을 제치고 세계 1위 반도체 장비 업체가 된 ASML의 성과,호재,2026-04-16 09:57,27.9,사실형,96.1
https://n.news.naver.com/mnews/article/417/0001139229?sid=101,IT/반도체,"머스크 ""AI5 테이핑 아웃 축하…삼성전자 땡큐""",머스크는 테슬라의 차세대 AI 칩인 AI5의 테이프 아웃을 축하하며 삼성전자를 감사한다.,호재,2026-04-16 09:33,20.8,사실형,98.4
https://n.news.naver.com/mnews/article/024/0000104830?sid=101,IT/반도체,드론 넘어 방산 ‘피지컬 AI’ 도전하는 이도경 본 대표 [내일은 유니콘...,이도경 본 대표가 피지컬 AI가 21세기 한국 경제를 이끄는 산업으로 떠오를 것이라고 예측했다.,호재,2026-04-16 09:40,12.1,추론형,0.0
https://n.news.naver.com/mnews/article/025/0003516611?sid=104,IT/반도체,일론 머스크 “인공지능 칩 AI5 설계 마쳤다…삼성전자에 감사”,일론 머스크가 테슬라 AI 칩 'AI5'의 설계를 완료했다고 밝혔다.,호재,2026-04-16 10:00,14.1,사실형,95.0
https://n.news.naver.com/mnews/article/003/0013890755?sid=101,IT/반도체,"삼전·SK하닉, 동반 강세…글로벌 반도체 훈풍 반영[핫스탁]",삼전과 SK하닉이 동반 강세를 보이며 글로벌 반도체 시장의 훈풍이 반영되는 모습이다.,호재,2026-04-16 09:43,25.2,사실형,70.9
https://n.news.naver.com/mnews/article/008/0005344968?sid=101,IT/반도체,"한성크린텍, AI 반도체發 초순수 수요 대응…국책과제로 에너지 절감설...",한성크린텍이 AI 반도체 발전을 위해 초순수 수요 대응을 위해 국책과제로 에너지 절감을 추진한다.,호재,2026-04-16 09:36,17.3,사실형,58.2
https://n.news.naver.com/mnews/article/008/0005344981?sid=101,IT/반도체,"""AI5 칩 설계 완료""…테슬라 주가 7.6% 상승한 4가지 이유",테슬라 주가 7.6% 상승한 4가지 이유 중 하나는 밸류에이션이 높은 성장주가 급등하며 테슬라도 동참했기 때문이다.,호재,2026-04-16 09:53,24.6,사실형,31.2
https://n.news.naver.com/mnews/article/421/0008892909?sid=101,IT/반도체,美 증시 훈풍에도 반도체 '숨고르기'…코스피 장 초반 1%대 상승[개장시...,코스피가 장 초반 1%대 상승했지만 반도체株들은 훈풍에도 불구하고 하락한 모습을 보였다.,호재,2026-04-16 09:23,15.9,사실형,99.0
https://n.news.naver.com/mnews/article/018/0006258315?sid=101,IT/반도체,"미래에셋, 'TIGER 배당커버드콜액티브' 순자산 1조원 돌파",미래에셋의 'TIGER 배당커버드콜액티브'가 순자산 1조원을 돌파했다.,호재,2026-04-16 09:52,16.5,사실형,58.6
https://n.news.naver.com/mnews/article/028/0002801000?sid=105,IT/반도체,‘AI 논문·특허’ 중국이 미국 추월…2030년 세계 1위 가시권,중국이 미국을 추월할 가능성이 높은 AI 논문 및 특허 분야에서 세계 1위에 올랐다.,호재,2026-04-16 09:32,30.2,사실형,98.8
https://n.news.naver.com/mnews/article/421/0008892931?sid=101,IT/반도체,"""반도체주 단기 향방 고민""…삼전·닉스 보합권 숨고르기",삼전과 닉스에 대한 단기 향방은 보합권으로 보인다.,중립,2026-04-16 09:34,7.9,사실형,97.7
https://n.news.naver.com/mnews/article/003/0013890658?sid=101,IT/반도체,"미래에셋, 'TIGER 배당커버드콜액티브' 순자산 1조 돌파",미래에셋의 'TIGER 배당커버드콜액티브'가 순자산 1조를 돌파했습니다.,호재,2026-04-16 09:23,22.0,사실형,55.5
https://n.news.naver.com/mnews/article/003/0013890661?sid=101,IT/반도체,"폴라리스오피스, 보안 지원 강화…미토스發 AI 보안 위협 대응",폴라리스오피스는 미토스 AI 모델로 인한 사이버 보안 위협에 대응하기 위해 보안 지원을 강화하고 있다.,호재,2026-04-16 09:23,14.8,사실형,96.6
https://n.news.naver.com/mnews/article/092/0002418884?sid=105,IT/반도체,"테슬라 주가 8% 깜짝 급등…""차세대 AI 칩 진전""",테슬라 CEO 일론 머스크가 차세대 AI 칩 개발에 대한 진전을 발표했다.,호재,2026-04-16 09:55,36.7,사실형,99.9
https://n.news.naver.com/mnews/article/277/0005750277?sid=101,IT/반도체,"한성크린텍, 차세대 초순수 국책과제 선정…반도체 인프라 경쟁력 강화","한성크린텍이 차세대 초순수 국책과제 선정, 반도체 인프라 경쟁력 강화",호재,2026-04-16 09:22,18.4,사실형,95.3
https://n.news.naver.com/mnews/article/016/0002630498?sid=105,IT/반도체,“과학기술×AI 국가미션 해결”…‘K-문샷’ 프로젝트 책임자 찾는다,국가과학기술연구회에서 11개 미션의 프로젝트 책임자를 찾고 있다.,중립,2026-04-16 09:14,31.1,대화형,16.2
https://n.news.naver.com/mnews/article/016/0002630504?sid=101,IT/반도체,머스크 홀린 삼성 최첨단 공정기술…테슬라 차세대 칩 생산 초읽기,삼성 파운드리가 테슬라의 차세대 칩 'DX-M2' 생산을 맡아 2027년 출시할 예정이다.,호재,2026-04-16 09:24,15.3,사실형,98.9
https://n.news.naver.com/mnews/article/003/0013890631?sid=101,IT/반도체,"자율주행 반도체 'AI5' 설계 마친 일론머스크 ""땡큐 삼성"" 왜?",일론 머스크가 차세대 인공지능(AI) 반도체 'AI5' 설계 마치고 삼성에 감사를 전했다.,호재,2026-04-16 09:15,8.2,사실형,99.2
https://n.news.naver.com/mnews/article/018/0006258277?sid=101,IT/반도체,[마켓무버] S&amp;P500 사상 첫 7000선 돌파…AI 랠리에 증시 신고가 경신,"S&amp;P500가 사상 첫 7000선 돌파하며 증시 신고가 경신, 엔비디아와 브로드컴이 AI 관련 기대감에 강세를 보였다.",호재,2026-04-16 09:21,35.1,사실형,45.9
https://n.news.naver.com/mnews/article/053/0000057543?sid=101,IT/반도체,"젠슨 황 이어 머스크까지 ""땡큐, 삼성전자""…무슨 일",일론 머스크가 테슬라 AI 칩 디자인 팀이 AI5 설계 완료를 발표하며 삼성전자에 감사를 표했다.,호재,2026-04-16 09:20,12.0,사실형,98.7
https://n.news.naver.com/mnews/article/277/0005750269?sid=101,IT/반도체,"폴라리스오피스, '미토스'發 AI 보안 위협 선제 대응…글로벌 솔루션 전...",폴라리스오피스는 AI 보안 위협에 대응하기 위해 글로벌 솔루션을 전개한다.,호재,2026-04-16 09:15,11.5,사실형,94.2
https://n.news.naver.com/mnews/article/016/0002630485?sid=102,IT/반도체,"박영선·윤송이 토크콘서트 열린다 …‘AI 시대, 가장 인간적인 미래’","박영선·윤송이 토크콘서트가 열리며, AI 시대에 인간적인 미래를 이야기할 예정이다.",호재,2026-04-16 09:08,19.6,사실형,51.0
https://n.news.naver.com/mnews/article/014/0005508348?sid=102,2차전지,평택 포승지구 640억 투자 유치,"㈜왕성, 조양메탈, ㈜광석인터내셔날이 평택 포승지구에 640억 투자 유치",호재,2026-04-15 18:19,16.7,사실형,50.2
https://n.news.naver.com/mnews/article/119/0003081024?sid=102,2차전지,"경기경제청, 평택 포승지구에 제조기업 5곳 640억 원 투자유치",경기경제청이 평택 포승지구에 제조기업 5곳 640억 원 투자유치하는 협약을 체결했다.,호재,2026-04-15 16:07,13.1,대화형,12.0
https://n.news.naver.com/mnews/article/018/0006257968?sid=100,2차전지,"경기경제청, 평택 포승지구에 640억 투자유치",경기경제청이 평택 포승지구에 640억 투자유치를 성공적으로 완수했다.,호재,2026-04-15 16:33,13.1,사실형,60.1
https://n.news.naver.com/mnews/article/082/0001375916?sid=102,2차전지,"국립부경대, 차세대 전고체전지용 고니켈 양극 수명·출력 동시 확보",국립부경대가 차세대 전고체전지용 고니켈 양극을 개발하여 수명과 출력을 동시에 확보했다.,호재,2026-04-14 11:12,33.1,사실형,99.5
https://n.news.naver.com/mnews/article/008/0005344640?sid=102,2차전지,"경기경제자유구역청, 평택 포승지구 640억 투자 유치",경기경제자유구역청이 평택 포승지구에 640억 투자 유치했다.,호재,2026-04-15 15:31,9.8,사실형,55.6
https://n.news.naver.com/mnews/article/020/0003713587?sid=101,제약/바이오,석유 의존 계속땐 또 ‘쓰봉 대란’… 나프타 대체자원 찾기 전쟁,나프타 대체자원 찾기 전쟁은 국내 폐식용유의 양을 고려할 때 원료 수급 제약이 존재하는 것으로 나타났다.,악재,2026-04-20 00:33,26.0,사실형,51.3
https://n.news.naver.com/mnews/article/018/0006261391?sid=101,제약/바이오,"혁신·속도로 선도국 도약 노리는 중국[클릭, 글로벌 제약·바이오]","중국은 의약품 가격 체계를 전면 개편해 혁신 신약에 힘을 실어주고, 23년 만에 신약의 승인 횟수가 큰 폭으로 증가했다.",호재,2026-04-19 23:57,9.8,사실형,80.1
https://n.news.naver.com/mnews/article/014/0005509872?sid=101,제약/바이오,산업재 신고가 뚫었는데… 소비재는 '지지부진',제약과 IT 대장주가 전 고점을 회복하지 못했다.,악재,2026-04-19 18:27,28.8,사실형,98.6
https://n.news.naver.com/mnews/article/015/0005276761?sid=105,제약/바이오,"""세포 재생 '펩타이드 기술' 개발…하반기 비만약 본격 임상 돌입""",나이벡이 펩타이드 기술로 비만약의 임상 시험이 하반기 본격적으로 시작될 예정이다.,호재,2026-04-19 18:07,29.5,사실형,49.7
https://n.news.naver.com/mnews/article/011/0004612224?sid=101,제약/바이오,투심 살아난 코스닥 6거래일 랠리…1200 넘어설까,"코스닥 6거래일 연속 랠리, 1200 넘어설 가능성",호재,2026-04-19 17:38,23.5,사실형,88.1
https://n.news.naver.com/mnews/article/003/0013895567?sid=102,제약/바이오,"""전략적 기술 동맹""…글로벌 역량 키우는 '제약바이오'",국내 제약바이오 기업들이 글로벌 경쟁력 강화 위해 기술 역량을 키우고 있다.,호재,2026-04-19 09:01,46.7,사실형,86.0
https://n.news.naver.com/mnews/article/009/0005668142?sid=103,제약/바이오,삼성·LG·현대차 '돈되는 특허' 집중 … 5년새 IP 생태계 급변,제약·바이오 분야가 국내 20위권 내에 진입하지 못한 점이 아쉽다.,악재,2026-04-19 17:37,16.5,사실형,50.0
https://n.news.naver.com/mnews/article/024/0000104686?sid=102,제약/바이오,53년 순혈주의 깬 금융·제약 전문가…황상연 한미약품 대표 [CEO 라운지...,"한미약품이 창립 후 처음으로 외부 출신 최고경영자(CEO)를 선임했으며, 이는 회사의 본격적인 체질 개선 신호탄으로 해석된다.",호재,2026-04-09 21:01,22.0,사실형,44.6
https://n.news.naver.com/mnews/article/144/0001108908?sid=105,제약/바이오,"제이앤피메디파트너스, ‘스케일업 팁스’ 및 ‘전문 투자 기관 연계형...",제이앤피메디파트너스가 '스케일업 팁스'와 '전문 투자기관 연계형 투자유치 지원사업'의 전문기관으로 선정되었습니다.,호재,2026-04-09 21:39,26.5,사실형,44.2
https://n.news.naver.com/mnews/article/023/0003969950?sid=101,제약/바이오,속 불투명한 바이오주… 애널리스트 한마디에 급등락,삼천당제약 등 바이오 대장주들이 증권사의 분석 한마디에 급등락을 보이고 있다.,호재,2026-04-10 00:36,38.6,사실형,76.6
https://n.news.naver.com/mnews/article/025/0003515272?sid=100,제약/바이오,"박찬대 “유정복 성과 부족, 난 인천 미래설계자 될 것”","박찬대 의원은 유정복 현 인천시장을 성과 부족으로 평가하고, 자신은 인천의 미래 설계자가 될 것이라고 말했다.",호재,2026-04-10 00:21,48.8,예측형,10.4
https://n.news.naver.com/mnews/article/658/0000140661?sid=110,제약/바이오,[시사난장] 암 사망률 낮출 ‘부산의 반격’,부산대병원은 첨단 의료 기술을 지역사회와 결합하여 고령층에 치명적인 폐암을 극복하기 위한 프로젝트를 진행하고 있다.,호재,2026-04-09 19:43,48.6,예측형,40.2
https://n.news.naver.com/mnews/article/025/0003515267?sid=110,제약/바이오,[박수련의 시시각각] 비만치료제가 뒤흔든 시장,"비만치료제는 인간에게 자기 몸에 대한 통제권을 부여하며, 체중을 약물로 최적화할 수 있는 길을 열어주고 있다.",호재,2026-04-10 00:16,18.1,사실형,57.6
https://n.news.naver.com/mnews/article/417/0001138353?sid=101,제약/바이오,"[아침밥]유안타 ""셀트리온, 3년 저성장 늪 탈출…성장 사이클 재진입""",셀트리온이 3년 저성장 늪에서 탈출하여 성장 사이클로 재진입하는 것으로 보인다.,호재,2026-04-10 08:22,17.8,사실형,49.9
https://n.news.naver.com/mnews/article/421/0008881428?sid=104,제약/바이오,개정 中의약품관리법 내달 시행…韓기업 규제대응 역량 점검해야,"개정 중의약품관리법이 내달 시행되며, 한국 기업은 규제 대응 역량을 점검해야 한다.",호재,2026-04-10 08:00,18.5,사실형,78.4
https://n.news.naver.com/mnews/article/029/0003020909?sid=101,제약/바이오,“중동전쟁에 신저가 속출”…코스피 수익률 하락 종목만 ‘73%’,"코스피 수익률 하락 종목은 73%로 신저가 속출하는 가운데, 분석가들은 수출주와 성장주 비중을 확대하는 매수 기회라고 밝혔다.",호재,2026-04-10 07:53,23.9,사실형,99.8
https://n.news.naver.com/mnews/article/277/0005747525?sid=101,방산/우주항공,한화에어로 'K9 자주포' 핀란드에 재공급…K방산 위력 입증,한화에어로스페이스는 핀란드에 K9 자주포 112문을 추가로 수출하는 계약을 체결했다.,호재,2026-04-10 08:28,15.7,사실형,90.3
https://n.news.naver.com/mnews/article/374/0000503538?sid=101,방산/우주항공,"한화에어로, 핀란드에 K9 자주포 9400억원 규모 추가 수출","한화에어로, 핀란드에 K9 자주포 9400억원 규모 추가 수출",호재,2026-04-10 06:27,51.1,추론형,0.0
https://n.news.naver.com/mnews/article/417/0001138335?sid=100,방산/우주항공,"'국산' KF-21, 미국 허락없인 수출 못해…""6세대 전투기 엔진 개발해야""","국산 KF-21은 미국 허가를 받지 않으면 수출할 수 없으며, 5-6세대 전투기용 첨단 엔진 개발이 필수적이다.",호재,2026-04-10 05:30,67.6,사실형,68.7
https://n.news.naver.com/mnews/article/081/0003634003?sid=100,방산/우주항공,K9 자주포 9400억원 핀란드 2차 수출… K방산 위력 입증,코트라와 핀란드 국방부가 K9 자주포 9400억원 규모의 2차 수출 계약을 체결했다.,호재,2026-04-10 05:02,22.6,사실형,79.8
https://n.news.naver.com/mnews/article/079/0004135611?sid=102,IT/반도체,"조동욱 ""AI시대 충북학생 지속가능 역량 키울 밑바탕 깔 것""",조동욱이 충북 학생의 지속가능 역량을 키울 밑바탕으로 AI시대를 준비하겠다고 말했다.,호재,2026-04-11 17:23,18.6,추론형,0.0
https://n.news.naver.com/mnews/article/008/0004906502?sid=101,엔터/미디어,JYP·SM 팔고 대신 사들인 주식…기관이 이끈 '퀸카' '킹카',엔터테인먼트 업계 중소형 주식이 기관의 순매수로 인해 상승세를 보이고 있다.,호재,2023-07-01 08:30,38.3,사실형,70.0
https://n.news.naver.com/mnews/article/008/0004326017?sid=101,엔터/미디어,엔터 삼총사 2020 키워드…에스엠·JYP '실적'·YG '내실',엔터 삼총사 2020년 신인 아티스트 데뷔로 실적을 기대한다.,호재,2019-12-17 10:24,60.6,사실형,52.8
https://n.news.naver.com/mnews/article/008/0004464217?sid=101,엔터/미디어,"방탄, 빌보드 싱글 1위 새 역사…엔터주 3社 설레는 이유","방탄소년단의 빌보드 싱글 1위 소식에 엔터주가 동반 강세를 보이며, 빅히트엔터테인먼트 상장에 따른 기업 가치 재평가가 예상된다.",호재,2020-09-01 10:22,57.2,사실형,58.2
https://n.news.naver.com/mnews/article/023/0003621910?sid=101,엔터/미디어,"“브라보 K팝” 엔터株 4형제, 기립 박수","BTS의 신곡 '버터'가 4주 연속 빌보드 1위에 오르며 하이브의 주가와 시가총액이 급등하는 가운데, 엔터테인먼트 4대 천왕의 주식이 모두 상승세를 이어가고 있다.",호재,2021-06-23 21:07,51.7,사실형,80.7
https://n.news.naver.com/mnews/article/215/0000975678?sid=101,엔터/미디어,"K팝, 온라인 영토 확장…""디지털 음악 제국 건설"" [이슈플러스]","K팝 4.0 시대가 시작되며, 온라인 영토 확장과 디지털 음악 제국 건설이 이뤄지고 있습니다.",호재,2021-08-02 17:24,39.1,추론형,0.0
https://n.news.naver.com/mnews/article/277/0005274959?sid=101,엔터/미디어,[실전재테크]내부 경쟁으로 단련된 K팝…글로벌 엔터산업 호령,K팝의 인기가 전 세계로 확산하면서 국내 엔터테인먼트 회사의 주가도 고공행진 중이다.,호재,2023-06-20 10:10,9.7,사실형,60.0
https://n.news.naver.com/mnews/article/018/0006256694?sid=101,IT/반도체,"SK하이닉스, 실적 가속 구간 진입…외국인 순매수 이어진다-KB","SK하이닉스가 실적 가속 구간에 진입했으며, 외국인 투자자도 계속해서 순매수를 이어가고 있습니다.",호재,2026-04-14 07:40,8.9,사실형,99.8
https://n.news.naver.com/mnews/article/057/0001944516?sid=101,IT/반도체,[굿모닝경제] '억대 성과급' SK 생산직 연다 / 1분기 주식대금 246% 증가...,SK하이닉스가 급증하는 AI 반도체 수요에 대응하기 위해 생산직 채용을 시작합니다.,호재,2026-04-14 08:26,32.2,추론형,0.0
https://n.news.naver.com/mnews/article/018/0006256716?sid=105,제약/바이오,잇단 갑상선안병증 임상 좌초…대체 기전에 에이프릴바이오 치료제 부상,한올바이오파마가 갑상선안병증 임상 3상에서 실패한데 대해 에이프릴바이오의 대체 치료제가 부상하고 있다.,호재,2026-04-14 08:12,29.7,사실형,97.4
https://n.news.naver.com/mnews/article/296/0000099502?sid=101,제약/바이오,제약·바이오 공시 손본다는데…“취지 좋지만 부담 커진다”,바이오 기업의 실적은 신약 임상 성공 여부에 따라 크게 움직일 수 있기 때문에 부담이 커진다.,악재,2026-04-13 17:24,27.1,사실형,49.2
https://n.news.naver.com/mnews/article/008/0005343542?sid=101,제약/바이오,"""글로벌 제약사 특허절벽 시작…기술이전 바이오주 주목해야""",바이오주가 펀더멘털 약간에 악재에 크게 흔들린다.,악재,2026-04-13 17:07,16.2,사실형,85.4
https://n.news.naver.com/mnews/article/629/0000490944?sid=101,제약/바이오,'AI 독성평가·사전상담'으로 신약개발 지원,한국제약바이오협회가 국내 제약바이오 기업을 대상으로 신약개발 지원 세미나를 진행했다.,호재,2026-04-13 17:07,18.0,사실형,94.7
https://n.news.naver.com/mnews/article/020/0003711924?sid=102,제약/바이오,"부산진해경제자유구역청, AI 기반 신약 개발 협력 모델 구축 나서","부산진해경제자유구역청, AI 기반 신약 개발 협력 모델을 구축한다.",호재,2026-04-13 16:26,30.5,대화형,13.1
https://n.news.naver.com/mnews/article/015/0005274398?sid=105,제약/바이오,안전성만 확인하던 '임상 1상'…효과·용량까지 검증,임상 1상이 이제는 안전성만 확인하는 단계가 아니라 효과와 용량까지 검증하는 단계로 바뀐 것으로 보인다.,호재,2026-04-13 17:48,23.8,추론형,0.0
https://n.news.naver.com/mnews/article/011/0004610258?sid=101,제약/바이오,“차바이오 중심 이사회 재편”…카카오헬스케어 ‘B2H’ 승부수,카카오헬스케어가 환자 데이터 표준화를 통해 제약사 및 임상시험수탁기관에 제공하는 '데이터 인에이블러' 사업을 추진 중이다.,호재,2026-04-13 18:06,24.9,사실형,59.8
https://n.news.naver.com/mnews/article/020/0003711993?sid=110,제약/바이오,[오늘과 내일/김재영]‘소통의 약’ 투약 시급한 불신의 K바이오,제약·바이오 기업은 주식시장에서 공시 의무를 위반하는 비중이 높다.,악재,2026-04-13 23:16,16.8,추론형,21.9
https://n.news.naver.com/mnews/article/008/0005343504?sid=101,제약/바이오,AACR서 확인하는 'K-ADC' 청사진…임상 진입 앞둔 주요 파이프라인은,에이비엘바이오 등이 개발 중인 차세대 항체-약물 접합체(ADC) 파이프라인이 임상 진입에 앞서 AACR에서 발표한 데이터를 공개했다.,호재,2026-04-13 16:39,46.6,추론형,9.0
https://n.news.naver.com/mnews/article/117/0004053701?sid=102,제약/바이오,"[제약바이오 브리핑] 일동제약, 연구개발 자회사 유노비아 흡수합병 등",일동제약이 연구개발 자회사 유노비아 흡수합병 등에 대한 지원을 제공한다.,호재,2026-04-13 18:27,22.3,사실형,37.4
https://n.news.naver.com/mnews/article/001/0016018957?sid=101,제약/바이오,"[바이오스냅] 일동제약, 연구개발 자회사 유노비아 흡수합병",일동제약이 연구개발 자회사인 유노비아를 흡수합병하기로 의결했다.,호재,2026-04-13 16:59,20.0,사실형,79.3
https://n.news.naver.com/mnews/article/296/0000099503?sid=101,제약/바이오,코스닥 퇴출 위기 몰린 제약바이오 13개사는 어디?,코스닥 시장에서 상폐 사유가 발생한 13개 기업 중 13곳은 제약바이오 기업이다.,악재,2026-04-13 17:33,26.5,사실형,92.2
https://n.news.naver.com/mnews/article/366/0001156550?sid=101,제약/바이오,"“기술이전 성과 없인 IPO 어렵다”…아델·노벨티노빌리티, 실패 딛고...",아델 노벨티노빌리티가 기술이전 계약을 통해 1180억원의 펀딩을 받았다.,호재,2026-04-14 06:02,16.9,사실형,46.2
https://n.news.naver.com/mnews/article/382/0001268002?sid=004,IT/반도체,"AI로 재현한 회장님… SK, 선대 말씀 이정표 삼아 ‘패기와 도전’ DNA 깨...",SK그룹이 1994년 한국이동통신 민영화를 계기로 정보통신기술(ICT) 및 반도체 역량을 키운다.,호재,2026-04-14 08:44,36.5,사실형,91.4
https://n.news.naver.com/mnews/article/018/0006256758?sid=101,IT/반도체,"AI로 부활한 SK 선대 회장들…""위기를 두려워하지 마라""",SK그룹 관계자는 창업 세대의 유산인 '패기'와 '지성'을 나침반으로 내세워 위기를 두려워하지 말라고 말했다.,호재,2026-04-14 08:43,61.6,예측형,6.1
https://n.news.naver.com/mnews/article/243/0000096294?sid=101,IT/반도체,"""190만닉스 향해"" 실적 가속 본격화…D램 가격↑ '호재' 전망",D램 가격 상승으로 190만닉스 향해 실적 가속 본격화 전망,호재,2026-04-14 08:52,30.4,사실형,67.3
https://n.news.naver.com/mnews/article/029/0003021500?sid=101,IT/반도체,정부 전략경제자문단 위원장에 박영선 전 장관,"정부가 반도체, AI 등 전략산업의 정책과제를 발굴하기 위해 전략경제 자문단을 출범시켰고, 박영선 전 장관이 위원장으로 임명되었다.",호재,2026-04-14 08:44,16.1,사실형,59.3
https://n.news.naver.com/mnews/article/648/0000046221?sid=101,IT/반도체,"현대모비스, 로보틱스·반도체 양 날개로 신성장 박차",현대모비스는 로보틱스와 반도체 기술을 통해 미래 신성장에 박차를 가하고 있다.,호재,2026-04-14 08:48,19.2,사실형,45.4
https://n.news.naver.com/mnews/article/092/0002418543?sid=105,IT/반도체,"한미반도체, 김민현 사장 부회장으로 승진",한미반도체 김민현 사장이 부회장으로 승진했습니다.,호재,2026-04-14 08:48,56.5,대화형,6.8
https://n.news.naver.com/mnews/article/014/0005507146?sid=101,IT/반도체,"""경영 리더십 강화"" 한미반도체 김민현 사장, 부회장 승진","한미반도체 김민현 사장, 부회장으로 승진하며 경영 리더십 강화에 성공했다.",호재,2026-04-14 08:33,13.7,사실형,64.4
https://n.news.naver.com/mnews/article/008/0005343663?sid=101,2차전지,한달새 수익률 11%대 ↑… 재충전 시작하는 이차전지 ETF,"이차전지 ETF가 한 달 사이에 수익률이 11%대에 올랐고, 재충전 시작하는 것으로 보인다.",호재,2026-04-14 04:05,27.1,사실형,99.8
https://n.news.naver.com/mnews/article/092/0002418539?sid=105,IT/반도체,팹리스도 '모두의 챌린지'...스타트업 MPW 등 지원,팹리스 스타트업의 사업화를 지원하기 위한 '모두의 챌린지 팹리스'가 마련되었습니다.,호재,2026-04-14 08:40,32.1,사실형,57.4
https://n.news.naver.com/mnews/article/277/0005748962?sid=101,IT/반도체,"신한운용 'SOL AI반도체TOP2플러스' ETF, 순자산 3500억원 돌파",신한운용의 'SOL AI반도체TOP2플러스' ETF가 상장 3주만에 순자산 3500억원을 돌파했다.,호재,2026-04-14 08:46,7.1,사실형,98.8
https://n.news.naver.com/mnews/article/003/0013885476?sid=101,IT/반도체,"한미반도체 김민현 사장, 부회장으로 승진…""경영 리더십 강화""","한미반도체 김민현 사장, 부회장으로 승진하며 경영 리더십을 강화한다.",호재,2026-04-14 08:54,20.5,사실형,98.3
https://n.news.naver.com/mnews/article/018/0006256748?sid=101,IT/반도체,"SOL AI반도체TOP2플러스, 상장 3주 만에 순자산 3500억 돌파",신한자산운용의 SOL AI반도체TOP2플러스 ETF가 상장 3주 만에 순자산 3500억원을 돌파했다.,호재,2026-04-14 08:38,15.3,사실형,99.2
https://n.news.naver.com/mnews/article/003/0013885425?sid=101,IT/반도체,"한미반도체, 김민현 사장 부회장으로 승진",한미반도체가 AI 반도체 시장의 핵심인 HBM용 TC 본더 시장에서 글로벌 1위를 기록했다.,호재,2026-04-14 08:29,22.0,추론형,15.1
https://n.news.naver.com/mnews/article/018/0006256768?sid=101,IT/반도체,"삼성액티브, KoAct 글로벌AI메모리반도체액티브 상장",AI 반도체 시장에서 메모리의 역할이 중요해지고 있다.,호재,2026-04-14 08:49,24.3,사실형,48.5
https://n.news.naver.com/mnews/article/018/0006256775?sid=101,IT/반도체,"김민현 한미반도체 사장, 부회장 승진…“경영 리더십 강화”",한미반도체 사장과 부회장이 경영 리더십을 강화하기 위해 승진했다.,호재,2026-04-14 08:56,17.1,사실형,64.8
https://n.news.naver.com/mnews/article/008/0005343546?sid=101,2차전지,"2차전지 ETF, 한 달간 수익률 11%대 쑥…ESS 바람 타고 반등 조짐",2차전지 ETF가 한 달간 수익률 11%대에 달하며 반등 조짐을 보이고 있다.,호재,2026-04-13 17:10,21.3,사실형,99.4
https://n.news.naver.com/mnews/article/374/0000504183?sid=101,IT/반도체,[굿모닝 마켓] 증시 전반 이끈 기술주…빅테크 기업들 대부분 강세,빅테크 기업들이 AI 인프라 계약 소식과 메모리 가격 상승으로 강세를 보이며 엔비디아와 알파벳도 상승세를 보였다.,호재,2026-04-14 08:11,48.4,추론형,5.6
https://n.news.naver.com/mnews/article/031/0001021900?sid=105,IT/반도체,"SK하이닉스, 스페인 팹리스 투자…RISC-V 기반 AI칩 설계 강화",SK하이닉스가 스페인 팹리스 투자를 통해 RISC-V 기반 AI칩 설계를 강화한다.,호재,2026-04-14 07:45,27.9,사실형,99.5
https://n.news.naver.com/mnews/article/037/0000037992?sid=101,IT/반도체,"“AI 다음은 통신”… 휴머노이드 로봇, 완전 자율주행 시대엔 데이터 ...","통신 장비 및 서비스 기업 주가가 강세를 나타내며, AT&amp;T은 향후 5년간 370조 투자 계획을 발표했다.",호재,2026-04-14 07:02,21.6,사실형,78.6
https://n.news.naver.com/mnews/article/374/0000504168?sid=104,IT/반도체,[마켓 브리핑] 美·이란 '강 대 강'…합의점 도출 낙관론 더 무게,반도체 하드웨어 부문에서 호재성 소식들이 연이어 나오면서 엔비디아와 알파벳이 상승세를 보였다.,호재,2026-04-14 07:14,54.1,추론형,5.6
https://n.news.naver.com/mnews/article/030/0003417430?sid=105,IT/반도체,"아드반테스트, 美 실리콘밸리에 '이노베이션 센터' 개설",아드반테스트가 미국 실리콘밸리에 이노베이션 센터를 개설하여 첨단 패키징 기술을 진화시키고 데이터 처리 용량을 확대하는 데 앞장설 예정이다.,호재,2026-04-14 08:31,31.1,추론형,0.1
https://n.news.naver.com/mnews/article/374/0000504179?sid=104,IT/반도체,[비즈 나우] 2차전 맞은 AI 대전…수혜주는 어디?,마벨이 맞춤형 AI 반도체 개발에 3조 원을 투자하고 글로벌 광학부품사들과 협력을 공식화함에 따라 AI 연산 속도가 비약적으로 상승할 것으로 예상됩니다.,호재,2026-04-14 07:50,61.3,추론형,0.5
https://n.news.naver.com/mnews/article/417/0001138805?sid=103,방산/우주항공,"한화, 방산 빅딜 숨 고르기…'K록히드마틴'에 기대·우려 교차",한화그룹의 방산 사업 확장에 제동이 걸린 가운데 '한국판 록히드마틴'을 노리는 한화의 행보를 두고 방산 업계의 기대와 우려가 교차하고 있다.,중립,2026-04-13 17:31,51.9,사실형,87.5
https://n.news.naver.com/mnews/article/374/0000504085?sid=101,방산/우주항공,[증시 인사이트] 국내증시 혼조 마감…코스피 내리고 코스닥 오르고,미국과 이란 간의 전쟁이 여전한 가운데 국내 증시는 혼조한 마감을 보이며 코스피가 내리고 코스닥이 오른 것으로 나타났습니다.,호재,2026-04-13 16:33,16.0,추론형,30.7
https://n.news.naver.com/mnews/article/293/0000082670?sid=101,방산/우주항공,[한화에어로 줌인] '가장 위험한 축' 김동관 부회장에게 집중된 까닭은,한화에어로스페이스는 최근 한화그룹의 방산 사업을 집중 관리하며 사업 범위가 확장되고 있다.,호재,2026-04-13 17:18,26.6,사실형,79.7
https://n.news.naver.com/mnews/article/056/0012161147?sid=121,방산/우주항공,"“아픈 역사 앞 하나로 연결…우린 민주주의자” 이 대통령, 폴란드 총...","이재명 대통령은 폴란드 총리와 정상회담을 가진 뒤 공식 오찬을 함께했으며, 두 나라는 아픈 역사 앞에서 하나로 연결되어 있다고 말했습니다.",호재,2026-04-13 16:24,31.6,추론형,0.3
https://n.news.naver.com/mnews/article/018/0006256451?sid=100,방산/우주항공,폴란드 영공 지킬 韓 FA-50…무장 논란 해소로 전력화 본궤도,한국산 FA-50은 내년부터 북대서양조약기구(NAT) 동부 지역 하늘을 지키는 핵심 전력으로 본격 자리 잡을 전망이다.,호재,2026-04-13 16:16,74.9,사실형,93.0
https://n.news.naver.com/mnews/article/047/0002511847?sid=100,방산/우주항공,"시와 그단스크, 쇼팽 그리고 민주주의자... 대통령의 폴란드 총리 환영...",이재명 대통령은 폴란드 총리 도날드 투스크를 환영하며 양국 협력의 역사와 미래 발전 방향을 하나로 묶었다.,호재,2026-04-13 16:21,15.9,사실형,78.5
https://n.news.naver.com/mnews/article/366/0001156478?sid=101,방산/우주항공,"“이것 없인 반도체·방산 올스톱”… 韓 공작기계, AI 전환 올라타 100...",한국 공작기계 업계는 AI 전환이 경쟁국보다 빨라 글로벌 시장의 판을 뒤흔들 절호의 기회가 왔습니다.,호재,2026-04-13 16:03,58.2,사실형,57.3
https://n.news.naver.com/mnews/article/025/0003515839?sid=104,방산/우주항공,중동 전쟁 수요 몰린 ‘천궁’…WSJ·NYT·디플로맷이 주목한 K방산,"중동 전쟁 와중에 UAE가 천궁Ⅱ를 성공적으로 실전 배치하고, 중동 국가들은 미국 중심의 무기 조달 구조에서 벗어나 한국 방산 업체로 눈을 돌리고 있다.",호재,2026-04-13 16:13,27.2,사실형,96.1
https://n.news.naver.com/mnews/article/422/0000854573?sid=100,방산/우주항공,"이 대통령 ""바웬사의 청년 동지""…투스크 ""월드컵이 유일한 불미스런 일...",이 대통령과 폴란드 총리는 민주주의와 노동의 경험을 공유하며 공감대를 쌓았습니다.,호재,2026-04-13 17:24,44.4,사실형,59.2
https://n.news.naver.com/mnews/article/025/0003515838?sid=100,방산/우주항공,"李 “방산계약 안정적 이행”…폴란드 총리 “李, 소고기 해결 약속”","이재명 대통령은 폴란드 총리와 정상회담을 가졌으며, 방산계약의 안정적 이행을 강조했다.",호재,2026-04-13 16:11,16.8,사실형,95.2
https://n.news.naver.com/mnews/article/032/0003439529?sid=100,방산/우주항공,"“한국은 미국 다음 동맹국” 한·폴란드 정상회담, 포괄적 전략 동반자...",이재명 대통령과 도날트 투스크 폴란드 총리는 양국 관계를 포괄적 전략 동반자 관계로 격상하고 방산 협력을 강화하기로 했다.,호재,2026-04-13 15:41,22.7,사실형,80.3
https://n.news.naver.com/mnews/article/003/0013884565?sid=100,방산/우주항공,"이 대통령 ""방산 등 전략적 분야 협력 발전""…투스크 ""책임감 있는 파트...","이 대통령은 폴란드와의 협력 관계를 한층 심화하고, 방산과 경제 분야에서 실질적 협력을 확대할 뜻을 밝혔다.",호재,2026-04-13 15:49,16.5,사실형,92.2
https://n.news.naver.com/mnews/article/055/0001348123?sid=100,방산/우주항공,"이 대통령 ""우린 민주주의자""…투스크 ""2002 월드컵 패배가 유일한 불미...","이 대통령과 폴란드 총리는 민주주의와 노동의 경험을 공유하며 공감대를 쌓았고, 이 대통령의 민주주의 노력에 대한 투스크 총리의 감탄을 받았다.",호재,2026-04-13 16:13,50.7,추론형,1.6
https://n.news.naver.com/mnews/article/028/0002800492?sid=102,방산/우주항공,"진보당 경기북부 후보들, 추미애 ‘방산 클러스터’ 공약 반발",진보당 경기북부 후보들은 추미애 후보의 '경기북부 방산 클러스터' 공약에 반발했다.,호재,2026-04-13 14:34,48.8,사실형,65.2
https://n.news.naver.com/mnews/article/014/0005506859?sid=100,방산/우주항공,"李 ""대한민국 무기, 폴란드 지켜""…투스크 ""韓, 美다음 중요 동맹""","이재명 대통령과 폴란드 총리는 양국 관계를 '포괄적 전략 동반자 관계'로 격상하고, 호혜적 방위산업 협력을 더욱 확대하기로 합의했습니다.",호재,2026-04-13 15:53,14.1,사실형,94.1
https://n.news.naver.com/mnews/article/277/0005748750?sid=100,방산/우주항공,"이 대통령 ""협력 관계 말보다 행동""…폴란드 총리 ""韓, 가장 중요한 파...",이 대통령이 폴란드 총리와의 정상회담에서 양국 협력의 중요성을 강조했다.,호재,2026-04-13 15:37,16.8,사실형,89.2
https://n.news.naver.com/mnews/article/586/0000126746?sid=100,방산/우주항공,"이 대통령·폴란드 총리, '방산 협력' 강화 합의…포괄적 전략동반자 격...","이 대통령과 폴란드 총리는 방산 협력 강화 합의를 맺고, 양국 관계를 포괄적 전략동반자 관계로 격상했다.",호재,2026-04-13 14:45,22.9,사실형,74.5
https://n.news.naver.com/mnews/article/050/0000104893?sid=101,방산/우주항공,“한국은 미국급 동맹” 폴란드 총리 K-방산에 ‘엄지척’,폴란드 총리 도날트 투스크가 한국을 미국급 동맹국으로 평가하며 한국-폴란드 관계를 강화하는 데 중요한 역할을 할 것으로 기대된다.,호재,2026-04-13 15:12,21.8,사실형,93.1
https://n.news.naver.com/mnews/article/023/0003971748?sid=110,IT/반도체,"[기고] 삼성전자 노조 파업, K반도체 공급망 신뢰를 흔든다",삼성전자 노조 파업이 K반도체 공급망의 신뢰를 흔드는 치명적인 영향을 미칠 수 있다.,호재,2026-04-19 23:36,19.4,예측형,6.0
https://n.news.naver.com/mnews/article/036/0000053477?sid=101,IT/반도체,삼성 57조 벌었는데 우리는 왜 가난한가,SK하이닉스는 AI 반도체 시대의 주인공으로 떠오르며 엔비디아와 에이엠디와의 파트너십을 강화했다.,호재,2026-04-19 20:56,10.5,사실형,92.2
https://n.news.naver.com/mnews/article/022/0004122061?sid=110,IT/반도체,[사설] 삼성전자에 이어 현대차 노조까지 성과급 ‘몽니’,노조가 성과급 '몽니'를 승인함에 따라 근로시간이 줄어들면 월급 전액 지급하겠다고 발표했다.,호재,2026-04-19 23:23,6.8,사실형,87.3
https://n.news.naver.com/mnews/article/025/0003517287?sid=110,IT/반도체,[김동호의 일본 읽기] 반도체 총력전,"라피더스, AI 반도체 설계 및 생태계 구축을 위해 소프트뱅크·소니·토요타 등 32개 대표 기업이 참여하고 있다.",호재,2026-04-20 00:02,24.9,사실형,96.0
https://n.news.naver.com/mnews/article/014/0005509934?sid=101,IT/반도체,"""2분기에도 '여주사' 전략 유효... 최대 변수는 전쟁·반도체 실적""",윤창용 신한투자증권 리서치센터장은 '바벨 전략'과 정부 정책 연계 산업을 추천한다.,호재,2026-04-19 19:47,14.5,사실형,98.7
https://n.news.naver.com/mnews/article/032/0003440728?sid=110,IT/반도체,[황규관의 전환의 상상력]AI가 은폐한 진실들,최태원 SK 회장이 AI 산업의 확장과 관련한 메모를 내고 있다.,호재,2026-04-19 20:16,19.5,추론형,2.1
https://n.news.naver.com/mnews/article/057/0001945388?sid=101,IT/반도체,"""대만에 추월당한 한국 경제, 재역전 어렵다""…IMF의 경고",IMF가 한국 경제가 대만에 추월당고 재역전이 어렵다고 경고했다.,악재,2026-04-19 20:12,41.2,사실형,49.5
https://n.news.naver.com/mnews/article/056/0012165284?sid=162,IT/반도체,김부겸 1호 공약 발표…국힘 경선 속도,"추경호 후보는 대구 경제를 AI와 로봇 등 5대 산업 위주로 개편하고, 삼성 반도체 팹과 인근 소부장 업체를 결합하여 제2의 반도체 클러스터를 만드는 방안을 발표했다.",호재,2026-04-19 21:57,11.8,사실형,57.3
https://n.news.naver.com/mnews/article/025/0003517316?sid=110,IT/반도체,[이현상의 시시각각] 반도체 성과급 유감,SK하이닉스가 HBM 기술에 대한 투자가 성과를 보인다.,호재,2026-04-20 00:20,7.6,사실형,45.5
https://n.news.naver.com/mnews/article/023/0003971758?sid=110,IT/반도체,[사설] “메모리 반도체 호황에 취했다가 대만 하청 국가 된다”,AI 시대 반도체 시장의 주도권은 설계와 조립의 균형에 달려 있다.,호재,2026-04-20 00:20,43.2,사실형,50.7
https://n.news.naver.com/mnews/article/014/0005509864?sid=100,IT/반도체,100조 고속철부터 원전·AI·방산까지… '韓·베 3.0시대' 연다 [李대통...,한국과 베트남은 기술 동맹을 통해 반도체와 인공지능(AI)을 국가 전략 산업으로 육성한다.,호재,2026-04-19 18:19,17.4,사실형,98.2
https://n.news.naver.com/mnews/article/015/0005276754?sid=101,IT/반도체,"""실적 뒷받침되는 반도체주 추가매수 해볼 만""",반도체 업황이 좋은 이유에 편승할 때 추가 매수할 수 있는 반도체 주식을 찾는다면 안정적인 수익률을 올릴 수 있는 투자 방법을 제시했다.,호재,2026-04-19 18:03,22.0,사실형,55.4
https://n.news.naver.com/mnews/article/015/0005276758?sid=110,IT/반도체,美 사모대출 리스크 봉합…반도체 초호황 계속될 듯 [한상춘의 국제경제...,반도체 산업은 사모대출 부실과 AI 위기론이 해소되면 강화될 수 있다.,호재,2026-04-19 18:05,24.0,예측형,4.8
https://n.news.naver.com/mnews/article/020/0003713589?sid=101,IT/반도체,"[DBR]“AI 버블 적신호, 가치 실현-수익화가 관건”","구글이 AI 데이터센터, 반도체, 인프라 등에 100년 만기 회사채를 발행해 큰 화제를 모았다.",호재,2026-04-20 00:33,15.2,사실형,51.8
https://n.news.naver.com/mnews/article/015/0005276757?sid=101,IT/반도체,'삼전닉스' 내세운 한국이…'TSMC' 가진 대만에 밀린 까닭 [김익환의 부...,삼전닉스와 대만의 반도체 산업 간의 경쟁과 TSMC의 중심적인 역할에 대해 분석한다.,호재,2026-04-19 18:05,30.3,사실형,97.6
https://n.news.naver.com/mnews/article/014/0005509925?sid=101,IT/반도체,탈탄소에 AI 산업성장 결합 등 기후 관련 산업변화 맞춤 투자 [이런 펀드...,신한운용 펀드는 탈탄소와 AI 산업 성장에 집중한 맞춤 투자 전략을 구사하고 있다.,호재,2026-04-19 19:32,12.7,추론형,4.5
https://n.news.naver.com/mnews/article/014/0005509874?sid=101,IT/반도체,중동악재 벌써 잊은 투심에 '위험자산 랠리',호실적과 인공지능 서버 수요 확대 기대가 국내 반도체 대형주 투자심리를 자극하고 있다.,호재,2026-04-19 18:27,18.4,사실형,45.3
https://n.news.naver.com/mnews/article/081/0003636644?sid=101,IT/반도체,"IMF “韓 1인당 GDP, 5년 뒤 대만에 1만 달러 뒤진다” 경고",IMF는 한국의 1인당 GDP가 2028년 대만보다 1만 달러 더 낮을 것이라는 경고를 내렸다.,악재,2026-04-19 17:55,30.6,사실형,98.9
https://n.news.naver.com/mnews/article/014/0005509924?sid=101,IT/반도체,코스피 6200 넘나… 반도체 실적에 주목 [주간 증시 전망],반도체 섹터가 인공지능(AI) 슈퍼 사이클에 따른 실적 개선 기대감이 높아지고 있다.,호재,2026-04-19 19:32,14.2,사실형,91.9
https://n.news.naver.com/mnews/article/014/0005509933?sid=101,IT/반도체,"""중동공포 이긴 AI 투자 사이클… 코스피 2분기 8200 가시권""","코스피 2분기 8200 가시권, 정부 정책과 반도체주 실적 모멘텀으로 부양 기대감",호재,2026-04-19 19:46,19.9,사실형,52.3
https://n.news.naver.com/mnews/article/018/0006257456?sid=101,제약/바이오,박희봉 동아에스티 실장 “디지털헬스케어는 4대 신사업…3년 내 손익분...,동아에스티가 디지털 헬스케어를 4대 신사업으로 공식화하고 3년 내 손익분기점 달성을 목표로 사업 확장에 나선다.,호재,2026-04-15 08:32,23.1,사실형,70.0
https://n.news.naver.com/mnews/article/030/0003417871?sid=105,제약/바이오,"앤트로픽, 이사회에 노바티스 CEO 영입",앤트로픽은 노바티스 CEO 바스 나라시만을 이사회 이사로 선임했다.,호재,2026-04-15 07:33,26.9,사실형,87.5
https://n.news.naver.com/mnews/article/648/0000046257?sid=101,제약/바이오,유노비아 합병에 바이오업계 '얼음'…'중복상장' 리스크 현실화,일동제약이 자회사 유노비아를 합병하는 결정은 바이오업계가 우려하던 '중복상장' 리스크가 현실화되는 양상이다.,호재,2026-04-15 07:20,18.3,사실형,70.4
https://n.news.naver.com/mnews/article/003/0013887786?sid=102,제약/바이오,"'투명하게' 강화되는 제약바이오 공시…""영업비밀 샐라""",금융감독원은 제약·바이오 공시 종합개선을 위한 태스크포스(TF)를 출범시켰다.,호재,2026-04-15 07:01,19.1,사실형,85.3
https://n.news.naver.com/mnews/article/001/0016021677?sid=104,제약/바이오,바이오 강국 노리는 中…약값 체계 개편해 혁신 지원,중국 정부가 약값 결정체계를 전면 개편하여 혁신 의약품 개발을 장려하고 국민의 의약품 접근성을 높이는 정책을 발표했다.,호재,2026-04-14 22:26,30.9,사실형,45.1
https://n.news.naver.com/mnews/article/081/0003635412?sid=101,제약/바이오,"바이오·AI·새만금 등 10조… 국민성장펀드, 투자 판 키운다","국민성장펀드 2차 전략위원회에서 10조원 규모의 투자 프로젝트를 확정하여, 바이오, AI, 새만금 등 다양한 분야에 투자할 예정이다.",호재,2026-04-15 05:04,32.3,사실형,83.3
https://n.news.naver.com/mnews/article/015/0005274961?sid=101,제약/바이오,"노보노디스크, 오픈AI와 동맹…신약 개발에 AI 도입",노보노디스크가 오픈AI와 손잡고 신약 개발 공정에 인공지능(AI)을 도입할 예정입니다.,호재,2026-04-14 18:36,35.0,사실형,46.6
https://n.news.naver.com/mnews/article/018/0006257423?sid=101,제약/바이오,일동제약 자회사 재합병에 15%↑…줄기세포株 강세[바이오맥짚기],일동제약이 자회사 유노비아를 흡수합병하기로 결정한 데 따른 주가 상승,호재,2026-04-15 08:03,61.0,사실형,45.6
https://n.news.naver.com/mnews/article/018/0006257435?sid=101,제약/바이오,"'700억 CB·CPS 발행 추진' 큐로셀, 국산 1호 CAR-T 신약 상용화 기대","큐로셀은 700억원 규모의 메자닌 발행을 추진하고 있으며, 국산 1호 CAR-T 치료제 '림카토주'의 상용화가 가시화 되고 있다.",호재,2026-04-15 08:12,52.2,사실형,50.6
https://n.news.naver.com/mnews/article/417/0001138995?sid=101,제약/바이오,"삼성에피스, ADC 글로벌 임상 첫 추진…시밀러→신약개발 '정조준'",삼성바이오에피스가 ADC 신약 개발을 추진하여 수익성을 극대화하고자 한다.,호재,2026-04-14 19:17,46.4,사실형,66.2
https://n.news.naver.com/mnews/article/001/0016021719?sid=104,제약/바이오,"앤트로픽, 이사회에 노바티스 CEO 영입…건강관리·IPO 정조준",앤트로픽이 노바티스 CEO를 이사회 이사로 선임하여 건강관리 및 IPO를 위한 전략을 정조준한다.,호재,2026-04-15 04:11,19.7,사실형,89.9
https://n.news.naver.com/mnews/article/015/0005275003?sid=105,제약/바이오,"치료제 없는 대사이상 지방간질환…국내 산·병 머리 맞대 ""혁신신약 길...",병원과 제약업계가 대사이상 지방간질환 치료제 개발을 위한 협력을 강화하기 위해 머리를 맞대는 자리가 열렸습니다.,호재,2026-04-14 23:12,63.9,사실형,56.9
https://n.news.naver.com/mnews/article/011/0004610632?sid=101,제약/바이오,"삼성 1호 신약, 글로벌 임상 돌입",삼성바이오에피스는 1호 신약 'SBE303'이 글로벌 임상 1상을 시작했다.,호재,2026-04-14 17:31,71.6,사실형,48.4
https://n.news.naver.com/mnews/article/008/0005344157?sid=101,제약/바이오,"'투자는 계속, 방식은 변화'…글로벌 제약사 '선별·분산' 전략 부각","글로벌 제약사들이 M&A 전략을 확실성에 집중하고, 선별과 분산 전략을 통해 기술 자산을 확보하고 있다.",호재,2026-04-14 17:54,26.7,사실형,75.4
https://n.news.naver.com/mnews/article/030/0003417820?sid=102,제약/바이오,약가 개편 비대위 '제약바이오 혁신협의체'로 전환,약가개편 비대위가 '국민 건강권과 산업 발전을 위한 제약바이오 혁신협의체'로 전환했다.,호재,2026-04-14 17:18,20.2,사실형,47.7
https://n.news.naver.com/mnews/article/117/0004053974?sid=102,제약/바이오,"약가 개편 대응 비대위, 제약바이오 혁신협의체로 전환","약가 개편 대응 비대위가 제약바이오 혁신협의체로 전환되며, 민관 협의체 구성과 세부 논의, 산업계 의견 수렴 및 대정부 건의 등이 추진될 예정이다.",호재,2026-04-14 17:13,10.8,사실형,58.7
https://n.news.naver.com/mnews/article/011/0004610673?sid=101,제약/바이오,"삼성, 신수종 사업 발표 15년만에 본궤도…시밀러 넘어 블록버스터 노린...",삼성그룹이 15년 만에 신수종 사업으로 선정한 바이오 분야에서 '1호 신약' 임상 돌입을 발표했다.,호재,2026-04-14 17:51,38.9,사실형,77.9
https://n.news.naver.com/mnews/article/277/0005749378?sid=101,제약/바이오,"리가켐바이오, 클라우딘18.2 ADC 'LCB02A' 글로벌 임상 1/2상 IND 제출","리가켐바이오, 클라우딘18.2 ADC 'LCB02A' 글로벌 임상 1/2상 IND 제출, 페이로드 확장 가속화",호재,2026-04-14 16:33,25.6,사실형,39.7
https://n.news.naver.com/mnews/article/296/0000099540?sid=101,제약/바이오,"일동제약, 자회사 유노비아 재합병…R&amp;D 속도 빨라지나",일동제약이 자회사 유노비아를 흡수합병하기로 결정하여 R&D 속도가 빨라질 것으로 예상된다.,호재,2026-04-14 17:33,36.3,사실형,43.7
https://n.news.naver.com/mnews/article/030/0003417770?sid=102,제약/바이오,"보령, 美 대관 강화…우주 제약·바이오 정책·규제 대응 '시동'",보령이 미국에서 우주 의약품 연구를 위한 대관 활동에 착수했다.,호재,2026-04-14 16:01,29.3,사실형,70.1
https://n.news.naver.com/mnews/article/015/0005274810?sid=105,제약/바이오,"韓·美·EU ""바이오시밀러 3상 건너뛴다""…삼성에피스·셀트리온 수혜 보...","삼성바이오에피스, 셀트리온의 실적이 바이오시밀러 임상시험 간소화 정책으로 인해 개선될 가능성이 높아졌다.",호재,2026-04-14 15:48,60.3,사실형,69.2
https://n.news.naver.com/mnews/article/032/0003439801?sid=101,제약/바이오,"글로벌 신약 3상, 정부가 직접 투자한다…10년 이상 ‘초장기 펀드’도...",정부는 글로벌 임상 3상을 진행하려는 제약 기업에 자금을 직접 투자하기로 했다.,호재,2026-04-14 16:10,37.6,사실형,79.0
https://n.news.naver.com/mnews/article/030/0003417748?sid=105,IT/반도체,카카오엔터프라이즈 “전남 '지역 주도형 AI 대전환 사업' GPU 적기 확보...,카카오엔터프라이즈가 엔비디아와의 파트너십으로 전남 '지역 주도형 AI 대전환 사업'에 총 40장의 GPU를 확보했다.,호재,2026-04-14 15:06,27.7,사실형,97.8
https://n.news.naver.com/mnews/article/421/0008889016?sid=101,IT/반도체,"삼성전기, 베트남에 1.8조 추가 투자…AI 반도체 기판 생산력 강화",삼성전기는 베트남에 1.8조 추가 투자하고 AI 반도체 기판 생산력을 강화한다.,호재,2026-04-14 15:10,20.8,사실형,97.1
https://n.news.naver.com/mnews/article/018/0006257101?sid=101,IT/반도체,바이오·OLED·AI 10조 투입…국민성장펀드 ‘성과형 투자’ 본격화,국민성장펀드가 10조 투입하여 '성과형 투자'를 본격화하고 있다.,호재,2026-04-14 15:01,21.1,사실형,75.9
https://n.news.naver.com/mnews/article/138/0002224435?sid=004,IT/반도체,"""AR글래스·유리기판 잡는다""…서울반도체·유티아이 등 8개사 사업재편...",서울반도체와 유티아이 등 8개사가 사업재편을 통해 향후 5년간 2496억원 투자 및 402명 신규 고용을 발표했다.,호재,2026-04-14 15:05,4.6,사실형,96.9
https://n.news.naver.com/mnews/article/030/0003417746?sid=101,IT/반도체,국민성장펀드 50조원+@ 확대…'소버린 AI'로 첨단산업 재편,"국민성장펀드 50조원 이상 확대, '소버린 AI'로 첨단산업 재편",호재,2026-04-14 15:01,24.8,사실형,93.7
https://n.news.naver.com/mnews/article/030/0003417745?sid=101,IT/반도체,"[기획] 국민성장펀드, 첨단산업 키울 '장기 인내자본'으로",국민성장펀드는 국가 전략적 가치가 높은 사업에 인내심 있는 대규모 자본을 공급한다.,호재,2026-04-14 15:01,19.2,사실형,95.9
https://n.news.naver.com/mnews/article/138/0002224437?sid=105,IT/반도체,"김녹원 딥엑스 ""한국 피지컬 AI 수출국 만들 것""…삼성 2나노 칩·레고형...",김녹원 딥엑스 대표가 한국을 피지컬 AI 수출 국가로 만들겠다고 밝혔다.,호재,2026-04-14 15:06,17.3,사실형,85.4
https://n.news.naver.com/mnews/article/123/0002381313?sid=101,IT/반도체,소버린 AI·재생에너지·새만금첨단벨트까지…국민성장펀드 지원 확대,국민성장펀드는 소버린 AI·재생에너지·새만금첨단벨트 등 다양한 사업에 지원을 확대한다.,호재,2026-04-14 15:01,25.1,사실형,34.7
https://n.news.naver.com/mnews/article/014/0005507509?sid=105,IT/반도체,"""TSMC가 대만 만들었듯…딥엑스, 韓 '피지컬 AI' 반도체 산업 선도""",딥엑스 대표는 TSMC가 현재 대만을 만들었던 것처럼 대한민국의 피지컬 AI 반도체 산업을 키우겠다고 밝혔다.,호재,2026-04-14 15:11,14.7,추론형,9.0
https://n.news.naver.com/mnews/article/366/0001156747?sid=101,IT/반도체,바이오·새만금·OLED 등 국민성장펀드 2차 메가프로젝트… 10조원 투입,"국민성장펀드 2차 메가프로젝트는 10조원 투입으로, 소버린 AI 경쟁력 강화를 위한 전방위적 밸류체인에 중점을 둔다.",호재,2026-04-14 15:01,38.4,사실형,99.8
https://n.news.naver.com/mnews/article/469/0000925362?sid=101,IT/반도체,"반도체·배터리·車 등 분야 8개 기업, 신시장 진출… 사업 재편 승인","반도체, 배터리, 자동차 등 분야 중소, 중견 기업 8개가 사업 재편 계획을 승인받아 신산업에 진출한다.",호재,2026-04-14 15:16,24.9,사실형,99.8
https://n.news.naver.com/mnews/article/119/0003080497?sid=101,IT/반도체,"국민성장펀드, ‘2차 메가프로젝트’ 가동…AI·바이오·에너지 전방위...","국민성장펀드는 2차 메가프로젝트를 가동하고 AI, 바이오, 에너지 분야에서 다양한 투자 기회를 제공했다.",호재,2026-04-14 15:00,22.9,사실형,99.2
https://n.news.naver.com/mnews/article/003/0013886908?sid=101,IT/반도체,"국민성장펀드, 첨단산업 생태계 50조 투입…민관펀드로 '투자 공백' 메운...","국민성장펀드는 첨단산업 생태계에 50조원을 투입하고, 민관펀드로 '투자 공백'을 메우는 계획을 발표했다.",호재,2026-04-14 15:07,12.4,대화형,12.2
https://n.news.naver.com/mnews/article/448/0000603840?sid=100,IT/반도체,"150조 국민성장펀드, 새만금 첨단벨트·소버린AI 등 선정",국민성장펀드에서 새만금 첨단벨트와 소버린AI가 선정되었다.,호재,2026-04-14 15:06,12.3,사실형,99.4
https://n.news.naver.com/mnews/article/016/0002629530?sid=101,IT/반도체,국민성장펀드 2차 메가프로젝트로 현대차 새만금 첨단벨트 등 6건 선정,국민성장펀드 2차 메가프로젝트로 현대차 새만금 첨단벨트 등 6건 선정,호재,2026-04-14 15:02,27.8,사실형,80.8
https://n.news.naver.com/mnews/article/277/0005749311?sid=101,IT/반도체,"국민성장펀드, 2차 메가프로젝트 발표…바이오·디스플레이 등 투자",국민성장펀드가 2차 메가프로젝트 발표를 통해 다양한 유망 기업을 투자하고 지원할 예정이다.,호재,2026-04-14 15:00,13.5,사실형,49.0
https://n.news.naver.com/mnews/article/422/0000854941?sid=101,IT/반도체,150조 국민성장펀드 '2차 프로젝트' 공개…새만금·소버린AI 등 투자,"150조 국민성장펀드가 2차 프로젝트를 공개하고 소버린 AI, 새만금 등에 투자한다.",호재,2026-04-14 15:11,9.1,추론형,0.9
https://n.news.naver.com/mnews/article/009/0005665723?sid=101,IT/반도체,바이오 등에 10조 지원...국민성장펀드 2차 투자처 6곳 선정,국민성장펀드는 지방의 대규모 태양광 및 육상풍력 발전사업에 10조 원을 지원한다.,호재,2026-04-14 15:01,23.6,사실형,98.3
https://n.news.naver.com/mnews/article/374/0000504316?sid=101,IT/반도체,국민성장펀드 2차 메가프로젝트 공개…바이오·디스플레이 등 6개,"국민성장펀드 2차 메가프로젝트가 공개되었으며, 바이오·디스플레이 등 6개 프로젝트가 포함되었다.",호재,2026-04-14 15:00,21.9,사실형,33.5
https://n.news.naver.com/mnews/article/008/0005343989?sid=101,IT/반도체,"국내 유턴 서학개미, 엔비디아 팔고 삼전·닉스 샀다","글로벌 빅테크 우량주에 대한 선호가 국내 반도체·대형 우량주로 이어진 결과로, AI·빅테크 종목 수익을 국내 대형 우량주와 지수 상품으로 분산 투자하려는 움직임이 있는 것으로 보인다.",호재,2026-04-14 14:59,19.7,추론형,10.9
https://n.news.naver.com/mnews/article/421/0008888968?sid=101,IT/반도체,"150조 국민성장펀드, AI·반도체 중소·중견기업 육성에 50조 투입",국민성장펀드가 AI·반도체 중소·중견기업에 50조 원을 투입할 계획이다.,호재,2026-04-14 15:00,37.2,사실형,98.7
https://n.news.naver.com/mnews/article/029/0003021372?sid=105,IT/플랫폼,"[이슈&amp;트렌드] 뚫는 자도, 막는 자도 AI 쓰지만… 흐름은 여전히 ‘공격...","AI가 사이버 보안을 뒤흔든다. 해커들은 AI를 통해 공격을 더 쉽게 하며, 방어는 상대적으로 더디게 진행된다.",호재,2026-04-13 15:24,44.1,사실형,83.2
https://n.news.naver.com/mnews/article/016/0002628903?sid=105,IT/플랫폼,"‘AI 기본법’ 시행 3개월…네카오, 광고·쇼핑부터 ‘AI 표기’ 단다, ...",네이버와 카카오가 AI 기본법에 따라 'AI 표기'를 의무화하고 대응 속도를 내고 있다.,호재,2026-04-13 14:38,36.7,사실형,72.7
https://n.news.naver.com/mnews/article/117/0004053629?sid=105,IT/플랫폼,[IT 세대교체 ③] 성장도 재건도 대표 몫…이정헌·김창한·박병무·김병...,"IT 산업의 세대교체는 게임사 경영의 구조가 변하고, 대표의 역할이 중요해졌다.",호재,2026-04-13 14:46,30.7,사실형,68.5
https://n.news.naver.com/mnews/article/277/0005748913?sid=101,자동차/모빌리티,HEV·EV 모두 달리는 기아[클릭 e종목],"기아의 전기차와 하이브리드차가 유럽과 미국에서 판매량이 증가하고, 펀더멘털이 견고한 점이 부각되며 목표주가 19만원과 투자의견 '매수'를 유지한다.",호재,2026-04-14 07:59,5.1,사실형,62.4
https://n.news.naver.com/mnews/article/421/0008887385?sid=103,자동차/모빌리티,"""국산차 보호 vs 정책 역행""…전기차 보조금 개편 논란","정부가 전기차 보조금 지급 기준을 개편해 수입차 업계에 영향을 미치는 것으로 보이며, 국산차 업계는 수혜를 기대하고 있다.",호재,2026-04-14 07:00,8.3,사실형,72.6
https://n.news.naver.com/mnews/article/023/0003970616?sid=101,자동차/모빌리티,고유가에 올라탄 중고 전기차… 거래량 49% 급증,고유가로 인해 중고 전기차 거래가 49% 급증하는 모습을 보인다.,호재,2026-04-14 00:32,30.6,사실형,81.3
https://n.news.naver.com/mnews/article/014/0005506973?sid=101,자동차/모빌리티,고유가에 전기차 구매 늘자… 이차전지 소부장 증설 박차,이차전지 소부장 기업들이 공장 증설에 박차를 가해 전기차 구매 증가로 이차전지 시장 회복이 조기 기대되고 있다.,호재,2026-04-13 18:16,25.8,사실형,74.3
https://n.news.naver.com/mnews/article/050/0000104906?sid=101,자동차/모빌리티,‘메이드 인 차이나’ 공습…중국 전기차 점유율 34%,중국 전기차 점유율 34%에 BYD가 국내 시장에서 수입차 최단 기간 1만 대 판매 기록을 세웠다.,호재,2026-04-14 08:10,36.5,사실형,88.7
https://n.news.naver.com/mnews/article/009/0005665436?sid=103,자동차/모빌리티,"“타봤더니, 오빠에게도 딱 좋아”…2천만원대 넘사벽 SUV, 신형도 대박...","기아 셀토스는 여성 선호 차종으로 인기를 얻으며, 신형 모델이 출시되면서 남성에게도 인기를 얻기 시작했다.",호재,2026-04-14 06:46,20.0,사실형,52.7
https://n.news.naver.com/mnews/article/108/0003425937?sid=004,자동차/모빌리티,"기아 셀토스, 국내 소형 SUV 시장 주도권 차지... 비결은 '풀 라인업'","기아 셀토스는 국내 소형 SUV 시장의 주도권을 차지하며, 하이브리드 모델의 성공과 전용 전기차 EV3의 약진으로 시장 판도를 새롭게 짜고 있다.",호재,2026-04-13 14:23,32.2,사실형,61.8
https://n.news.naver.com/mnews/article/014/0005506800?sid=101,자동차/모빌리티,"""고유가에 전기차 다시 찾는다"" 이차전지 소부장 증설 박차","지아이텍이 미국 조지아 공장을 준공하고, 이차전지 소부장 증설을 박차한다.",호재,2026-04-13 15:05,24.5,사실형,74.6
https://n.news.naver.com/mnews/article/119/0003079971?sid=101,자동차/모빌리티,"""미국서 만들면 된다며""…현대차·기아, '美 최후의 보루' 픽업 시장 뚫...",현대차와 기아가 미국에서 픽업트럭을 생산하여 미국 시장에 진출한다.,호재,2026-04-13 14:50,24.2,사실형,59.8
https://n.news.naver.com/mnews/article/016/0002628651?sid=101,자동차/모빌리티,"정의선 회장 “로보틱스·피지컬 AI, 현대차그룹 진화의 핵심”","정의선 현대자동차그룹 회장은 로보틱스와 피지컬 인공지능(AI)을 핵심 동력으로 제시하고, 글로벌 확장과 지역 맞춤 전략을 통해 대응하겠다고 밝혔다.",호재,2026-04-13 10:22,16.8,사실형,76.8
https://n.news.naver.com/mnews/article/008/0005343241?sid=101,자동차/모빌리티,"정의선 회장 ""'로보틱스·피지컬AI' 현대차그룹 진화의 중심""","현대차그룹은 로보틱스와 피지컬 AI를 중심으로 진화하는 것을 목표로 하고 있으며, 인간 중심 접근 방식과 고객의 요구를 반영하여 최고의 품질 제공을 목표로 하고 있다.",호재,2026-04-13 10:15,23.7,예측형,2.8
https://n.news.naver.com/mnews/article/366/0001156386?sid=103,자동차/모빌리티,"기아, 英 최초로 전기차 누적 판매 10만대 돌파… 전망도 ‘밝음’",기아가 영국에서 전기차 누적 판매 10만대 돌파에 성공하며 전망도 '밝음'이다.,호재,2026-04-13 11:11,11.6,사실형,73.3
https://n.news.naver.com/mnews/article/009/0005665295?sid=101,자동차/모빌리티,"정의선 ""260억弗 투자 … 美현지생산 강화""",정의선 현대자동차그룹 회장은 미국 현지화 전략에 박차를 가하고 로보틱스와 AI를 그룹 주력 먹거리로 내걸면서 2028년까지 260억달러를 투자할 예정이다.,호재,2026-04-13 17:38,15.2,사실형,91.8
https://n.news.naver.com/mnews/article/277/0005748572?sid=103,자동차/모빌리티,"정의선 ""美, 그룹의 핵심 시장…로보틱스·AI·수소 투자 지속""","정의선 현대차그룹 회장은 로보틱스와 인공지능(AI)을 그룹 미래 성장의 핵심축으로 강조하고, 미국을 핵심 시장으로 투자 확대 계획을 밝혔다.",호재,2026-04-13 10:47,13.6,사실형,93.2
https://n.news.naver.com/mnews/article/030/0003417188?sid=103,자동차/모빌리티,1분기 수입차 '늘고' 국산차 '줄고'…국내 승용차 시장 희비 갈려,"1분기 수입차는 전년보다 호실적을 기록한 반면, 국산차는 마이너스 성장을 기록했다.",호재,2026-04-13 13:58,20.9,사실형,79.5
https://n.news.naver.com/mnews/article/015/0005274095?sid=103,자동차/모빌리티,"정의선 ""美 시장 성장 핵심…2028년까지 260억달러 투자""","정의선 현대차그룹 회장은 2028년까지 미국에 260억달러를 투자할 계획이며, 로보틱스와 피지컬 AI를 통해 모빌리티를 넘어선 현대차그룹의 진화를 추진한다.",호재,2026-04-13 09:53,25.0,사실형,90.4
https://n.news.naver.com/mnews/article/374/0000503954?sid=101,자동차/모빌리티,"정의선 ""로보틱스는 미래 성장 핵심축…美에 260억달러 투자""","정의선 현대차그룹 회장은 로보틱스와 인공지능(AI)을 그룹 미래 성장의 핵심축으로 강조하고, 미국에 260억달러를 투자할 계획을 밝혔다.",호재,2026-04-13 10:20,35.4,추론형,0.0
https://n.news.naver.com/mnews/article/008/0005343493?sid=101,자동차/모빌리티,기아 K5 두번째 '페이스리프트' 승부수 '1.6 터보 하이브리드',기아 K5의 두번째 부분변경 모델에 1.6 터보 하이브리드 엔진을 탑재할 계획이다.,호재,2026-04-13 16:30,19.0,사실형,75.0
https://n.news.naver.com/mnews/article/050/0000104898?sid=101,자동차/모빌리티,엔비디아·삼전 없이 ‘80억’ 벌었다…재야의 고수가 지목한 다음 타깃...,"재야의 고수가 지목한 다음 타깃은 에너지 금융주로, 이는 고금리, 고환율, 고유가의 영향을 받을 수 있다.",호재,2026-04-13 17:01,54.7,추론형,9.8
https://n.news.naver.com/mnews/article/030/0003417744?sid=101,IT/반도체,"[기획] 국민성장펀드 2차 메가프로젝트, '바이오 3상·소버린 AI' 산업 병...",국민성장펀드 2차 메가프로젝트는 '바이오 3상·소버린 AI' 산업을 위한 선과 면의 투자를 의미한다.,호재,2026-04-14 15:01,19.2,사실형,83.1
https://n.news.naver.com/mnews/article/016/0002629523?sid=101,IT/반도체,"산업부, 반도체·배터리 등 8개 기업 사업재편 승인…5년간 2500억원 투자...",산업부가 반도체·배터리 등 8개 기업의 사업재편을 승인하고 5년간 2500억원의 투자를 계획한다.,호재,2026-04-14 14:58,16.8,사실형,99.6
https://n.news.naver.com/mnews/article/277/0005749299?sid=101,IT/반도체,"NH농협캐피탈, AI 반도체 기업 '리벨리온'에 50억원 투자",NH농협캐피탈이 AI 반도체 기업 '리벨리온'에 50억원 투자했다.,호재,2026-04-14 14:55,28.1,예측형,8.0
https://n.news.naver.com/mnews/article/003/0013886886?sid=101,IT/반도체,"AI 넘어 바이오·모빌리티까지…국민성장펀드, 투자 판 넓힌다",국민성장펀드가 투자 범위를 확대하여 7개 프로젝트 중 4건에 대한 투자 승인을 받았다.,호재,2026-04-14 15:00,13.9,사실형,99.7
https://n.news.naver.com/mnews/article/001/0016020897?sid=101,IT/반도체,"150조 국민성장펀드, 새만금·소버린AI 등 '2차 프로젝트' 선정",국민성장펀드 2차 프로젝트에서 새만금·소버린AI 등이 선정되었다.,호재,2026-04-14 15:00,12.6,사실형,99.4
https://n.news.naver.com/mnews/article/366/0001156740?sid=105,IT/반도체,"삼성전기, 베트남에 1.8조원 투자 계획… AI 반도체 기판 생산 능력 강화",삼성전기는 베트남에 1.8조원 투자 계획을 발표하며 AI 반도체 기판 생산 능력을 강화한다.,호재,2026-04-14 14:53,11.5,사실형,97.3
https://n.news.naver.com/mnews/article/030/0003417742?sid=105,IT/반도체,기업 절반 “중대재해처벌 등 안전 규제 부담”,기업 절반은 중대재해처벌 등 안전 규제 부담을 느끼고 있다.,악재,2026-04-14 14:59,10.0,사실형,92.6
https://n.news.naver.com/mnews/article/088/0001005516?sid=162,IT/반도체,"김장호 구미시장 예비후보 ""구미국가 5산단을 '반도체 팹 유치'로 꽉 채...",김장호 구미시장 예비후보가 반도체 팹 유치를 통해 구미국가 5산단을 꽉 채우겠다고 발표했다.,호재,2026-04-14 14:49,22.5,사실형,93.6
https://n.news.naver.com/mnews/article/421/0008888969?sid=101,IT/반도체,국민성장펀드 '2차 메가프로젝트' 공개…임상3상 바이오 등에 10조 투입,"국민성장펀드가 2차 메가프로젝트를 공개하였으며, 임상3상 바이오 등에 10조 투입할 예정입니다.",호재,2026-04-14 15:00,24.5,사실형,99.8
https://n.news.naver.com/mnews/article/119/0003080496?sid=101,IT/반도체,"국내 AI 팹리스, 기술 데모 넘어 '실매출' 증명 나선다",국내 AI 반도체 업계가 기술 데모 단계를 넘어 실질 매출 증명에 성공하고 있다.,호재,2026-04-14 14:59,15.8,사실형,99.3
https://n.news.naver.com/mnews/article/031/0001022082?sid=105,IT/반도체,[K-AI 이노베이터] 데이터·검색·금융·보안·법률까지…韓 AI 혁신 기업...,"K-AI 이노베이터는 2030년까지 GPU 26만장 확충을 목표로 하며, 제조업 데이터와 반도체 경쟁력을 통해 글로벌 AI 3위권을 유지할 수 있는 핵심 레버리지로 강조했다.",호재,2026-04-14 14:49,30.5,사실형,51.7
https://n.news.naver.com/mnews/article/031/0001022080?sid=105,IT/반도체,"[K-AI 이노베이터] ""韓, 주목할만한 AI서 美·中 이어 세계 3위""",한국의 제조업 데이터와 반도체가 AI 개발에서 큰 강점으로 꼽혔다.,호재,2026-04-14 14:48,40.7,사실형,45.1
https://n.news.naver.com/mnews/article/031/0001022076?sid=101,IT/반도체,반도체·배터리 등 첨단 분야로 사업재편하려는 8개사 승인,반도체와 배터리 산업의 성장에 힘입어 기업들이 사업재편을 추진 중이다.,호재,2026-04-14 14:39,19.6,사실형,97.0
https://n.news.naver.com/mnews/article/293/0000082699?sid=101,제약/바이오,"[어바웃 C] 온코크로스, 박종배 CTO 영입…바이오뱅킹 실행축 세웠다","온코크로스, 박종배 CTO 영입하여 바이오뱅킹 사업을 확대할 계획이다.",호재,2026-04-14 10:15,20.1,사실형,99.5
https://n.news.naver.com/mnews/article/014/0005507492?sid=101,IT/반도체,"하나운용, '채권혼합·반도체 ETF' 2종 신규 상장",하나운용의 '채권혼합·반도체 ETF' 2종이 신규 상장한다.,호재,2026-04-14 14:45,18.3,사실형,86.8
https://n.news.naver.com/mnews/article/293/0000082697?sid=101,제약/바이오,"식약처, 제2 자큐보 지원…GIFT로 신약 상용화 앞당긴다 [현장+]",식약처가 제2 자큐보 지원을 통해 GIFT를 통해 신약 상용화를 앞당기기 위한 노력을 하고 있다.,호재,2026-04-14 09:09,41.8,추론형,0.0
https://n.news.naver.com/mnews/article/011/0004610562?sid=101,제약/바이오,"리가켐바이오, CLDN18.2 ADC 임상 첫 발 “페이로드 다변화 속도”","리가켐바이오가 CLDN18.2 ADC 임상 첫 발에 성공하며, 페이로드 다변화 속도를 보이며 '베스트인클래스' 신약 경쟁력을 확보했다.",호재,2026-04-14 14:46,36.9,예측형,14.9
https://n.news.naver.com/mnews/article/018/0006256787?sid=101,제약/바이오,"허장산 지배 ‘100파운드’ 英 법인, 아일리아 시밀러 입찰…삼천당 연...",삼천당제약의 유럽 현지 베이스캠프가 MD바이오로직스로 될 가능성이 높아졌다.,호재,2026-04-14 09:02,52.3,예측형,13.2
https://n.news.naver.com/mnews/article/011/0004611075?sid=101,방산/우주항공,"현대위아 화포사업, 현대로템에 합친다",현대로템이 현대위아 화포사업을 인수하여 방산 역량을 강화할 것으로 예상됩니다.,호재,2026-04-15 17:38,41.4,사실형,42.9
https://n.news.naver.com/mnews/article/015/0005275391?sid=101,방산/우주항공,"우리은행, LIG D&amp;A에 3조 공급…K방산 육성 업무협약 체결",우리은행이 LIG D&amp;A와 K방산 육성을 위한 업무협약을 체결했다.,호재,2026-04-15 17:34,21.1,사실형,99.2
https://n.news.naver.com/mnews/article/020/0003712523?sid=101,방산/우주항공,K-방산 수출날개에 ‘3조 금융’ 투입… 우리은행-LIG D&amp;A 맞손,"우리은행이 K-방산 성장에 3조 원을 투입하여 전방위 지원을 제공하며, LIG D&A의 글로벌 경쟁력 강화와 해외 시장 진출을 지원한다.",호재,2026-04-15 11:05,28.8,사실형,81.2
https://n.news.naver.com/mnews/article/449/0000341763?sid=100,방산/우주항공,총도 못 만들다 세계 4위 무기 수출국으로…K-방산의 비밀 [런치정치],"한국의 K방산은 50여 년 만에 세계 4위 무기 수출국으로 성장했으며, K-2 전차의 성공은 산업 발전과 무관하지 않다.",호재,2026-04-15 12:01,73.9,추론형,7.4
https://n.news.naver.com/mnews/article/215/0001249160?sid=101,IT/플랫폼,코스피 6천에도…네이버·카카오 눈높이 또 내렸다,네이버와 카카오의 눈높이가 낮아지면서 카카오 주가가 19.3% 하락했다.,악재,2026-04-16 06:00,21.1,사실형,73.7
https://n.news.naver.com/mnews/article/421/0008892558?sid=105,IT/플랫폼,유튜브 이용자 4800만인데 구글 법인세 283억…네이버의 5% 그쳐,네이버의 법인세가 구글의 5%에 불과한 이유는 구글의 한국 법인이 실제 매출을 회계상 모두 반영하지 못한 때문이다.,호재,2026-04-16 06:01,31.9,사실형,91.8
https://n.news.naver.com/mnews/article/448/0000604252?sid=101,IT/플랫폼,네이버 12조인데 구글이 6800억?…매출 줄여 법인세 피하나,네이버의 매출이 12조원인 반면 구글이 한국에 내는 법인세가 283억원에 불과하다는 점에서 구글이 세금을 회피하고 있다고 의심되고 있습니다.,호재,2026-04-15 21:40,55.8,추론형,0.0
https://n.news.naver.com/mnews/article/020/0003712714?sid=101,IT/플랫폼,中企-소상공인 대표상품 모아 온오프 200개 채널 ‘동행축제’,중소기업과 소상공인 대표 상품의 판매 확대와 내수 활성화를 위한 '2026 4월 동행축제'가 다음 달 10일까지 열린다.,호재,2026-04-16 00:31,18.3,사실형,67.2
https://n.news.naver.com/mnews/article/421/0008892513?sid=105,IT/플랫폼,명령어 한줄에 27년 보안 뚫렸다…'미토스 쇼크'에 靑도 비상,"앤트로픽 인공지능 모델 '미토스'가 27년 동안 검증된 운영체제의 보안을 뚫는다는 사실이 밝혀져, 전 세계 정부와 금융권이 긴급 점검에 나섰다.",악재,2026-04-16 05:10,26.9,사실형,76.9
https://n.news.naver.com/mnews/article/016/0002630132?sid=101,방산/우주항공,"한화 美 방산 수장, 현지 최대 해양방산 전시회 출격",한화는 미 방산 시장 진출을 위해 총력을 기울이고 K9 자주포 수출을 추진 중이다.,호재,2026-04-15 14:01,41.2,사실형,98.0
https://n.news.naver.com/mnews/article/081/0003617299?sid=101,금융/밸류업,"‘60조’ KB, 금융지주 첫 시총 돌파","KB금융지주는 시총 60조원 돌파와 함께 PBR 1배 달성, 기업 가치가 주가에 반영되는 대상으로 재평가되기 시작했다.",호재,2026-02-12 05:05,50.8,사실형,94.5
https://n.news.naver.com/mnews/article/009/0005636275?sid=101,금융/밸류업,"KB금융, 은행주 최초 PBR 1배 돌파…만성적 저평가 시대 마침표","KB금융이 은행주 최초로 주가순자산비율(PBR) 1배를 돌파했으며, 이는 이자수익 증가와 배당, 자사주 매입·소각으로 주주환원을 높인 결과로 풀이된다.",호재,2026-02-12 07:24,34.8,사실형,87.2
https://n.news.naver.com/mnews/article/088/0000996730?sid=101,금융/밸류업,"'파죽지세' iM금융 주가, 역대 최고 또 경신…""주당 3만원 간다""",iM금융지주 주가가 역대 최고가를 또 경신하면서 주당 3만원 달성을 목표로 주주환원 정책을 강화할 방침이다.,호재,2026-02-11 18:12,30.8,사실형,93.3
https://n.news.naver.com/mnews/article/020/0003696842?sid=101,금융/밸류업,"KB금융지주, 국내 금융지주 최초로 60조 돌파…다시 주목받는 금융주",KB금융지주는 국내 금융지주 최초로 시가총액 60조 원을 돌파했다.,호재,2026-02-11 16:35,37.8,사실형,86.1
https://n.news.naver.com/mnews/article/009/0005635724?sid=101,금융/밸류업,TCK인베 회장 “FOMO가 지배하는 위험한 시장...업종·시장 리밸런싱 필...,"TCK인베스트먼트 회장 오하드 토포는 현재 시장은 포모(FOMO)가 지배하고 있으며, 일부 업종은 밸류에이션 극단적 수준에 도달했다고 지적했다.",호재,2026-02-11 11:06,33.6,사실형,90.7
https://n.news.naver.com/mnews/article/009/0005636158?sid=101,금융/밸류업,"""배당·자사주소각 통했다""… KB금융, 은행주 최초 PBR 1배 돌파",KB금융이 은행주 최초로 PBR 1배를 돌파하며 주가가 30% 이상 오르면서 주주환원정책의 결실을 거두고 있다.,호재,2026-02-11 17:53,28.8,사실형,88.2
https://n.news.naver.com/mnews/article/011/0004609980?sid=101,방산/우주항공,“천궁Ⅱ좀 빨리 보내줘” 한국에 SOS 보낸 중동…한화·LIG넥스원에 조...,중동 국가들이 미국에 의존하는 무기 조달 구조를 균열시키고 한국의 한화와 LIG넥스원에 천궁Ⅱ를 주문하는 움직임이 보인다.,호재,2026-04-13 09:06,13.3,사실형,89.2
https://n.news.naver.com/mnews/article/008/0005316908?sid=101,금융/밸류업,"코스피 0.3% 오를 때 12% 폭발…""아직도 싸다"" 더 뛴다는 이 업종","코스피가 0.3% 오를 때 4대 금융지주가 12% 폭발, 아직도 싸다""라고 전문가들은 말한다.",호재,2026-02-11 07:00,55.5,사실형,81.9
https://n.news.naver.com/mnews/article/016/0002628438?sid=104,방산/우주항공,"사우디, 韓 천궁Ⅱ 조기 인도 타진…걸프, ‘탈미’ 방공망 재편",사우디아라비아와 아랍에미리트(UAE)가 한국산 중거리 방공체계 '천궁Ⅱ'와 요격미사일을 조기 인도 및 추가 확보에 나선다.,호재,2026-04-13 06:11,21.1,사실형,88.2
https://n.news.naver.com/mnews/article/052/0002339865?sid=104,방산/우주항공,"한국에 ""빨리 달라""...방공망 비상 걸린 사우디 이어 UAE도 SOS [지금이뉴...",중동 국가들이 미국 중심의 무기 조달구조에서 벗어나 한국과 영국 등으로 눈을 돌고 있는 것으로 전해졌습니다.,호재,2026-04-13 08:56,26.3,추론형,6.1
https://n.news.naver.com/mnews/article/005/0001842813?sid=104,방산/우주항공,"‘천궁Ⅱ 좀 빨리, 더 달라’… 한국에 요청한 사우디·UAE",사우디아라비아와 UAE는 한국에 천궁Ⅱ의 인도 일정을 앞당길 수 있는지 타진했다.,호재,2026-04-13 05:46,14.6,사실형,89.9
https://n.news.naver.com/mnews/article/050/0000102217?sid=101,금융/밸류업,"코스피 5000 시대, ‘금융 배당주’를 재발견하다[재무제표 AI 독해]",금융 배당주가 장기적으로 고배당을 약속하며 성장주의 파티가 끝날 때 소외된 가치주의 매력을 보인다.,호재,2026-02-11 08:38,26.8,사실형,54.5
https://n.news.naver.com/mnews/article/015/0005271241?sid=105,제약/바이오,"SK바이오사이언스, R&amp;D 실행력 강화한다…연구조직 정비·핵심인재 영입",SK바이오사이언스는 연구개발(R&D) 프로젝트의 실행력을 높이고 글로벌 경쟁력을 강화하기 위해 핵심 인재를 영입하고 연구지원 조직을 정비했다.,호재,2026-04-06 08:45,13.7,사실형,29.3
https://n.news.naver.com/mnews/article/001/0016006145?sid=101,IT/반도체,"삼성전자, 반도체로만 50조 영업익…내년 엔비디아 넘어 세계 1위 전망도","삼성전자 1분기 매출 133조원, 영업이익 57조2천억원, 반도체로만 50조원의 영업이익을 기록하며 내년 세계 1위 전망",호재,2026-04-07 08:40,23.9,사실형,97.5
https://n.news.naver.com/mnews/article/055/0001346486?sid=101,IT/반도체,"삼성전자, 반도체로만 50조 영업익…내년 엔비디아 넘어 세계 1위 전망도",삼성전자 올해 1분기 57조 2천억 원의 영업이익을 기록하며 한국 기업사의 새 기록을 세웠다.,호재,2026-04-07 09:15,49.8,추론형,20
https://n.news.naver.com/mnews/article/032/0003438225?sid=101,IT/반도체,[속보] 삼성전자 1분기 잠정 영업이익 57조2000억 ‘역대 최고치’···...,"삼성전자 1분기 매출 133조원, 영업이익 57조2000억원으로 역대 최고 실적을 기록했다.",호재,2026-04-07 07:49,19.8,사실형,83.2
https://n.news.naver.com/mnews/article/016/0002625856?sid=101,IT/반도체,"KB운용, ‘반도체 투톱’ 혼합ETF, 순자산 7000억 돌파",KB자산운용의 'RISE 삼성전자SK하이닉스채권혼합50 ETF' 순자산이 7000억원을 돌파했다.,호재,2026-04-07 11:11,11.2,사실형,72.9
https://n.news.naver.com/mnews/article/277/0005745346?sid=101,제약/바이오,"롯데바이오로직스, 日 제약사와 항암 신약 위탁개발·생산 계약",롯데바이오로직스가 일본 제약사와 항암 신약 위탁개발 및 생산 계약을 체결했다.,호재,2026-04-06 09:16,7.9,사실형,85.6
https://n.news.naver.com/mnews/article/033/0000050550?sid=101,IT/반도체,반도체로만 50조 번 삼성전자…분기 영업이익 ‘빅테크 톱5’ 입성,"삼성전자, 올해 1분기 매출 133조원과 영업이익 57조2000억원을 기록하며 '글로벌 빅테크 톱5'에 입성했다.",호재,2026-04-07 11:23,25.6,사실형,87.4
https://n.news.naver.com/mnews/article/018/0006250825?sid=101,제약/바이오,"SK바이오사이언스, 연구 핵심 인재 영입…조직 정비",SK바이오사이언스는 연구개발 역량을 높이기 위해 연구 핵심 인재를 영입하고 연구지원 조직을 정비했다.,호재,2026-04-06 09:23,27.2,대화형,32.9
https://n.news.naver.com/mnews/article/366/0001154728?sid=105,IT/반도체,"롯데이노베이트, 모빌린트와 맞손…피지컬 AI 분야 NPU 적용 실증",롯데이노베이트와 모빌린트는 NPU 기술을 적용하여 피지컬 AI 분야에서 실증을 진행할 예정입니다.,호재,2026-04-07 09:44,19.1,사실형,68.9
https://n.news.naver.com/mnews/article/022/0004118859?sid=101,IT/반도체,"반도체의 힘... 삼성전자 1분기 영업익 755% 폭등, 역대 최대 기록 갈아...","삼성전자 1분기 영업익 57조2000억 원, 역대 최대 기록을 경신하며 755% 폭등을 기록했다.",호재,2026-04-07 08:12,40.0,사실형,76.4
https://n.news.naver.com/mnews/article/008/0005340748?sid=101,IT/반도체,TIGER 반도체TOP10 ETF 순자산 10조원 돌파…테마 ETF 최초,TIGER 반도체TOP10 ETF가 순자산 10조원을 돌파하여 테마 ETF 최초로 기록되었다.,호재,2026-04-07 10:16,14.6,사실형,99.9
https://n.news.naver.com/mnews/article/277/0005745914?sid=101,IT/반도체,"미래에셋운용 'TIGER 반도체TOP10' ETF, 순자산 10조원 돌파",미래에셋운용의 'TIGER 반도체TOP10' ETF가 순자산 10조원 돌파하며 성과를 기록했다.,호재,2026-04-07 09:37,8.3,사실형,97.0
https://n.news.naver.com/mnews/article/009/0005662073?sid=101,IT/반도체,‘단군이래 최대 실적’ 삼성전자…‘반도체 왕좌’ 굳힐 남은 과제는,"삼성전자, 2026년 1분기 잠정 실적 발표로 국내 기업 역사상 분기 기준 역대 최대 기록을 갈아치웠다.",호재,2026-04-07 10:10,18.6,사실형,71.6
https://n.news.naver.com/mnews/article/018/0006250696?sid=101,제약/바이오,"삼천당제약 ‘반토막’, 의구심 계속…여파에 바이오株 ‘비명’[바이오...",바이오 기업에 대한 신뢰가 낮아질 수 있는 상황이 계속되고 있다.,호재,2026-04-06 08:02,51.4,사실형,99.6
https://n.news.naver.com/mnews/article/003/0013871348?sid=101,IT/반도체,"삼성전자, 올 1Q 영업익 57.2조 '사상 최대'…""어닝서프라이즈, 반도체 ...","삼성전자 1분기 영업익 57.2조원 '사상 최대'로 발표, 메모리 가격 상승 효과로 추정",호재,2026-04-07 07:50,34.4,사실형,69.9
https://n.news.naver.com/mnews/article/030/0003414820?sid=102,제약/바이오,"SK바이오사이언스, 마상호 연구지원실장 영입…“R&amp;D 실행력 강화”","SK바이오사이언스는 마상호 부사장을 연구지원실장으로 영입하여 연구개발(R&D) 프로젝트 관리와 개방형 혁신을 강화하고, 연구기획부터 규제 대응까지 전 주기를 아우르는 지원 체계를 구축한다.",호재,2026-04-06 10:02,21.0,대화형,39.0
https://n.news.naver.com/mnews/article/008/0005340015?sid=101,제약/바이오,'관세 안개' 걷혔다… 한숨 돌린 K바이오,K바이오가 관세 안개에 대한 우려가 해소되면서 업계도 환영하는 분위기다.,호재,2026-04-06 04:03,15.0,사실형,87.1
https://n.news.naver.com/mnews/article/119/0003077289?sid=101,제약/바이오,"롯데바이오로직스, 日 제약사와 항체 의약품 위탁생산계약 체결",롯데바이오로직스가 일본 제약사와 항체 의약품 위탁생산 계약을 체결하여 항암 신약 위탁개발·생산 사업을 확대한다.,호재,2026-04-06 09:15,12.6,사실형,96.5
https://n.news.naver.com/mnews/article/021/0002782509?sid=102,IT/반도체,"“AI가 반도체 ‘신소재’ 찍어낸다”…국립부경대·KIST, 메모리 판 바...",국립부경대와 KIST 연구팀이 AI를 활용해 차세대 반도체 메모리 신소재를 개발했다.,호재,2026-04-06 10:58,21.5,사실형,99.7
https://n.news.naver.com/mnews/article/366/0001154354?sid=105,IT/반도체,"미스트랄 AI CEO, 삼성전자 경영진과 회동… 메모리 반도체 협업 논의","미스트랄 AI와 삼성전자, AI 반도체 공급망 및 기술 협력 논의",호재,2026-04-05 13:21,14.3,사실형,94.6
https://n.news.naver.com/mnews/article/003/0013867600?sid=101,IT/반도체,"""좋아도 불안하다"" 반도체·미중에 쏠린 수출…구조 개선 시급",반도체 수출 비중이 더욱 늘어나는 모습이다.,호재,2026-04-05 08:00,12.6,사실형,78.5
https://n.news.naver.com/mnews/article/009/0005661345?sid=101,IT/반도체,"“젠슨 황도 거액 투자했다던데”…서학개미들, 반도체 줄이고 담는 업...",AI 관련 투자자들은 광통신을 반도체 다음으로 주도 업종으로 꼽았다.,호재,2026-04-06 06:19,20.2,사실형,87.1
https://n.news.naver.com/mnews/article/123/0002380780?sid=101,IT/반도체,"삼성, '12조 상속세' 이달 완납...반도체·AI 중심 ‘뉴삼성’ 본격화",삼성은 상속세를 완납하고 미래사업 투자와 사업재편에 속도를 붙일 전망이다.,호재,2026-04-05 08:41,31.2,대화형,49.1
https://n.news.naver.com/mnews/article/022/0004118314?sid=101,IT/반도체,삼성가 '12조 상속세' 이달 마침표…반도체·AI 투자 속도 낼까,삼성은 상속세 부담과 지배구조 정비를 해결하고 미래 사업 투자에 속도를 낼 수 있을 것으로 전망된다.,호재,2026-04-05 11:19,28.7,대화형,19.8
https://n.news.naver.com/mnews/article/003/0013866598?sid=101,IT/반도체,"정부, 프랑스와 핵심광물·반도체 협력하기로…의향서 체결",정부와 프랑스가 핵심광물 및 반도체 협력에 대한 의향서를 체결했다.,호재,2026-04-03 18:09,10.4,사실형,49.5
https://n.news.naver.com/mnews/article/001/0016000901?sid=100,IT/반도체,"韓佛, 핵심광물·원전·AI 협력 강화…해상풍력사업도 함께 추진","韓佛와의 협력 강화, 핵심광물·원전·AI 분야에서 공동 연구와 산업 협력 추진",호재,2026-04-03 12:54,17.9,사실형,64.9
https://n.news.naver.com/mnews/article/028/0002799327?sid=102,IT/반도체,"AI발 구조조정, ‘숙련 사다리’ 끊긴다…“신입 뽑아도 시킬 일 없어”",AI가 구조조정을 촉진해 청년층뿐만 아니라 주요 기업의 하도급 직원까지 영향을 받는 사태가 벌어지고 있다.,악재,2026-04-06 05:02,36.8,사실형,94.6
https://n.news.naver.com/mnews/article/030/0003414641?sid=105,IT/반도체,"국가AI전략위, 佛 미스트랄AI 만나 'AI 풀스택' 협력 모색",국가AI전략위는 미스트랄AI와 'AI 풀스택' 협력에 대해 협의하고 있다.,호재,2026-04-05 10:57,23.6,대화형,14.2
https://n.news.naver.com/mnews/article/001/0016004163?sid=105,IT/반도체,"부경대 연구팀, 생성형 AI로 차세대 반도체 물질 후보 발굴",국내 연구진이 생성형 AI를 활용해 차세대 반도체 메모리 신소재 후보인 인화칼슘(Ca3P2)과 리튬카드뮴인화물(LiCdP)을 발굴했다.,호재,2026-04-06 10:04,58.7,사실형,36.8
https://n.news.naver.com/mnews/article/011/0004607840?sid=101,IT/반도체,"분기 50조 벽 깬 韓 최초 기업…삼성전자, AI 반도체로 새 역사","삼성전자, 분기 영업이익 50조 원을 돌파하며 사상 최초의 기록을 세웠다.",호재,2026-04-07 08:14,45.1,사실형,74.9
https://n.news.naver.com/mnews/article/009/0005662107?sid=102,IT/반도체,"법무법인 세종, ‘AI·디지털 경쟁법팀’ 출범",법무법인 세종이 AI·디지털 경쟁법팀을 출범하여 경쟁법 이슈에 대응한다.,호재,2026-04-07 10:53,7.7,대화형,36.1
https://n.news.naver.com/mnews/article/030/0003415272?sid=105,IT/반도체,"롯데이노베이트, 모빌린트와 피지컬 AI에 NPU 적용 협력",롯데이노베이트와 모빌린트는 피지컬 AI 분야에 NPU를 적용하기 위한 업무협약을 체결했다.,호재,2026-04-07 09:17,23.7,사실형,44.6
https://n.news.naver.com/mnews/article/014/0005503278?sid=101,IT/반도체,"건설연, 반도체·AI·SMR 인프라 기술 혁신 본격화",건설연은 국가전략산업을 뒷받침할 인프라 기술 혁신 방향을 제시했다.,호재,2026-04-06 17:18,28.7,사실형,77.1
https://n.news.naver.com/mnews/article/018/0006251729?sid=105,IT/반도체,모빌린트-롯데이노베이트 ‘NPU 동맹’…스마트 인프라·피지컬 AI 가속,"모빌린트와 롯데이노베이트가 NPU 기반 스마트 인프라 고도화를 위해 손잡고, 엣지 AI 기술을 휴머노이드 등 차세대 디바이스에 적용할 예정이다.",호재,2026-04-07 09:20,18.4,사실형,57.3
https://n.news.naver.com/mnews/article/001/0016005826?sid=105,IT/반도체,"[AI픽] 국가AI전략위, 대구·울산서 'AI 행동계획' 현장 소통",국가AI전략위원회가 'AI 행동계획'의 핵심 과제인 권역별 AI 전환(AX) 혁신거점 조성을 위한 현장 행보를 본격화했다.,호재,2026-04-06 18:15,42.5,사실형,31.7
https://n.news.naver.com/mnews/article/018/0006251840?sid=102,IT/반도체,"법무법인 세종, 대형 로펌 최초 'AI·디지털 경쟁법팀' 출범",법무법인 세종이 경쟁법 이슈에 대응하기 위해 'AI·디지털 경쟁법팀'을 출범시켰다.,호재,2026-04-07 10:41,11.2,사실형,44.1
https://n.news.naver.com/mnews/article/001/0016001786?sid=100,IT/반도체,"한·프랑스, 핵심광물·반도체·원전 협력 강화",한·프랑스가 핵심광물·반도체·원전 협력 강화를 위해 3자 협력의향서를 체결했다.,호재,2026-04-03 18:23,27.6,추론형,49.6
https://n.news.naver.com/mnews/article/001/0016006166?sid=105,IT/반도체,"원주시, 대만 신주시와 AI 디지털헬스 협력 기반 확보","원주시는 대만 신주시와 AI 디지털헬스 협력 기반을 확보하기 위해 AI EXPO Taiwan 2026에 참가하고, 신주시와의 공식 협의를 통해 협력 의사를 확인했다.",호재,2026-04-07 08:55,31.5,사실형,46.4
https://n.news.naver.com/mnews/article/001/0016006164?sid=105,IT/반도체,"아산시, 'AI 광반도체 핵심부품 제조 기반 구축' 공모 선정","아산시는 'AI 광반도체 핵심부품 제조 기반 구축' 공모사업에 선정돼, 정부출연금 100억원 등 모두 143억원을 투입해 아산시를 광반도체 상용화 제품 개발의 전초기지로 육성할 계획이다.",호재,2026-04-07 08:51,46.4,대화형,15.6
https://n.news.naver.com/mnews/article/014/0005502140?sid=100,IT/반도체,"한-프, 정상회담 계기 14건 문건 체결…AI·반도체·핵연료·광물 등 [韓...","한-프 정상회담 계기로 AI, 반도체, 양자 분야 협력 의향서 체결",호재,2026-04-03 13:05,23.4,사실형,49.1
https://n.news.naver.com/mnews/article/008/0005338573?sid=101,2차전지,"""ESS 입찰 '국산'에 인센티브 더 줘야""…K배터리 생존 정부에 달렸다",LG화학의 양극재 사업 영업이익이 지난해 전년보다 1460억원 증가했다.,호재,2026-04-01 18:20,22.2,사실형,47.0
https://n.news.naver.com/mnews/article/001/0016001839?sid=105,IT/반도체,한·프 AI 공조 본격화…미스트랄 CEO와 협력 논의,한·프 AI 공조가 본격화되며 한국의 AI 기술과 미스트랄 AI의 유연한 모델이 결합하여 아시아와 유럽 시장의 최상의 경쟁력을 확보할 수 있을 것으로 기대된다.,호재,2026-04-03 19:20,20.5,대화형,48.5
https://n.news.naver.com/mnews/article/092/0002414538?sid=105,2차전지,"고려아연, 인터배터리서 이차전지 소재·전략광물 역량 소개",고려아연이 국내 최대 배터리 전시회에서 이차전지 소재 및 전략광물 생산 역량을 소개했다.,호재,2026-03-16 14:12,8.6,사실형,97.4
https://n.news.naver.com/mnews/article/119/0003077298?sid=103,제약/바이오,"SK바이오팜, 美 암연구학회서 차세대 항암 RPT 성과 공개",SK바이오팜이 차세대 항암 치료제 'SKL35501'의 개발 성과를 미국 암연구학회에서 발표한다.,호재,2026-04-06 09:28,35.6,대화형,24.7
https://n.news.naver.com/mnews/article/008/0005340224?sid=101,제약/바이오,"SK바이오사이언스, 마상호 연구지원실장 영입…R&amp;D 역량 강화","SK바이오사이언스, 연구지원실장 마상호를 영입하여 R&amp;D 역량을 강화한다.",호재,2026-04-06 11:03,20.4,예측형,17.3
https://n.news.naver.com/mnews/article/092/0002417694?sid=105,IT/반도체,"노타, AI 경량화 수요로 '급성장'…수주 111% 늘어","노타의 AI 경량화 사업이 급성장한데, 이는 반도체 기업을 고객사로 연이어 확보하고 AI 모델 최적화 플랫폼과 비전언어모델 기반 솔루션을 통해 성과를 거두었기 때문이다.",호재,2026-04-07 10:07,24.3,사실형,47.7
https://n.news.naver.com/mnews/article/008/0005340742?sid=102,IT/반도체,"법무법인 세종, 'AI·디지털 경쟁법팀' 출범…팀장에 이창훈 변호사",법무법인 세종이 AI·디지털 경쟁법팀을 출범시키고 이창훈 변호사를 팀장으로 임명했다.,호재,2026-04-07 10:11,8.8,사실형,42.6
https://n.news.naver.com/mnews/article/003/0013870921?sid=105,IT/반도체,"국가AI전략위, 대구·울산 찾아 'AX 혁신거점' 이행 상황 점검",국가AI전략위원회가 대구와 울산을 방문해 'AX 혁신거점' 이행 상황을 점검했다.,호재,2026-04-06 17:52,27.1,사실형,43.9
https://n.news.naver.com/mnews/article/011/0004607899?sid=102,IT/반도체,"법무법인 세종, AI·디지털 경쟁법팀 출범…대형로펌 최초",법무법인 세종이 국내 대형로펌 최초로 인공지능(AI)·디지털 경쟁법팀을 출범시킨다.,호재,2026-04-07 10:17,11.7,사실형,80.4
https://n.news.naver.com/mnews/article/003/0013869319?sid=101,IT/반도체,'유럽판 챗GPT' 미스트랄 AI CEO까지…삼성전자 찾는 글로벌 빅테크 거물...,미스트랄 AI CEO가 삼성전자 화성 캠퍼스를 방문하여 차세대 AI 칩 생산을 위한 기술 협의를 진행했다.,호재,2026-04-06 10:46,30.6,사실형,66.9
https://n.news.naver.com/mnews/article/003/0013863596?sid=102,방산/우주항공,이순신방위산업전 2일차 '수출·협력 논의 활발',"이순신방위산업전 2일차, 수출상담과 기술교류가 활발히 진행 중이다.",호재,2026-04-02 15:19,24.7,사실형,86.2
https://n.news.naver.com/mnews/article/003/0013861142?sid=102,방산/우주항공,"2026 이순신방위산업전 개막, 육·해군 무기체계 공개",이순신방위산업전이 개막하여 K-방산의 현주소와 미래 발전 방향이 선보인다.,호재,2026-04-01 17:35,14.2,사실형,83.5
https://n.news.naver.com/mnews/article/014/0005501185?sid=100,방산/우주항공,"韓·인니, 방산·에너지·광물·AI 협력 확대","한국과 인도가 방산, 에너지, 광물, AI 분야 협력을 확대하기로 결정했다.",호재,2026-04-01 18:32,16.9,사실형,99.8
https://n.news.naver.com/mnews/article/001/0015996515?sid=101,방산/우주항공,"[현장] ""이게 그 잠수함이군요""…K-방산 총출동 이순신방위산업전 성황",K-방산 전진기지 창원 입지와 한화오션의 수출 모델이 눈길을 끌었다.,호재,2026-04-01 16:50,26.0,추론형,20
https://n.news.naver.com/mnews/article/079/0004132223?sid=102,방산/우주항공,"YIDEX, K-방산 수출과 협력의 장으로…내실 다진 행사 운영 돋보여","이순신방위산업전은 기업 수출상담과 기술교류, 협력 네트워킹이 활발히 이어지며 K-방산 비즈니스의 장이 되고 있다.",호재,2026-04-02 15:53,33.6,사실형,96.7
https://n.news.naver.com/mnews/article/020/0003709164?sid=100,방산/우주항공,"李 “인니, 소중한 K방산 파트너” 중동전쟁속 안보-자원 협력 강화",인도와 한국이 방위산업 협력을 강화할 것이라고 청와대가 발표했다.,호재,2026-04-02 04:38,24.4,사실형,99.8
https://n.news.naver.com/mnews/article/421/0008867665?sid=101,방산/우주항공,미·이란 전쟁 지켜본 중동…가성비+신뢰성 검증 끝 K-방산 '러브콜',미·이란 전쟁에서 K-방산이 우호적 요인으로 작용하고 있다.,호재,2026-04-03 07:07,22.9,사실형,94.8
https://n.news.naver.com/mnews/article/277/0005743352?sid=101,IT/플랫폼,"美, K무역장벽으로 플랫폼법 등 지적…염전노동 사례도 첫 언급","미국 무역대표부가 한국 정부의 디지털 플랫폼 규제 법안을 지적하며, 플랫폼 서비스 제한에 대한 논란이 조장된다.",호재,2026-04-01 11:12,17.8,사실형,98.6
https://n.news.naver.com/mnews/article/366/0001152432?sid=105,IT/플랫폼,네이버도 못 살린 우버택시… 카카오T에 막혀 ‘반짝 반등’ 시들,우버택시가 카카오T에 밀려 국내 택시 호출 시장에서 반등이 시들해지고 있다.,악재,2026-03-29 06:01,42.3,사실형,55.2
https://n.news.naver.com/mnews/article/030/0003414751?sid=101,제약/바이오,"정부, 美 의약품 232조 '관세 폭탄'에 K-바이오 긴급 점검",정부가 미국 의약품 232조의 관세 폭탄에 대응하기 위해 K-바이오 기업과 협의 중이다.,호재,2026-04-06 06:01,15.5,사실형,95.6
https://n.news.naver.com/mnews/article/030/0003414964?sid=101,IT/반도체,지난해 나라살림 104조 적자…세입 확대에도 민생·AI 지출 증가 영향,정부는 지난해 총지출을 억제하는 대신 AI·반도체 등 전략 산업 투자와 민생 지원을 병행했다고 밝혔다.,호재,2026-04-06 13:19,29.6,사실형,82.6
https://n.news.naver.com/mnews/article/088/0001004259?sid=101,IT/반도체,"AMRO ""한국 올해 1.9% 성장""…추경·반도체가 반등 견인","AMRO는 한국의 올해 경제성장률을 1.9%로 전망했지만, 미국 관세 정책과 에너지 가격 상승 등 하방 위험이 우세하다는 경고도 함께 나왔다.",호재,2026-04-06 11:42,21.6,사실형,86.7
https://n.news.naver.com/mnews/article/277/0005745571?sid=101,IT/반도체,"""SK하이닉스, 2029년 HBM5 출시…하이브리드 본딩 본격화""",SK하이닉스가 2029년 HBM5를 출시하며 하이브리드 본딩 본격화를 앞두고 있다.,호재,2026-04-06 13:19,12.2,사실형,93.8
https://n.news.naver.com/mnews/article/016/0002625358?sid=101,IT/반도체,충남도 ‘차세대 반도체’ 시장 선점,충남도는 산업부 주관 공모에 최종 선정되어 아산시에 차세대 AI 반도체 시장 선점을 위한 산업 생태계를 조성한다.,호재,2026-04-06 12:44,10.5,사실형,74.8
https://n.news.naver.com/mnews/article/008/0005340259?sid=105,IT/반도체,GPU 대란? 진짜 복병은 전기…'에너지 불안' 변수 커진 AI 경쟁,AI 경쟁의 초점이 반도체 확보에서 전력과 에너지 비용 문제로 옮겨가고 있다.,호재,2026-04-06 11:48,14.6,사실형,45.7
https://n.news.naver.com/mnews/article/030/0003414955?sid=101,IT/반도체,"공장 넘어 도시로…박승현 화성시 AI실장, MARS 해법 제시",박승현 화성시 AI실장이 제조 AI 전환 확산을 위한 4자 협약을 발표했다.,호재,2026-04-06 13:13,20.0,사실형,91.6
https://n.news.naver.com/mnews/article/277/0005745527?sid=104,IT/반도체,중국 AI·기술기업 몰리자…홍콩 IPO 5년 만에 최대,홍콩 증시에 중국 AI·기술기업 38개가 새로 입성했다.,호재,2026-04-06 11:12,9.5,사실형,80.9
https://n.news.naver.com/mnews/article/088/0001003901?sid=101,2차전지,"전쟁 속 '나홀로 역주행'…배터리株, ESS·탈중국 기대에 반등",배터리株가 ESS·탈중국 기대에 반등하는 중이다.,호재,2026-04-02 15:51,25.8,사실형,92.6
https://n.news.naver.com/mnews/article/018/0006248005?sid=101,2차전지,"“2차전지, 1분기 저점 통과 기대…비중 확대 ‘적기’”",국내 2차전지 업종이 올 1분기를 실적 저점으로 반등 국면에 진입할 것이라는 전망이 나왔다.,호재,2026-04-02 08:03,10.1,사실형,96.5
https://n.news.naver.com/mnews/article/018/0006245848?sid=101,2차전지,“인구감소·산업쇠퇴 해결위해… 韓스타트업·배터리기업 유치 절실”,도쿠시마가 배터리 산업에 집중하는 이유는 주요 공급망 설비를 갖췄기 때문이다.,호재,2026-03-30 21:16,7.7,사실형,49.9
https://n.news.naver.com/mnews/article/382/0001261975?sid=101,2차전지,고려아연 인터배터리 2026 접수…전략광물 존재감 터졌다,고려아연이 전략광물 분야 경쟁력을 보여주며 전시회에 참가했다.,호재,2026-03-16 16:59,16.8,사실형,96.9
https://n.news.naver.com/mnews/article/366/0001154546?sid=104,IT/반도체,AI 열풍에 돈 몰렸다… 홍콩 IPO 5년 만에 최대,"홍콩 IPO 시장은 5년 만에 최대 규모를 기록하며, 중국 인공지능 열풍에 따른 글로벌 자금 몰림으로 풀이된다.",호재,2026-04-06 13:36,11.7,사실형,75.9
https://n.news.naver.com/mnews/article/374/0000502470?sid=104,IT/반도체,中 AI 투자 열풍…홍콩 IPO 시장 5년래 최대 호황,홍콩 증시의 기업공개(IPO) 시장은 중국 인공지능(AI) 및 기술 기업들의 상장 열풍에 힘입어 5년 만에 최대 규모를 기록했습니다.,호재,2026-04-06 11:13,23.1,추론형,20
https://n.news.naver.com/mnews/article/082/0001374553?sid=102,IT/반도체,"국립부경대·KIST, 생성형 AI로 차세대 반도체 메모리 물질 후보 발굴",국립부경대학교와 KIST가 생성형 AI를 사용하여 차세대 반도체 메모리 물질 후보를 발굴했다.,호재,2026-04-06 13:47,54.7,사실형,96.8
https://n.news.naver.com/mnews/article/366/0001154551?sid=101,IT/반도체,"크레버스, 퓨리오사AI ‘Renegade 2026 서밋’서 AI 자동평가 엔진 ‘허밍...",크레버스가 퓨리오사AI 'Renegade 2026 서밋'에서 AI 교육 서비스를 AI 반도체 환경에서 시연했다.,호재,2026-04-06 13:50,17.4,사실형,99.4
https://n.news.naver.com/mnews/article/015/0005271399?sid=101,IT/반도체,"""32만전자 갈 것""…반도체 대박에 삼성전자 '최대실적 예고'","삼성전자, 역대급 실적 예고에 반도체 가격 급등으로 인해 전사 실적이 끌어올릴 것으로 보인다.",호재,2026-04-06 13:48,22.1,대화형,10.1
https://n.news.naver.com/mnews/article/422/0000850489?sid=101,2차전지,"""10명 중 7명 집에서 충전""…전동 배터리 화재 급증",전동 이동장치 배터리 화재가 실제 인명 피해로 이어질 수 있는 위험으로 지적됩니다.,악재,2026-04-01 16:14,27.5,추론형,50.0
https://n.news.naver.com/mnews/article/016/0002625252?sid=101,제약/바이오,‘천당·지옥 ’ 삼천당제약…결국 블록딜 철회,삼천당제약이 블록딜을 철회한 이유는 투자자 불신을 이유로 한다.,악재,2026-04-06 11:21,24.4,추론형,18.2
https://n.news.naver.com/mnews/article/003/0013869935?sid=102,제약/바이오,중소제약·바이오·AI벤처 '협력 모델' 만든다…행사 개최,한국제약바이오협회가 중소기업기술정보진흥원과 한국혁신의약품컨소시엄과 함께 협력 모델을 만든다.,호재,2026-04-06 13:49,7.6,사실형,87.8
https://n.news.naver.com/mnews/article/023/0003969131?sid=105,IT/반도체,[단독] “엔비디아에 맞설 준비 끝”...MS가 야심차게 내놓은 AI칩 ‘마...,"MS가 개발한 AI칩은 엔비디아에 대한 대안으로 여겨지고 있으며, 한국 반도체에 호재가 되고 있다.",호재,2026-04-06 14:29,34.2,사실형,48.8
https://n.news.naver.com/mnews/article/032/0003438044?sid=101,IT/반도체,"크레버스, 퓨리오사AI ‘Renegade 2026 서밋’서 AI 자동평가 엔진 ‘허밍...",요약 실패,중립,2026-04-06 14:31,26.8,사실형,50.0
https://n.news.naver.com/mnews/article/032/0003438233?sid=101,IT/반도체,"“AI가 ‘센서 안으로’ 들어간다” 고려대 세종캠, 40억 반도체 초대형...",고려대 세종캠퍼스는 '대학 ICT 연구센터' 사업에 선정되어 40억원의 연구비 지원을 받게 된다.,호재,2026-04-07 09:36,52.1,대화형,49.4
https://n.news.naver.com/mnews/article/421/0008874251?sid=101,IT/반도체,'반도체의 힘' 삼성전자 하루에만 6356억 벌었다…연간 200조 돌파,삼성전자가 1분기 영업이익 57조 2000억 원을 기록하며 한국 기업 사상 최초의 분기 영업이익 50조 원 시대를 열었다.,호재,2026-04-07 09:34,37.6,사실형,78.5
https://n.news.naver.com/mnews/article/016/0002625664?sid=101,IT/반도체,변동장 속 ‘반도체 투톱’ 혼합 통했다…‘RISE 삼성전자SK하이닉스채...,KB자산운용의 'RISE 삼성전자SK하이닉스채권혼합50' ETF가 개인 순매수 800억원을 돌파하며 인기를 얻고 있다.,호재,2026-04-07 08:34,12.7,사실형,72.9
https://n.news.naver.com/mnews/article/030/0003415369?sid=101,IT/반도체,"반도체 슈퍼사이클…삼성전자, 1분기 영업이익 '57조' 신기록","삼성전자, 1분기 영업이익 57조원 신기록을 달성하며 반도체 슈퍼사이클에 힘입은 듯하다.",호재,2026-04-07 11:10,25.7,사실형,77.9
https://n.news.naver.com/mnews/article/003/0013895508?sid=102,제약/바이오,"""신약 후보부터 제조까지…제약·바이오 '판' 흔드는 AI",인공지능(AI)이 제약·바이오 산업에서 후보물질 설계부터 정밀 제조까지 신약 개발 전주기를 결정짓는 핵심 변수로 부상했다.,호재,2026-04-19 07:01,18.5,예측형,26.5
https://n.news.naver.com/mnews/article/082/0001376642?sid=101,제약/바이오,[건강기능식품 전성시대] 마음까지 살핀다,"건강기능식품 전성시대가 계속되고 있으며, 수면 보조 시장의 인기 제품으로 홍경천 추출물 제품이 최신화되는 추세다.",호재,2026-04-19 08:01,14.3,예측형,16.6
https://n.news.naver.com/mnews/article/018/0006260793?sid=101,제약/바이오,채비 청약·키움히어로2호스팩 상장[증시캘린더],신한제18호스팩 공모청약이 시작되었습니다.,중립,2026-04-19 09:01,6.5,사실형,93.8
https://n.news.naver.com/mnews/article/001/0016028913?sid=101,제약/바이오,미국 FDA도 인정…희귀의약품 5개 중 1개 '한국산',한국산 희귀의약품이 미국 FDA의 인정으로 시장 독점권과 자금 지원 등 다양한 혜택을 받을 가능성이 높아졌다.,호재,2026-04-19 07:13,36.9,사실형,85.3
https://n.news.naver.com/mnews/article/648/0000046368?sid=101,제약/바이오,"[글로벌 바이오워치]다이이찌산쿄, 2.3조원에 소비자헬스 매각",다이이찌산쿄가 소비자헬스 사업을 2.3조원에 매각한다.,호재,2026-04-19 10:00,30.7,사실형,96.5
https://n.news.naver.com/mnews/article/001/0016028988?sid=105,제약/바이오,미국서 암 정복의 미래 제시하는 K-바이오…AACR 2026 대거 참가,삼성바이오에피스와 셀트리온 등 대기업과 함께 K-바이오가 미국서 암 정복의 미래를 제시한다.,호재,2026-04-19 09:14,54.2,사실형,99.2
https://n.news.naver.com/mnews/article/011/0004612156?sid=105,제약/바이오,"美 희귀의약품, 이달 5개 중 1개꼴 ‘한국산’ 지정",미국 FDA에서 한국산 희귀의약품을 5개 중 1개로 지정해 기업 입장에서는 기회가 열리는 것으로 보인다.,호재,2026-04-19 11:14,38.1,사실형,93.2
https://n.news.naver.com/mnews/article/001/0016029059?sid=101,제약/바이오,"[인터뷰] 한미약품 R&amp;D센터장 ""다양한 모달리티 융합해 항암 R&amp;D 고도화...","한미약품 R&amp;D센터장 최인영, 항암·비만 치료제 개발 성과 밝힘",호재,2026-04-19 10:20,34.9,추론형,0.0
https://n.news.naver.com/mnews/article/014/0005509794?sid=103,제약/바이오,"""美FDA 지정 희귀약품 14개중 3개는 한국산""",한국산 약품 3개가 미국 FDA에서 희귀약품으로 지정되면서 한국의 바이오 경쟁력이 높아졌다.,호재,2026-04-19 14:02,53.6,사실형,57.7
https://n.news.naver.com/mnews/article/030/0003419172?sid=102,제약/바이오,"피칭 무대서 통했다…가천대 이뮤노포지, BBB 기술로 노보 무대 최종 1위",가천대 이뮤노포지가 노보 무대에서 최종 1위를 차지했다.,호재,2026-04-19 11:51,16.3,사실형,34.1
https://n.news.naver.com/mnews/article/421/0008892900?sid=104,IT/반도체,"머스크 ""인공지능 칩 AI5 설계 완료…삼성전자 지원에 감사""","테슬라의 차세대 인공지능 칩 AI5 설계가 완료되었으며, 삼성전자와의 협력에 감사함을 표했다.",호재,2026-04-16 09:22,24.7,사실형,60.8
https://n.news.naver.com/mnews/article/119/0003081191?sid=104,IT/반도체,"머스크 ""AI5 설계 완료...삼성전자 땡큐""",테슬라 머스크가 AI5 설계 완료를 축하하며 삼성전자에 감사 표명,호재,2026-04-16 09:20,10.1,사실형,90.2
https://n.news.naver.com/mnews/article/648/0000046299?sid=101,제약/바이오,"릴리·노보, 비만치료제 열풍에 국내 매출 '수직 상승'",릴리와 노보의 국내 매출이 비만치료제 열풍에 힘입어 급격히 증가했다.,호재,2026-04-16 07:10,34.1,사실형,77.5
https://n.news.naver.com/mnews/article/003/0013890823?sid=101,제약/바이오,삼천당 쇼크에 흔들린 바이오株…AACR 계기 주가 반등할까,삼천당 쇼크로 바이오株가 흔들리지만 미국암연구학회(AACR)가 열리는 계기로 주가가 반등할 가능성이 있다.,호재,2026-04-16 09:58,41.7,사실형,54.0
https://n.news.naver.com/mnews/article/021/0002785101?sid=101,IT/플랫폼,매장직서 ‘뷰티컨설턴트’로 변신… 사내 공모 통해 커리어 전환 기회...,CJ 올리브영이 사내 공모 제도 '잡 포스팅'을 통해 화장·피부관리 전문직원으로 전환하는 기회를 제공하고 있다.,호재,2026-04-16 09:28,47.1,사실형,66.4
https://n.news.naver.com/mnews/article/021/0002785102?sid=101,IT/플랫폼,‘에이블스쿨’서 AI 현장실무교육… 취업 후 “경력직 같은 신입” 평...,"KT 에이블스쿨은 청년 일자리 창출을 위해 취업준비생을 대상으로 AI 인재를 양성하고 있으며, 3900명 이상의 학생이 수료하여 취업했다.",호재,2026-04-16 09:28,70.3,사실형,48.7
https://n.news.naver.com/mnews/article/138/0002224693?sid=105,IT/플랫폼,"[미토스 충격①] AI가 취약점 찾고 공격까지…정부·산업계, ‘보안 대전...",AI 모델 '미토스'가 취약점 탐지를 넘어 공격까지 가능해지면서 사이버 보안의 판도가 뒤바뀌고 있다.,호재,2026-04-16 11:13,26.1,사실형,72.3
https://n.news.naver.com/mnews/article/011/0004611323?sid=101,IT/플랫폼,AI 해커 공포·엔비디아 지원사격에 양자주 연이틀 ‘무더기 상한가’ ...,양자 및 보안 관련주가 이틀 연속 상한가를 기록하며 기존 암호 체계를 무력화할 수 있는 고성능 AI 위협에 맞설 대안으로 양자 기술이 부각된다.,호재,2026-04-16 10:24,19.7,사실형,78.3
https://n.news.naver.com/mnews/article/629/0000491936?sid=101,IT/플랫폼,"K-콘텐츠주, 韓증시 반등에도 '나 홀로 부진'…저평가 늪 빠졌나",콘텐츠주들은 한국거래소에 따르면 7.38% 하락하며 한국 증시 반등에도 저평가 늪에 빠졌다고 전망된다.,악재,2026-04-16 11:08,22.7,사실형,59.3
https://n.news.naver.com/mnews/article/037/0000038012?sid=101,자동차/모빌리티,하이브리드 라인업 확대한 현대차,현대차가 2026 뉴욕 국제 오토쇼에서 하이브리드 라인업을 확대하는 움직임을 보였다.,호재,2026-04-17 07:02,21.0,사실형,74.0
https://n.news.naver.com/mnews/article/031/0001022831?sid=101,자동차/모빌리티,[EV 100만]③'메이드 인 차이나'의 공습⋯테슬라·BYD 점유율 급등,테슬라와 BYD가 국내 전기차 시장에서 점유율을 급등시키며 '메이드 인 차이나'의 공습을 맞이했다.,호재,2026-04-17 07:38,29.6,사실형,70.9
https://n.news.naver.com/mnews/article/003/0013893014?sid=101,자동차/모빌리티,올해 1분기 친환경차 수출 26만대로 '역대 최대'…유가 급등에 수요 급...,"올해 1분기 친환경차 수출량이 역대 최대치를 기록하며, 중동 전쟁 여파로 국제 유가가 급등하면서 연비 효율이 높은 차량 수요가 빠르게 확대된 것으로 풀이된다.",호재,2026-04-17 07:00,9.0,사실형,83.7
https://n.news.naver.com/mnews/article/005/0001843733?sid=103,자동차/모빌리티,"‘대륙의 테슬라’ 지커, 중형 SUV ‘7X’ 앞세워 한국 상륙 초읽기",중국 프리미엄 전기차 브랜드 지커가 한국 진출 초읽기에 들어간다.,호재,2026-04-17 00:20,37.2,사실형,72.2
https://n.news.naver.com/mnews/article/293/0000082865?sid=101,자동차/모빌리티,"현대차, 'SDV 자산화' 움직임 활발...상각비 45% 증가","현대차가 SDV 전환 과정에서 관련 자산을 빠르게 늘리고 있는 것으로 나타났으며, 상각중인 개발비가 45% 증가했다.",호재,2026-04-16 10:55,40.2,사실형,70.0
https://n.news.naver.com/mnews/article/015/0005276003?sid=101,자동차/모빌리티,"피지컬AI 힘싣는 HYUND'AI'…아틀라스, 그룹주 들어올렸다",현대차가 로봇 및 자율주행 기술 개발에 대한 기대감이 커져서 주가가 5.12% 상승했다.,호재,2026-04-16 18:11,32.5,사실형,83.5
https://n.news.naver.com/mnews/article/119/0003081452?sid=101,자동차/모빌리티,"테슬라, 정부와 'EV 주도권' 힘겨루기?…500만원 '기습 인상' 속내",테슬라가 한국 시장 판매가를 끌어올려 이목이 쏠린다. 정부가 전기차 보조금 지급 기준을 손질하겠다고 나선 시점에 테슬라는 높아진 브랜드 충성도를 바탕으로 가격 방어에 나선 모양새다.,호재,2026-04-16 15:11,21.2,사실형,62.3
https://n.news.naver.com/mnews/article/009/0005661050?sid=103,자동차/모빌리티,"“현대차·기아, 포르쉐와 ‘진짜 동급’ 됐다”…한국보다 해외서 더 ...","현대차그룹의 고성능 전기차가 세계 각국에서 호평을 받으며 포르쉐, 아우디 등과 동급이 되었다.",호재,2026-04-05 09:01,24.0,사실형,67.86668892535899
https://n.news.naver.com/mnews/article/014/0005502459?sid=101,자동차/모빌리티,"""안 비싼데 정통 스포츠카""..현대차, 고성능차 시장 판 뒤집었다",현대차그룹이 월드카 어워즈 고성능차 부문에서 수상하여 고성능차 시장 판도를 바꾸고 있다.,호재,2026-04-05 09:01,36.4,사실형,70.16002063839031
https://n.news.naver.com/mnews/article/023/0003968932?sid=101,자동차/모빌리티,"현대차·기아, 월드카 어워즈 고성능차 3연패...고성능차 시장 지각 변동...","현대차그룹의 아이오닉 6 N이 월드카 어워즈에서 '세계 올해의 고성능 자동차'로 선정되면서, 고성능차 시장의 중심축이 내연기관차에서 친환경차로 이동하는 흐름이 뚜렷해지고 있다.",호재,2026-04-05 15:04,20.6,사실형,79.35404479503632
https://n.news.naver.com/mnews/article/018/0006250522?sid=103,자동차/모빌리티,"테슬라, 수입차 왕좌 굳히나…고유가 시대 전기차 관심집중","테슬라가 3년간 지킨 BMW를 꺾고 1위를 차지했으며, 전기차 비중은 38%로 급증 중이다.",호재,2026-04-05 16:07,38.1,사실형,93.55966858565807
https://n.news.naver.com/mnews/article/031/0001019680?sid=101,자동차/모빌리티,"포르쉐 제치고 탈환⋯현대차 아이오닉 6 N, 세계 최고 고성능차 선정",현대차그룹의 아이오닉 6 N이 월드카 어워즈 고성능 자동차 부문에서 포르쉐를 제치고 수상했다.,호재,2026-04-05 09:01,33.0,사실형,69.73126508295536
https://n.news.naver.com/mnews/article/014/0005502662?sid=101,자동차/모빌리티,"""까다로운 도로서 스포츠카처럼 달린다""... 올해의 고성능차 '현대차 아...",현대차그룹이 월드카 어워즈에서 고성능차 부문에서 수상하며 고성능차 시장의 경쟁구도를 바꾸고 있다.,호재,2026-04-05 18:38,28.1,사실형,61.7113304627128
https://n.news.naver.com/mnews/article/001/0016002814?sid=101,자동차/모빌리티,"기아, '판매 주춤' 유럽시장 EV2로 정조준…외신 호평 잇달아",기아가 유럽시장에서 판매를 끌어 올리기 위해 소형 전기차 EV2를 내세우고 있다.,호재,2026-04-05 09:32,22.3,사실형,60.18140204967215
https://n.news.naver.com/mnews/article/374/0000502321?sid=101,자동차/모빌리티,"현대차 아이오닉 6N, 월드카 어워즈 수상…고성능 시장 주도권",현대차의 고성능 전기 세단 아이오닉 6N이 2026 월드카 어워즈에서 '세계 올해의 고성능 자동차 부문'을 수상했습니다.,호재,2026-04-05 09:00,41.0,추론형,20
https://n.news.naver.com/mnews/article/011/0004607181?sid=101,자동차/모빌리티,"현대차, ‘월드카 어워즈’ 고성능차 선정","현대차의 고성능 전기차 아이오닉 6 N이 '세계 올해의 고성능 자동차'로 선정되며, 시장의 이목을 끌고 있다.",호재,2026-04-05 15:38,20.2,사실형,76.32299649218717
https://n.news.naver.com/mnews/article/469/0000923255?sid=101,자동차/모빌리티,현대차·기아 하이브리드의 힘! 미국서 역대 최고 1분기 기록,현대차와 기아가 미국에서 1분기 판매 신기록을 작성했다. 하이브리드와 SUV가 실적을 이끌었다.,호재,2026-04-02 16:19,12.6,사실형,91.82124094051474
https://n.news.naver.com/mnews/article/008/0005338101?sid=101,자동차/모빌리티,"""전기차 새로 사면 충전비 확 낮아집니다""…현대차그룹 '웰컴 199원' 프로...",현대차그룹은 신규 전기차 구매 고객의 충전 요금 부담을 대폭 낮추는 '웰컴 199원' 프로모션을 시작한다.,호재,2026-04-01 09:45,21.3,사실형,96.7780202627182
https://n.news.naver.com/mnews/article/022/0004118490?sid=101,IT/반도체,삼성전자 반도체 영업익 2025년의 40배,"삼성전자 반도체 영업익 2025년의 40배로 예상되며, 7일 1분기 잠정실적 발표에 앞서 반도체 사업의 호황이 전사 실적을 끌어올린 것으로 전망된다.",호재,2026-04-06 06:02,48.9,사실형,54.1
https://n.news.naver.com/mnews/article/003/0013869099?sid=101,IT/반도체,반도체 '투톱' 상승…'19만전자' 회복[핫스탁],"삼성전자와 SK하이닉스가 반도체 '투톱'으로 강세를 보이며, 삼성전자는 창사 이래 처음으로 분기 영업이익 20조원을 돌파했다.",호재,2026-04-06 10:02,27.4,사실형,87.4
https://n.news.naver.com/mnews/article/020/0003709899?sid=101,IT/반도체,"삼성家 ‘12조 상속세’ 이달 완납… 이재용, 반도체-AI 공격투자 주목",삼성 오너 일가가 고 이건희 선대회장으로부터 물려받은 유산에 대한 상속세 12조 원 납부 절차를 이달 마무리할 예정이다.,호재,2026-04-06 00:31,25.7,사실형,76.5
https://n.news.naver.com/mnews/article/421/0008874327?sid=101,IT/반도체,"분기 50조 벽 깬 韓 최초 기업…삼성전자, AI 반도체로 새 역사","삼성전자가 올해 1분기 매출액 133조원, 영업이익 57조2000억원으로 기록했다.",호재,2026-04-07 09:54,15.7,사실형,98.3
https://n.news.naver.com/mnews/article/031/0001019835?sid=102,IT/반도체,"빛으로 연산하는 반도체, 충남이 잡는다…아산에 AI 광반도체 생태계 조...",충남도는 산업부 주관 '인공지능(AI) 광반도체 핵심부품 제조 기반 구축' 공모에 선정되어 아산시에 차세대 AI 반도체 산업 생태계를 조성할 계획입니다.,호재,2026-04-06 11:13,73.8,사실형,39.0
https://n.news.naver.com/mnews/article/081/0003633011?sid=101,IT/반도체,아산시 “반도체 메카로 도약”…‘AI 광반도체 핵심부품 제조’ 최종 ...,아산시는 산업통상자원부 주관 'AI지원 광반도체 핵심 부품 제조 기반구축' 공모사업에 최종 선정되어 광반도체 기술 확보를 위해 143억원을 투입할 계획이다.,호재,2026-04-07 09:46,47.6,사실형,51.9
https://n.news.naver.com/mnews/article/243/0000095749?sid=101,IT/반도체,공매도 몰린 종목부터 흔들렸다…자동차·반도체 ‘직격탄’,한미반도체가 공매도의 집중 타깃이 됐다.,악재,2026-04-05 09:00,12.4,사실형,98.3
https://n.news.naver.com/mnews/article/029/0003019962?sid=105,IT/반도체,"AI전략위, 미스트랄AI CEO와 면담",AI전략위는 한국 AI 반도체 기술과 미스트랄AI 모델의 결합으로 풀스택 AI 경쟁력을 높일 수 있다는 기대감을 표시했다.,호재,2026-04-05 14:19,37.4,추론형,19
https://n.news.naver.com/mnews/article/422/0000851645?sid=101,IT/반도체,삼성가 '12조 상속세' 이달 마침표…반도체·AI 투자 속도 낼까,삼성 오너 일가가 고 이건희 선대회장으로부터 물려받은 26조원 유산에 대한 약 12조원 규모의 상속세 납부를 이달 마무리합니다.,호재,2026-04-05 09:28,54.6,추론형,19.2
https://n.news.naver.com/mnews/article/001/0016002812?sid=105,IT/반도체,[AI위클리] 도구 넘어 '주체'로…생성형 이어 '에이전틱 AI' 시대,"과학기술정보통신부, 에이전틱 AI 생태계 조성 민·관 협력체를 결성하고 에이전틱 AI 기반 인프라 운영 서비스를 출시했다.",호재,2026-04-05 09:30,24.1,사실형,71.17069313923517
https://n.news.naver.com/mnews/article/014/0005502444?sid=101,IT/반도체,"""AI 다음은 네트워크""…광통신株, ‘마지막 퍼즐’로 급부상",광통신 기술이 AI 성능 구현의 마지막 퍼즐로 평가받는 영역으로 인식되어 주식 시장에 큰 관심을 끌고 있다.,호재,2026-04-05 06:01,28.6,사실형,79.05122843881448
https://n.news.naver.com/mnews/article/001/0016002691?sid=102,IT/반도체,[대학 AI부트캠프] ①기업과 손잡고 'AI 인재' 양성 속도전,"교육부는 40개 대학을 선정하여 'AI 부트캠프' 사업을 진행할 예정이다. 이 사업은 5년간 14억2천500만원의 재정 지원을 받고, 연간 100명 이상의 인재를 양성할 예정이다.",호재,2026-04-05 07:00,39.6,사실형,76.05544403195381
https://n.news.naver.com/mnews/article/018/0006250480?sid=101,IT/반도체,"삼성·LG전자, 1분기 성적표 공개...반도체 역대급 실적 낸다","삼성전자와 LG전자가 1분기 잠정실적을 발표하며, 삼성전자는 반도체 슈퍼사이클에 힘입어 사상 최대 실적을 달성했다.",호재,2026-04-05 14:25,30.2,사실형,83.39373680452505
https://n.news.naver.com/mnews/article/001/0016002737?sid=105,IT/반도체,소버린 AI 한계론 확산…한국 'AI 바우처' 재조명,"소버린 AI 한계론이 확산되고 있으며, 한국형 AI 바우처는 투자와 도입을 동시에 견인하는 효과가 있다고 평가되고 있습니다.",호재,2026-04-05 07:55,30.5,사실형,55.73609210550785
https://n.news.naver.com/mnews/article/014/0005502549?sid=105,IT/반도체,1천조 AI인프라 경쟁 점화...AI '경쟁의 축' 인프라로 전환[스페셜리포트...,"빅테크 기업들이 최대 1000조원 규모의 AI 투자 계획을 내놨고, 인프라 구축에 집중하고 있다.",호재,2026-04-05 14:09,30.9,사실형,68.21482552137846
https://n.news.naver.com/mnews/article/014/0005502627?sid=105,IT/반도체,AI 주도권 좌우할 ‘인프라’… 빅테크 1000조 투자경쟁 점화 [이구순의...,글로벌 빅테크 기업들이 사상 최대 규모의 인공지능(AI) 투자 계획을 내놓고 있다.,호재,2026-04-05 18:19,29.3,사실형,68.37434708787542
https://n.news.naver.com/mnews/article/008/0005339975?sid=101,IT/반도체,RFHIC 신고가 울린 이 리포트…게임 체험·반도체 탐방도 눈길,"RFHIC의 주가가 2028년까지 가파른 상승세를 보일 것으로 전망되며, 방산·통신 부문에서 대형 수주 가능성이 높아진다.",호재,2026-04-05 17:43,17.2,예측형,10.5
https://n.news.naver.com/mnews/article/008/0005339973?sid=101,IT/반도체,'기본 단위가 수백억'…반도체 스타트업들 벤처투자 시장 훈풍 주도,반도체 스타트업들의 대규모 투자유치 소식이 눈길을 끌었다.,호재,2026-04-05 17:30,23.8,사실형,96.25011899254538
https://n.news.naver.com/mnews/article/029/0003020025?sid=105,IT/반도체,"NPU 활용 나선 IT서비스업계…""AI인프라 효율화""","삼성SDS는 7월에 클라우드 NPU 서비스(NPUaaS)를 출시할 예정이며, 이는 국내 클라우드 서비스 제공사 중 최초로 상품화된다.",호재,2026-04-05 17:22,26.0,사실형,73.38061610857646
https://n.news.naver.com/mnews/article/015/0005271070?sid=101,IT/반도체,"불안한 장에도…퇴직연금, 반도체ETF 담았다",미국과 이란 전쟁 등 대외 불확실성에도 불구하고 반도체와 코스피지수 관련 ETF가 퇴직연금 계좌에서 가장 많이 매수된 것으로 나타났다.,호재,2026-04-05 17:35,38.4,사실형,85.4219794846498
https://n.news.naver.com/mnews/article/008/0005339814?sid=101,IT/반도체,"중국 반도체 자립의 핵심 열쇠, SMIC[차이나는 중국]","중국 반도체 기업 SMIC는 2030년까지 반도체 자급률 80%를 목표로 하며, 중국 정부가 반도체를 전략적 우선순위로 채택하고 있다.",호재,2026-04-05 04:00,32.0,예측형,10.6
https://n.news.naver.com/mnews/article/018/0006250392?sid=105,IT/반도체,레노버 휴대용 게이밍 PC 650달러 인상…AI發 메모리 수급 재편 영향,레노버가 휴대용 게이밍 PC 가격을 650달러 인상한데 이어 메모리 수급 구조가 재편되면서 PC 가격이 급등하고 있다.,호재,2026-04-05 10:22,22.3,사실형,69.35367348293462
https://n.news.naver.com/mnews/article/030/0003414595?sid=105,IT/반도체,"성남산업진흥원, ICT 융합 협의회 가동…반도체·AI 경쟁력 강화",성남산업진흥원은 반도체와 인공지능(AI) 분야 전문가 협의체를 가동하여 성남시 전략산업 경쟁력 강화에 나섰다.,호재,2026-04-05 01:01,25.5,사실형,71.44604662263934
https://n.news.naver.com/mnews/article/421/0008865054?sid=101,2차전지,"""AI시대 ESS 필수"" 2차전지株 일제히 강세 [핫종목]",AI시대에 에너지저장장치(Ess) 기술이 주목받으면서 2차전지주가 강세다.,호재,2026-04-02 09:42,22.4,사실형,80.68378281313926
https://n.news.naver.com/mnews/article/032/0003433577?sid=101,2차전지,"‘인터배터리 2026 성료’에 탄력받았나…K배터리, 잇단 수주 소식",삼성SDI가 미국 에너지 전문업체와 1조5000억원 규모의 ESS용 배터리 공급 계약을 체결했다.,호재,2026-03-16 16:03,25.1,사실형,81.1701987596119
https://n.news.naver.com/mnews/article/003/0013867566?sid=102,제약/바이오,"""대표이사님 새로 오신다""…제약사의 봄은 '변화의 계절'",제약바이오 기업의 대표이사가 대거 교체되며 전문경영인 체제 강화 및 글로벌 사업 가속화가 새 인물 선임의 주요 배경으로 작용했다.,호재,2026-04-05 06:01,40.9,사실형,79.89015355706215
https://n.news.naver.com/mnews/article/015/0005271119?sid=105,제약/바이오,'41조' 역대급 잭팟 터졌다…K바이오 '대반전' 쓴 비결,K바이오의 꾸준한 연구 개발 투자가 이익 증가로 이어지는 단계로 접어들었다는 분석이 나왔다.,호재,2026-04-05 18:08,25.4,사실형,79.91193352561248
https://n.news.naver.com/mnews/article/346/0000107493?sid=103,제약/바이오,"‘매출 1兆 이상’ 제약·바이오기업, 연구에는 얼마나 썼나 보니","제약·바이오기업 9곳의 평균 연구·개발비가 약 2100억원에 달하며, 셀트리온이 가장 많은 금액을 투자한 것으로 확인됐다.",호재,2026-04-05 14:08,41.5,사실형,58.78846080042421
https://n.news.naver.com/mnews/article/014/0005502580?sid=105,제약/바이오,"경구용 비만치료제 시대 본격화, K제약바이오 '중장기' 승부",국내 제약바이오 기업들이 글로벌 빅파마들과 경쟁하며 중장기 승부수를 던지고 있다.,호재,2026-04-05 15:11,48.6,예측형,41.47071766472602
https://n.news.naver.com/mnews/article/009/0005661239?sid=105,제약/바이오,의약품 관세 또 꺼낸 트럼프…삼성바이오로직스 '이상 무',"삼성바이오로직스는 미국의 관세 정책으로 인해 영향을 받는 것으로 보이지 않으며, 글로벌 제약사와의 위탁개발생산 계약으로 인해 관세 적용이 고객사 단계에서 이뤄질 것이라는 분석이다.",호재,2026-04-05 17:47,25.4,사실형,77.39767620668691
https://n.news.naver.com/mnews/article/015/0005271026?sid=101,제약/바이오,'임상 실패'에 급락했는데…상위 1% 초고수들은 쓸어 담았다,임상 실패로 급락한 한올바이오파마와 삼천당제약에 대해 상위 1% 초고수들은 저가 매수로 시세 차익을 노리며 순매수했다.,호재,2026-04-05 15:58,17.5,사실형,80.46052666114909
https://n.news.naver.com/mnews/article/014/0005502650?sid=103,제약/바이오,'먹는 비만약' 세대교체 국내제약사도 참전,"국내 제약사들은 글로벌 빅파마들과 경쟁하는 중이다. 종근당, 일동제약, 셀트리온 등이 초기 임상 단계에서 기술력을 선보이며 중장기 승부수를 던지고 있다.",호재,2026-04-05 18:32,55.0,예측형,42.868302425813454
https://n.news.naver.com/mnews/article/009/0005661238?sid=105,제약/바이오,"K바이오, 중국 CRO타면 임상 70% 빨라져요",장팡닝 맥킨지 파트너는 중국의 부상이 한국 바이오 기업들에게 전략적 기회로 삼아야 한다고 제언했다.,호재,2026-04-05 17:47,63.3,사실형,70.03262295172765
https://n.news.naver.com/mnews/article/011/0004607220?sid=105,제약/바이오,코오롱생명과학·아리바이오·마크로젠…제약바이오 CEO 줄교체,제약바이오 기업들이 전문경영인 체제를 강화하고 글로벌 사업을 가속화하기 위해 대표이사를 대거 교체했다.,호재,2026-04-05 17:22,54.0,사실형,69.61798793994464
https://n.news.naver.com/mnews/article/015/0005271074?sid=101,제약/바이오,한올바이오·삼천당제약…저가 매수 나선 고수들,부자들이 한올바이오와 삼천당제약을 저가 매수로 사들인 것으로 나타났다.,호재,2026-04-05 17:37,12.2,사실형,82.47076123952866
https://n.news.naver.com/mnews/article/648/0000045983?sid=101,제약/바이오,[글로벌 바이오워치]임상서 효과 확인…판 커진 '인비보 CAR-T',"인비보 CAR-T 치료제 'ESO-T01'은 초기 임상에서 긍정적인 성과를 거두며, 환자의 몸 안에서 직접 항암 면역세포를 만들어내는 차세대 세포 치료 기술로 급부상하고 있다.",호재,2026-04-05 10:00,59.3,사실형,55.00432224838402
https://n.news.naver.com/mnews/article/020/0003707884?sid=101,제약/바이오,"삼성바이오, 창사 이래 첫 파업 위기…파업 투표 95%로 가결","삼성바이오로직스의 노동조합이 파업 찬반투표에서 95% 이상의 찬성률을 얻어 파업이 현실화하고, 이는 글로벌 수주 경쟁력에 타격을 줄 수 있다.",호재,2026-03-29 20:16,17.9,사실형,65.81553190946579
https://n.news.naver.com/mnews/article/029/0003020023?sid=105,제약/바이오,삼성바이오 파업 위기…‘무노조’ 셀트리온도 예의주시,"삼성바이오로직스 노조가 파업을 계획하고 있는 가운데, 셀트리온도 예의주시하고 있다. 노조는 성과급 상한폐지와 임금 인상, 자사주 배정 등 요구하고 있으며, 사측은 쟁의행위 금지 가처분신청을 법원에 냈다.",호재,2026-04-05 17:11,24.1,사실형,72.9298149002716
https://n.news.naver.com/mnews/article/003/0013855650?sid=101,제약/바이오,"K바이오, 동남아 공공조달 진출 추진…싱가포르 정부와 협력","K바이오산업은 동남아시아 공공조달 부문으로 시장 확대를 추진하고, 산업부와 대한무역투자진흥공사(COFTA)가 싱가포르 정부와 협력하고 있습니다.",호재,2026-03-31 06:00,19.4,사실형,70.60626172102414
https://n.news.naver.com/mnews/article/421/0008864160?sid=103,제약/바이오,"제약바이오협회, 캐나다 국제통상부 장관 초청해 간담회…협력 약속",한국제약바이오협회는 한-캐나다 제약바이오산업 국제 협력 간담회를 열고 양국 간 실질적인 협력을 모색했다.,호재,2026-04-01 16:52,24.5,사실형,64.16850415989757
https://n.news.naver.com/mnews/article/008/0005338467?sid=101,제약/바이오,"제약바이오협, 한-캐나다 제약바이오 협력 간담회 개최",한국제약바이오협회가 캐나다 국제통상부 장관 초청으로 '한-캐나다 제약바이오산업 국제 협력 간담회'를 개최했다.,호재,2026-04-01 16:28,27.2,사실형,55.96396364271641
https://n.news.naver.com/mnews/article/028/0002798715?sid=103,제약/바이오,"[제약바이오 소식] 한국아스트라제네카, 오하드 골드버그 신임 대표이사...",한국아스트라제네카 신임 대표이사로 오하드 골드버그가 선임되었습니다.,호재,2026-04-01 16:04,56.0,예측형,39.5324489645039
https://n.news.naver.com/mnews/article/003/0013849010?sid=102,제약/바이오,"'제네릭 약가' 53.55%→45%로…제약사들 ""암담하다""",제약업계는 제네릭 약가가 오리지널 의약품의 45%로 조정된 것에 대해 타격을 받을 것이라고 우려했다.,악재,2026-03-26 18:33,67.6,사실형,58.554317979988724
https://n.news.naver.com/mnews/article/079/0004131721?sid=101,제약/바이오,"제약바이오협회, 한-캐나다 제약바이오 협력 간담회 개최",한국제약바이오협회가 한-캐나다 제약바이오산업 국제 협력 간담회를 개최하여 양국 간 협력 확대 방안을 논의했다.,호재,2026-04-01 16:17,36.6,사실형,44.96313646581257
https://n.news.naver.com/mnews/article/277/0005745084?sid=101,방산/우주항공,총도 미사일도 아니다…K방산 다음 투자처는? [주末머니],"K방산의 다음 수출 품목은 위성이 될 것이라 관측되며, 투자자들이 주목해야할 최선호주로는 쎄트렉아이, 차선호주로는 한화시스템과 인텔리안테크가 꼽혔다.",호재,2026-04-05 09:52,18.4,사실형,82.15381161176732
https://m.entertain.naver.com/article/079/0004131860,엔터/미디어,"NCT, SM의 기획력 축적된 브랜드이자 플랫폼[파고들기]","NCT의 핵심은 '확장 가능한 아이돌 아키텍처'이며, SM이 아이돌 그룹을 플랫폼으로 설계하려 한다는 점을 강조했다.",호재,2026-04-02 05:01,14.4,예측형,11.0
https://n.news.naver.com/mnews/article/011/0004389776?sid=101,엔터/미디어,BTS 넘보는 K팝 장르로 떠오른 버추얼 아이돌…대형 엔터사도 사활 걸었...,버추얼 아이돌 시장은 2021년부터 연평균 35.6% 성장하여 2028년엔 28조 이상 시장으로 성장할 것으로 전망된다.,호재,2024-09-08 13:46,68.4,사실형,68.3
https://n.news.naver.com/mnews/article/016/0002605752?sid=103,엔터/미디어,위축된 K-팝 터전 日? 오리콘 결산 톱10 그룹은 단 한 팀,"오리콘 차트 톱10에서 단 한 팀인 스트레이 키즈가 K-팝 그룹으로 6위에 올랐으며, K-팝 수출 시장에서의 일본 점유율은 사상 처음으로 30% 아래로 떨어졌다.",호재,2026-02-26 15:22,35.9,사실형,68.2
https://m.entertain.naver.com/article/241/0003494128,엔터/미디어,"소속사와 아이돌, 생존을 건 슬픈 투쟁… 판례로 보는 엔터 산업 구조의...",소속사와 아이돌의 생존을 위한 투쟁은 엔터테인먼트 산업의 구조적 슬픔에由来한다.,호재,2026-02-13 06:03,21.7,예측형,49.5
https://m.sports.naver.com/esports/article/347/0000192108,엔터/미디어,"[프리뷰] 3매치와 SM엔터 아이돌의 만남, 카카오게임즈 '슴미니즈'",SM엔터테인먼트가 제공하는 IP를 기반으로 한 게임 'SMiniz'가 2026년 2월 25일 글로벌 시장에서 동시 출시를 준비중이다.,호재,2026-02-23 18:00,17.2,사실형,43.0
https://m.entertain.naver.com/article/112/0003786457,엔터/미디어,"[엔터, 지금?]진화한 K팝, 멈춘 힙합‥‘쇼미12’의 딜레마",K팝은 글로벌 문화 산업으로 확장되면서 버추얼 아이돌까지 등장했다.,호재,2026-01-21 16:50,17.7,사실형,80.4
https://n.news.naver.com/mnews/article/011/0004611883?sid=101,2차전지,ESS 수요 확대에 실적개선 훈풍…연초 이후 수익률 32% ‘고공행진’ [E...,삼성SDI가 ESS용 각형 배터리 공급 계약을 체결해 투자 기대감을 높였다.,호재,2026-04-17 17:31,13.3,사실형,45.4
https://n.news.naver.com/mnews/article/009/0005668151?sid=105,IT/반도체,작업시간 3달마다 두 배 … 'AI판 무어의 법칙' 뜬다,AI 에이전트가 수행할 수 있는 작업 범위가 수개월 단위로 두 배씩 증가하는 'AI판 무어의 법칙'이 주목받고 있다.,호재,2026-04-19 17:40,22.0,사실형,84.9
https://n.news.naver.com/mnews/article/117/0004056118?sid=102,제약/바이오,"삼성바이오로직스, AACR 첫 참가…CRDMO 역량 소개",삼성바이오로직스는 미국암연구학회(AACR)에 참가해 위탁연구개발생산(CRDMO) 역량을 소개했다.,호재,2026-04-20 14:26,23.6,사실형,61.9
https://n.news.naver.com/mnews/article/417/0001139767?sid=101,제약/바이오,"삼성바이오, 미국암연구학회 첫 참가…CRDMO 역량 소개 방점",삼성바이오로직스는 미국암연구학회(AACR)에서 CRDMO 역량을 소개하고 고객사와의 접점을 늘린다.,호재,2026-04-20 14:38,38.8,사실형,57.9
https://n.news.naver.com/mnews/article/008/0005346558?sid=101,제약/바이오,"올릭스, 갤럭스와 AI 기반 siRNA 전달 플랫폼 공동개발 MOU 체결",올릭스와 갤럭스가 AI 기반 siRNA 전달 플랫폼 공동개발을 위한 MOU를 체결했다.,호재,2026-04-20 14:21,25.2,예측형,36.9
https://n.news.naver.com/mnews/article/020/0003713752?sid=101,제약/바이오,"삼성바이오로직스, 미국암연구학회 참가… CRDMO 경쟁력으로 글로벌 고...",삼성바이오로직스는 미국암연구학회(AACR)에 참가해 CRDMO 경쟁력으로 글로벌 시장에 진출했다.,호재,2026-04-20 14:17,40.2,대화형,44.0
https://n.news.naver.com/mnews/article/022/0004122230?sid=101,제약/바이오,36조 시장 열린다…美 첫 환자 투여 ‘ADC 항암 신약 전쟁’ 본격화,국내 제약사들이 글로벌 항암제 시장을 뒤흔들 36조원 규모 경쟁에 본격적으로 발을 내딛었다.,호재,2026-04-20 15:14,24.8,예측형,36.4
https://n.news.naver.com/mnews/article/029/0003022599?sid=105,제약/바이오,"삼성바이오, 세계 최대 암학회 AACR 참가…CRO·CDO 기술력 알려","삼성바이오로직스가 세계 최대 암학회 AACR에 참가해 CRO·CDO 기술력을 알렸으며, 초기 개발 단계에 있는 고객 확보에 적극 나섰다.",호재,2026-04-20 13:33,37.0,사실형,64.6
https://n.news.naver.com/mnews/article/030/0003419633?sid=110,제약/바이오,[ET시론]바이오AI 강국을 위한 인공지능의 '4하 원칙',인공지능이 단백질 구조를 계산하는 난제를 해결하여 생명의 작동 원리를 이해하는 데 중요한 성과를 이루었다.,호재,2026-04-20 16:01,49.7,사실형,53.0
https://n.news.naver.com/mnews/article/015/0005277089?sid=105,제약/바이오,"올릭스, 갤럭스와 손잡고 인공지능(AI) 기반 siRNA 신약개발 나서",올릭스와 갤럭스는 인공지능(AI) 기반 차세대 siRNA 전달 플랫폼 공동개발을 위한 양해각서를 체결했다.,호재,2026-04-20 14:59,34.8,사실형,41.1
https://n.news.naver.com/mnews/article/421/0008899723?sid=103,제약/바이오,"현대바이오, '전립선암 병용 임상' 식약처 승인…""가짜 내성 정복""","현대바이오의 전립선암 병용 임상시험계획이 식약처로부터 승인받아, 혁신적 패러다임에 따라 약효 감소 현상의 원인을 재평가하게 되었다.",호재,2026-04-20 12:04,47.9,사실형,43.4
https://n.news.naver.com/mnews/article/018/0006261731?sid=101,제약/바이오,"삼성바이오로직스, 글로벌 최대 암 학회서 'CRDMO' 사업 경쟁력 발표",삼성바이오로직스는 글로벌 최대 암 학회인 미국암연구학회(AACR)에서 CRDMO 역량을 발표하고 고객사와의 접점을 확대했다.,호재,2026-04-20 11:03,33.7,사실형,71.6
https://n.news.naver.com/mnews/article/003/0013897792?sid=102,제약/바이오,"""유망 바이오에 직접투자""…벤처캐피털 품는 제약사들",제약기업들이 벤처캐피탈을 직접 인수하거나 설립하여 투자 전문성을 확보하고 오픈 이노베이션 전략을 강화하고 있다.,호재,2026-04-20 13:01,25.6,사실형,62.7
https://n.news.naver.com/mnews/article/374/0000505421?sid=101,제약/바이오,"삼성바이오, 美암연구학회 첫 참가…CDMO 역량 소개",삼성바이오로직스는 미국암연구학회(AACR)에서 위탁연구개발생산(CRDMO) 역량을 소개하고 고객사와의 접점을 확대했다.,호재,2026-04-20 11:41,43.8,추론형,0.0
https://n.news.naver.com/mnews/article/366/0001158235?sid=101,제약/바이오,‘내성 뚫고 RNA 치료까지’…AACR서 경쟁력 뽐낸 K-바이오,K-바이오 기업들이 미국암연구학회 연례학술대회(AACR 2026)에서 경쟁력 뽐냈다.,호재,2026-04-20 13:47,51.5,사실형,52.9
https://n.news.naver.com/mnews/article/417/0001139727?sid=101,제약/바이오,"삼천당 ""나 떨고 있니""…코오롱, 인보사 명예회복? '시총 5위 목전'","코오롱티슈진 주가는 연초 대비 145% 상승, 시총 순위도 상승하며 시총 5위 기업인 삼천당제약을 앞서고 있다.",호재,2026-04-20 10:47,39.9,사실형,43.1
https://n.news.naver.com/mnews/article/648/0000046391?sid=101,제약/바이오,"드림씨아이에스, '오가노이드 제도화' 통합 밸류체인 가동",드림씨아이에스는 오가노이드 제도화 통합 밸류체인 가동을 통해 신약 개발 비임상 단계의 패러다임 변화를 추진하고 있다.,호재,2026-04-20 11:00,31.8,사실형,38.1
https://n.news.naver.com/mnews/article/081/0003636807?sid=101,제약/바이오,"삼성바이오로직스, 세계 최대 암학회 참가…CRDMO 경쟁력 알려",삼성바이오로직스는 세계 최대 암학회인 미국암연구학회(AACR)에 참가해 위탁연구개발생산(CRDMO) 경쟁력을 알리며 고객사와의 접점을 확대했다.,호재,2026-04-20 10:45,24.8,사실형,43.9
https://n.news.naver.com/mnews/article/031/0001023279?sid=101,제약/바이오,"삼성바이오로직스, AACR 첫 참가⋯""초기 개발 고객사 공략""","삼성바이오로직스는 미국암연구학회(AACR)에서 고객사 확대에 나섰으며, 삼성 오가노이드를 포함한 위탁연구개발생산(CRDMO) 역량을 소개했다.",호재,2026-04-20 10:36,32.7,사실형,85.1
https://n.news.naver.com/mnews/article/003/0013897427?sid=102,제약/바이오,"'미국 넘본다' 中바이오 급성장…""K바이오도 전략 짜야""",K바이오도 중국 바이오 업계의 급성장에 부응해 전략을 짜야 한다.,호재,2026-04-20 11:01,53.4,사실형,78.4
https://n.news.naver.com/mnews/article/138/0002225084?sid=105,제약/바이오,[주간 클라우드 동향/4월③] “구축·운영 떠안고 매출은 0”…2조 GPU 사...,정부가 추진하는 2조원 GPU 사업은 CSP들이 사업 참여로 인한 매출을 자사 실적으로 인식할 수 없도록 구조적 딜레마에 놓였다.,악재,2026-04-20 11:03,45.1,추론형,13.8
https://n.news.naver.com/mnews/article/030/0003419316?sid=102,제약/바이오,"삼성바이오, 美 암연구학회 첫 참가…CRDMO 경쟁력 알려",삼성바이오로직스는 미국 암 연구학회(AACR)에 참가해 위탁연구개발생산(CRDMO) 경쟁력을 알렸다.,호재,2026-04-20 09:40,43.0,사실형,61.2
https://n.news.naver.com/mnews/article/014/0005509776?sid=101,제약/바이오,전 고점 앞둔 코스피...'더 오른 산업재 vs 부진한 소비재',제약과 IT 대장주가 전 고점을 회복하지 못했다.,악재,2026-04-19 13:05,47.8,사실형,98.6
https://n.news.naver.com/mnews/article/088/0001006194?sid=110,제약/바이오,[기고-강병만] 300억원으로 2조원을 만드는 기회,대구의 바이오·제약 산업이 빠르게 성장하고 있다.,호재,2026-04-19 14:48,24.3,예측형,0.3
https://n.news.naver.com/mnews/article/008/0005346162?sid=101,제약/바이오,"K바이오, AACR서 '수치로 입증'…기전 경쟁력 검증 국면 진입",K바이오가 AACR 2026에서 주요 파이프라인의 최초 공개 임상 데이터를 발표하며 기전 경쟁력을 검증 중이다.,호재,2026-04-19 15:32,25.8,사실형,49.9
https://n.news.naver.com/mnews/article/088/0001006204?sid=101,제약/바이오,중동전쟁 장기화…2분기 제조·소매유통업 경기 '먹구름',중동전쟁 장기화로 제조·소매유통업 경기가 악화될 것으로 분석된다.,악재,2026-04-19 15:12,25.0,사실형,83.4
https://n.news.naver.com/mnews/article/030/0003419219?sid=102,제약/바이오,"15년 초고속 성장한 삼성바이오로직스, 론자 격차·中 추격 과제 부상",삼성바이오로직스는 2020년부터 매년 최초 실적 기록을 새로 썼다.,호재,2026-04-19 16:01,12.2,사실형,98.9
https://n.news.naver.com/mnews/article/008/0005346160?sid=101,제약/바이오,"AI가 끌고 딥테크가 밀었다…4월 셋째주 투자시장, '유니콘' 탄생",프로티어바이오텍이 분자접착제 기반 항암제 개발을 위해 35억원의 투자를 유치했다.,호재,2026-04-19 15:27,23.0,사실형,45.0
https://n.news.naver.com/mnews/article/018/0006258250?sid=101,금융/밸류업,"TIME Korea플러스배당액티브, 배당 ETF 중 1년 수익률 1위",타임폴리오자산운용의 TIME Korea플러스배당액티브 ETF가 국내 배당 및 월배당 ETF 중 최근 1년 수익률 1위를 기록했다.,호재,2026-04-16 09:02,10.8,사실형,92.3
https://n.news.naver.com/mnews/article/030/0003419064?sid=102,제약/바이오,"국립목포대 RISE사업단-코오롱제약, '제약산업 미래 인재 양성 특강' 성...",국립목포대학교 RISE사업단은 코오롱제약 연구소장의 특강을 통해 제약공학 전공 학생들에게 실무형 인재 양성에 도움을 주었다.,호재,2026-04-18 07:54,27.6,예측형,25.1
https://n.news.naver.com/mnews/article/031/0001023081?sid=101,제약/바이오,K바이오가 MASH 신약에 목메는 이유,"K바이오가 MASH 신약에 목을 메는 이유는 MASH 환자 수가 빠르게 증가하고, 시장 규모가 2030년 천억 달러에 이를 것으로 예상되기 때문이다.",호재,2026-04-18 10:32,49.4,사실형,41.5
https://n.news.naver.com/mnews/article/011/0004611346?sid=101,금융/밸류업,반도체 깔고 자동차·방산 ‘바통터치’… 순환매에 코스피 6200 복귀 [이...,코스피가 6200선을 회복하며 '중동 사태' 이후 낙폭 만회를 시도 중이다.,호재,2026-04-16 11:01,29.7,사실형,89.2
https://n.news.naver.com/mnews/article/015/0005276571?sid=101,제약/바이오,"""육천피 찍어도 아직 싸다""…'역대급 저평가' 알짜 종목들 [한경우의 케...","코스피가 12개월 선행 PER 컨센서스 7.55배 전고점 당시보다 27% 낮은 수준에 달해, 기업실적 추정치 상향 조정이 주가 저평가로 이어진다.",호재,2026-04-18 13:11,31.0,사실형,87.5
https://n.news.naver.com/mnews/article/011/0004611466?sid=101,금융/밸류업,코스피 6200 축포에 하닉 신고가… 삼전은 “500원이 모자라” [이런국장...,"코스피가 6200선을 탈환했으며, 반도체 강세에 차·방산 순환매가 강세장을 이끌었다.",호재,2026-04-16 16:01,63.9,사실형,87.6
https://n.news.naver.com/mnews/article/277/0005751295?sid=101,제약/바이오,삼천당이 꺾은 바이오株 투심…2분기에 살아날 수 있을까 [주末머니],바이오주가 1분기에 부진했지만 2분기에 기술수출 및 학회 등 반등 모멘텀이 기대된다.,호재,2026-04-18 07:56,11.5,사실형,49.1
https://n.news.naver.com/mnews/article/018/0006260134?sid=101,제약/바이오,"[임상 업데이트] 삼성바이오에피스, ADC 후보물질 임상 1상 개시",삼성바이오에피스는 항체-약물접합체(ADC) 신약 후보물질 'SBE303' 임상 1상을 시작했다.,호재,2026-04-18 07:53,46.9,사실형,45.5
https://n.news.naver.com/mnews/article/011/0004611325?sid=101,금융/밸류업,"타임폴리오 배당 액티브 ETF, 국내 배당 테마 1년 수익률 1위",타임폴리오 배당 액티브 ETF가 국내 배당 테마 1년 수익률 1위를 기록했다.,호재,2026-04-16 10:28,5.7,사실형,94.3
https://n.news.naver.com/mnews/article/215/0001249419?sid=101,제약/바이오,“SK하이닉스 40조에 달렸다”…코스피 '실적장 2막' 분수령,SK하이닉스의 1분기 실적 발표가 코스피의 추가 상승을 결정할 최대 변수로 작용할 전망이다.,호재,2026-04-18 06:00,20.8,사실형,74.5
https://n.news.naver.com/mnews/article/011/0004612045?sid=104,제약/바이오,"[트럼프 스톡커] 사명에 ‘AI’만 넣어도 풀매수, 美잡주 전성시대","트럼프 스톡커에 따르면, 사명에 'AI'만 넣어도 주가가 몇 배나 뛰는 기현상이 벌어지고 있다.",호재,2026-04-18 12:05,20.2,추론형,0.0
https://n.news.naver.com/mnews/article/018/0006260059?sid=101,제약/바이오,"FDA, 일본과 베트남에 사무소 설립 추진...왜?[제약·바이오 해외토픽]",FDA는 일본과 베트남에 사무소 설립을 추진하여 현지 제조 시설이나 공급망을 둔 기업의 불시 점검을 강화하고자 한다.,호재,2026-04-18 06:02,65.3,사실형,39.1
https://n.news.naver.com/mnews/article/008/0005346143?sid=100,방산/우주항공,"기름 구하고, 무기 팔고... 美얼음공주·UAE 실세·JYP까지 녹였다",강훈식 대통령 비서실장이 UAE와의 협력을 통해 원유 2400만 배럴을 확보하고 중동 체류 우리 국민의 신속한 귀국을 이끌었다.,호재,2026-04-19 14:20,64.1,사실형,92.5
https://n.news.naver.com/mnews/article/011/0004611991?sid=101,제약/바이오,코로나 변이 ‘재확산’ 우려…진단키트·백신株 줄줄이 상한가 [이런국...,코로나 변이 바이러스 재확산 우려로 진단키트·백신 관련 종목이 급등했다.,호재,2026-04-18 06:29,27.5,사실형,53.2
https://n.news.naver.com/mnews/article/028/0002801394?sid=104,방산/우주항공,"일, 호주에 ‘바다의 닌자’ 호위함 11척 판매키로…살상 무기 본격 수...","일본이 오스트레일리아와 해상자위대의 호위함 11척 판매 계약을 맺었으며, 이는 살상용 무기 수출을 본격화하는 신호탄으로 간주된다.",호재,2026-04-19 14:08,55.5,사실형,79.8
https://n.news.naver.com/mnews/article/009/0005668121?sid=105,방산/우주항공,"ETF 불패전략 …""연금계좌에 월배당, 금융자산 30%는 성장株""","ETF 불패전략을 제시하며, 연금계좌에 월배당을 받을 수 있는 금융자산 30%를 성장株로 분배하는 것을 권장한다.",호재,2026-04-19 17:28,26.0,사실형,78.0
https://n.news.naver.com/mnews/article/016/0002631843?sid=100,방산/우주항공,신속 못한 ‘신속시범사업’…‘혁신 기술’ 도입 명분 멀어져,신속시범사업 참여자들은 기대에 못 미치는 결과를 얻어 정부의 혜택을 적용받지 못하는 상황이다.,악재,2026-04-19 16:01,24.7,사실형,84.2
https://n.news.naver.com/mnews/article/018/0006260910?sid=101,방산/우주항공,"K조선, 美 설계 참여에도 '반쪽 성과'…전투함은 여전히 장벽",K조선이 미국 설계 참여에도 '반쪽 성과'를 거두며 전투함은 여전히 장벽을 넘지 못하고 있다.,호재,2026-04-19 12:55,56.5,사실형,59.5
https://n.news.naver.com/mnews/article/003/0013895194?sid=101,방산/우주항공,"K방산, 무기 판매 넘어 체계 경쟁…사업 모델 전환 가속",K방산 기업들이 글로벌 시장 공략과 생산 체계 내재화를 통해 사업 모델 전환을 가속하고 있다.,호재,2026-04-18 12:00,17.0,사실형,84.1
https://n.news.naver.com/mnews/article/023/0003971646?sid=104,방산/우주항공,"日, 호주에 군함 11척 팔았다... 2차대전 이후 최대 방산 수출",일본이 호주와 전후 최대 규모 방산 수출 계약을 체결하여 11척의 호위함을 공급하기로 했다.,호재,2026-04-18 16:12,41.1,사실형,85.5
https://n.news.naver.com/mnews/article/422/0000856570?sid=101,방산/우주항공,[기업기상도] 모래바람 지나 해 뜬 기업 vs 봄가뭄 들어 목 탄 기업,"한화에어로스페이스와 LIG넥스원은 러브콜을 받고 있다. 반면, 롯데, 신세계, 현대 3대 백화점은 외국인으로 인한 호황을 경험하고 있다.",호재,2026-04-19 11:01,28.1,추론형,0.6
https://n.news.naver.com/mnews/article/008/0005346146?sid=100,방산/우주항공,"""더 열심히"" 불안한 국민 멘탈관리...경제·산업계 ""협상 윤활유 역할""",강훈식 대통령 비서실장은 국민들의 불안감을 완화하기 위해 '더 열심히 일하겠다'는 반복적 메시지를 사용하고 있다.,호재,2026-04-19 14:30,69.6,사실형,77.2
https://n.news.naver.com/mnews/article/022/0004121747?sid=100,방산/우주항공,"K-방산, 크로아티아서 협력 행사…중동부 유럽 진출 확대 모색",한국 방산업계가 크로아티아를 발판으로 중·동유럽 시장 진출을 확대하기 위해 협력 행사를 개최했다.,호재,2026-04-18 08:36,17.3,사실형,93.1
https://n.news.naver.com/mnews/article/293/0000082940?sid=101,방산/우주항공,[한화에어로 줌인] 항공방산 마지막 퍼즐 'KAI' 전투기 플랫폼 눈독,한화에어로스페이스는 KAI 지분을 매입하여 항공방산의 마지막 퍼즐을 확보하려는 것으로 분석된다.,호재,2026-04-17 14:23,35.7,사실형,56.5
https://m.entertain.naver.com/article/144/0001110750,방산/우주항공,"‘이슈 PICK 쌤과 함께’ 국가핵심기술 유출, 산업 스파이를 잡아라!",국가핵심기술 유출에 대한 정부의 대응이 필요하다.,호재,2026-04-19 10:00,30.4,사실형,47.7
https://n.news.naver.com/mnews/article/088/0001006034?sid=101,방산/우주항공,"미-이란 협상 기대감에 시들해진 방산株…증권가선 ""종전 후에도 성장 ...","미-이란 협상 기대감이 시들면서 방산株가 약세를 나타내고 있지만, 장기적으로는 군비 지출 확대와 지정학 리스크 장기화로 방산 업종의 성장 모멘텀은 견조하다고 분석된다.",중립,2026-04-17 10:30,22.9,사실형,83.3
https://n.news.naver.com/mnews/article/081/0003636412?sid=104,방산/우주항공,F-35 전투기 최대 라이벌?…‘러시아판 랩터’ Su-57E 여러 국가 수출 계...,러시아의 5세대 전투기 Su-57E가 여러 국가에 판매될 가능성이 제기되면서 관심이 쏠리고 있다.,호재,2026-04-17 16:11,24.0,사실형,86.3
https://n.news.naver.com/mnews/article/421/0008895648?sid=100,방산/우주항공,"방진회, 크로아티아 방산협회와 협력의향서 체결",한국방위산업진흥회는 크로아티아와 방산 협력의 제도적 기반을 공식화하기 위해 협력의향서를 체결했다.,호재,2026-04-17 10:09,28.7,사실형,96.1
https://n.news.naver.com/mnews/article/018/0006259324?sid=101,방산/우주항공,[마켓인]한신평 이어 나신평도 현대로템 AA- 상향,"나신평, 현대로템의 무보증사채 신용등급을 'A+(긍정적)'에서 'AA-(안정적)'으로 상향 조정했다.",호재,2026-04-17 11:50,34.5,사실형,83.0
https://n.news.naver.com/mnews/article/024/0000104881?sid=101,방산/우주항공,갈 길 먼 K드론...부품·소재 자체 공급망? K표준화부터,K드론의 발전을 위해 부품과 소재 자체 공급망을 구축하고 K표준화를 통해 글로벌 시장에서 강대국과 격차를 좁히는 것이 필요하다.,호재,2026-04-17 21:01,16.7,사실형,71.7
https://n.news.naver.com/mnews/article/421/0008895953?sid=102,방산/우주항공,보선 열리면 결국 전략공천…'군산·김제·부안을'에 강은호 하마평,강은호 전 방위사업청장이 군산·김제·부안을 보궐선거 전략공천 후보자로 거론되고 있다.,호재,2026-04-17 11:30,37.3,사실형,83.5
https://n.news.naver.com/mnews/article/660/0000107600?sid=100,방산/우주항공,"김병주 민주당 국회의원 ""K-방산 황금기...세계가 한국 무기체계 주목""...",김병주 더불어민주당 국회의원은 K-방산이 세계 시장에서 경쟁력을 확보하며 '황금기'에 진입했다고 분석했다.,호재,2026-04-17 16:06,40.5,추론형,6.4
https://n.news.naver.com/mnews/article/366/0001157773?sid=101,방산/우주항공,신속시범사업 모호한 규정에… 개발해도 팔지 못하는 방산기업들,신속시범사업에 참여한 방산기업들이 사업 진척에 속도를 내지 못하는 이유는 규정의 모호함과 충돌 때문이다.,악재,2026-04-17 15:57,22.3,사실형,76.8
https://n.news.naver.com/mnews/article/009/0005660887?sid=101,IT/반도체,“일본 어지간히 좋아하네”…AI인프라 100억달러 투자하겠단 MS,마이크로소프트는 일본에서 데이터센터 등 인공지능 서비스 기반을 구축하기 위해 2029년까지 100억달러를 투자할 계획이라고 밝혔다.,호재,2026-04-03 22:10,37.0,사실형,89.4
https://n.news.naver.com/mnews/article/123/0002380745?sid=101,IT/반도체,"삼성전자, 협력사에 8000억 인센티브…반도체 생태계 결속 강화",삼성전자 DS부문이 협력사에 지급한 인센티브가 누적 8000억원을 넘어선 것으로 나타나 반도체 공급망 안정성과 생태계 경쟁력 강화를 위한 지원 전략이 본격화되고 있다.,호재,2026-04-03 16:24,18.0,사실형,91.8
https://n.news.naver.com/mnews/article/015/0005270876?sid=110,IT/반도체,[토요칼럼] 반복되는 'AI 쇼크'의 공통 공식,"반복되는 'AI 쇼크'의 공통 공식은 기술 공개 단계에서 무반응, 실제 제품으로 구현되면 여전히 조용, 대중의 주목을 받으면 분위기가 달라지기 시작, 기술이 누군가의 손익계산서에 영향을 줄 때 투자자는 매도 버튼을 눌렀다.",호재,2026-04-04 00:38,43.7,사실형,58.0
https://n.news.naver.com/mnews/article/003/0013864107?sid=105,IT/반도체,"류제명 과기정통부 차관 ""퓨리오사AI, 글로벌 AI 전쟁서 주목할 기업""","정부는 퓨리오사AI를 글로벌 경쟁에서 주목할 만한 기업으로 평가하고, 국산 AI 반도체 산업 지원 의지를 강조했다.",호재,2026-04-02 16:55,16.4,사실형,54.6
https://n.news.naver.com/mnews/article/022/0004117864?sid=101,IT/반도체,"‘엔비디아, AMD 덤벼라!’… 퓨리오사AI 2세대 AI 반도체로 승부수","퓨리오사AI가 2세대 인공지능(AI) 반도체 '레니게이드(RNGD)'를 공개하며, 고성능 NPU 수요 상승에 대응한다.",호재,2026-04-02 20:00,27.7,사실형,96.7
https://n.news.naver.com/mnews/article/015/0005270771?sid=105,IT/반도체,인터넷 연결 안돼도 AI 작동…구글 '젬마4' 출격,"구글이 크기가 20분의 1로 줄인 AI 모델 '젬마4'를 출시하여 스마트폰, 노트북 등에 탑재하여 인터넷 없이도 AI를 작동시키는 '온디바이스 AI' 시장을 대비하고 있다.",호재,2026-04-03 17:37,25.5,사실형,59.5
https://n.news.naver.com/mnews/article/138/0002223251?sid=105,IT/반도체,"""AI 시대 원팀 경쟁력 강화""…삼성전자 DS부문, '상생협력 DAY' 개최",삼성전자 DS부문이 협력회사와의 상생협력 DAY를 개최하여 건강한 산업 생태계 구축에 박차를 가했다.,호재,2026-04-03 16:00,14.1,사실형,81.8
https://n.news.naver.com/mnews/article/003/0013866031?sid=102,IT/반도체,"포스텍, AI 시대 전력난 난제 풀 실마리 찾았다",포스텍 연구팀이 새로운 물리 현상을 발견하여 AI 시대 전력난 난제를 풀어주는 실마리를 찾았다.,호재,2026-04-03 14:19,73.2,사실형,38.1
https://n.news.naver.com/mnews/article/003/0013865459?sid=101,IT/반도체,"'1조달러 시대' 내다보는 반도체 시장…""글로벌 투자 확대·기술 경쟁""","반도체 시장은 1조 달러를 넘어설 것으로 예상되고, 각국이 생산 구도 재편을 위한 투자 확대에 나서고 있다.",호재,2026-04-03 11:19,32.9,사실형,86.2
https://n.news.naver.com/mnews/article/001/0016001653?sid=101,IT/반도체,"美 AI전력 인프라 액티브 등 ETF 4종, 7일 신규상장",한국거래소에서 4종의 ETF를 7일 신규상장할 예정입니다.,호재,2026-04-03 16:50,30.6,사실형,98.2
https://n.news.naver.com/mnews/article/022/0004118248?sid=100,IT/반도체,김영록 “광주 공항 이전부지 ‘솔레어시티’로 개발”…AI·반도체·문...,김영록 더불어민주당 전남광주특별시장 예비후보가 광주 민간·군공항 이전 부지를 첨단산업과 문화관광이 결합된 미래형 도시 '솔레어시티'로 개발하겠다는 구상을 내놨다.,호재,2026-04-04 21:02,11.4,사실형,95.8
https://n.news.naver.com/mnews/article/003/0013867313?sid=102,IT/반도체,"의왕시, 포일2지구에 반도체·AI 등 혁신기업 유치…30일까지 공모","의왕시가 반도체, AI 등 혁신기업 유치에 나서고, 포일2지구의 도시지원시설용지 공모를 30일까지 진행한다.",호재,2026-04-04 16:03,51.3,사실형,69.2
https://n.news.naver.com/mnews/article/003/0013867261?sid=101,IT/반도체,"LG이노텍, '피지컬AI' 타고 '영업익 1조 클럽' 재진입 노린다",LG이노텍은 스마트폰 카메라 모듈 사업을 넘어 로보틱스와 자율주행 등 '피지컬 AI' 시장에서 선점을 거두고 있다.,호재,2026-04-04 14:00,24.6,사실형,60.3
https://n.news.naver.com/mnews/article/293/0000082119?sid=101,IT/반도체,"삼성SDS도 쓴다…퓨리오사AI, 2세대 AI칩 7월 탑재",퓨리오사AI가 삼성SDS를 신규 고객사로 확보하여 2세대 AI칩 레니게이드를 7월 서버에 탑재할 예정이다.,호재,2026-04-02 21:05,17.0,사실형,93.2
https://n.news.naver.com/mnews/article/243/0000095692?sid=105,IT/반도체,"삼성전자 DS부문, 협력사 '반도체 혈맹' 강화…전영현 ""기술 혁신 뿌리...",삼성전자 DS부문이 협력사와의 기술 혁신 및 상생 협력에 힘을 실었다.,호재,2026-04-03 16:01,26.1,사실형,77.6
https://n.news.naver.com/mnews/article/001/0015997458?sid=105,IT/반도체,"포스코DX·롯데이노베이트, AI 기반 NPU 적용…""K반도체 활성화""","포스코DX와 롯데이노베이트가 AI 기반 NPU를 도입하며 GPU 중심 구조에 변화를 꾀하고 있으며, 향후에는 철강과 이차전지, 물류 등으로 적용 범위를 확대할 계획이다.",호재,2026-04-02 09:51,14.9,사실형,69.5
https://n.news.naver.com/mnews/article/366/0001154170?sid=105,IT/반도체,[인터뷰] LLM 추론 특화 AI 반도체 설계 회사 하이퍼엑셀… 이진원 CTO “...,"하이퍼엑셀은 LLM 추론 특화 AI 반도체 '베르다'를 개발하고, 가성비를 높이고자 엔비디아를 압도할 것이라고 밝혔다.",호재,2026-04-04 06:02,22.5,사실형,63.9
https://n.news.naver.com/mnews/article/009/0005660244?sid=105,IT/반도체,GPU 대신 국산 NPU로 K반도체 키운다,"포스코DX와 롯데이노베이트는 국산 NPU를 도입하여 GPU 중심 구조를 변화시키고, 인공지능(AI) 연산에 특화된 반도체를 개발하여 스마트공장을 구현한다.",호재,2026-04-02 17:36,15.0,사실형,75.1
https://n.news.naver.com/mnews/article/081/0003632133?sid=102,IT/반도체,"안산시 청년창업펀드 2호, 로봇·AI반도체 기업 2곳 투자 유치",안산시는 로봇·AI반도체 기업 2곳에 대한 투자 유치를 발표했다.,호재,2026-04-03 09:50,59.3,사실형,72.1
https://n.news.naver.com/mnews/article/001/0016001534?sid=101,IT/반도체,"삼성 DS부문 상생협력 행사…""파트너십으로 반도체 기술 혁신""",삼성전자 DS부문은 협력회사와 동반성장 의지를 다지는 상생협력 행사를 열고 기술 로드맵을 공유했다.,호재,2026-04-03 16:00,19.1,사실형,86.8
https://n.news.naver.com/mnews/article/031/0001018971?sid=105,IT/반도체,아르테미스2에 K반도체 탑재…우주 환경서 성능 검증,삼성전자와 SK하이닉스의 반도체가 유인 달 탐사선 아르테미스 2호에 탑재돼 우주 환경에서 성능 검증에 나섰다.,호재,2026-04-02 08:24,43.9,사실형,85.3
https://n.news.naver.com/mnews/article/092/0002417321?sid=105,IT/반도체,"퓨리오사AI ""올해 2세대 NPU 2만장 양산 목표...제품 공급 시작""",퓨리오사AI는 2세대 AI칩 '레니게이드(RNGD)'의 상용화 성과를 알리며 제품 공급을 시작했다.,호재,2026-04-02 16:09,32.1,사실형,63.3
https://n.news.naver.com/mnews/article/092/0002417431?sid=105,IT/반도체,AI 전력난 게임 체인저될까…반도체 '엑시톤 ' 83배 증폭 첫 발견,"POSTECH 연구팀이 2차원 반도체 '엑시톤'의 이동을 나노미터 공간에서 정밀 제어하고, 이를 기존 대비 최대 8,300%까지 증폭시키는 물리 현상을 세계 처음 발견했다.",호재,2026-04-03 17:58,71.3,사실형,44.5
https://n.news.naver.com/mnews/article/009/0005660257?sid=105,IT/반도체,퓨리오사 개발한 AI반도체 … 삼성SDS 클라우드서 쓴다,퓨리오사AI가 개발한 인공지능(AI) 반도체인 '레니게이드'가 오는 7월부터 삼성SDS 클라우드로 이용할 수 있게 된다.,호재,2026-04-02 17:40,35.0,사실형,77.9
https://n.news.naver.com/mnews/article/001/0016000652?sid=105,IT/반도체,"안산시, 청년창업펀드2호로 로봇·AI 반도체 유망 기업 2곳 유치",안산시는 로봇과 인공지능(AI) 반도체 분야 유망 기업 2곳을 관내로 유치했다.,호재,2026-04-03 11:14,40.3,사실형,63.6
https://n.news.naver.com/mnews/article/417/0001137368?sid=102,IT/반도체,"안산시, 로봇·AI반도체 기업 동시유치… 첨단산업 도시 전환 속도",안산시는 로봇과 인공지능(AI) 반도체 기업을 동시에 유치하여 첨단산업 중심 도시로의 전환에 속도를 내고 있다.,호재,2026-04-03 13:40,21.7,사실형,57.1
https://n.news.naver.com/mnews/article/001/0015998909?sid=105,IT/반도체,"엔비디아에 도전장…퓨리오사AI, '전력 효율 7배' 2세대 칩 공개","퓨리오사AI는 2세대 인공지능(AI) 반도체 '레니게이드(RNGD)'를 공개하며, 엔비디아에 도전장을 내걸었다.",호재,2026-04-02 15:20,23.8,사실형,65.1
https://n.news.naver.com/mnews/article/293/0000082089?sid=101,IT/반도체,"퓨리오사AI, 2세대 NPU '레니게이드' 공개…추론시장 정조준",퓨리오사AI가 2세대 NPU '레니게이드'를 공개하며 AI 추론 시장에 대한 강력한 도전을 제시했다.,호재,2026-04-02 15:50,13.4,사실형,88.0
https://n.news.naver.com/mnews/article/018/0006250067?sid=101,IT/반도체,[VC’s Pick]K엔비디아 후보에 쏠린 관심…AI 반도체 투자 유치 속속,국내 AI 반도체 기업 리벨리온이 6400억원 규모의 프리 IPO 라운드를 마무리하며 기업가치를 3조 4000억원으로 인정받았습니다.,호재,2026-04-04 10:08,13.4,사실형,70.9
https://n.news.naver.com/mnews/article/056/0012155199?sid=102,IT/반도체,"안산시, ‘청년창업펀드’ 2호로 로봇·인공지능 반도체 유망 기업 2곳 ...",안산시는 로봇과 인공지능(AI) 반도체 분야 유망 기업 2곳을 유치하여 청년창업펀드 2호를 조성하였습니다.,호재,2026-04-03 11:54,51.9,추론형,20
https://m.entertain.naver.com/article/468/0001218063,엔터/미디어,"태민, K팝 최초 美 아마존 뮤직 ‘인 더 페인트’ 출격... 글로벌 행보 ...",태민이 아마존 뮤직 '인 더 페인트'에 K-팝 아티스트 최초로 출연한다.,호재,2026-02-18 16:11,37.0,사실형,80.2
https://m.entertain.naver.com/article/076/0004355015,엔터/미디어,GD소속사에서 만든다는 K팝 로봇아이돌…'진짜 나오겠네' 초융합 엔터테...,GD소속사에서 만든 K팝 로봇아이돌이 나올 예정으로 초융합 엔터테크 시대가 시작될 것이라고 예고했다.,호재,2025-12-11 09:41,18.1,대화형,44.2
https://m.entertain.naver.com/article/382/0001256104,엔터/미디어,"태민, 아마존 뮤직 ‘In the Paint’ 출연…K팝 최초 합류",태민이 아마존 뮤직 'In the Paint'에 K-팝 최초로 출연한다.,호재,2026-02-18 13:06,29.1,사실형,49.8
https://n.news.naver.com/mnews/article/366/0001153831?sid=103,자동차/모빌리티,"현대차·기아, 美 1분기 신기록… 하이브리드 판매량 53% 급증",현대차·기아가 1분기 미국 시장에서 역대 최대 판매량을 기록했다.,호재,2026-04-02 17:11,15.2,사실형,88.7
https://n.news.naver.com/mnews/article/003/0013864590?sid=101,자동차/모빌리티,"전기차 보조금 고갈 직전…車업계 ""정책적 지원 절실"" [다시 달리는 EV ...","전기차 판매량이 역대 최대치에 달하면서, 정부와 지방자치단체가 보조금을 확대해야 한다는 업계의 제언이 나온다.",호재,2026-04-03 06:30,14.9,사실형,89.2
https://n.news.naver.com/mnews/article/018/0006249001?sid=101,자동차/모빌리티,"이재용·정의선 '3세 동맹'…현대차·기아, 삼성 배터리 첫 탑재[only 이...","삼성SDI의 각형 배터리가 현대차와 기아의 신규 전략 모델에 탑재되며, 이재용 삼성전자 회장과 정의선 현대차그룹 회장의 '3세 동맹'이 배터리까지 본격화하고 있다.",호재,2026-04-03 05:02,9.1,사실형,90.7
https://n.news.naver.com/mnews/article/005/0001841013?sid=101,자동차/모빌리티,“벌써 동났다고?” 빠르게 고갈 중인 전기차 보조금,전국 지자체에서 전기차 보조금이 60% 이상 소진되면서 고갈 현상이 나타나고 있다.,악재,2026-04-03 09:59,20.1,사실형,80.0
https://n.news.naver.com/mnews/article/009/0005660383?sid=103,자동차/모빌리티,“미국냄새 진동하는데 한국차?”…우락부락 픽업트럭 내놓은 현대차,현대차는 뉴욕오토쇼에서 '볼더' 콘셉트 모델을 전 세계 최초로 공개하며 미국 시장에 맞춰 픽업트럭과 SUV 라인업을 확대했다.,호재,2026-04-03 06:08,25.8,사실형,84.7
https://n.news.naver.com/mnews/article/215/0001247767?sid=101,자동차/모빌리티,'기름값 겁나 전기차 봤더니'...40개 지자체 보조금 벌써 동났다,전기차 보조금이 60% 넘게 소진되어 일부 지역에서는 완전히 고갈된 것으로 나타났다.,호재,2026-04-03 11:12,29.0,사실형,83.9
https://n.news.naver.com/mnews/article/003/0013864575?sid=101,자동차/모빌리티,"""신차·중고 안가린다""…고유가·2부제에 전기차 수요 '폭증' [다시 달리...","고유가와 2부제로 인해 전기차 수요가 폭증하고 있으며, 현대차와 기아의 전기차 판매량도 사상 최대치를 기록했다.",호재,2026-04-03 06:00,11.4,사실형,90.4
https://n.news.naver.com/mnews/article/003/0013866218?sid=104,자동차/모빌리티,美 휘발유 4달러 돌파에…전기차 시장 다시 꿈틀,미국 휘발유 가격이 급등하자 전기차 수요가 다시 살아나고 있다.,호재,2026-04-03 15:30,33.8,사실형,93.9
https://n.news.naver.com/mnews/article/003/0013861278?sid=101,자동차/모빌리티,"기름값 뛰자 전기차로 이동…현대차·기아, 3월 판매 두 배 증가",현대차와 기아의 전기차 판매량이 3월에 두 배 이상 증가했다.,호재,2026-04-01 18:20,8.2,사실형,91.0
https://n.news.naver.com/mnews/article/022/0004117948?sid=101,자동차/모빌리티,"현대차, 차세대 중형 픽업 승부수… 북미시장 입지 넓힌다","현대차는 미국 시장에서 인기 있는 픽업트럭을 출시할 계획으로, 북미 시장의 입지를 넓히기 위해 다양한 라인업을 확대할 예정이다.",호재,2026-04-03 06:04,10.9,사실형,81.6
https://n.news.naver.com/mnews/article/025/0003513811?sid=101,자동차/모빌리티,"“고유가에 전기차 잘나가네”…테슬라 월 1만대 판매, 수입차 최초",테슬라가 국내 수입차 브랜드 최초로 월 판매량 1만대를 돌파했다.,호재,2026-04-03 15:43,11.1,사실형,90.7
https://n.news.naver.com/mnews/article/014/0005501822?sid=101,자동차/모빌리티,"현대차·기아, 美서 나란히 역대 최대 실적",현대차그룹과 기아가 미국에서 1분기 판매량이 2.6% 늘어 43만720대를 기록하며 역대 최대 실적을 달성했다.,호재,2026-04-02 18:16,7.4,사실형,81.5
https://n.news.naver.com/mnews/article/092/0002417067?sid=103,자동차/모빌리티,"현대차그룹, 전기차 신규 고객에 혜택 쏜다…kWh당 199원",현대차그룹은 전기차 신규 고객을 대상으로 E-핏 초고속 충전 요금을 kWh당 199원에 제공하는 '웰컴 199원' 프로모션을 시행한다.,호재,2026-04-01 10:57,24.2,사실형,55.8
https://n.news.naver.com/mnews/article/079/0004131576?sid=101,자동차/모빌리티,"현대차그룹, 전기차 사면 충전비 지원",현대차그룹은 신규 전기차 출고 고객을 대상으로 이핏 초고속 충전 요금을 kWh당 199원에 제공하는 '웰컴 199원' 프로모션을 시행한다.,호재,2026-04-01 14:10,30.8,사실형,73.0
https://n.news.naver.com/mnews/article/421/0008865687?sid=103,자동차/모빌리티,"현대차·기아, 1Q 美판매 43만대 '역대 최고'…일등공신 HEV 53.2%↑",현대차와 기아가 1분기 미국 판매량에서 역대 최고 실적을 기록했다.,호재,2026-04-02 11:48,27.0,사실형,95.0
https://n.news.naver.com/mnews/article/001/0015997059?sid=104,자동차/모빌리티,"현대차·기아, 3월 美판매 감소에도 나란히 '역대 최고 1분기'",현대차와 기아가 3월 미국 시장에서 판매고가 주춤했지만 친환경 차량과 SUV의 수요로 사상 최고 1분기 실적을 기록했다.,호재,2026-04-02 06:09,20.5,사실형,94.7
https://n.news.naver.com/mnews/article/015/0005269296?sid=101,자동차/모빌리티,"[단독] 현대차그룹, 中전기차에 대반격…'중저가 배터리'로 정면승부",현대차그룹은 중저가 배터리를 도입해 중국 전기차와 경쟁하기 위해 내년께 주요 전기차종에 탑재할 예정이다.,호재,2026-03-31 17:41,30.4,사실형,76.9
https://n.news.naver.com/mnews/article/030/0003414207?sid=103,자동차/모빌리티,"현대차·기아, 美 1분기 역대 최대…전년비 2.6%↑","현대차그룹은 1분기 판매량이 역대 최대 실적을 기록하며, 작년 동기보다 2.6% 증가했다.",호재,2026-04-02 16:04,8.3,사실형,81.5
https://n.news.naver.com/mnews/article/277/0005741599?sid=103,자동차/모빌리티,"""못버티겠다, 전기차로 바꾸자"" 기름값 '2000원 공포'에 2월 신규등록 역...",2월 신규 전기차 등록 대수가 역대 최다인 3만5693대를 기록했다.,호재,2026-03-29 13:26,42.7,사실형,84.9
https://n.news.naver.com/mnews/article/052/0002335262?sid=104,자동차/모빌리티,"현대차·기아, 이란 전쟁 속에도 '역대 최고 1분기'",현대차와 기아가 이란 전쟁으로 인한 판매 감소에도 불구하고 사상 최고의 1분기 실적을 기록했다.,호재,2026-04-02 07:47,22.9,추론형,20
https://n.news.naver.com/mnews/article/016/0002624033?sid=101,자동차/모빌리티,"‘워너비 브랜드’ 변신한 기아, 美서 3년 만에 현대차 제쳤다 [여車저...",기아가 미국 시장에서 가파른 상승세를 보이며 현대차를 추월했다.,호재,2026-04-03 07:04,10.7,사실형,80.7
https://n.news.naver.com/mnews/article/018/0006248248?sid=103,자동차/모빌리티,"현대차·기아, 美 1Q 사상 최대 실적…하이브리드차 순항","현대차와 기아가 미국에서 1분기 사상 최대 실적을 기록하며, 하이브리드차의 인기에 힘입었다.",호재,2026-04-02 10:38,9.1,사실형,93.9
https://n.news.naver.com/mnews/article/014/0005501603?sid=101,자동차/모빌리티,"현대차·기아, 1분기 美 판매 43만대 '역대 최다'…""HEV·SUV가 이끌었다...","현대차와 기아가 1분기 미국 시장에서 역대 최다 판매 기록을 달성했으며, 친환경차와 SUV가 판매량을 견인했다.",호재,2026-04-02 14:03,6.1,사실형,79.4
https://n.news.naver.com/mnews/article/018/0006248498?sid=103,자동차/모빌리티,"현대차·기아, 美 1Q 사상 최대실적…""북미 특화차 58종으로 물량공세""(...",현대차와 기아가 미국 1분기 판매량을 사상 최대 실적으로 기록했다.,호재,2026-04-02 15:19,24.9,사실형,83.6
https://n.news.naver.com/mnews/article/009/0005660316?sid=103,자동차/모빌리티,"현대차 ""픽업트럭 시장 공략""…美서 '볼더' 첫 공개",현대차그룹은 뉴욕 오토쇼에서 미국 시장에 맞춰 공략한 중형 픽업트럭 '볼더'를 세계 최초로 공개했다.,호재,2026-04-02 17:57,23.2,사실형,78.8
https://n.news.naver.com/mnews/article/052/0002335348?sid=101,자동차/모빌리티,보란 듯이 '날개 단' 현대차·기아...역대 최고 실적 기록했다 [지금이뉴...,현대차와 기아가 1분기에 사상 최고의 실적을 기록했다.,호재,2026-04-02 10:53,26.6,추론형,19.9
https://n.news.naver.com/mnews/article/422/0000850792?sid=101,자동차/모빌리티,"현대차그룹, 3월 감소에도 미국서 1분기 최대 실적","현대차그룹은 3월 미국 시장에서 판매량이 소폭 줄었지만, 하이브리드차와 스포츠유틸리티차량 호조에 힘입어 역대 1분기 최대 실적을 썼다.",호재,2026-04-02 11:35,11.1,추론형,17.8
https://n.news.naver.com/mnews/article/119/0003075749?sid=101,자동차/모빌리티,현대차·기아·제네시스 전기차 사면 '급속 kWh당 199원'…충전 부담 낮...,현대차그룹은 전기차 충전 비용을 지원하기 위해 E-pit 초고속 충전 요금을 kWh당 199원에 제공하는 '웰컴 199원' 프로모션을 시행한다.,호재,2026-04-01 11:44,19.2,사실형,68.1
https://n.news.naver.com/mnews/article/366/0001153158?sid=103,자동차/모빌리티,"현대차·기아, 유럽서 中 전기차 공세에 고전… 아이오닉3·EV2로 반격",현대차·기아는 유럽에서 중국 전기차 제조사들의 공세에 밀려 고전하고 있다.,악재,2026-04-01 06:01,25.6,사실형,67.9
https://n.news.naver.com/mnews/article/277/0005743178?sid=103,자동차/모빌리티,현대차그룹 전기차 출고하면 '199원' 충전 요금 낸다,현대차그룹은 신규 전기차 출고 고객을 대상으로 초고속 충전 요금을 kWh당 199원에 제공하는 '웰컴 199원' 프로모션을 시행한다.,호재,2026-04-01 09:24,18.5,사실형,89.0
https://n.news.naver.com/mnews/article/417/0001136904?sid=103,자동차/모빌리티,"'㎾h당 199원' 현대차그룹, 전기차 충전 요금 프로모션",현대차그룹은 전기차 충전 요금 인상으로 위축된 구매 심리를 완화하고 신규 고객의 초기 부담을 줄이기 위한 '웰컴 199원' 프로모션을 시행한다.,호재,2026-04-01 09:06,24.1,사실형,64.6
https://n.news.naver.com/mnews/article/050/0000104784?sid=101,방산/우주항공,"“한화 K9자주포 써보니 무적” 핀란드, 1조어치 추가 주문",핀란드가 한화 K9자주포를 추가로 주문한 것으로 알려져 있다.,호재,2026-04-09 23:16,26.5,사실형,96.4
https://n.news.naver.com/mnews/article/079/0004135095?sid=101,방산/우주항공,"코트라, 핀란드와 9천억 'K9 자주포' 수출 계약 체결",코트라가 핀란드와 9천억원 규모의 'K9 자주포' 수출 계약을 체결했다.,호재,2026-04-09 20:32,18.2,사실형,42.0
https://n.news.naver.com/mnews/article/081/0003633992?sid=100,방산/우주항공,"‘전장의 제왕’ K9 자주포, 핀란드서 9400억원 또 잭팟…가혹한 북유럽...",K9 자주포가 핀란드에 9400억원 규모의 2차 수출 계약을 체결했다.,호재,2026-04-09 23:57,14.0,사실형,81.6
https://n.news.naver.com/mnews/article/015/0005273203?sid=101,방산/우주항공,"K9 자주포 '성능 입증'…핀란드, 1조어치 샀다",핀란드가 K9 자주포를 1조원어치 구매하여 성능을 입증했다.,호재,2026-04-09 20:42,9.5,사실형,99.8
https://n.news.naver.com/mnews/article/009/0005663862?sid=100,방산/우주항공,"K9 자주포, 핀란드에 또 깃발 … 9400억원 규모 2차 계약 확정",K9 자주포가 핀란드에서 2차 계약을 체결하여 9400억원 규모의 수주 실적을 올렸다.,호재,2026-04-09 23:17,35.6,사실형,84.2
https://n.news.naver.com/mnews/article/021/0002783646?sid=100,방산/우주항공,"K9 자주포, 핀란드와 2차 수출 계약…9400억원 규모 112문","K9 자주포가 핀란드와 2차 수출 계약을 체결하고, 총 9400억원 규모의 계약을 맺었다.",호재,2026-04-10 01:02,22.9,사실형,96.2
https://n.news.naver.com/mnews/article/018/0006253939?sid=101,방산/우주항공,"K-방산 우수력 입증…한화에어로, 핀란드에 K9 자주포 112문 수출",한화에어로가 핀란드에 K9 자주포 112문을 수출하는 계약을 체결했다.,호재,2026-04-09 20:31,62.1,사실형,51.8
https://n.news.naver.com/mnews/article/009/0005663833?sid=101,방산/우주항공,K9 자주포 핀란드에 또 깃발 꽂았다…9400억원 규모 2차수출,K9 자주포가 핀란드에 2차 수출되며 9400억원 규모의 계약을 체결했다.,호재,2026-04-09 20:32,27.4,사실형,99.9
https://n.news.naver.com/mnews/article/030/0003416582?sid=101,방산/우주항공,"핀란드, K9 자주포 9400억원 추가 주문","핀란드, K9 자주포 9400억원 추가 주문",호재,2026-04-09 20:31,14.7,사실형,95.1
https://n.news.naver.com/mnews/article/020/0003711264?sid=100,방산/우주항공,K9 자주포 9400억 규모 핀란드에 2차 수출,"K9 자주포 9400억 규모로 핀란드에 2차 수출, 총 208문 운용",호재,2026-04-10 04:31,68.4,사실형,98.2
https://n.news.naver.com/mnews/article/005/0001842329?sid=101,방산/우주항공,‘K9 자주포’ 112문 9400억 규모 핀란드 수출 계약,핀란드 정부가 K9 자주포를 112문 9400억 규모로 수주했다.,호재,2026-04-09 20:31,20.0,사실형,99.1
https://n.news.naver.com/mnews/article/421/0008881177?sid=101,방산/우주항공,"""한국 무기 믿고 쓴다"" 핀란드 K9 재구매…K-방산 유럽 확산 본격화","핀란드가 K9 자주포를 재구매하여 계약 규모는 9400억 원 수준이며, K-방산의 유럽 내 입지 확대 가능성을 높이는 신호로 읽힌다.",호재,2026-04-09 20:30,16.4,사실형,69.0
https://n.news.naver.com/mnews/article/018/0006253938?sid=100,방산/우주항공,"유럽 포병 지도가 바뀐다…핀란드, K9자주포 112문 추가 구매",핀란드는 K9자주포 112문 추가 구매를 결정하여 유럽 포병 지도가 바뀐다.,호재,2026-04-09 20:31,14.8,사실형,96.5
https://n.news.naver.com/mnews/article/008/0005342311?sid=100,방산/우주항공,"""폭설에도 끄떡없네"" K방산 또 축포...핀란드에 9400억 규모 K9 수출",K방산의 K9 자주포가 9400억원 규모로 핀란드에 수출되는 계약이 체결되었다.,호재,2026-04-09 20:30,43.8,사실형,99.8
https://n.news.naver.com/mnews/article/003/0013879081?sid=100,방산/우주항공,"K9 자주포, 핀란드와 2차 수출 계약…9400억원 규모 112문",K9 자주포가 핀란드와 2차 수출 계약을 체결하여 9400억원 규모의 계약을 맺었다.,호재,2026-04-09 20:30,32.9,사실형,97.5
https://n.news.naver.com/mnews/article/009/0005663498?sid=101,방산/우주항공,"KTC, 군포 본원에 ‘방산·우주 시험평가센터’ 구축… 2030년까지 188억...",KTC는 2030년까지 188억 원을 투입해 '방산·우주 시험평가 센터'를 군포 본원에 조성할 계획이다. ,호재,2026-04-09 14:06,31.9,대화형,37.1
https://n.news.naver.com/mnews/article/119/0003078813?sid=101,방산/우주항공,"KTC, 공공형 '방산·우주 시험평가 센터' 구축","한국기계전기전자시험연구원(KTC)이 공공형 방산·우주 시험평가 센터를 구축하고, 2030년까지 총 사업비 188억원을 투입할 예정입니다.",호재,2026-04-09 11:36,19.8,사실형,47.9
https://n.news.naver.com/mnews/article/011/0004608889?sid=101,방산/우주항공,"KTC, ‘우주 시험평가 센터’ 구축...K-방산 수출 교두보로","KTC는 '우주 시험평가 센터'를 군포시 본원에 188억 원 투입, 2030년 완공을 목표로 하고 있다.",호재,2026-04-09 10:57,25.7,대화형,39.7
https://n.news.naver.com/mnews/article/001/0016013182?sid=100,방산/우주항공,"한화에어로, 핀란드에 K9 자주포 112문 추가 수출…9천400억규모","한화에어로, 핀란드에 K9 자주포 112문 추가 수출, 9천400억 규모",호재,2026-04-09 20:30,41.9,예측형,5.8
https://n.news.naver.com/mnews/article/005/0001842350?sid=101,방산/우주항공,풍산은 왜 돌연 탄약사업부 매각을 접었나,풍산은 한화에어로스페이스와의 탄약사업부 매각 인수에 대해 돌연 중단을 통보했다.,호재,2026-04-10 00:13,28.0,사실형,77.3
https://n.news.naver.com/mnews/article/022/0004119735?sid=101,방산/우주항공,"[경제 단신] 올리브영, 지역 매장 확대 600명 고용 외","CJ올리브영이 비수도권 지역 신규 매장 출점과 리뉴얼, 물류 인프라 강화에 1238억원을 투입하고 600명의 신규 인력을 채용한다.",호재,2026-04-10 05:02,27.6,사실형,92.3
https://n.news.naver.com/mnews/article/421/0008883577?sid=102,IT/반도체,"대전시, 글로벌 과학산업 허브 도약 시동…과학기술 4369억 투자",대전시가 과학기술 인프라를 실질적인 산업 성장으로 연결하기 위한 본격적인 행보에 나섰다.,호재,2026-04-11 10:59,79.8,대화형,24.2
https://n.news.naver.com/mnews/article/088/0001004994?sid=101,방산/우주항공,1조5천억 풍산 탄약사업 매각 결국 무산…단독 입찰 한화에어로스페이...,풍산의 1조5천억원 수준의 탄약사업부 매각이 사실상 무산되었습니다.,악재,2026-04-09 19:10,28.4,사실형,89.9
https://n.news.naver.com/mnews/article/658/0000140639?sid=101,방산/우주항공,美·이란 휴전…전문가들 “코스피 비중 늘릴 때”,코스피가 실적 상승 및 이익 전망 개선에 힘입어 추세 상승을 이어갈 전망이다.,호재,2026-04-09 19:21,9.5,사실형,91.5
https://n.news.naver.com/mnews/article/014/0005505087?sid=100,방산/우주항공,"""절충교역, 수출 확장 물꼬"" 방사청 英 방산기업과 韓 중소기업 매칭","방위사업청은 영국의 MBDA와 국내 중소기업을 잇는 절충교역 사업 설명회를 열어, 국산 부품의 해외 수출 및 기술 협력을 위한 비즈니스 장을 마련했다.",호재,2026-04-09 12:44,32.6,사실형,86.1
https://n.news.naver.com/mnews/article/003/0013879300?sid=105,IT/플랫폼,"""보안 사고 내고 로그 없으면 인증 취소""…정부, IT 대기업 ISMS-P 대수술","정부가 IT 대기업의 정보보호 관리체계 인증기준을 확대하고, 심사 사후 관리를 거부하거나 로그를 보관하지 않는 등 중대한 결함 행위가 있는 기업에 대해 인증을 취소할 방침이다.",호재,2026-04-10 08:00,24.7,사실형,74.1
https://n.news.naver.com/mnews/article/374/0000503470?sid=101,IT/플랫폼,야놀자도 떼어냈다…유통·플랫폼 공룡 '전금업 라이선스' 반납 속출,유통·플랫폼 기업들이 자체 결제 시스템을 유지할 유인이 약화되면서 전금업 라이선스를 반납하는 사례가 속출하고 있습니다.,호재,2026-04-09 17:08,14.8,사실형,49.8
https://n.news.naver.com/mnews/article/056/0012159551?sid=101,IT/플랫폼,“고점에 샀는데 아직도 한숨만”…네카오 주가 미스터리 [잇슈 머니],"네이버와 카카오의 주가가 크게 하락하는 이유는 AI 공포감과 AI 투자 비용 부담, 그리고 경쟁력 부족 때문입니다.",호재,2026-04-10 06:54,69.0,추론형,0.0
https://n.news.naver.com/mnews/article/018/0006254284?sid=101,IT/플랫폼,"온플법, 美 통상 갈등으로 번질라...""공정거래법 보완하자"" 목소리","온플법이 미국의 통상 압박 대상으로 오르면서 입법 동력이 약화되고, 정부와 여당 내부에서도 장기 보류를 고려하고 있다.",호재,2026-04-10 06:32,13.0,사실형,79.7
https://n.news.naver.com/mnews/article/030/0003416298?sid=101,IT/플랫폼,게임에 빠진 인터넷은행…앱테크로 '비이자수익' 확보,인터넷은행들이 앱테크로 수익모델을 확대하고 있다.,호재,2026-04-09 10:28,24.6,사실형,43.4
https://n.news.naver.com/mnews/article/079/0004134737?sid=103,IT/플랫폼,쿠팡 등 온라인플랫폼 비료 광고 및 표시사항 점검 실시,쿠팡 등 온라인 플랫폼에서 비료 광고 및 표시사항을 점검한다.,중립,2026-04-09 11:02,21.2,추론형,0.0
https://n.news.naver.com/mnews/article/092/0002418166?sid=105,IT/플랫폼,"""라이브커머스, 자사몰·버티컬에서도 잘된다...300만원 넘는 제품 판매...",라이브커머스 솔루션이 카테고리별 플랫폼과 브랜드 자사몰에서 활용 가능하다.,중립,2026-04-09 18:39,20.0,사실형,49.8
https://n.news.naver.com/mnews/article/024/0000104674?sid=101,IT/플랫폼,중동에 베팅한 ‘네카오’ 한숨 왜?...믿던 사우디에 발등 찍혔다,네이버가 사우디에 베팅한 사업이 실패로 끝나면서 한숨을 쉬고 있다.,악재,2026-04-09 15:41,23.2,사실형,95.4
https://n.news.naver.com/mnews/article/374/0000503368?sid=101,IT/플랫폼,카드 추월한 선불충전...'간편결제' 네카토 1조 시대 눈앞,"네카토의 1조 시대가 도래하고 있으며, 선불충전금은 고객 충성도를 확인하는 중요한 지표로 여겨지고 있습니다.",호재,2026-04-09 13:35,61.1,추론형,0.0
https://n.news.naver.com/mnews/article/014/0005505447?sid=103,엔터/미디어,"지드래곤 소속사 갤럭시코퍼레이션 대표 ""우리는 테크 마에스트로"" 어떤...","갤럭시코퍼레이션은 AI 글라스와 로봇을 앞세운 '엔터테크 2.0' 비전을 제시하며, 기술 기반 팬 경험 혁신과 플랫폼 비즈니스로의 확장을 본격화한다.",호재,2026-04-09 18:56,39.4,사실형,61.3
https://n.news.naver.com/mnews/article/016/0002627086?sid=103,엔터/미디어,“GD가 매출 80%”…한 해에 2391억 버는 슈퍼 IP 의존도 벗는 갤럭시의...,갤럭시코퍼레이션의 첫 흑자 전환과 지드래곤의 슈퍼 IP 의존도가 줄어든 엔터테크 사업 확대에 대한 발표,호재,2026-04-09 10:46,38.7,사실형,66.3
https://n.news.naver.com/mnews/article/015/0005273267?sid=101,자동차/모빌리티,"""벌써 20만대"" 미국서 '기아 車' 대박 터지더니…'깜짝 전망'","기아가 미국에서 현대자동차를 추월한 것은 하이브리드카 수요가 급증하고 스포티지, 텔루라이드 등 인기 차종의 하이브리드 모델을 발 빠르게 내놓았기 때문이다.",호재,2026-04-10 08:01,13.8,사실형,78.1
https://n.news.naver.com/mnews/article/011/0004609230?sid=101,자동차/모빌리티,"기아, 49조 베팅…2029년 美공장 휴머노이드 로봇·도심 자율주행","기아가 49조 원을 투자해 전동화, 자율주행, 로보틱스 등 미래 사업에 본격 나선다.",호재,2026-04-10 07:18,11.9,사실형,72.1
https://n.news.naver.com/mnews/article/008/0005342379?sid=101,자동차/모빌리티,현대차 전기차 67%에 탑재된 SK온 배터리..실적 개선 청신호,"현대차가 전기차 시장에서 큰 점유율을 차지하고 있으며, SK온 배터리의 실적 개선으로 청신호를 보인다.",호재,2026-04-10 05:50,13.6,사실형,56.3
https://n.news.naver.com/mnews/article/366/0001155722?sid=103,자동차/모빌리티,"BYD는 전 세계에 파는데… 미국 비중 30%나 되는 현대차, 다변화 통할까",현대차와 기아가 미국 관세 영향과 전기차 둔화로 1분기 재무적 타격을 입을 것이라고 예상된다.,악재,2026-04-10 06:01,24.8,사실형,97.6
https://n.news.naver.com/mnews/article/009/0005663766?sid=101,자동차/모빌리티,"친환경차 27종 대거 출시 … 기아 ""2030년 413만대 판매 목표""","기아가 2030년까지 413만대의 차량을 판매하고, 전기차 14종과 하이브리드차 13종을 출시하여 친환경차 중심의 판매 구조로 전환할 계획이다.",호재,2026-04-09 17:57,26.8,사실형,83.9
https://n.news.naver.com/mnews/article/020/0003711219?sid=101,자동차/모빌리티,"기아, 2029년 ‘도심 자율주행’ 구현… 美공장엔 ‘아틀라스’ 투입","기아는 2029년 도심 자율주행 기술을 구현하고, 아틀라스 로봇을 미국 공장에 투입할 계획이다.",호재,2026-04-10 00:31,18.5,사실형,67.8
https://n.news.naver.com/mnews/article/023/0003969935?sid=101,자동차/모빌리티,美공장에 아틀라스 투입… 기아도 로봇 기업 변신 채비,기아가 아틀라스를 투입하고 PBV와 로봇을 결합한 새로운 서비스를 선보일 예정이다.,호재,2026-04-10 00:32,23.8,사실형,92.9
https://n.news.naver.com/mnews/article/018/0006253805?sid=101,자동차/모빌리티,전장 풀라인업 꺼내든 삼성 하만…현대차·기아에 '협력 러브콜'[르포],삼성 하만이 현대차와 기아에 전기차 사운드 기술 협력을 제안했다.,호재,2026-04-09 17:02,23.5,사실형,99.7
https://n.news.naver.com/mnews/article/092/0002418167?sid=103,자동차/모빌리티,"""테슬라 잘나가니 철퇴""…전기차 보조금 개편에 수입차 불만 ↑",정부가 발표한 전기차 보조금 평가 기준이 수입차 업계에 반발하는 이유는 해당 기준이 사실상 현대차·기아에 유리하도록 설계된 것 같아 보인다.,호재,2026-04-09 18:46,36.7,사실형,70.4
https://n.news.naver.com/mnews/article/018/0006253741?sid=103,자동차/모빌리티,국산 전기차 보조금 우대가 타당한 이유[기자수첩],국산 전기차 보조금 우대는 우리나라 전기차 산업의 위기를 극복하기 위한 정책으로 보아야 한다.,호재,2026-04-09 16:15,47.0,사실형,47.7
https://n.news.naver.com/mnews/article/020/0003711155?sid=103,자동차/모빌리티,자율주행-로보틱스 양축 내건 기아 “내년 레벨2+ SDV 개발 완료”,"기아가 2029년까지 자율주행 기술을 개발하고, 미국 공장에 로봇 '아틀라스'를 투입할 계획이다.",호재,2026-04-09 16:45,18.4,사실형,63.5
https://n.news.naver.com/mnews/article/293/0000082468?sid=101,자동차/모빌리티,"기아, 생산은 '로봇' 차량은 '소프트웨어' 재편","기아가 로봇과 소프트웨어 중심 모빌리티 기업으로의 전환을 공식화하였고, 2030년까지 자율주행, 소프트웨어 정의 차량, 로보틱스 등 미래 사업에 21조원을 투자할 계획이다.",호재,2026-04-09 15:23,25.1,사실형,69.2
https://n.news.naver.com/mnews/article/079/0004134950?sid=101,자동차/모빌리티,"기아, 하이브리드로 캐즘 뚫고 로봇·자율주행으로 내일 연다","기아가 하이브리드 라인업을 13종으로 확대하고, 자율주행과 로보틱스 등 미래 먹거리에 5년간 49조 원을 투자하여 초격차 전략을 발표했다.",호재,2026-04-09 15:44,23.4,사실형,68.4
https://n.news.naver.com/mnews/article/031/0001020968?sid=101,자동차/모빌리티,"현대차그룹, 멕시코 '전동화 허브' 구축 가속⋯기아 6억 달러 투자","현대차그룹이 멕시코 '전동화 허브' 구축을 가속화하고 기아가 6억 달러를 투자하여 신규 EV 라인, 태양광 단지, 수처리 시설을 구축한다.",호재,2026-04-09 14:36,20.6,사실형,71.4
https://n.news.naver.com/mnews/article/009/0005663764?sid=103,자동차/모빌리티,"무뇨스 ""세계화는 끝났다 … 현지서 부품 조달""",현대차는 중동 전쟁으로 인한 공급망 리스크를 대응하기 위해 유럽 현지에서 자동차 부품을 생산하는 방안을 검토 중이다.,호재,2026-04-09 17:57,11.8,사실형,60.5
https://n.news.naver.com/mnews/article/023/0003969834?sid=101,자동차/모빌리티,"車 넘어 로봇 기업으로…기아, 美공장에도 아틀라스 투입한다",기아가 2029년부터 미국 조지아주 공장에 휴머노이드 로봇 '아틀라스'를 투입할 예정이다.,호재,2026-04-09 14:29,23.1,사실형,82.6
https://n.news.naver.com/mnews/article/011/0004608939?sid=101,자동차/모빌리티,"기아, 3년 후 ‘아틀라스’ 美 조지아공장 투입…5년간 49조 쏟는다","기아는 2029년 현대차그룹의 휴머노이드 로봇 '아틀라스'를 미국 조지아 공장에 투입하고, 5년간 49조 원을 투자하여 2030년 매출 170조 달성을 목표로 내년 PV7에 내연 9종 순차 출시한다.",호재,2026-04-09 14:13,18.3,사실형,89.2
https://n.news.naver.com/mnews/article/021/0002783486?sid=101,자동차/모빌리티,"현대차그룹, 작년 R&amp;D 9조원 투입… 차세대 AI·자율주행 기술개발 ‘가...",현대차그룹은 작년 R&amp;D 비용 9조원을 투입하며 차세대 AI·자율주행 기술 개발에 재원을 적극 투입하고 있다.,호재,2026-04-09 11:50,25.2,사실형,91.1
https://n.news.naver.com/mnews/article/016/0002627162?sid=101,자동차/모빌리티,"무뇨스 현대차 CEO, 유럽 현지 생산 늘린다","현대차 CEO 무뇨스는 유럽 현지 생산을 늘리기로 결정했으며, 공급망 재편의 불가피성을 강조했다.",호재,2026-04-09 11:27,18.2,사실형,61.6
https://n.news.naver.com/mnews/article/293/0000082448?sid=101,자동차/모빌리티,"김성환 기후부 장관, '전기차 보급평가' 사과...항목 수정 불가피","김성환 기후부 장관이 전기차 보급평가 사과, 평가 항목 수정해야 함",호재,2026-04-09 10:54,33.1,사실형,84.0
https://n.news.naver.com/mnews/article/016/0002627633?sid=104,IT/반도체,"앤트로픽, 자체 AI 칩 개발 검토 중","앤트로픽이 자체 AI 칩 개발을 검토중인 것으로 보도되며, 이는 반도체 품귀 현상에 대응하고 더 발전된 AI 시스템을 구축하려는 조치로 해석된다.",호재,2026-04-10 09:54,33.3,사실형,94.0
https://n.news.naver.com/mnews/article/015/0005273682?sid=105,IT/반도체,"""한바퀴 돌렸는데 이게 돼?""…SNS 터진 '갤S26 대박 기능' [테크로그]",갤럭시S26 시리즈 카메라의 '수평 고정 슈퍼 스테디' 기능이 출시 후 사회관계망서비스(SNS)에서 화제를 이어가고 있다.,호재,2026-04-11 12:35,16.3,사실형,65.7
https://n.news.naver.com/mnews/article/015/0005272746?sid=103,자동차/모빌리티,"""줄 너무 길어 깜짝 놀랐다""…테슬라 신차 '대박 조짐'","테슬라가 국내에 본격 출시한 '모델Y L'은 기존 모델Y보다 길고 높아져, 패밀리카 시장에 큰 영향을 미칠 것으로 예상된다.",호재,2026-04-09 06:31,22.9,사실형,66.6
https://n.news.naver.com/mnews/article/117/0004054577?sid=105,IT/플랫폼,"[IT 세대교체 ⑤] 넷마블은 사람, 넥슨은 구조…갈린 성장 방식","넷마블은 창업자가 직접 회사를 이끄는 방식으로 체질 재정비를 통해 성장하고 있지만, 넥슨은 전문경영인 전면에 세우고 IP 전략을 고수하여 다른 방식으로 성장하고 있다.",호재,2026-04-16 07:00,19.5,사실형,61.8
https://n.news.naver.com/mnews/article/082/0001376289?sid=101,IT/플랫폼,"석유공사 오피넷, 고유가 시대 ‘물가 파수꾼’ 역할 ‘톡톡’…일일 이...",한국석유공사는 최근 고유가 부담을 완화하기 위해 오피넷을 통해 정부의 물가안정 대책을 지원하고 있다.,호재,2026-04-15 20:02,24.2,사실형,47.2
https://n.news.naver.com/mnews/article/021/0002785029?sid=101,IT/플랫폼,‘미토스 충격’에 정부 연이은 긴급회의…제로트러스트·공급망 보안 ...,정부는 정보보호업계의 대응력 강화와 성장 기회로 연결하겠다는 방침이다.,호재,2026-04-16 00:02,9.3,사실형,71.6
https://n.news.naver.com/mnews/article/025/0003516454?sid=105,IT/플랫폼,"석유공사 오피넷, 고유가 시대 ‘물가 파수꾼’ 역할 톡톡","한국석유공사 오피넷 앱은 최근 고유가 부담을 완화하기 위해 대국민 유가정보 플랫폼으로 사용되며, 정부의 물가안정 대책을 지원하고 있다.",호재,2026-04-15 17:55,25.7,사실형,35.6
https://n.news.naver.com/mnews/article/008/0005344861?sid=105,IT/플랫폼,"미토스 등장에 '화들짝'…정부, 보안·IT 기업 불러 '비상대책' 마련",정부가 보안 및 IT 기업과 긴급 대책 회의를 열어 AI 기반 취약점 탐지와 공격 시나리오 분석 등 고난도 보안 역량을 강화하기 위해 노력하고 있다.,호재,2026-04-16 04:00,19.2,사실형,80.2
https://n.news.naver.com/mnews/article/029/0003021916?sid=105,IT/플랫폼,[기획] 韓 덮친 ‘버그마겟돈’ 공포… AI ‘미토스’ 충격에 금융권 초...,AI 모델 '미토스'의 보안 취약점 발견에 국내 금융권이 긴급 대비태세를 점검 중이다.,호재,2026-04-15 18:38,36.5,사실형,65.1
https://n.news.naver.com/mnews/article/421/0008892114?sid=105,IT/플랫폼,이틀 새 긴급회의 4차례…'미토스 쇼크'에 정부 비상(종합),"정부는 앤트로픽 인공지능(AI) 모델 '미토스'의 해킹 우려에 긴급 대응하고, 주요 플랫폼사와 보안 업체들에게 긴급 보안 점검을 요청했다.",호재,2026-04-15 17:56,14.9,사실형,77.7
https://n.news.naver.com/mnews/article/011/0004611133?sid=105,IT/플랫폼,"“해외 메탈카드 수출↑”…코나아이, 1분기 영업이익 전년比 94% 성장","코나아이, 1분기 영업이익 94% 성장, 해외 메탈카드 수출 성장세 지속",호재,2026-04-15 18:11,21.3,사실형,77.4
https://n.news.naver.com/mnews/article/030/0003418313?sid=101,IT/플랫폼,"네카오, 지난해 법인세 납부액 7000억 육박…구글·메타는 255억에 불과","네이버와 카카오가 지난해 법인세로 납부한 금액이 7000억원에 달하는 반면, 구글과 메타가 같은 기간 납부한 법인세는 255억원에 불과하다.",호재,2026-04-15 18:12,58.2,사실형,92.0
https://n.news.naver.com/mnews/article/293/0000082839?sid=105,IT/플랫폼,"과기정통부, 글로벌 AI 보안 공세 대응해 긴급 현안 점검",과기정통부는 글로벌 AI 보안 프로젝트 대응을 위해 정보보호업계와 긴급 현안 점검을 진행했다.,호재,2026-04-15 18:54,14.8,사실형,74.9
https://n.news.naver.com/mnews/article/422/0000855450?sid=101,IT/플랫폼,'미토스' 충격에 전세계 비상…AI가 해킹 공격,미국 AI 전문기업 앤트로픽이 개발한 AI모델 '미토스'가 해킹 공격에 취약한 시스템으로 밝혀져 전세계가 비상 상태에 빠졌습니다.,악재,2026-04-15 18:42,30.4,추론형,0.3
https://n.news.naver.com/mnews/article/028/0002800921?sid=105,IT/플랫폼,AI가 세계 최고 해커 될 수도…‘미토스 쇼크’ 정보보호 체계 흔든다,"앤트로픽이 개발한 인공지능(AI) 모델 미토스는 보안성이 높은 오픈소스 운영체제에서 발견되지 못했던 소프트웨어 결함을 매우 짧은 시간에 찾아내어, 사이버 보안 대응 체계를 재설계해야 한다는 우려가 커지고 있다.",호재,2026-04-15 17:48,23.4,사실형,72.1
https://n.news.naver.com/mnews/article/079/0004137203?sid=105,IT/플랫폼,"네이버, 달러·유로 그린본드 동시 발행…유럽 투자자 기반 확대",네이버는 달러화와 유로화로 동시 발행되는 글로벌 그린본드(Green Bond) 발행에 성공했다.,호재,2026-04-15 17:03,24.3,사실형,66.8
https://n.news.naver.com/mnews/article/011/0004610997?sid=105,IT/플랫폼,"‘미토스 충격’ 대응…정부, 통신3사 이어 정보보호기업과 긴급회의",정부는 통신3사와 정보보호기업과 긴급회의를 열어 AI로 인한 보안 위협 대응책을 논의했다.,호재,2026-04-15 14:32,12.9,사실형,91.1
https://n.news.naver.com/mnews/article/003/0013889274?sid=105,IT/플랫폼,미토스 쇼크 이어 오픈AI도 '자율 해킹 AI모델' 공개…보안 초긴장,"오픈AI가 보안 취약점 탐지에 최적화된 'GPT-5.4-사이버' 모델을 공개하며, 기존 보안 체계를 위협하는 '자율 해킹 AI'로 인식되고 있다.",악재,2026-04-15 14:42,27.9,사실형,97.1
https://n.news.naver.com/mnews/article/032/0003440153?sid=101,IT/플랫폼,해킹 AI ‘미토스’ 등장에 한국도 ‘화들짝’,"한국 정부가 해킹 AI '미토스'의 위협에 대응하기 위해 긴급 사이버 보안 대책 회의를 개최하고, 민관 전반의 신속 대응을 위한 혁신이 필요하다고 전문가들이 제언했다.",호재,2026-04-15 20:51,26.7,사실형,66.0
https://n.news.naver.com/mnews/article/469/0000925646?sid=105,IT/플랫폼,"해킹 괴물 '미소스' 파장에 정부-기업 긴급 점검... ""제로 트러스트 보안...","해킹 괴물 '미소스'로 인한 보안 우려가 높아지자 정부와 기업이 긴급 점검에 나서고, AI 보안 위협에 대비하는 '제로 트러스트' 보안 체계를 확립하기로 한다.",호재,2026-04-15 17:14,10.3,사실형,76.1
https://n.news.naver.com/mnews/article/629/0000491733?sid=101,IT/플랫폼,"네이버·카카오, 1분기 '최대실적' 예고…""본업에 AI 결합 효과""",네이버와 카카오가 1분기 최대실적을 예고하며 본업에 AI 결합 효과를 기대하고 있다.,호재,2026-04-15 16:39,35.6,사실형,99.7
https://n.news.naver.com/mnews/article/009/0005666359?sid=101,IT/플랫폼,진격의 코나아이… 1분기 매출 766억·영업익 246억,"코나아이가 1분기 매출 766억원, 영업이익 246억원 기록했다.",호재,2026-04-15 14:51,23.0,사실형,34.4
https://n.news.naver.com/mnews/article/003/0013889165?sid=105,IT/플랫폼,"""미토스 충격, 제로트러스트 확립으로 대응해야""…정부, 보안업계 간담...",정부는 보안업계와 함께 미토스 충격을 대응하기 위해 보안 강화와 중소기업 보안 격차 해소를 위한 대책을 모색하고 있다.,호재,2026-04-15 14:19,13.9,사실형,80.7
https://n.news.naver.com/mnews/article/001/0016023182?sid=105,IT/플랫폼,"[AI픽] 미토스 파장 확산…보안업계 ""제로트러스트 필수""",대한민국 정부는 AI 보안 위협에 대응하기 위해 제로 트러스트 보안 체계를 확립하고 소프트웨어 공급망 보안 강화를 요구하고 있습니다.,호재,2026-04-15 14:28,11.0,사실형,69.3
https://n.news.naver.com/mnews/article/421/0008891407?sid=105,IT/플랫폼,"""SK하이닉스 설계도 털릴라""…'미토스 쇼크' 한국도 긴급회의",SK하이닉스와 같은 주요 40개 업체 정보보호 최고책임자들이 정부의 긴급 회의에 참석하여 미토스 관련 대응 방안을 논의하였다.,호재,2026-04-15 14:22,9.7,사실형,80.7
https://n.news.naver.com/mnews/article/092/0002418756?sid=105,IT/플랫폼,"코나아이, 1분기 매출 766억원·영업이익 246억원","코나아이, 1분기 매출 766억원·영업이익 246억원 성장",호재,2026-04-15 11:01,24.8,사실형,83.5
https://n.news.naver.com/mnews/article/079/0004136974?sid=102,IT/플랫폼,21억 조회 무협웹툰 '화산귀환' 컴백…7개 국어 글로벌 동시 연재,네이버웹툰의 인기 무협 웹툰 '화산귀환'이 3부 연재를 재개하며 글로벌 독자와 다시 만난다.,호재,2026-04-15 11:26,8.8,사실형,50.6
https://n.news.naver.com/mnews/article/277/0005749916?sid=105,IT/플랫폼,"'미토스' 보안우려에 과기정통부, 기업 정보보호최고책임자 긴급 소집",과기정통부가 AI 보안 위협 대응방향 논의를 위해 기업 정보보호 최고책임자들을 긴급 소집한다.,호재,2026-04-15 14:12,12.0,사실형,82.5
https://n.news.naver.com/mnews/article/079/0004137062?sid=101,IT/플랫폼,"엔트로픽 '미토스' 충격…과기부, 제로트러스트·공급망 보안 점검",엔트로픽의 AI 보안 모델 '미토스'가 사이버 보안에 큰 충격을 주면서 정부는 제로트러스트 보안과 공급망 보안 강화를 핵심 과제로 제시했다.,호재,2026-04-15 14:16,14.5,사실형,74.8
https://n.news.naver.com/mnews/article/029/0003021804?sid=101,IT/플랫폼,석유公 오피넷…고유가 속 ‘물가 파수꾼’ 역할 톡톡,석유공사 오피넷 이용자가 200만명을 돌파하여 고유가 속 '물가 파수꾼' 역할을 톡톡히 하고 있다.,호재,2026-04-15 13:39,15.5,대화형,26.6
https://n.news.naver.com/mnews/article/001/0016022351?sid=103,IT/플랫폼,[웹툰소식] '룬의 아이들' 3부 '블러디드' 완결권 공개,'룬의 아이들' 3부 '블러디드' 완결권이 카카오페이지에서 독점 공개된다.,호재,2026-04-15 10:41,12.0,사실형,93.1
https://n.news.naver.com/mnews/article/629/0000493174?sid=101,방산/우주항공,"LIG D&amp;A, 美 방산 공략 나선다…해양 방산전시회 출격","LIG D&A는 미국 메릴랜드주에서 열리는 해양 방산 전시회 'Sea Air Space 2026'에 참가하고, HD현대중공업과 공동 부스를 꾸려 해양 솔루션 시너지를 극대화하는 전략을 택했다.",호재,2026-04-21 10:03,22.9,사실형,78.5
https://n.news.naver.com/mnews/article/092/0002419452?sid=105,방산/우주항공,"천궁Ⅱ 이어 비궁까지…LIG D&amp;A, 美 방산시장 공략 본격화","LIG D&A가 미국 방산시장에 본격적으로 진출하기 위해 SAS 2026 전시회에 참가하고, 해양 무기체계 포트폴리오를 공개한다.",호재,2026-04-21 10:05,15.2,사실형,75.6
https://n.news.naver.com/mnews/article/008/0005347013?sid=101,방산/우주항공,"LIG D&amp;A, 100% 명중 '비궁' 앞세워 미국 시장 정조준",LIG D&A는 미국 시장 진출을 위해 '비궁'과 함께 해양항공우주 전시회에 참가하여 종합 방산 솔루션 기업의 역량을 소개한다.,호재,2026-04-21 10:23,27.0,사실형,68.6
https://n.news.naver.com/mnews/article/008/0005346912?sid=101,방산/우주항공,"쎄크, HBM·방산·배터리 '성장 3각 편대' 구축... 멀티플 재평가 국면 ...","대신증권은 쎄크를 '작지만 기술력 있는 멀티플 확장형' 기업으로 재평가, 2026년 외형 성장으로 구조적 흑자전환의 분기점이 될 것이라고 분석했다.",호재,2026-04-21 08:52,17.7,사실형,85.3
https://n.news.naver.com/mnews/article/020/0003713868?sid=110,방산/우주항공,"‘무기 금수’ 빗장 푼 日, 첫 군함 수출[횡설수설/장원재]","일본이 호주에 첫 군함을 수출하는 계약을 체결하며, 사상 최대 무기 수출을 기록했다.",호재,2026-04-20 23:22,66.9,사실형,90.2
https://n.news.naver.com/mnews/article/011/0004612830?sid=100,방산/우주항공,[르포] K-방산 ‘눈과 두뇌’ 책임진다…한화시스템 구미 신사업장[이현...,"한화시스템이 구미 신사업장을 통해 MFR·CMS 양산 생산능력 30~40%를 확대하고, 2032년 매출 5조4천억, 수출비중 40%를 목표로 하고 있다.",호재,2026-04-21 08:05,81.1,사실형,85.3
https://n.news.naver.com/mnews/article/417/0001139840?sid=100,방산/우주항공,"""K방산, 황금기 아닌 골든타임…무기 도입에 15년, 벤처는 못 버틴다""",K방산은 '골든 타임'에 들어서고 있어 생존을 결정짓는 결정적 시간에 있다.,악재,2026-04-21 05:00,72.9,예측형,24.4
https://n.news.naver.com/mnews/article/011/0004612803?sid=101,방산/우주항공,한국형 차세대 전투기 KF-21 뒤엔 KCC 있었다,KCC의 방산 도료가 한국형 차세대 전투기 KF-21에 적용되어 성능을 뒷받침하고 있다.,호재,2026-04-21 07:01,23.0,사실형,77.1
https://n.news.naver.com/mnews/article/018/0006262438?sid=101,방산/우주항공,"LIG D&amp;A, 美 ‘SAS 2026’ 참가…유도로켓 앞세워 시장 공략",LIG D&A는 유도로켓 '비궁'을 앞세워 미국 해양 방산 시장 공략에 나선다.,호재,2026-04-21 10:19,20.2,사실형,66.7
https://n.news.naver.com/mnews/article/050/0000105151?sid=101,방산/우주항공,"李 ""K9 자주포, 韓-인도 신뢰 상징…현지 제조 60% 넘는 기술 이전""","이재명 대통령은 인도와의 방산 협력의 결정체인 K9 자주포 사업을 인도의 국방 자립 정책의 성공 모델로 높이 평가하며, 한국과 인도 양국의 생존이 걸린 호르무즈 해협의 안전과 인도양의 항행 자유를 함께 수호할 것이라고 밝혔다.",호재,2026-04-20 22:20,33.9,사실형,86.5
https://n.news.naver.com/mnews/article/011/0004612697?sid=101,방산/우주항공,방산·우주 호황에 첨단 페인트 뜬다,KCC는 KF-21에 첨단 방산 도료를 적용하여 고기능성 도료의 성장성에 주목하고 있다.,호재,2026-04-20 18:08,28.4,사실형,67.1
https://n.news.naver.com/mnews/article/277/0005752440?sid=101,방산/우주항공,"비궁·비룡·CIWS-Ⅱ 총출동…LIG D&amp;A, 美 시장 공략 나선다","LIG D&A는 'Sea Air Space 2026' 전시회에서 미국 시장 공략을 위해 다양한 무기체계를 선보이며, 미국 시장 진출을 위한 본격적인 마케팅 활동을 전개한다.",호재,2026-04-21 09:52,23.2,사실형,81.7
https://n.news.naver.com/mnews/article/002/0002438263?sid=102,방산/우주항공,“5~6년 내 전북이 K-방산 핵심축 될 것”…군산김제부안을 '출사표' 던...,"강은호 전 방위사업청장은 전북 방위산업의 미래에 자신감을 드러내고, 5~6년 내에 전북이 K-방산을 이끄는 핵심 축이 될 것이라고 주장했다.",호재,2026-04-20 16:57,31.2,사실형,90.2
https://n.news.naver.com/mnews/article/029/0003022711?sid=101,방산/우주항공,"자동차 대신 전차…부활하는 獨 방산, ‘K-9·K-2’ 유럽 수출 위협","독일의 자동차 산업 침체로 방위 산업에 주력하는 흐름이 나타나고, K-방산에 위협을 주고 있다.",호재,2026-04-20 17:49,47.1,사실형,81.0
https://n.news.naver.com/mnews/article/014/0005510781?sid=101,방산/우주항공,"LIG D&amp;A, 100% 명중 '비궁' 앞세워 미국 시장 정조준",LIG D&A는 미국 시장 진출을 위한 본격적인 마케팅 활동을 전개하기 위해 미국 방산시장 공략에 나선다.,호재,2026-04-21 09:41,23.7,사실형,68.3
https://n.news.naver.com/mnews/article/030/0003419884?sid=105,IT/플랫폼,"콘진원, 웹툰 작가 교육생 118명 모집…6개월 과정 운영",한국콘텐츠진흥원은 웹툰 작가 양성 사업 교육생 118명을 모집한다.,호재,2026-04-21 10:38,37.0,사실형,66.5
https://n.news.naver.com/mnews/article/014/0005510787?sid=101,IT/플랫폼,"인천공항 ""스마트패스 등록 채널 확대""…네이버페이·카카오뱅크 등과 ...",인천국제공항공사가 스마트패스 등록 채널을 확대하여 이용 편의성을 강화하고 이용률을 확대한다.,호재,2026-04-21 09:49,23.3,사실형,78.1
https://n.news.naver.com/mnews/article/277/0005752330?sid=103,IT/플랫폼,"문체부·콘진원, 웹툰 작가 양성 교육생 118명 모집",문화체육관광부와 한국콘텐츠진흥원은 웹툰 작가 양성 사업에 참여할 교육생 118명을 모집한다.,호재,2026-04-21 08:52,33.7,사실형,75.5
https://n.news.naver.com/mnews/article/021/0002786241?sid=101,IT/플랫폼,"‘AI 괴물 해커’ 미토스 쇼크… 정부, 앤스로픽 긴급면담 추진","앤스로픽의 새 AI 모델 '클로드 미토스 프리뷰'가 정보기술(IT) 및 보안 업계에 충격을 주고, 정부가 앤스로픽과의 면담을 추진한다.",호재,2026-04-21 11:55,24.9,사실형,80.9
https://n.news.naver.com/mnews/article/031/0001020443?sid=105,IT/반도체,"인텔, 머스크 AI 반도체 기지 '테라팹' 합류…초대형 칩 동맹 가속",요약 오류,중립,2026-04-08 08:42,28.9,사실형,94.9
https://n.news.naver.com/mnews/article/092/0002417791?sid=105,IT/반도체,"롯데이노베이트, NPU 생태계 넓힌다…""피지컬 AI 인프라 최적화""",요약 오류,중립,2026-04-07 16:47,40.0,사실형,80.3
https://n.news.naver.com/mnews/article/052/0002337601?sid=101,IT/반도체,삼성전자 영업이익 '57조'...반도체로 신기원 열었다,"삼성전자 1분기 영업이익 57조 원, 한국 기업 역사상 처음으로 신기록을 달성했습니다.",호재,2026-04-07 19:04,56.3,추론형,20
https://n.news.naver.com/mnews/article/011/0004608234?sid=104,IT/반도체,"인텔, 머스크의 초대형 AI 반도체 생산 프로젝트 합류",인텔이 일론 머스크 테슬라의 AI 반도체 생산 프로젝트인 '테라팹'에 합류하여 반도체 생산 기술을 리팩토링하고 AI 발전에 기여할 계획이다.,호재,2026-04-08 05:26,34.1,사실형,79.8
https://n.news.naver.com/mnews/article/374/0000502935?sid=104,IT/반도체,"인텔, 머스크 AI 반도체기지 '테라팹' 맞손",인텔이 일론 머스크의 AI 반도체기지 '테라팹'에 합류하며 초고성능 칩 생산을 위한 기술 협력을 강조했다.,호재,2026-04-08 04:27,60.4,추론형,20
https://n.news.naver.com/mnews/article/029/0003020484?sid=101,IT/반도체,또 반도체가 일냈다…2월 경상흑자 231억달러 ‘역대 최대’,2월 경상흑자 231억달러 '역대 최대'를 기록하며 한국은행이 발표했다.,호재,2026-04-08 08:00,11.3,사실형,91.7
https://n.news.naver.com/mnews/article/001/0016008100?sid=104,IT/반도체,"인텔, 머스크 AI 반도체기지 '테라팹' 합류…주가 장중 4%↑",인텔은 일론 머스크의 테라팹 프로젝트에 합류하여 반도체 제조 방식에 큰 변화가 예상된다.,호재,2026-04-08 02:08,35.4,사실형,82.6
https://n.news.naver.com/mnews/article/277/0005746236?sid=101,IT/반도체,인텔 부활하나…머스크 AI 반도체 기지 '테라팹' 합류,"인텔이 일론 머스크의 AI 반도체 기지 '테라팹'에 합류하여 초고성능 칩을 대규모로 설계, 제조, 패키징할 예정이다.",호재,2026-04-08 04:30,24.4,사실형,91.6
https://n.news.naver.com/mnews/article/215/0001248233?sid=101,IT/반도체,'AI칩 동맹' 통했다···6% 뜀박질 '환호',브로드컴이 구글과 앤트로픽과의 AI 협력 확대를 통해 6.21% 상승했다.,호재,2026-04-08 06:12,9.3,사실형,78.6
https://n.news.naver.com/mnews/article/293/0000082359?sid=101,IT/반도체,"인텔, 머스크의 AI 칩 공장 '테라팹' 합류","인텔이 테라팹에 합류해 테슬라, 스페이스X, xAI의 특수 AI 칩을 제작할 것이라고 발표했다.",호재,2026-04-08 03:11,42.7,사실형,49.0
https://n.news.naver.com/mnews/article/016/0002626185?sid=104,IT/반도체,"인텔, 머스크 AI 반도체기지 ‘테라팹’ 합류…美 반도체 재건에 이정표...",인텔은 일론 머스크 테슬라의 인공지능(AI) 칩 생산 프로젝트 '테라팹'에 합류하며 반도체 제조 방식에 큰 변화를 가져올 것이라고 밝혔다.,호재,2026-04-08 06:16,29.0,사실형,69.4
https://n.news.naver.com/mnews/article/015/0005272077?sid=101,IT/반도체,"TIGER 반도체TOP10, 순자산 10조 돌파",TIGER 반도체TOP10 ETF가 순자산 10조원을 돌파하며 내년 반도체 업황 기대가 높아진다.,호재,2026-04-07 17:36,10.5,사실형,94.8
https://n.news.naver.com/mnews/article/015/0005272093?sid=101,IT/반도체,없어서 못 파는 HBM·D램…삼성 '반도체 황금기' 계속된다,삼성전자 반도체 부문이 1년 만에 47배 늘어난 영업이익을 기록하며 글로벌 4위로 올라섰다.,호재,2026-04-07 17:42,23.2,사실형,72.0
https://n.news.naver.com/mnews/article/421/0008876291?sid=104,IT/반도체,"인텔 머스크의 반도체 테라팹에 참여, 4.19% 급등",인텔은 일론 머스크의 반도체 테라팹 프로젝트에 참여하여 4.19% 급등했다.,호재,2026-04-08 06:09,46.3,사실형,62.1
https://n.news.naver.com/mnews/article/421/0008876372?sid=101,IT/반도체,2월 경상흑자 231.9억달러…반도체 수출 호조에 '역대 최대',반도체 수출 호조에 힘입어 2월 경상수지가 역대 최대 규모의 231.9억 달러 흑자를 기록했다.,호재,2026-04-08 08:00,45.5,사실형,97.8
https://n.news.naver.com/mnews/article/003/0013874261?sid=101,IT/반도체,"2월 경상수지 231.9억불 '사상 최대' 기록…""3월도 반도체 훈풍 기대""(종...","2월 경상수지가 사상 최대 기록을 세웠으며, 반도체 수출 실적 등에 힘입어 34개월 연속 흑자 흐름을 이어간다.",호재,2026-04-08 09:44,48.2,사실형,87.9
https://n.news.naver.com/mnews/article/081/0003633220?sid=101,IT/반도체,"슈퍼사이클 반도체로만 50조… 삼성, 구글도 뛰어넘었다",삼성전자가 1분기 57조 2000억원의 영업이익을 기록하며 한국 기업 역사상 분기 기준 최대 실적을 달성했다.,호재,2026-04-08 05:01,26.8,사실형,80.0
https://n.news.naver.com/mnews/article/014/0005504007?sid=101,IT/반도체,ETF도 반도체 파워… 순자산 13%가 삼성전자·SK하이닉스,삼성전자와 SK하이닉스 순자산 비중이 10%를 넘어 ETF 시장에서 두 종목이 대장주로 자리 잡고 있다.,호재,2026-04-07 18:12,16.8,사실형,89.0
https://n.news.naver.com/mnews/article/023/0003969506?sid=101,IT/반도체,2월 경상수지 흑자 232억달러…반도체 수출 늘며 역대 최대,한국의 2월 경상수지 흑자는 사상 최대를 기록하며 34개월 연속 흑자로 2000년대 들어 두 번째로 긴 흑자 흐름을 이뤘다.,호재,2026-04-08 08:01,17.1,사실형,97.9
https://n.news.naver.com/mnews/article/008/0005340950?sid=101,IT/반도체,"AI반도체 모빌린트, 포스코 이어 롯데와도 NPU 실증","모빌린트는 롯데이노베이트와 NPU 기술 적용과 실증, 상호 기술 개선을 위한 업무협약을 체결했다.",호재,2026-04-07 15:00,32.6,사실형,84.6
https://n.news.naver.com/mnews/article/009/0005662483?sid=102,IT/반도체,법무법인 세종 'AI·디지털 경쟁법팀' 출범,법무법인 세종이 국내 대형 로펌 가운데 처음으로 'AI·디지털 경쟁법팀'을 출범했다.,호재,2026-04-07 17:48,17.0,사실형,57.4
https://n.news.naver.com/mnews/article/028/0002799641?sid=101,IT/반도체,AI투자 붐 올라탄 반도체…영업익 ‘연간 300조 시대’ 보인다,삼성전자가 1분기 영업익 57조2천억원을 기록하며 시장의 기대치를 훨씬 넘어서는 '어닝 서프라이즈'를 달성했다.,호재,2026-04-07 19:42,23.0,사실형,81.2
https://n.news.naver.com/mnews/article/008/0005340974?sid=101,IT/반도체,"삼성, 엔비디아 넘어 '세계 1위' 노린다…메모리반도체 가격 또 상승","삼성전자가 올해 1분기 매출 133조원, 영업이익 57조2000억원으로 역대 최대 실적을 기록하며 메모리 뉴노멀 시대에 진입했다.",호재,2026-04-07 15:30,31.1,사실형,66.9
https://n.news.naver.com/mnews/article/056/0012157704?sid=105,IT/반도체,[시사기획 창] AI에게 국적을 묻다,"한국 정부는 독자 파운데이션 모델, 즉 한국형 AI를 개발하기 위해 5,300억 원을 투입하고, 4개의 팀이 경쟁 중이다.",호재,2026-04-07 21:58,45.4,사실형,63.9
https://n.news.naver.com/mnews/article/018/0006252631?sid=101,IT/반도체,"KODEX 미국AI광통신네트워크, 상장 후 해외 ETF 수익률 1위",KODEX 미국AI광통신네트워크 상장지수펀드(ETF)는 상장 후 일주일 동안 15.4%의 수익률을 기록하며 국내 상장된 해외 ETF 중 수익률 1위를 차지했다.,호재,2026-04-08 09:47,12.6,사실형,84.5
https://n.news.naver.com/mnews/article/366/0001154796?sid=102,IT/반도체,"법무법인 세종, ‘AI·디지털 경쟁법팀’ 출범",법무법인 세종이 인공지능(AI)과 디지털 산업을 둘러싼 경쟁법 이슈에 대응하기 위해 'AI·디지털 경쟁법팀'을 출범시켰다.,호재,2026-04-07 11:58,10.9,사실형,62.2
https://n.news.naver.com/mnews/article/011/0004608307?sid=101,IT/반도체,반도체 호황에 경상수지 흑자 231억달러 ‘역대 최대’,반도체와 정보통신기기 수출 급증으로 경상수지가 사상 최대 흑자를 기록했다.,호재,2026-04-08 08:01,29.6,사실형,87.9
https://n.news.naver.com/mnews/article/088/0001004579?sid=101,IT/반도체,압도적 메모리 생산·AI 기술력…삼성전자 실적 견인 비법,삼성전자가 HBM4 양산과 AI 수요 확대에 힘입어 영업이익 성장 가속을 달성했다.,호재,2026-04-07 17:38,42.6,사실형,83.9
https://n.news.naver.com/mnews/article/018/0006252445?sid=101,IT/반도체,"인텔, 머스크 '테라팹' 반도체 만든다…주가 4%↑",인텔이 일론 머스크가 추진하는 대형 반도체 공장 테라팹에 합류하며 주가 4%↑,호재,2026-04-08 07:54,28.7,사실형,68.5
https://n.news.naver.com/mnews/article/022/0004118914?sid=102,IT/반도체,"대성하이텍, 대구테크노폴리스에 ‘AI 메디컬 팩토리’ 건립 [지방자치...","대성하이텍이 대구테크노폴리스에 'AI 메디컬 팩토리'를 건립하고, 의료기기 전용 생산 거점을 신설한다.",호재,2026-04-07 14:17,30.3,사실형,38.1
https://n.news.naver.com/mnews/article/018/0006252519?sid=101,IT/반도체,"앤시스코리아, 중소벤처기업연수원·태성에스엔이와 AI반도체 인재 양성...","앤시스코리아, 중소벤처기업연수원·태성에스엔이와 AI반도체 인재 양성 위한 업무협약 체결",호재,2026-04-08 08:39,49.6,사실형,50.4
https://n.news.naver.com/mnews/article/052/0002337680?sid=101,IT/반도체,삼성전자 영업이익 '57조'...반도체로 신기원 열었다,"삼성전자 1분기 영업이익 57조 원, 한국 기업 역대 최고 기록을 새로 썼다.",호재,2026-04-07 22:51,56.3,추론형,20
https://n.news.naver.com/mnews/article/016/0002626239?sid=101,IT/반도체,‘반도체 호조’에 2월 경상수지 231.9억달러 ‘역대 최대’,2월 경상수지가 역대 최대 231.9억달러로 기록되며 34개월 연속 흑자 기록을 이어갔다.,호재,2026-04-08 08:01,24.0,사실형,99.1
https://n.news.naver.com/mnews/article/003/0013874061?sid=101,IT/반도체,반도체 슈퍼사이클 본격화…삼성전자 실적 신기록에 SK하이닉스 기대감...,삼성전자와 SK하이닉스의 실적이 상승세를 보일 것으로 예상된다.,호재,2026-04-08 08:45,20.8,사실형,71.5
https://n.news.naver.com/mnews/article/015/0005271895?sid=102,IT/반도체,"세종, 대형로펌 최초 'AI·디지털 경쟁법팀' 출범…규제 대응 본격화",법무법인 세종이 AI·디지털 경쟁법팀을 출범하여 규제 대응 체계를 강화한다.,호재,2026-04-07 14:13,12.0,사실형,98.0
https://n.news.naver.com/mnews/article/421/0008876889?sid=162,IT/반도체,"공항 이전 부지에…김영록 ""반도체 산단"" vs 민형배 ""100만평 숲""",광주 '금싸라기땅' 500만평 개발 방안에 김영록 '반도체 산단' vs 민형배 '100만평 숲',호재,2026-04-08 10:18,27.3,사실형,79.9
https://n.news.naver.com/mnews/article/374/0000503004?sid=101,2차전지,[오늘장 탑픽] 기름값 급등에 전기차 인기 상승…배터리 업계 ‘활짝’,"기름값 급등에 전기차 인기 상승, 배터리 업계가 활짝 돌아서는 중이다.",호재,2026-04-08 09:37,11.6,추론형,20
https://n.news.naver.com/mnews/article/011/0004608085?sid=101,IT/반도체,"“첫째도, 둘째도 기술” 이재용의 뚝심…AI 이어 우주반도체도 초격차...","삼성전자, 우주 반도체 시장 선점을 위해 대규모 투자에 돌입하는 중이다.",호재,2026-04-07 16:26,40.5,사실형,81.4
https://n.news.naver.com/mnews/article/023/0003969413?sid=110,IT/반도체,[사설] 반도체 수퍼 사이클은 경제 체질 개선 위한 골든타임,삼성전자와 SK하이닉스의 반도체 수퍼 사이클에 힘입어 올해 국가 재정에 큰 활력을 불어넣을 것으로 전망된다.,호재,2026-04-08 00:01,33.0,예측형,11
https://n.news.naver.com/mnews/article/011/0004608151?sid=102,2차전지,"충북도, 2차전지 재활용 허브로 뜬다","충북도는 2차전지 재활용 허브를 구축하여 자원순환형 생태계를 확대하고, 유해화학물질을 줄이고 산업재해를 예방하는 실증 인프라를 구축한다.",호재,2026-04-07 17:52,8.8,대화형,10.3
https://n.news.naver.com/mnews/article/002/0002435984?sid=102,IT/반도체,아산시 ‘AI 광반도체 핵심부품’ 공모 선정…첨단산업 거점 도약,아산시는 산업통상자원부 주관 'AI 지원광 반도체 핵심부품 제조 기반구축' 공모사업에 최종 선정되어 첨단산업도시로의 도약에 속도를 냈다.,호재,2026-04-07 17:38,31.1,대화형,49.7
https://n.news.naver.com/mnews/article/030/0003415579?sid=105,IT/반도체,[이슈플러스]메모리 우위 입증한 삼성전자…반도체로만 50조 벌어,"삼성전자 반도체의 실적이 호조로, 메모리 수요 폭증이 주효했다.",호재,2026-04-07 16:01,27.5,사실형,67.2
https://n.news.naver.com/mnews/article/008/0005341324?sid=105,IT/플랫폼,"안면인증 멈칫, 모바일 신분증 전진…공공 넘어 범용 인증수단으로",모바일 신분증이 공공 서비스를 넘어 범용 인증수단으로 확산하고 있다.,호재,2026-04-08 10:06,31.9,사실형,70.2
https://n.news.naver.com/mnews/article/629/0000489284?sid=101,IT/플랫폼,"강세장 힘 못 쓴 '네카오', 눈높이도 '싹둑'…주주 고심",네이버와 카카오의 주가가 장기화된 저점 수준에 머물러 있어 주주들에 대한 고심이 깊어지고 있다.,호재,2026-04-08 00:01,59.4,사실형,72.2
https://n.news.naver.com/mnews/article/011/0004608157?sid=105,IT/플랫폼,"한국어 평가마저…中 큐원, K-AI 다 제쳤다",중국산 AI 모델 '큐원'이 한국 국가대표 AI 모델들을 제치고 최상위권을 차지하며 국내 시장 잠식 우려를 낳고 있다.,호재,2026-04-07 17:55,22.8,사실형,69.6
https://n.news.naver.com/mnews/article/215/0001248158?sid=103,IT/플랫폼,공영주차장 5부제 당장 내일인데…확인은 '각자 몫',"공영주차장 5부제가 8일부터 시행되며, 모든 승용차에 적용되지만 일부 차량은 예외로 인정된다.",중립,2026-04-07 13:08,49.8,사실형,90.0
https://n.news.naver.com/mnews/article/081/0003633172?sid=102,IT/플랫폼,8일부터 유료 공영주차장 5부제…생계형·유아동승 사전비표 받아야,"8일부터 지방자치단체 공영주차장에서 승용차 5부제가 시행되며, 생계형 차량과 유아동승 차량은 사전에 비표를 받아야 한다.",호재,2026-04-07 17:28,27.9,사실형,83.5
https://n.news.naver.com/mnews/article/015/0005271367?sid=101,IT/반도체,"""'증설하면 팔아라' 이젠 옛말...메모리 '다운턴 충격' 없을 것""",한투운용 주식운용2부 부장은 메모리 시장의 다운턴 충격이 없을 것이라고 예상한다.,호재,2026-04-06 11:31,37.5,사실형,90.1
https://n.news.naver.com/mnews/article/277/0005745539?sid=102,IT/반도체,"국립부경대·KIST 공동연구, 생성형 AI로 차세대 반도체 메모리 물질 후...",국립부경대와 KIST의 공동연구는 생성형 AI를 이용하여 차세대 반도체 메모리 물질 후보를 발굴하였습니다.,호재,2026-04-06 11:27,62.8,사실형,39.7
https://n.news.naver.com/mnews/article/001/0016006568?sid=102,IT/반도체,대성하이텍-대구시 투자협약…'AI 메디컬팩토리' 건립 등 추진,대성하이텍과 대구시는 'AI 메디컬팩토리' 건립을 위한 투자협약을 체결했다.,호재,2026-04-07 11:00,28.1,대화형,35.8
https://n.news.naver.com/mnews/article/014/0005502801?sid=102,IT/반도체,"서울 직업계고, AI·반도체 중심으로 바뀐다…2029년 AX 특성화고 20곳으...",서울시교육청은 2027년부터 2029년까지 서울 직업교육 체계를 AI·로봇 등 미래기술 중심으로 전면 재편한다.,호재,2026-04-06 09:00,26.8,사실형,54.8
https://n.news.naver.com/mnews/article/366/0001154529?sid=101,제약/바이오,"롯데바이오로직스, 日 제약사와 항암 신약 CDMO 수주",롯데바이오로직스는 일본 제약사와 항암 신약 CDMO 수주 계약을 체결하고 글로벌 시장에서의 경쟁력을 강화한다.,호재,2026-04-06 11:34,10.6,사실형,71.1
https://n.news.naver.com/mnews/article/374/0000502487?sid=101,제약/바이오,"롯데바이오로직스 ""日 제약사와 항체의약품 CDMO 계약""",롯데바이오로직스는 일본 제약사와 항체의약품 CDMO 계약을 체결했다.,호재,2026-04-06 11:40,27.0,추론형,20
https://n.news.naver.com/mnews/article/421/0008874316?sid=101,IT/반도체,"삼성전자, 1분기 영업이익 57.2조원 'AI 반도체로 새 역사'","삼성전자 1분기 영업이익 57.2조원, 매출액 133조원으로 전년동기 대비 68.06% 매출, 755.01% 영업이익 증가",호재,2026-04-07 09:54,17.6,사실형,98.3
https://n.news.naver.com/mnews/article/020/0003710363?sid=101,IT/반도체,‘AI모먼트’ 메모리 쟁탈전…삼성전자 영업이익 57조원 넘겼다,삼성전자가 1분기 매출과 영업이익이 사상 최고치를 기록하며 한국 기업의 분기 실적에 새로운 역사를 썼다.,호재,2026-04-07 08:14,37.2,사실형,97.3
https://n.news.naver.com/mnews/article/011/0004607539?sid=102,IT/반도체,"충남도, ‘차세대 반도체’ 시장 선점 닻 올렸다",충남도는 아산시에 차세대 AI 반도체 시장 선점을 위한 산업 생태계를 조성한다.,호재,2026-04-06 14:03,8.2,사실형,64.6
https://n.news.naver.com/mnews/article/018/0006251184?sid=105,IT/반도체,"크레버스, 'Renegade 2026 서밋'서 AI 교육 서비스 '허밍고' 시연",크레버스가 AI 교육 서비스 '허밍고'를 퓨리오사AI 'Renegade 2026 서밋'에서 시연하며 교육 AI 상용화 가능성을 입증했다.,호재,2026-04-06 13:57,28.4,사실형,28.4
https://n.news.naver.com/mnews/article/422/0000852018?sid=100,IT/반도체,충남도 '차세대 반도체' 선점 닻 올려…AI 광반도체 공모 선정,충남도는 인공지능(AI) 광반도체 핵심부품 제조 기반 구축 공모에 선정되어 차세대 AI 반도체 시장 선점을 위한 산업 생태계를 조성한다.,호재,2026-04-06 14:11,74.1,추론형,19.9
https://n.news.naver.com/mnews/article/421/0008872633?sid=103,제약/바이오,"제약바이오협회, 혁신 기술 발굴 위한 '오픈이노베이션 행사' 개최",한국제약바이오협회가 중소제약사와 AI바이오벤처의 혁신 기술 발굴을 위한 행사를 개최한다.,호재,2026-04-06 13:47,22.2,대화형,46.7
https://n.news.naver.com/mnews/article/030/0003415000?sid=102,제약/바이오,"제약바이오협회, 7일 중소 제약·AI벤처 잇는 파트너링 데이 개최",한국제약바이오협회가 중소제약사 및 AI벤처와의 파트너십을 강화하기 위한 행사를 개최한다.,호재,2026-04-06 13:53,16.3,대화형,14
https://n.news.naver.com/mnews/article/243/0000095811?sid=101,제약/바이오,"SK바이오사이언스, R&amp;D 실행력 ‘강화’…핵심 인재 영입·조직 재편",SK바이오사이언스는 연구개발(R&D) 실행력을 강화하기 위해 조직을 재편하고 핵심 인재를 영입했다.,호재,2026-04-06 12:26,20.9,사실형,46.9
https://n.news.naver.com/mnews/article/015/0005068261?sid=101,금융/밸류업,'탄핵 정국' 여파…밸류업 대표 종목인 금융주 동반 폭락,윤석열 정부의 기업 밸류업 프로그램에 대한 기대감이 사라져 금융주와 함께 밸류업 대표 종목들이 폭락했다.,악재,2024-12-10 16:00,23.2,사실형,49.1
https://n.news.naver.com/mnews/article/018/0006251202?sid=101,IT/반도체,충남 아산에 차세대 AI 반도체 생태계 만든다,충남도는 아산시에 차세대 AI 반도체 산업생태계를 조성하기 위해 산업부 주관의 공모에 최종 선정되었다.,호재,2026-04-06 14:17,27.9,사실형,54.9
https://n.news.naver.com/mnews/article/656/0000173110?sid=102,IT/반도체,"충남, AI 반도체 기반 구축 착수… 아산에 제조 인프라 조성",충남도가 차세대 인공지능(AI) 반도체 산업 기반을 아산에 구축하기 시작했다.,호재,2026-04-06 14:14,17.3,사실형,87.8
https://n.news.naver.com/mnews/article/001/0016004203?sid=101,제약/바이오,"[바이오스냅] 카카오헬스케어·사노피, AI 설루션 개발 협력",카카오헬스케어와 사노피가 의료 데이터 기반 AI 설루션 개발 협력을 시작한다.,호재,2026-04-06 10:14,7.2,사실형,98.2
https://n.news.naver.com/mnews/article/001/0016004621?sid=105,제약/바이오,"[바이오스냅] 동국제약 센텔리안24, 일본 유통채널 매장 입점",바이오스냅의 센텔리안24이 일본 유통채널 매장에 입점했습니다.,호재,2026-04-06 11:39,6.2,사실형,85.7
https://n.news.naver.com/mnews/article/015/0005271277?sid=105,제약/바이오,韓 디지털 인프라-韓 제약·AI 결합 ... 카카오헬스케어·사노피 협력한...,카카오헬스케어와 사노피가 의료 데이터 기반 실증 연구 협력 및 AI 솔루션 개발을 위한 MOU를 체결했다.,호재,2026-04-06 09:21,10.2,사실형,86.0
https://n.news.naver.com/mnews/article/088/0001001553?sid=101,금융/밸류업,막 오른 '슈퍼 주총' 시즌…'자사주 소각' 나선 지주사·금융株 주목할...,올해 주총은 밸류업 프로그램 도입과 조세특례제한법 개선으로 한국 증시의 구조적 업그레이드가 이어질 것,호재,2026-03-18 10:24,12.2,추론형,4.2
https://n.news.naver.com/mnews/article/001/0016026714?sid=104,IT/반도체,"美, '미국산AI 수출'에 외국기업 참여 허용…삼성·SK 의견 수용",미국 정부가 미국산 AI 수출에 외국기업의 참여를 허용하는 조치를 발표했다.,호재,2026-04-17 08:30,16.9,추론형,24.6
https://n.news.naver.com/mnews/article/374/0000504995?sid=101,IT/반도체,[서학개미 브리핑] 반도체주 랠리에 반도체 레버리지 ETF 상위 석권,"반도체 레버리지 ETF가 반도체주 랠리에 상위 석권, 세계 반도체 산업이 사상 최고 수준의 호황을 이어간다.",호재,2026-04-17 08:31,42.5,추론형,0.0
https://n.news.naver.com/mnews/article/421/0008895323?sid=101,IT/반도체,"구윤철 ""6개 유엔산하기구, 韓에 AI 허브 추진…유엔 AI본부로""",한국 경제의 강점으로 AI를 산업과 행정 전반에 적용할 수 있는 기반을 갖춰져 있다고 구 부총리가 말했다.,호재,2026-04-17 08:27,17.2,추론형,0.1
https://n.news.naver.com/mnews/article/123/0002381514?sid=101,IT/반도체,중동 긴장 완화 기대에 뉴욕증시 상승…S&amp;P500·나스닥 이틀 연속 최고치,중동 긴장 완화에 뉴욕증시가 상승하며 S&amp;P500와 나스닥이 이틀 연속 최고치를 기록했다.,호재,2026-04-17 08:31,22.5,사실형,43.7
https://n.news.naver.com/mnews/article/016/0002631077?sid=104,IT/반도체,"구윤철 “한국, 국제기구 AI 허브로 만들어야…‘유엔 AI 본부’ 될 수도...","한국은 국제기구 AI 허브로 만들어져야 하며, AI 산업을 위한 메모리 반도체와 같은 핵심 부품을 개발해야 한다.",호재,2026-04-17 08:32,29.3,추론형,0.4
https://n.news.naver.com/mnews/article/018/0006259094?sid=101,IT/반도체,"한울반도체 ""하이브리드 압흔·전극 통합 검사기 개발 본격화""","한울반도체가 하이브리드 압흔·전극 통합 검사기 개발을 본격화하고, 인공지능 기반 결함 분석 기술 도입 등이 주요 성장 요인으로 꼽혔다.",호재,2026-04-17 08:22,26.9,사실형,32.3
https://n.news.naver.com/mnews/article/015/0005276135?sid=101,IT/반도체,"""삼전닉스 합산 시총 3300兆 적정…현재 저평가 과도""-KB",삼전닉스 합산 시총 3300조 원 적정하다는 증권가의 분석,호재,2026-04-17 08:22,23.0,추론형,0.1
https://n.news.naver.com/mnews/article/018/0006259109?sid=101,IT/반도체,"한투운용, ACE AI반도체TOP3+ ETF ""수익률 1위 석권""",한투운용 ACE AI반도체TOP3+ ETF가 소부장 ETF 1위에 올랐다.,호재,2026-04-17 08:34,9.1,사실형,99.6
https://n.news.naver.com/mnews/article/056/0012164205?sid=101,IT/반도체,“더는 못 버텨” 건설사는 짐 싸는데…SK하이닉스가 고졸 채용하는 이...,SK하이닉스가 반도체 수요 증가에 대응해 인력을 채용하고 있다.,호재,2026-04-17 07:06,21.2,추론형,0.0
https://n.news.naver.com/mnews/article/374/0000504985?sid=104,IT/반도체,[비즈 나우] 전쟁도 못 막은 AI…열풍 '여전',"AI 메가트렌드가 현재 진행중이며, 머스크도 이 흐름에 적극 참여하고 있습니다.",호재,2026-04-17 07:54,37.7,추론형,0.0
https://n.news.naver.com/mnews/article/008/0005345540?sid=101,IT/반도체,K증시 '쥐락펴락' 외인에 개미 반격…'400조' ETF로 랠리 떠받쳤다,한국 증시는 외국인 투자자에 대한 반격을 시작하여 ETF를 통해 랠리를 떠받쳤다.,호재,2026-04-17 08:00,24.9,사실형,93.9
https://n.news.naver.com/mnews/article/656/0000174075?sid=110,IT/반도체,[특별기고] 천안·아산 세계 최고의 반도체 메카로,"천안은 글로벌 빅테크 기업들의 수요에 대응하기 위해 대규모 시설 투자를 집중하고 있으며, 전 세계 AI 반도체 공급망의 '심장' 역할을 수행하고 있다.",호재,2026-04-17 07:00,24.1,사실형,84.0
https://n.news.naver.com/mnews/article/138/0002224798?sid=105,IT/반도체,"""더 짓겠다"" TSMC, 이란전쟁 위기에도 AI 수요 견고…올해 매출 30% 이상...","TSMC, 이란 전쟁 위기에도 AI 수요에 힘입어 올해 30% 이상의 매출 성장을 예상한다.",호재,2026-04-17 08:25,32.8,대화형,5.7
https://n.news.naver.com/mnews/article/469/0000925968?sid=104,IT/반도체,"구윤철 부총리 ""한국, 유엔 AI 본부 될 수도… 韓선박에 SLM 접목을""",한국 경제가 AI 대전환과 에너지 대전환을 통해 성장할 수 있으리라 본다.,호재,2026-04-17 07:55,27.0,추론형,3.7
https://n.news.naver.com/mnews/article/015/0005276128?sid=101,IT/반도체,이스라엘·레바논 열흘 휴전…코스피 상승세 지속 기대 [이미아의 투자...,"코스피가 상승세를 지속할 것으로 기대되며, 현대자동차그룹의 피지컬 AI 사업 재부각과 반도체주가 이끌어내는 상승세가 주된 이유이다.",호재,2026-04-17 08:01,38.9,사실형,90.3
https://n.news.naver.com/mnews/article/374/0000504977?sid=101,IT/반도체,[마켓 프리뷰] 종전 기대감에 코스피 전고점 임박…달러·원은 '주춤',코스피가 전 고점에 근접하고 있는 상황이다. 반도체 수요 폭발과 한국 기업의 실적 개선으로 기대감이 높아지고 있다.,호재,2026-04-17 07:31,22.3,사실형,97.6
https://n.news.naver.com/mnews/article/037/0000038011?sid=101,IT/반도체,삼성전자·SK하이닉스 법인세 100조 전망에 국세청은 웃는다,"메모리 호황으로 삼성전자와 SK하이닉스가 올해 영업이익 500조 예측되며, 채권·외환시장에도 긍정影响을 미치고 있다.",호재,2026-04-17 07:02,28.3,사실형,94.2
https://n.news.naver.com/mnews/article/123/0002381500?sid=004,IT/반도체,"한국, TSMC 공세 맞서 패키징 경쟁력 강화 서둘러야",한국은 TSMC의 공세를 맞서 패키징 경쟁력을 강화하여야 한다.,호재,2026-04-17 07:00,33.8,추론형,19.4
https://n.news.naver.com/mnews/article/243/0000096492?sid=101,IT/반도체,“믿을 건 삼전닉스”라지만…반도체 ‘투톱’ 질주에 코스피 지수 좌우,반도체 사이클 전환에 따라 코스피 지수 변동이 직결되는 구조가 심화하고 있다.,호재,2026-04-17 07:01,22.1,추론형,0.5
https://n.news.naver.com/mnews/article/422/0000855995?sid=101,IT/반도체,[3분증시] 종전 불확실성 속 뉴욕증시 이틀 연속 최고치 마감,반도체주와 소셜미디어 플랫폼의 뉴스가 뉴욕증시를 이끌었다.,호재,2026-04-17 07:56,17.7,사실형,98.6
https://n.news.naver.com/mnews/article/123/0002381505?sid=004,IT/반도체,"TSMC 회장, 데슬라 '테라팹' 돈만 있다고 되는 것 아냐",테슬라의 테라팹 구상은 상징적 의미가 크지만 실제 시장 영향력으로는 제한적이다.,호재,2026-04-17 07:20,31.0,예측형,13.5
https://n.news.naver.com/mnews/article/016/0002632053?sid=101,제약/바이오,"삼성바이오로직스, 세계 최대 암학회서 CRDMO 역량 과시",삼성바이오로직스가 세계 최대 암학회인 미국암연구학회(AACR)에 참가해 CRDMO 역량을 알렸다고 밝혔다.,호재,2026-04-20 09:21,32.8,대화형,15.6
https://n.news.naver.com/mnews/article/016/0002632048?sid=105,제약/바이오,"‘알파고 아버지’ 데미스 허사비스 구글 딥마인드 CEO, 이달 29일 방한...",데미스 허사비스 구글 딥마인드 CEO가 29일 한국을 방문하여 '구글 포 코리아 2026'에 연사로 참석한다.,호재,2026-04-20 09:16,20.9,사실형,73.7
https://n.news.naver.com/mnews/article/014/0005510135?sid=103,제약/바이오,"삼성바이오로직스, AACR 첫 참가...초기 개발 '선점 전략' 본격화",삼성바이오로직스가 세계 최대 암 연구 학회인 미국암연구학회(AACR)에 처음으로 참가해 초기 신약 개발 단계 고객 확보에 본격 나섰다.,호재,2026-04-20 10:46,44.1,사실형,37.8
https://n.news.naver.com/mnews/article/001/0016030463?sid=101,제약/바이오,"[바이오스냅] HK이노엔·넥스트젠바이오사이언스, 폐섬유증 신약 공동개...","HK이노엔과 넥스트젠바이오사이언스는 폐섬유증 신약을 공동 개발하고, 현대바이오는 전립선암 병용요법 임상시험을 시작합니다.",호재,2026-04-20 10:03,22.6,대화형,40.6
https://n.news.naver.com/mnews/article/015/0005276981?sid=104,제약/바이오,혁신신약 IPO 몰린 홍콩…문턱 높아진다,홍콩 증시에서 혁신 신약 기업들이 대거 상장 신청을 냈다.,호재,2026-04-20 10:12,5.9,사실형,71.9
https://n.news.naver.com/mnews/article/015/0005276924?sid=105,제약/바이오,삼천당제약 사태 막는다?…금감원 TF 엇나간 진단 [김유림의 바이오핀셋...,"삼천당제약 10년간 정정공시 42회, 실제 매출은 134억원에 그쳐 기대치와 괴리가 크다.",호재,2026-04-20 09:30,9.2,사실형,74.8
https://n.news.naver.com/mnews/article/123/0002381641?sid=101,금융/밸류업,"하나금융, 3월 온라인 관심도 1위…KB·신한금융 뒤이어",하나금융이 3월 온라인 관심도가 1위에 오르며 KB·신한금융이 뒤를 이었다.,호재,2026-04-20 13:51,52.0,사실형,86.6
https://n.news.naver.com/mnews/article/374/0000505506?sid=104,방산/우주항공,"자동차 부진한 독일, 방위산업으로 기회 모색","독일 정부와 기업이 방위산업을 통해 경제 부진을 극복하고자 하며, 자동차 산업의 침체로 인한 일자리 감소와 생산 감소에 대응하고 있습니다.",호재,2026-04-20 16:08,69.7,추론형,0.1
https://n.news.naver.com/mnews/article/018/0006261898?sid=101,방산/우주항공,"LIG D&amp;A, 말레이시아 ‘DSA 2026’ 참가…동남아 방공 시장 공략",LIG D&A는 말레이시아의 방산 시장에 진출하기 위해 'DSA 2026' 전시회에 참가할 예정입니다.,호재,2026-04-20 14:39,44.9,사실형,64.2
https://n.news.naver.com/mnews/article/119/0003082375?sid=101,방산/우주항공,"현대로템, 8개월 만에 신용등급 'AA-'로 상향…재무 안정성 인정",현대로템의 신용등급이 국내 주요 신용평가사들로부터 'AA-'로 상향 조정되었습니다.,호재,2026-04-20 10:44,22.5,사실형,81.6
https://n.news.naver.com/mnews/article/629/0000492753?sid=101,방산/우주항공,"현대로템, 신용등급 'AA'로 점프…안정성·성장성 동시 입증","현대로템은 신용등급 'AA'로 상향평가 받았으며, 방산 부문 해외 수출로 수익 구조 개선과 장기 수익 기반 확보를 통해 안정적인 경영 환경을 유지할 계획이다.",호재,2026-04-20 09:42,60.5,사실형,75.5
https://n.news.naver.com/mnews/article/021/0002786037?sid=101,방산/우주항공,"현대로템, 국내 3대 신용평가사 신용등급 ‘AA-’로 상향","현대로템, 국내 3대 신용평가사 신용등급 'AA-'로 상향",호재,2026-04-20 16:12,23.3,사실형,71.1
https://n.news.naver.com/mnews/article/003/0013897033?sid=101,방산/우주항공,"현대로템, 신용등급 'AA'로 퀀텀점프…""30조 수주잔고로 수익기반 확보...",현대로템이 국내 3대 신용평가사로부터 신용등급 'AA'로 상향되며 대내외적으로 장기 수익 기반을 확보했다.,호재,2026-04-20 09:39,24.6,사실형,75.3
https://n.news.naver.com/mnews/article/011/0004612463?sid=101,방산/우주항공,"현대로템, 방산수출 뛰니 신용등급 날았다‥신평사 일제히 등급 상향",현대로템의 신용등급이 'AA-'로 상향 조정되면서 안정적 수주 잔고와 추가 수주 기대감이 반영된 것으로 보인다.,호재,2026-04-20 10:26,26.3,사실형,97.0
https://n.news.naver.com/mnews/article/138/0002225107?sid=101,방산/우주항공,"방사청·국기연, 말레이시아 'DSA 2026'서 한국관 운영…동남아 방산시장...",정부가 아시아 최대 규모 방산전시회 'DSA 2026'에서 통합한국관을 열고 K-방산 수출 확대에 나선다.,호재,2026-04-20 13:53,32.2,사실형,76.7
https://n.news.naver.com/mnews/article/021/0002785913?sid=100,방산/우주항공,"방사청·국기연, 말레이시아 ‘DSA 2026’ 통합한국관 운영…동남아 방...",방위사업청과 국방기술진흥연구소가 말레이시아 방산전시회 'DSA 2026'에서 통합한국관을 운영한다.,호재,2026-04-20 11:45,27.4,사실형,45.6
https://n.news.naver.com/mnews/article/277/0005751717?sid=101,방산/우주항공,"현대로템, 8개월 만에 신용등급 또 올랐다…'A+→AA-'","현대로템은 8개월 만에 신용등급이 또 올랐으며, 'A+→AA-'로 조정받았다.",호재,2026-04-20 09:21,23.2,사실형,77.1
https://n.news.naver.com/mnews/article/138/0002225088?sid=101,방산/우주항공,"현대로템, 방산 성장 타고 신용등급 'AA-'로 올라",현대로템이 방산 수출 확대에 따른 수익성 개선을 바탕으로 국내 신용평가 3사로부터 신용등급이 'A+'에서 AA-'로 상향 조정됐다.,호재,2026-04-20 11:15,24.2,사실형,73.8
https://n.news.naver.com/mnews/article/014/0005510034?sid=100,방산/우주항공,"K-방산, 亞 최대 규모 '말레이시아, DSA 2026' 참가 ""수출 잭팟 노린다""","K-방산은 亞 최대 규모 '말레이시아, DSA 2026' 전시회에서 경쟁력 집중 홍보하고 정부 간 협력을 통해 실질적 수출 기회를 창출하고 있다.",호재,2026-04-20 09:01,12.2,사실형,65.5
https://n.news.naver.com/mnews/article/082/0001376854?sid=102,방산/우주항공,현대로템 방산 호조세에 신용등급 ‘AA-’로 상승,현대로템의 방산 부문 수출로 수익 구조가 개선되고 신용등급이 'AA-'로 상승했다.,호재,2026-04-20 14:03,25.4,사실형,68.2
https://n.news.naver.com/mnews/article/052/0002342032?sid=101,IT/반도체,"[스타트 경제] 트럼프 ""이란과 합의에 매우 근접...주말에 협상 할수도...",트럼프가 이란과 협상에 가까워지고 있음을 발표했다.,호재,2026-04-17 07:32,16.2,사실형,46.4
https://n.news.naver.com/mnews/article/037/0000038010?sid=101,IT/반도체,“삼성전자 D램 마진율 70% 이상… 영업이익 올해 내내 기록 경신할 것...,삼성전자 D램 마진율 70% 이상으로 영업이익이 올해 내내 기록을 경신할 것이라는 예상이 나왔다.,호재,2026-04-17 07:02,23.5,사실형,56.6
https://n.news.naver.com/mnews/article/052/0002342017?sid=104,IT/반도체,"구윤철 ""한국을 국제기구 AI 허브로...'유엔 AI 본부' 될 수도""",구윤철 부총리는 한국을 국제기구 AI 허브로 만들기 위해 AI 관련 반도체와 센서 반도체에 집중해야 한다고 강조했다.,호재,2026-04-17 07:04,20.6,추론형,0.4
https://n.news.naver.com/mnews/article/003/0013893011?sid=101,IT/반도체,"""전쟁 끝나기 전에 미리""…반도체·소비株로 중심 이동",반도체가 전쟁 끝나기 전에 미리 주목받고 있는 중심 산업으로 성장 동력이 유지되고 있다.,호재,2026-04-17 07:00,17.2,사실형,97.2
https://n.news.naver.com/mnews/article/009/0005667040?sid=102,2차전지,[단독] 상폐위기 감추고 “2차전지 합니다”…간판에 속은 1만5천명 ‘피...,"회사 이차전지 신사업 추진 중, 유상증자 통해 자금 조달할 것",호재,2026-04-16 16:31,18.1,사실형,53.9
https://n.news.naver.com/mnews/article/374/0000504994?sid=101,제약/바이오,[어제장 오늘장] 종전 시계에 국내증시 회복 속도↑…코스피 최고치 근...,코스피가 미국 이란 전쟁 전 수준인 6200선을 회복하며 사상 최고치를 다시 도전하고 있습니다.,호재,2026-04-17 08:29,55.4,추론형,0.5
https://n.news.naver.com/mnews/article/018/0006259093?sid=105,제약/바이오,"김대권 보로노이 대표 ""VRN11, 데이터로 증명할 것…폐암 1차치료제 도전...",보로노이 대표는 VRN11의 데이터 우수성을 강조하며 폐암 1차 치료제에 도전장을 내밀었다.,호재,2026-04-17 08:22,53.5,사실형,55.7
https://n.news.naver.com/mnews/article/018/0006259108?sid=105,제약/바이오,"“빅파마·대형사만 웃는다”...바이오시밀러 승인 간소화, 시장 재편 신...",바이오시밀러 승인 절차가 간소화되면서 글로벌 제약·바이오 시장의 구조 재편이 본격화할 전망이다.,호재,2026-04-17 08:33,68.6,사실형,47.2
https://n.news.naver.com/mnews/article/018/0006259076?sid=101,제약/바이오,'진에딧서 사명 변경' 코스닥 상장 노리는 브리즈바이오...강점은?,브리즈바이오는 기존 사명인 진에딧에서 사명을 변경하며 유전자 전달 플랫폼 회사이자 직접 신약을 개발하는 신약개발사로의 변화를 선포했다.,호재,2026-04-17 08:12,11.7,사실형,81.2
https://n.news.naver.com/mnews/article/009/0005667206?sid=105,제약/바이오,국가바이오혁신위원회 출범...바이오 정책 총괄 민관 진두지휘,"국가바이오혁신위원회 출범, 범정부 바이오 정책 총괄 민관 진두지휘",호재,2026-04-16 18:14,25.6,대화형,47.5
https://n.news.naver.com/mnews/article/018/0006259077?sid=101,제약/바이오,"'BCVA 최대 9.9글자 개선'…올릭스, 7.2조 건성 황반변성 치료 시장 정조...",올릭스(226950)가 건성 황반변성 치료제 시장에 나선 Olx301A 신약이 임상 2상 준비 중이다.,호재,2026-04-17 08:12,67.9,사실형,55.3
https://n.news.naver.com/mnews/article/018/0006259078?sid=105,제약/바이오,"‘유전체 팩토리’ 쓰리빌리언 vs ‘케미버스’ 파로스아이바이오, AI신...",쓰리빌리언과 파로스아이바이오는 AI 신약 개발 분야에서 경쟁력을 과시하고 있다.,호재,2026-04-17 08:12,49.9,사실형,62.6
https://n.news.naver.com/mnews/article/028/0002801114?sid=103,제약/바이오,"[제약바이오 소식] ﻿롯데바이오로직스, AACR서 ADC 플랫폼 기술 연구 성...",롯데바이오로직스는 AACR 2026에서 카나프테라퓨틱스와 공동으로 개발 중인 ADC 플랫폼 기술인 '솔루플렉스 링크'의 연구 결과를 공개할 예정이다.,호재,2026-04-16 18:04,39.9,사실형,40.1
https://n.news.naver.com/mnews/article/014/0005509116?sid=102,제약/바이오,"부경대, 국내 대학 최초 '양자AI연구소' 개소","국립부경대학교는 국내 대학 최초로 양자AI연구소를 개소하고, 양자 기술과 인공지능(AI) 융합 연구를 시작했다.",호재,2026-04-16 18:34,65.4,대화형,27.2
https://n.news.naver.com/mnews/article/009/0005667201?sid=105,제약/바이오,韓 신약 파이프라인 10년 만에 2배...4년 안에 ‘K신약 시대’ 연다,"한국의 신약 파이프라인은 10년 만에 2배가 넘어 2162건으로 증가했으며, 바이오벤처가 주도적인 역할을 하고 있다.",호재,2026-04-16 18:06,52.6,사실형,41.4
https://n.news.naver.com/mnews/article/092/0002419019?sid=105,제약/바이오,‘국가바이오혁신위원회’ 출범…바이오 정책 총괄 민관협력 플랫폼,국가바이오혁신위원회가 출범하여 바이오 정책 총괄 민관 협력 플랫폼을 구축하고 바이오 산업 발전을 위해 역할을 수행한다.,호재,2026-04-16 18:06,46.3,대화형,40.9
https://n.news.naver.com/mnews/article/648/0000046339?sid=101,제약/바이오,"제넥신, 2000억대 리스크 털었다…'신약개발 집중'",제넥신은 2000억원 규모 국제 소송에서 승소하며 자기자본 대비 81%에 해당하는 배상금을 물어줄 위기에서 벗어났다.,호재,2026-04-17 07:50,30.2,사실형,67.4
https://n.news.naver.com/mnews/article/082/0001376448?sid=101,제약/바이오,대형 수주 없는 롯데바이오로직스…신유열 경영 능력 시험대,"롯데바이오로직스는 작년 매출 16% 감소, 영업손실 1362억 원을 기록했다.",악재,2026-04-16 17:15,32.5,사실형,75.2
https://n.news.naver.com/mnews/article/215/0001249313?sid=101,제약/바이오,"美, 우주 원자력 기술 계획 발표…오클로·뉴스케일 수혜 기대-[美증시...",미국 정부가 우주 원자력 기술 계획을 발표하며 오클로와 뉴스케일 같은 기업들이 주목받고 있습니다.,호재,2026-04-17 08:01,56.5,추론형,0.1
https://n.news.naver.com/mnews/article/001/0016026322?sid=101,제약/바이오,"제약바이오협회 ""국가바이오혁신위, 산업 성장 구심점 되길""","한국제약바이오협회는 국가바이오혁신위원회 출범을 환영하며, 정책 목표와 실행방안이 보다 체계적으로 추진되기를 바란다.",호재,2026-04-16 17:36,16.1,대화형,31.3
https://n.news.naver.com/mnews/article/005/0001844028?sid=101,자동차/모빌리티,‘미·중 아니다’ 급부상한 핵심 시장서 현대차 최다 판매 신기록,현대차와 기아가 인도에서 역대 최대 판매량을 기록했다.,호재,2026-04-19 14:03,14.2,사실형,90.4
https://n.news.naver.com/mnews/article/648/0000046364?sid=101,자동차/모빌리티,"삼성전기, FC-BGA 캐파 확대…베트남에 1.8조 베팅",삼성전기가 베트남에 1.8조원을 투자해 AI 반도체 핵심 기판 FC-BGA 생산능력을 확대하고 공급망을 강화한다.,호재,2026-04-18 15:00,15.9,사실형,55.4
https://n.news.naver.com/mnews/article/016/0002631568?sid=101,자동차/모빌리티,공급망 막힌 완성차…생산·물류 부담에 수익성 ‘빨간불’,공급망 막힘으로 인한 원재료 가격 상승과 물류 비용 증가로 현대차와 기아의 수익성이 위협받고 있다.,호재,2026-04-18 07:01,39.6,사실형,68.8
https://n.news.naver.com/mnews/article/092/0002419130?sid=103,자동차/모빌리티,"한국GM 노조 ""단순 투자로 철수설 못 지워…미래차 신규 배정해야""","한국GM 노조가 사측에 미래차 생산 계획과 신규 차종 배정 등을 요구하며, 단순 투자로 철수설을 완전히 불식시키기 위해 실질적인 물량 확대를 요구한다.",호재,2026-04-17 15:59,23.1,사실형,80.8
https://n.news.naver.com/mnews/article/008/0005345779?sid=101,자동차/모빌리티,"전기차 누적 등록 100만대 돌파…현대차·기아, 1·2위 지켜","국내 전기차 누적 등록이 100만대를 돌파하며, 현대차와 기아가 1, 2위를 차지했다.",호재,2026-04-17 15:48,26.5,사실형,81.9
https://n.news.naver.com/mnews/article/011/0004611833?sid=101,자동차/모빌리티,국내 전기차 누적 100만 대 돌파...현대차가 33만대로 1위,"국내 전기차 누적 등록 대수 100만 대를 넘어섰으며, 현대차가 33만 대로 1위를 차지했습니다.",호재,2026-04-17 15:28,13.4,사실형,94.6
https://n.news.naver.com/mnews/article/016/0002631456?sid=101,자동차/모빌리티,국내 전기차 100만대 돌파…현대·기아·테슬라 ‘3강 체제’ 굳혔다,"국내 전기차 시장이 누적 등록 100만대를 넘어섰고, 주요 완성차 업체인 현대차, 기아, 테슬라가 시장의 78%를 차지하고 있다.",호재,2026-04-17 15:23,14.4,사실형,87.6
https://n.news.naver.com/mnews/article/008/0005345935?sid=101,자동차/모빌리티,중동 여파에도 '트리플 증가' 韓 자동차…종전 가능성에 기대↑,중동 전쟁 여파에도 국내 자동차 업계 내수·수출·생산이 일제히 증가했다.,호재,2026-04-18 06:30,22.7,사실형,90.3
https://n.news.naver.com/mnews/article/018/0006259362?sid=103,자동차/모빌리티,국내 전기차 100만대 시대 개막…'현대·기아·테슬라' 3강 체제,국내 전기차 시장이 100만대 돌파하며 본격적인 대중화 단계에 진입했다.,호재,2026-04-17 13:32,9.7,사실형,80.6
https://n.news.naver.com/mnews/article/016/0002631570?sid=101,자동차/모빌리티,"‘印 진출 30년’ 현대차그룹, 누적 판매 1100만대…매달 ‘신기록’",현대차그룹이 인도 시장에 진출한 지 30년을 맞아 누적 판매 1100만대를 기록하며 역대 최대 실적을 달성했다.,호재,2026-04-18 07:01,7.5,사실형,75.9
https://n.news.naver.com/mnews/article/421/0008897122?sid=103,자동차/모빌리티,美·이란 전쟁에 친환경차 잘나가는데…PHEV '찬바람' 여전,"미국-이란 전쟁으로 유가가 급등하면서 친환경차 판매량이 증가했지만, 플러그인 하이브리드차(PHEV) 판매량은 저조한 모습을 보였다.",호재,2026-04-18 06:30,27.0,사실형,48.8
https://n.news.naver.com/mnews/article/003/0013865399?sid=101,IT/반도체,"이재용·최태원·구광모 등 재계 총수들, 글로벌 광폭행보…AI시대 신사...",재계 총수들은 글로벌 시장에선 AI 시대 '글로벌 네트워크 경쟁'을 가열하고 빅테크 협력과 시장 경쟁력을 강화하고 있다.,호재,2026-04-03 11:07,33.7,사실형,74.7
https://n.news.naver.com/mnews/article/003/0013864007?sid=105,IT/반도체,"""엔비디아보다 전력 효율 좋다""…퓨리오사AI, 2세대 칩 양산 본격화","퓨리오사AI가 2세대 칩 '레니게이드'를 양산 본격화하고, AI 데이터센터 추론 수요 대응을 위해 국내외 주요 IT 기업들과 파트너십을 확장한다.",호재,2026-04-02 16:37,9.7,사실형,66.5
https://n.news.naver.com/mnews/article/030/0003414584?sid=105,IT/반도체,"안산 청년창업펀드, 로봇 싣고 AI칩 품으며 미래산업 투자판 더 크게 키...",안산시가 청년창업펀드를 통해 로봇 및 AI 반도체 분야의 유망기업을 투자하여 미래산업을 확대하고 있다.,호재,2026-04-04 20:49,25.6,사실형,86.3
https://n.news.naver.com/mnews/article/008/0005339070?sid=101,IT/반도체,"포스코DX, AI솔루션에 모빌린트 NPU 탑재 추진",포스코DX와 모빌린트는 AI 솔루션에 모빌린트의 NPU를 탑재하여 공동으로 개발하고 상용화한다.,호재,2026-04-02 16:00,25.1,사실형,86.5
https://n.news.naver.com/mnews/article/382/0001265981?sid=102,IT/반도체,"전남도, AI·반도체 등 미래 첨단전략산업 발굴 본격화","전라남도는 2026년 1월에 전남도 성장동력기획위원회를 본격 운영하여, 미래 신성장동력 사업을 발굴하고 국가 정책 대응을 강화하기로 결정했다.",호재,2026-04-02 17:22,46.4,사실형,72.6
https://n.news.naver.com/mnews/article/366/0001153589?sid=105,IT/반도체,포스코DX “국산 NPU로 제조 AI 혁신 가속”,"포스코DX는 국산 NPU를 활용해 제조 인공지능(AI) 혁신을 가속화하고, 현장에서 즉각적인 분석과 제어가 가능한 인텔리전트 팩토리를 구축한다.",호재,2026-04-02 09:49,13.7,사실형,64.7
https://n.news.naver.com/mnews/article/138/0002223294?sid=105,IT/반도체,"美, '규제' 판단 미스였나… 中 반도체기업, 엔비디아 빈자리 메우며 매...",미국의 고강도 수출 규제가 오히려 중국 반도체 산업의 '자급자족' 열풍에 기름을 부으며 중국 주요 반도체 기업들이 역대급 매출 기록을 세웠다.,호재,2026-04-04 10:34,23.3,사실형,81.5
https://n.news.naver.com/mnews/article/011/0004605988?sid=101,IT/반도체,반도체의 힘…3월 수출 800억弗 사상 최대,3월 수출액이 800억 달러를 넘어 월간 기준 역대 최고 기록을 달성했다.,호재,2026-04-01 15:22,42.5,사실형,91.2
https://n.news.naver.com/mnews/article/421/0008867139?sid=103,제약/바이오,"제약바이오협, 긴급 이사장단 회의 열고 약가 개편안 대응","한국제약바이오협회는 약가 개편안 대응을 논의하고, 산업계 차원의 자구 노력이 필요하다고 뜻을 모았다.",호재,2026-04-02 17:13,28.0,사실형,48.5
https://n.news.naver.com/mnews/article/001/0015998386?sid=100,제약/바이오,"""수액제 등 안정 공급 총력""…식약처, 제약업계와 간담회","식품의약품안전처는 제약업계와 간담회를 가졌고, 정부는 안정적 공급을 위해 행정 지원과 재정 지원을 약속했다.",호재,2026-04-02 14:00,5.9,사실형,58.0
https://n.news.naver.com/mnews/article/016/0002624129?sid=101,제약/바이오,"SK바이오팜, 서울바이오허브와 CNS 스타트업 육성…신약 개발 노하우 전...","SK바이오팜은 서울바이오허브와 CNS 스타트업 육성을 위한 협약을 체결했으며, 노보렉스와 쓰리브룩스테라퓨틱스를 최종 선정했다.",호재,2026-04-03 09:10,16.9,사실형,43.2
https://n.news.naver.com/mnews/article/031/0001019333?sid=101,제약/바이오,中 바이오 질주 속 韓과 협력은 확대,"중국의 제약·바이오 기술수출이 1분기 큰 폭으로 늘었지만, 국내 기업의 기술수출은 감소세를 보였다.",호재,2026-04-03 06:16,47.5,사실형,64.2
https://n.news.naver.com/mnews/article/001/0015999690?sid=101,제약/바이오,"대웅 ""한올바이오, '바토클리맙' 갑상선안병증 임상 3상 실패""",대웅은 한올바이오파마가 개발한 바토클리맙의 임상 3상 실패를 발표했다.,악재,2026-04-02 19:28,40.3,사실형,46.9
https://n.news.naver.com/mnews/article/629/0000488020?sid=102,제약/바이오,"파주시, '2026 파주 경제자유구역 바이오 컨퍼런스' 개최",파주시가 '2026 파주 경제자유구역 바이오 컨퍼런스'를 개최하여 바이오 산업 발전을 위한 협력을 강화하는 데 중점을 두고 있습니다.,호재,2026-04-03 09:15,37.9,대화형,24.7
https://n.news.naver.com/mnews/article/366/0001153592?sid=101,제약/바이오,"아리바이오, 성수현 공동대표 선임","아리바이오, 성수현 공동대표 선임, 치매 치료제 글로벌 임상 3상 종료 앞둬",호재,2026-04-02 09:52,24.0,사실형,51.5
https://n.news.naver.com/mnews/article/277/0005744713?sid=101,제약/바이오,美-이란 전쟁 장기화에 약가인하까지…제약업계 수익성 3중고,미국과 이란의 전쟁 장기화로 인한 고환율과 고유가가 국내 제약업계의 수익성 둔화를 우려하고 있다.,악재,2026-04-03 11:54,39.0,사실형,43.0
https://n.news.naver.com/mnews/article/003/0013861739?sid=102,제약/바이오,"아리바이오, 성수현 공동대표 선임…""치매약 개발 박차""",아리바이오가 성수현 부회장을 신임 공동대표이사로 선임하여 치매약 개발을 박차할 계획이라고 밝혔다.,호재,2026-04-02 08:24,18.9,사실형,41.9
https://n.news.naver.com/mnews/article/018/0006249417?sid=101,제약/바이오,"SK바이오팜-서울바이오허브, 오픈 이노베이션 프로그램 협약식 개최",SK바이오팜과 서울바이오허브가 오픈 이노베이션 프로그램을 통해 중추신경계 분야의 두 스타트업을 선정하여 협약식을 개최했다.,호재,2026-04-03 14:43,17.8,대화형,36.6
https://n.news.naver.com/mnews/article/277/0005744350?sid=101,제약/바이오,"제약바이오협, 이사장단 회의…약가 개편 대응 논의","한국제약바이오협회는 약가제도 개편안에 대한 대응 계획을 논의하고, 산업계 충격을 최소화하기 위해 총력을 기울이기로 했다.",호재,2026-04-02 18:02,33.8,대화형,10.7
https://n.news.naver.com/mnews/article/021/0002782013?sid=102,제약/바이오,2026 파주 경제자유구역 바이오 컨퍼런스… 2일 프레스센터서 개최,"파주시가 2일 한국프레스센터에서 '2026 파주 경제자유구역 바이오 컨퍼런스'를 개최하고, 국내외 기업 및 유관기관 간 협력을 강화하기 위한 업무협약을 체결했다.",호재,2026-04-03 09:16,32.1,대화형,25.9
https://n.news.naver.com/mnews/article/119/0003076979?sid=102,제약/바이오,"파주시, ‘2026 파주 경제자유구역 바이오 컨퍼런스’ 성공적 개최","파주시는 '2026 파주 경제자유구역 바이오 컨퍼런스'를 성공적으로 개최하여, 바이오산업의 최신 기술 동향과 미래 발전 방향을 공유하고 국내외 기업 및 유관기관 간 협력을 강화하기 위해 노력하고 있다.",호재,2026-04-03 20:43,21.7,사실형,29.1
https://n.news.naver.com/mnews/article/366/0001153900?sid=101,제약/바이오,[바이오 e종목] ‘1000억 회계 손실’...알지노믹스 ‘RNA 편집’ 첫 성...,"알지노믹스가 RNA 편집 기술의 유효성을 입증할 첫 시험대에 오르며, 글로벌 빅파마와의 추가 기술이전 동력을 확보할 수 있을지 주목된다.",호재,2026-04-03 06:31,33.6,사실형,44.7
https://n.news.naver.com/mnews/article/018/0006248052?sid=101,제약/바이오,"아리바이오, 성수현 공동대표이사 선임",아리바이오가 성수현 부회장을 신임 공동대표이사로 선임하여 새로운 도약에 나섰다.,호재,2026-04-02 08:46,26.5,사실형,55.2
https://n.news.naver.com/mnews/article/014/0005501812?sid=103,제약/바이오,'2030년 30조' 반려동물 의약품 시장… K제약사도 눈독,"반려동물 의약품 시장은 2030년 30조원에 달할 것으로 전망되며, 국내 제약사들도 신약 개발과 투자 확대에 속도를 내고 있다.",호재,2026-04-02 18:13,25.6,사실형,48.7
https://n.news.naver.com/mnews/article/003/0013861012?sid=102,제약/바이오,"""양국 협력 확대""…제약바이오협회, '한-캐나다' 간담회",한국제약바이오협회는 '한-캐나다 제약바이오산업 국제 협력 간담회'를 개최하여 양국 간 협력 방안과 교역 활성화를 논의했다.,호재,2026-04-01 16:43,23.8,사실형,63.7
https://n.news.naver.com/mnews/article/029/0003019636?sid=105,제약/바이오,"제약바이오협회 ""약가 개편안 대응 논의…산업계 충격 최소화 총력""","한국제약바이오협회는 약가제도 개편안에 대한 대응 방안을 논의하고, 산업계의 충격을 최소화하기 위해 노력한다.",호재,2026-04-02 15:45,46.8,대화형,48.6
https://n.news.naver.com/mnews/article/293/0000082127?sid=101,제약/바이오,'정부 vs 27개 제약사' 360억 손배소로 이어진 '백신 담합',정부가 27개 제약사에 대한 360억원 손배소를 제기했다.,호재,2026-04-03 10:12,24.0,사실형,72.6
https://n.news.naver.com/mnews/article/001/0016000345?sid=101,제약/바이오,"[바이오스냅] 케어젠, '마이오키' 멕시코 보건당국 등록 완료",케어젠의 근육 강화 펩타이드 건강기능식품 '마이오키'가 멕시코 보건당국 등록을 완료했다.,호재,2026-04-03 10:15,22.5,예측형,40.1
https://n.news.naver.com/mnews/article/079/0004131763?sid=105,IT/플랫폼,"네이버 치지직, LCK 공식 중계서 실시간 전략 우위 정보 제공",네이버 치지직이 LCK 공식 중계에서 실시간 전략 우위 정보를 제공하는 기능을 선보였다.,호재,2026-04-01 17:06,21.1,예측형,38.3
https://n.news.naver.com/mnews/article/025/0003512835?sid=102,IT/플랫폼,"[로펌] 법무법인 지평, 카카오 과징금 취소 이끌어낸 공정거래 소송 강...",법무법인 지평 공정거래그룹은 최근 대형 소송에서 연이어 승소하며 공정거래 법무 시장의 강자로 위상을 확고히 하고 있다.,호재,2026-03-31 05:31,27.6,사실형,79.7
https://n.news.naver.com/mnews/article/092/0002416500?sid=105,IT/플랫폼,"네이버·카카오의 요즘 인재상…""AI 활용 넘어 소통·사고력""",네이버와 카카오는 AI를 활용하는 능력보다 문제를 정의하고 조직 내에서 협업하여 결과를 만들어내는 역량을 중요하게 본다고 밝혔다.,호재,2026-03-27 17:27,38.2,사실형,70.8
https://n.news.naver.com/mnews/article/018/0006245631?sid=105,IT/플랫폼,네이버·라인야후 6년의 동맹 ‘마침표’ 찍은 이유,"네이버와 라인야후의 6년간의 기술 동맹이 사실상 끝났으며, 양사 간의 검색 서비스 계약이 공식적으로 종료되었다.",호재,2026-03-30 15:47,57.8,사실형,74.8
https://n.news.naver.com/mnews/article/032/0003435642?sid=105,IT/플랫폼,"‘오딘’ ‘우마무스메’ 카카오게임즈, 일본 라인야후에 인수된다","카카오게임즈의 최대 주주는 라인야후가 될 예정이며, 카카오게임즈는 지분 약 14%를 가진 2대 주주가 될 예정입니다.",호재,2026-03-25 16:01,39.2,사실형,73.0
https://n.news.naver.com/mnews/article/030/0003413221?sid=105,IT/플랫폼,"업스테이지, 네이버 출신 임원 영입…'다음' AI검색 사업 대비",업스테이지가 네이버 출신 임원 이건수를 영입하여 다음 인수를 대비하고 있다.,호재,2026-03-31 17:01,13.2,사실형,78.8
https://n.news.naver.com/mnews/article/079/0004130649?sid=102,IT/플랫폼,네이버시리즈 '최강신작' 3번째…1_394 '빚을 져서라도' 낙점,네이버웹툰이 '최강신작' 프로젝트로 1_394 작가의 웹소설 '빚을 져서라도 세상은 구해야 할 거 아니야'를 선정했다.,호재,2026-03-30 16:04,53.1,사실형,42.7
https://n.news.naver.com/mnews/article/366/0001151525?sid=105,IT/플랫폼,日 라인야후로 주인 바뀐 카카오게임즈… 글로벌 확장 기대 속 시너지 ...,카카오가 게임 사업 계열사 카카오게임즈의 지분을 일본 라인야후에 매각하면서 최대주주 자리에서 물러났다.,호재,2026-03-25 15:57,35.9,사실형,46.5
https://n.news.naver.com/mnews/article/092/0002417028?sid=105,IT/플랫폼,"업스테이지, 다음 인수 앞두고 네이버 출신 플랫폼 전문가 영입 추진",업스테이지가 네이버 출신 플랫폼 전문가 이건수 전 커넥트웨이브 대표를 영입하여 다음 인수를 앞두고 B2C 사업 확장을 위한 준비를 하고 있다.,호재,2026-04-01 09:34,17.3,사실형,50.0
https://n.news.naver.com/mnews/article/009/0005656079?sid=104,IT/플랫폼,손정의 무한야망 … 쿠팡·야놀자 대박 이어 카겜까지 접수,소프트뱅크그룹이 카카오게임즈에 1.3조원 투자해 게임 사업을 확장한다.,호재,2026-03-25 17:44,56.0,사실형,60.9
https://n.news.naver.com/mnews/article/417/0001136403?sid=105,IT/플랫폼,카카오 살린 네이버...'카겜 인수'는 라인야후의 독립 선언,네이버가 카카오와 손잡은 라인야후가 카카오게임즈를 인수함에 따라 네이버와 카카오의 긴장관계가 주목된다.,호재,2026-03-29 06:30,30.5,사실형,58.1
https://n.news.naver.com/mnews/article/293/0000081817?sid=101,IT/플랫폼,[사장님 대출 환승시대]② 플랫폼 vs 은행…시장 우위 선점할 요인,개인사업자 신용대출 갈아타기 서비스가 출시되면서 대출비교 플랫폼과 은행권 간 경쟁이 치열해졌다.,호재,2026-03-30 09:56,30.1,사실형,76.9
https://n.news.naver.com/mnews/article/003/0013846350?sid=105,IT/플랫폼,"""개발은 AI가, 인간은 설계만""…네카오·오픈AI도 주목한 '랄프톤' 뭐길...","네이버, 카카오, 오픈AI가 AI 에이전트 해커톤 '랄프톤'에 후원사로 참여하여 차세대 개발 문화에 주목하고 있다.",호재,2026-03-26 06:00,25.6,사실형,75.5
https://n.news.naver.com/mnews/article/648/0000045655?sid=105,IT/플랫폼,"10년의 동행, 40분만에 이별…주인 바뀐 카카오게임즈 운명은","카카오게임즈의 주인이 라인야후로 넘어갔으며, 카카오와 라인야후의 거래가 마무리되면 카카오게임즈에 대대적인 변화가 예상된다.",악재,2026-03-25 16:51,60.7,사실형,66.5
https://n.news.naver.com/mnews/article/293/0000081391?sid=105,IT/플랫폼,자사주 소각 뒤 반복된 임원 매도…네이버·카카오 '엇갈린 신호',네이버와 카카오에서 자사주 소각 이후 임원들이 반복적으로 매도를 하고 있는 것으로 나타났다.,악재,2026-03-23 15:31,22.0,사실형,85.7
https://n.news.naver.com/mnews/article/079/0004128828?sid=105,IT/플랫폼,"네이버, AI 기능 강화한 신규 광고 플랫폼 도입",네이버가 광고주의 운영 효율성과 편의성을 강화한 신규 광고 플랫폼을 도입한다.,호재,2026-03-25 11:54,38.2,사실형,33.1
https://n.news.naver.com/mnews/article/396/0000739617?sid=105,IT/플랫폼,카카오게임즈 주인 바뀐다…라인야후 품으로 ‘반등 승부수’,카카오게임즈의 최대주주가 라인야후로 바뀌며 경영권과 사업 전략에 변화가 예상된다.,악재,2026-03-25 14:31,27.7,사실형,66.9
https://n.news.naver.com/mnews/article/001/0015962559?sid=105,IT/플랫폼,BTS 공연 앞두고 플랫폼 경쟁…OTT·지도·통신 총출동,"BTS의 컴백 공연을 앞두고 OTT, 지도, 통신 서비스들이 경쟁적으로 서비스를 내놓고 있다.",호재,2026-03-17 06:13,51.1,사실형,76.2
https://n.news.naver.com/mnews/article/293/0000081418?sid=105,IT/플랫폼,"[현장+]""역대급 실적에 주가 왜 이래""…네이버 주총서 나온 주주 우려",네이버는 역대급 실적에도 불구하고 주가가 부진해 주주들의 불만을 사로잡고 있다.,악재,2026-03-23 19:12,59.7,사실형,90.3
https://n.news.naver.com/mnews/article/008/0005327910?sid=105,IT/플랫폼,카카오톡vs네이버앱…AI 국민비서 놓고 플랫폼 경쟁,카카오와 네이버가 AI 국민비서 서비스를 선보이며 플랫폼 경쟁을 격화시켰다.,호재,2026-03-10 15:13,36.9,사실형,48.9
https://n.news.naver.com/mnews/article/421/0008842485?sid=102,IT/플랫폼,카카오페이로 '강릉페이' 결제한다…앱 전면 개편,"강릉시는 강릉사랑상품권 앱을 개편하여 모바일 간편결제 기능을 도입하고, 플랫폼 기능을 확대한다.",호재,2026-03-23 10:46,15.7,사실형,39.7
https://n.news.naver.com/mnews/article/030/0003408568?sid=101,IT/플랫폼,"네이버지도, 5년 만에 별점 도입…구글 지도 공세 대응",네이버가 5년 만에 별점 리뷰를 도입하여 네이버 검색 및 지도에 표출되는 장소 정보 경쟁력을 강화한다.,호재,2026-03-18 10:22,36.7,사실형,55.0
https://n.news.naver.com/mnews/article/293/0000080798?sid=101,IT/플랫폼,"한패스 ""5분 송금·20개국 언어""…외국인 생활 플랫폼 목표 [현장+]","한패스는 한국 시장을 시작으로 전 세계 3억명에 달하는 외국인 여행객 대상의 금융 플랫폼이 되고자 하며, 외국인 대상 해외송금과 전자지갑 서비스를 제공하는 핀테크 기업이다.",호재,2026-03-12 14:52,12.6,사실형,65.3
https://n.news.naver.com/mnews/article/009/0005655633?sid=101,IT/플랫폼,카카오게임즈 새주인은 ‘라인야후’…덩달아 반등하는 펄어비스,"카카오게임즈가 라인야후 투자로 최대주주가 변경되고, 펄어비스도 반등하고 있다.",호재,2026-03-25 09:29,12.8,사실형,63.8
https://n.news.naver.com/mnews/article/030/0003411238?sid=105,IT/플랫폼,[뉴스해설]라인야후 카카오게임즈 인수...글로벌 플랫폼·콘텐츠 결합 노...,카카오게임즈가 일본 라인야후에 인수되어 글로벌 플랫폼 및 콘텐츠 결합 노선을 구축한다.,호재,2026-03-25 15:01,21.5,사실형,68.7
https://n.news.naver.com/mnews/article/031/0001016438?sid=105,IT/플랫폼,엇갈리는 글로벌 실적⋯'두 자릿수 증가' 네이버 vs '숨 고르기' 카카오,네이버는 해외 지역 수익이 15% 증가하는 반면 카카오는 해외 매출이 줄어들어 엇갈리는 실적을 보였다.,호재,2026-03-25 08:11,55.1,사실형,71.0
https://n.news.naver.com/mnews/article/029/0003018664?sid=103,IT/플랫폼,"“미키마우스가 왜 여기 있어?”…네이버웹툰, ‘디즈니·마블’ 새 무...",네이버웹툰이 디즈니와 포뮬러원(F1)이 컬래버한 신작 '미키x F1 정상을 향한 질주'를 연재하고 있다.,호재,2026-03-29 15:05,83.8,사실형,62.2
https://n.news.naver.com/mnews/article/030/0003409832?sid=101,IT/플랫폼,네이버·카카오·무신사·토스 총출동…소상공인 '스타 브랜드' 키운다,네이버·카카오·무신사·토스 등 13개 플랫폼이 소상공인 브랜드 육성에 힘을 모여 온라인 유통 판로 지원을 강화한다.,호재,2026-03-22 12:01,15.6,사실형,60.7
https://n.news.naver.com/mnews/article/003/0013835103?sid=102,IT/플랫폼,"밀양사랑카드, 23일 카카오페이 간편결제 시행",밀양시는 23일부터 카카오페이 간편결제 서비스를 전면 도입하여 시민들이 실물 카드를 소지하지 않아도 스마트폰만으로 간편하게 결제할 수 있게 된다.,호재,2026-03-20 13:58,30.7,대화형,10.3
https://n.news.naver.com/mnews/article/138/0002221614?sid=105,IT/플랫폼,"""좋은 회사·나쁜 주식?""…네이버 주주 직격에 최수연 대표 반응은",네이버 대표 최수연은 주주 입장에서 네이버는 좋은 기업이지만 나쁜 주식 같다고 밝혔다.,호재,2026-03-23 16:06,67.9,사실형,87.3
https://n.news.naver.com/mnews/article/001/0015950318?sid=102,IT/플랫폼,"IT 노조, 노란봉투법 시행에 ""플랫폼 기업 통합 교섭 구축해야""",IT 노조는 노란봉투법 시행을 맞아 플랫폼 기업에 원청 교섭 구조를 구축해야 한다고 요구하고 있다.,호재,2026-03-10 15:31,41.8,사실형,97.7
https://n.news.naver.com/mnews/article/421/0008808841?sid=101,IT/플랫폼,인터넷 '1인 방송' 이끈 카카오TV…9년 만에 서비스 종료,"카카오TV, 9년 만에 서비스 종료. 유튜브와 OTT의 급부상에 밀려 입지가 좁아진 것으로 보인다.",악재,2026-03-05 15:12,20.8,사실형,78.4
https://n.news.naver.com/mnews/article/020/0003702653?sid=102,IT/플랫폼,네이버-카톡서 AI와 채팅만으로 등본 발급,네이버나 카카오 등 민간 플랫폼에서 인공지능(AI)과의 채팅만으로 주민등록등본 발급 등 공공행정 서비스를 이용할 수 있게 됐다.,호재,2026-03-10 04:32,34.2,사실형,68.2
https://n.news.naver.com/mnews/article/018/0006245676?sid=101,IT/플랫폼,"“AI+스테이블코인, 4년 뒤 4000조 돌파…네이버·두나무 주목”",네이버와 두나무의 합병이 2030년까지 글로벌 결제 규모를 4000조원 돌파하는 데 핵심 역할을 할 것으로 전망된다.,호재,2026-03-30 16:14,27.9,사실형,98.2
https://n.news.naver.com/mnews/article/008/0005334965?sid=105,IT/플랫폼,"""검색은 네이버, 비서는 카카오""…AI 수익화 누가 먼저 웃나","네이버와 카카오가 AI 에이전트 전략을 비교하며, 네이버는 연내 모든 서비스에 AI 에이전트를 도입하고 수익성을 추구한다.",호재,2026-03-25 15:03,45.5,사실형,73.0
https://n.news.naver.com/mnews/article/079/0004127744?sid=102,IT/플랫폼,"강릉페이, 카카오페이 간편결제 연동…4월부터 리뉴얼 서비스 개시",강릉시 강릉사랑상품권 앱을 리뉴얼하여 간편결제 수단을 넘어 시민과 시정을 연결하는 '디지털 가교'로 고도화한다.,호재,2026-03-23 09:26,29.6,사실형,35.2
https://n.news.naver.com/mnews/article/050/0000104227?sid=101,엔터/미디어,어느 영포티 아니 영피프티의 최애 아이돌 [EDITOR's LETTER],"나띠는 태국인으로, 3000대 1의 경쟁률을 뚫고 JYP 태국 오디션에 합격해 한국 땅을 밟았습니다.",호재,2026-03-28 05:58,64.8,추론형,0.1
https://n.news.naver.com/mnews/article/001/0015973512?sid=103,엔터/미디어,[BTS 컴백] '봄날'처럼 돌아온 일곱 청년…광화문에 K팝 'DNA' 새겼다,BTS가 13년만에 컴백을 하며 광화문 앞에서 무료 공연을 열어 전통과 현대가 연결되는 축제의 장을 만들었다.,호재,2026-03-21 23:15,26.3,사실형,79.9
https://m.entertain.naver.com/article/003/0013840814,엔터/미디어,"'3년 경업금지 해제' 이수만, K팝계 돌아온다…'A2O 잘파 오디션'",이수만 전 SM엔터테인먼트 총괄 프로듀서가 3년만에 K-팝계 활동을 다시 시작한다.,호재,2026-03-23 18:15,12.7,사실형,84.5
https://m.entertain.naver.com/article/005/0001839070,엔터/미디어,BTS 이후 K팝 위기… 다국적 아이돌 키우고 AI 기술로 뚫어야,K팝 위기 해결을 위해 '엔터테크 시대'로 진입하고 버추얼 아이돌 그룹과 연계한 온라인 플랫폼을 구축해야한다.,호재,2026-03-25 00:06,26.7,추론형,1.5
https://n.news.naver.com/mnews/article/031/0001021301?sid=105,IT/반도체,"TSMC, 1분기 매출 53조원…전년比 35% 증가",TSMC는 올해 1분기에 매출 52조 8604억원에 달하며 전년比 35% 증가했다.,호재,2026-04-10 15:11,42.8,사실형,87.2
https://n.news.naver.com/mnews/article/014/0005505840?sid=101,IT/반도체,"""AI 등 첨단산업 투자에 세제 혜택까지""...국민참여형펀드 5월 출시",금융위원회는 국민참여형 국민성장펀드의 자펀드 운용사 선정 기준을 마련하고 오는 5월 상품 출시에 나선다.,호재,2026-04-10 15:56,39.9,사실형,89.7
https://n.news.naver.com/mnews/article/421/0008882865?sid=162,IT/반도체,"양향자, 경기지사 출마 선언…""추미애는 싸움꾼, 난 첨단 일꾼""","양향자 국민의힘 최고위원이 경기도지사 출마를 선언하며 추미애 후보를 향해 비판하고, 반도체 산업을 중심으로 한 경기도 발전을 약속했다.",호재,2026-04-10 15:51,35.8,사실형,89.3
https://n.news.naver.com/mnews/article/366/0001155928?sid=105,IT/반도체,"유리기판 선점 경쟁 본격화… 인텔은 ‘기술 표준’, 삼성전기는 ‘고객...","인텔은 유리기판을 차세대 패키징 핵심 기술로 제시하며 시장 선점에 나섰고, 삼성전기는 애플에 유리기판 샘플을 공급하며 경쟁을 가중하고 있다.",호재,2026-04-10 15:58,34.9,사실형,58.6
https://n.news.naver.com/mnews/article/629/0000490319?sid=101,IT/반도체,"SK하이닉스, 호실적 기대감 '솔솔'…'200만닉스' 현실 될까","증권사들이 잇달아 SK하이닉스의 목표주가를 높이며, 향후 재평가 가능성을 시사한다.",호재,2026-04-10 14:45,24.7,사실형,87.4
https://n.news.naver.com/mnews/article/469/0000924721?sid=102,IT/반도체,"경남도, 8000억 투입 '제조AI 밸류체인 구축'… 산업 구조 퀀텀 점프","경남도는 8000억 원을 투입해 조선·방산 등 주력산업에 AI 접목하고, 2033년까지 독자적인 AI 산업 생태계를 구축한다.",호재,2026-04-10 14:51,20.7,사실형,37.3
https://n.news.naver.com/mnews/article/374/0000503700?sid=101,IT/반도체,'국민성장펀드' 내달 출시…첨단산업에 60% 투자하는 자펀드 10개 선정,금융위원회가 국민참여형 국민성장펀드의 자펀드 운용사 선정을 마련해 오는 5월 출시를 목표로 준비하고 있다.,호재,2026-04-10 15:30,33.1,추론형,20
https://n.news.naver.com/mnews/article/421/0008882801?sid=101,IT/반도체,"국민참여형 국민성장펀드, 5월 출시…자펀드 규모 최대 1200억","금융위원회는 국민참여형 국민성장펀드를 오는 5월 중 출시할 계획으로, 자펀드 규모는 최대 1200억 원으로 확정했다.",호재,2026-04-10 15:26,41.7,사실형,81.4
https://n.news.naver.com/mnews/article/629/0000490313?sid=162,IT/반도체,"울먹인 양향자 ""반도체·첨단산업 지킬 것""…경기지사 출마 공식 선언",양향자 국민의힘 최고위원이 경기도지사 후보 출마를 공식 선언하며 경기도 첨단 산업을 지키겠다고 밝혔다.,호재,2026-04-10 14:40,43.7,사실형,68.2
https://n.news.naver.com/mnews/article/081/0003634274?sid=101,IT/반도체,국민참여형 국민성장펀드 5월 출시… 서민 우선배정 검토,"금융위원회는 국민참여형 국민성장펀드의 자펀드 운용사 선정 기준을 확정했으며, 5월에 펀드를 출시할 계획이다.",호재,2026-04-10 15:57,21.5,사실형,85.0
https://n.news.naver.com/mnews/article/023/0003970082?sid=105,IT/반도체,"美, 구형 반도체 장비 中 수출도 막는다... 첨단 기술 이어 생산 능력까...","미국 의회가 첨단 반도체 제조에 필요한 장비에 이어, 범용 반도체 생산용 장비의 대중 수출을 원천 차단하는 법안을 추진한다.",악재,2026-04-10 15:23,20.6,사실형,69.3
https://n.news.naver.com/mnews/article/138/0002224073?sid=105,IT/반도체,삼성전자 테일러 2㎚·평택 1c D램 '쌍끌이' 가동…2027년 승부수,"삼성전자, 테일러 2㎚ 라인 시범 가동과 평택 1c D램 장비 발주 동시 진행하여 2027년 반도체 왕좌 탈환을 목표로 한다.",호재,2026-04-10 15:50,28.1,사실형,71.2
https://n.news.naver.com/mnews/article/032/0003439102?sid=101,IT/반도체,테슬라 이어 구글과도 손잡은 인텔…미 반도체 공급망 부활하나,인텔과 구글이 차세대 인공지능(AI) 인프라 관련 협력을 발표했다.,호재,2026-04-10 15:12,20.0,사실형,59.5
https://n.news.naver.com/mnews/article/003/0013880484?sid=102,IT/반도체,"용인교육지원청, 대학과 '반도체·AI 학점인정형 공유학교' 추진","용인교육지원청은 지역 대학과 협력, 학생 맞춤형 교육을 강화하는 '학점인정형 경기공유학교'를 추진한다.",호재,2026-04-10 14:29,39.4,예측형,41.4
https://n.news.naver.com/mnews/article/009/0005664133?sid=102,IT/반도체,"GIST, 美 NI와 협약…AI반도체 ‘검증 인력’ 키운다",광주과학기술원(GIST)이 내쇼날인스트루먼트(NI)와 반도체 테스트 분야 인력 양성과 산학 협력 강화를 위한 업무협약을 체결했다.,호재,2026-04-10 14:29,16.0,대화형,48.8
https://n.news.naver.com/mnews/article/001/0016014599?sid=104,IT/반도체,"대만 상장사, 10년만에 최대 매출·순익…""AI·반도체 호조""","대만 상장사들이 10년 만에 최대 매출과 세전순이익을 기록했으며, AI 수요 증가로 전자부품업계가 이에 힘입었다.",호재,2026-04-10 14:58,12.4,사실형,99.6
https://n.news.naver.com/mnews/article/119/0003079279?sid=105,IT/반도체,"SKT-Arm-리벨리온, ‘저전력·고효율’ AI 데이터센터 구축 맞손","SK텔레콤은 Arm과 리벨리온과 함께 저전력고효율 AI 데이터센터를 구축하고, 추론 전용 CPU와 NPU를 결합한 차세대 AI 인프라 솔루션을 개발한다.",호재,2026-04-10 14:36,25.1,사실형,75.6
https://n.news.naver.com/mnews/article/005/0001842479?sid=101,IT/반도체,"아마존, 자체 AI 반도체 외부 판매 검토… “수요 매우 높다”","아마존이 자체 개발한 AI 반도체를 외부 기업에 판매하는 방안을 검토하고 있으며, 향후 연간 매출액이 약 5조4000억원에 달할 것으로 예상하고 있다.",호재,2026-04-10 15:08,25.0,사실형,75.9
https://n.news.naver.com/mnews/article/422/0000853684?sid=101,IT/반도체,[CEO풍향계] '뉴삼성 가속' 이재용…'새만금 맞손' 장재훈,이재용 삼성전자 회장은 글로벌 광폭 행보로 사상 최대의 1분기 영업이익을 달성하며 '뉴삼성' 체제에 가속 페달을 밟았습니다.,호재,2026-04-10 15:00,39.0,추론형,20
https://n.news.naver.com/mnews/article/586/0000126581?sid=101,제약/바이오,"K바이오의약품, 1분기 수출 사상 첫 20억 달러 달성",K바이오의약품이 1분기 수출 규모가 지난해 동기보다 11.1% 증가한 20억 달러를 달성했다.,호재,2026-04-10 12:05,41.2,사실형,67.2
https://n.news.naver.com/mnews/article/648/0000046150?sid=101,제약/바이오,"[기자수첩]글로벌 공급망 삼성바이오, 파업이 갖는 의미",삼성바이오로직스의 노조 파업이 글로벌 바이오의약품 공급망에 영향을 미칠 수 있다.,호재,2026-04-10 15:00,11.0,사실형,49.7
https://n.news.naver.com/mnews/article/277/0005747840?sid=103,제약/바이오,[이 주의 책]다모다란의 가치평가 바이블 外,"이 책은 리더십을 운영 체계로 재정의하고, 협업의 감각을 다시 연결하는 현대적인 리더십 가이드다.",호재,2026-04-10 14:38,27.1,사실형,45.3
https://m.entertain.naver.com/article/437/0000483455,엔터/미디어,"베이비돈크라이, 2026년 첫 컴백이 기대되는 이유","아이유, 성시경, 박효신 등 국가 대표 보컬리스트와 아이브, 에스파, 있지 등 K팝 아이콘 아이돌이 함께하는 '베이비돈크라이'가 2026년 첫 컴백을 기대되고 있습니다.",호재,2026-03-18 14:59,92.2,사실형,99.0
https://n.news.naver.com/mnews/article/366/0001155184?sid=101,자동차/모빌리티,[당신의 생각은] 수입 전기차는 보조금 받기 어려운 규정 도입에 소비자...,정부가 전기차 구매 보조금 지급 기준을 개정해 수입차 보조금이 끊길 가능성이 높아졌다.,악재,2026-04-08 14:00,30.5,사실형,69.9
https://n.news.naver.com/mnews/article/028/0002799583?sid=101,자동차/모빌리티,유가 고공행진에 전기차 살까…시장조사기관 “글로벌 시장 회복기”,"전기차 판매량이 2.3배 증가한 것으로 나타났으며, 보조금 제도 개편이 주요 이유로 꼽혔다.",호재,2026-04-07 16:24,32.8,사실형,85.6
https://n.news.naver.com/mnews/article/018/0006252847?sid=101,자동차/모빌리티,로보택시 시장 뜬다…SK온 NCM 배터리 수혜 기대감,SK온이 현대차그룹의 로보택시 사업에 힘입어 수혜를 볼 것으로 기대되고 있다.,호재,2026-04-08 14:00,19.5,사실형,55.9
https://n.news.naver.com/mnews/article/293/0000082367?sid=101,자동차/모빌리티,"[EV대세]① '보조금 170만원' 테슬라 모델Y, 1분기 시장 선두",테슬라 모델Y RWD가 1분기 국내 전기차 판매 시장 1위를 차지했다.,호재,2026-04-08 09:48,31.9,사실형,63.1
https://n.news.naver.com/mnews/article/119/0003078220?sid=101,자동차/모빌리티,[중동 퍼펙트스톰-산업] 고환율의 두 얼굴…불안감 커지는 '수출 기둥' ...,고환율로 인한 불안감이 자동차 업계에 짙어지면서 원가 상승과 수요 감소의 위험이 우려된다.,악재,2026-04-08 10:01,20.1,사실형,66.9
https://n.news.naver.com/mnews/article/417/0001137945?sid=101,자동차/모빌리티,"중동 리스크에 전기차 판매 반등, 금호석화 합성고무 경쟁력 주목",중동 리스크로 전기차 판매가 반등하고 금호석화의 합성고무 경쟁력이 주목받고 있다.,호재,2026-04-08 06:10,31.7,사실형,81.3
https://n.news.naver.com/mnews/article/018/0006252414?sid=101,자동차/모빌리티,내연·하이브리드·전기차 ‘전천후’…트럼프 변수에도 홀로 웃은 현대...,"현대차는 내연기관·하이브리드·전기차를 아우르는 포트폴리오를 기반으로 대응을 이어가고 있으며, 환경 급변에도 실적이 안정적이다.",호재,2026-04-08 06:09,40.1,사실형,80.3
https://n.news.naver.com/mnews/article/009/0005662609?sid=103,자동차/모빌리티,중국산? 뭐 어때…‘한국 1위’ 테슬라에 굴욕? 진짜 돈 되는 車는 BMW 몫...,"테슬라가 올 1분기 국내 수입차 시장에서 1위를 차지했으며, BMW와 벤츠에 굴욕을 안겨주었다.",호재,2026-04-08 07:11,23.6,사실형,82.3
https://n.news.naver.com/mnews/article/018/0006252513?sid=105,자동차/모빌리티,"티맵 오토, 탑재 차량 100만 대 돌파…통합 인포테인먼트 전략 성과","티맵 오토가 탑재 차량 100만 대를 돌파하며, 통합 인포테인먼트 전략의 성공을 거두었다.",호재,2026-04-08 08:36,11.8,사실형,93.3
https://n.news.naver.com/mnews/article/008/0005341190?sid=101,자동차/모빌리티,"""차박하려면 큰 차 필요"" 판매량 3배 뛰었다...픽업트럭 경쟁 치열","픽업트럭 시장은 무쏘와 타스만의 출시로 경쟁 구도가 형성되었고, 레저 활동 증가와 차박 수요 증가로 성장세가 이어질 것으로 예상됩니다.",호재,2026-04-08 05:30,28.4,사실형,65.0
https://n.news.naver.com/mnews/article/293/0000082289?sid=101,자동차/모빌리티,기후부 '전기차 보급사업 수행자 평가' 테슬라 불리하나,기후부가 제시한 전기차 보급사업 수행자 평가 기준이 국내 완성차 업체들에게 유리한 보조금을 부여할 가능성이 높아 논란이 되고 있다.,호재,2026-04-07 09:58,44.3,사실형,63.4
https://n.news.naver.com/mnews/article/008/0005340602?sid=101,자동차/모빌리티,유럽 질주하는 '車이나'… 韓 '소형전기차'로 제친다,유럽 자동차 시장에서 중국산 차량의 점유율이 가파르게 상승하며 한국산 차량을 압박하고 있다.,호재,2026-04-07 04:15,22.7,사실형,69.1
https://n.news.naver.com/mnews/article/008/0005340593?sid=101,자동차/모빌리티,車보다 社 본다,전기차 보조금 기준 개편은 질적 성장 방향으로 정책을 재설계했다는 평가를 받고 있다.,호재,2026-04-07 04:07,15.9,사실형,66.0
https://n.news.naver.com/mnews/article/015/0005271748?sid=101,자동차/모빌리티,"Today's Pick : ""삼성전자, 세계 1위 영업이익 가시권"" [마켓PRO]","삼성전자, 세계 1위 영업이익 가시권으로 전망, 목표주가 36만원으로 상향조정",호재,2026-04-07 08:30,6.6,대화형,35.3
https://n.news.naver.com/mnews/article/018/0006251575?sid=103,자동차/모빌리티,"다목적차량 시장 커진다…""전기·프리미엄 등 경쟁 본격화""","다목적차량 시장은 전기차 전환과 함께 빠르게 확대되고 있으며, 기아와 현대차가 새로운 경쟁을 시작한다.",호재,2026-04-07 06:01,34.0,사실형,57.2
https://n.news.naver.com/mnews/article/003/0013879416?sid=105,IT/반도체,"SKT·Arm·리벨리온, AIDC 맞손…CPU·NPU 합친 AI 서버 만든다","SK텔레콤과 Arm, 리벨리온이 차세대 AI 인프라 혁신을 위한 전략적 파트너십을 체결했다.",호재,2026-04-10 09:09,28.7,추론형,39.2
https://n.news.naver.com/mnews/article/001/0016013483?sid=105,IT/반도체,[AI픽] SKT·Arm·리벨리온 AIDC 협력…추론 최적화 인프라 구축,"SKT, Arm, 리벨리온이 AI 데이터센터 협력에 나서며 추론 최적화 인프라를 구축한다.",호재,2026-04-10 09:08,30.5,추론형,46.3
https://n.news.naver.com/mnews/article/092/0002418193?sid=105,IT/반도체,국제정세 요동에도 채용 훈풍...반도체·조선·뷰티 큰 폭 성장,"국제정세 요동에도 채용 훈풍이 이어지며 반도체, 조선, 뷰티 업종이 큰 폭으로 성장하고 있다.",호재,2026-04-10 09:07,14.8,사실형,45.5
https://n.news.naver.com/mnews/article/277/0005747560?sid=101,IT/반도체,"ADB, 韓성장률 1.7→1.9%상향…""반도체 호조, 중동전쟁 조기종식 전제""","ADB는 한국 성장률을 1.7%에서 1.9%로 상향 조정했으며, 반도체 호조와 중동 전쟁 조기 종식이 주요 요인이다.",호재,2026-04-10 09:00,6.6,사실형,90.2
https://n.news.naver.com/mnews/article/117/0004052653?sid=105,IT/반도체,"[단독] 삼성, 베트남에 6조 규모 반도체 패키징 공장 추진… AI 수요 대...",삼성전자는 베트남에 6조 규모의 반도체 패키징 공장을 건설하여 글로벌 공급망 리스크에 대응하고 인공지능(AI) 반도체 수요를 선점하고자 한다.,호재,2026-04-10 09:14,13.3,사실형,96.9
https://n.news.naver.com/mnews/article/014/0005505585?sid=101,IT/반도체,반도체가 끌어올리는 코스피...뉴욕증시 강보합에도 상승 출발 [fn개장시...,메타 자체 인공지능(AI) 모델 공개로 코스피가 상승했다.,호재,2026-04-10 09:14,21.6,사실형,49.6
https://n.news.naver.com/mnews/article/018/0006254353?sid=101,IT/반도체,"한투운용, 절세 투자 가이드북 공개 “ISA에서 연금까지 한 번에”","한투운용이 절세 투자 가이드북을 공개하며, 연금계좌를 비롯한 다양한 투자 옵션을 추천했다.",호재,2026-04-10 08:42,19.6,사실형,99.6
https://n.news.naver.com/mnews/article/016/0002627552?sid=105,IT/반도체,"“문워크 추는 휴머노이드·달탐사 로버 총출동”…KAIST, 4월 ‘과학축...","KAIST가 4월 '과학축제'를 개최하며, 로봇, 우주 기술, AI반도체 기술을 선보일 예정이다.",호재,2026-04-10 08:38,87.4,대화형,19.5
https://n.news.naver.com/mnews/article/277/0005747539?sid=101,IT/반도체,"한투운용, 절세 투자 가이드북 발간",한투운용이 절세 투자 가이드북을 발간하여 다양한 투자 전략을 제시했다.,호재,2026-04-10 08:45,37.0,사실형,99.6
https://n.news.naver.com/mnews/article/029/0003020914?sid=101,IT/반도체,제일건설㈜ ‘지제역 반도체밸리 풍경채 어바니티’ 입주 순항,제일건설㈜ '지제역 반도체밸리 풍경채 어바니티'가 입주와順항을 기록했습니다.,호재,2026-04-10 08:55,31.3,추론형,18.4
https://n.news.naver.com/mnews/article/018/0006254377?sid=101,IT/반도체,"SKT, 암·리벨리온과 '원팀' 구성...""엔비디아 GPU 의존도 낮춘다""",SK텔레콤이 Arm과 리벨리온과 손잡고 차세대 AI 데이터센터 인프라 혁신에 나선다.,호재,2026-04-10 08:52,26.2,사실형,48.7
https://n.news.naver.com/mnews/article/015/0005273285?sid=104,IT/반도체,'안전자산보다 낫다'…전쟁중에도 11% 조용히 오른 종목,엔비디아 주가는 52주 고점 대비 10% 이상 낮은 수준에 있다.,호재,2026-04-10 08:58,15.7,사실형,93.5
https://n.news.naver.com/mnews/article/016/0002627549?sid=105,IT/반도체,"‘CPU+NPU’ AI 서버 설루션 개발…SKT, AI DC 경쟁력 강화 박차",SK텔레콤이 Arm과 리벨리온과 함께 차세대 AI 인프라 혁신을 위한 전략적 파트너십을 체결했다.,호재,2026-04-10 08:36,14.1,사실형,89.4
https://n.news.naver.com/mnews/article/031/0001021148?sid=105,IT/반도체,KAIST 로봇 총출동…휴머노이드에서 우주 탐사 로버까지,"KAIST가 대전 DCC에서 전시회를 개최해 첨단 로봇, 우주 기술, AI반도체 기술을 소개한다.",호재,2026-04-10 08:15,81.5,대화형,48.5
https://n.news.naver.com/mnews/article/018/0006254341?sid=101,IT/반도체,"SK하이닉스, 영업이익 세계 3위 간다…목표가 190만원-KB",SK하이닉스가 영업이익 세계 3위로 올라간다.,호재,2026-04-10 08:30,37.3,사실형,49.4
https://n.news.naver.com/mnews/article/277/0005747518?sid=102,IT/반도체,"""과학을 놀이처럼""…KAIST, 체험형 과학 전시 대전·경기서 운영",KAIST는 체험형 과학 전시회를 대전과 경기 지역에서 운영하고 있다.,호재,2026-04-10 08:22,72.7,대화형,19.2
https://n.news.naver.com/mnews/article/366/0001155734?sid=101,IT/반도체,"KB證 “SK하이닉스, MS·구글 영업이익 뛰어넘을 것…목표가 190만원”",SK하이닉스가 인공지능 인프라 투자 확대로 메모리 반도체 가격이 상승할 것이라는 전망을 내놨다.,호재,2026-04-10 08:03,22.4,사실형,49.9
https://n.news.naver.com/mnews/article/018/0006253620?sid=101,2차전지,"엔플로우, 100억 규모 전고체전해질 공장 착공…양산 체제 진입 시동",엔플로우가 100억 규모 전고체전해질 공장을 착공하여 양산 체제 진입을 준비 중이다.,호재,2026-04-09 14:12,4.5,사실형,99.5
https://n.news.naver.com/mnews/article/014/0005505257?sid=101,2차전지,"엔플로우, '전고체·전해질 공장' 착공...양산 체제 진입 시동",엔플로우가 전고체·전해질 공장을 착공하여 양산 체제 진입에 성공했다.,호재,2026-04-09 15:45,4.9,사실형,99.5
https://n.news.naver.com/mnews/article/016/0002627312?sid=101,2차전지,"엔플로우, 전고체전해질 양산단계 진입한다",엔플로우가 천안에 100억 원을 들여 공장을 착공하여 내년 1월부터 500kg의 전고체배터리 소재를 생산할 예정이다.,호재,2026-04-09 14:48,14.8,사실형,84.1
https://n.news.naver.com/mnews/article/374/0000503449?sid=101,2차전지,[증시 인사이트] 국내증시 동반 하락 마감…코스피 5800선 후퇴,"국내 증시가 하락마감했으며, 2차전지 시장은 전고체로 이동 중이며 삼성SDI와 ESS가 하반기 흑자전환을 본격 시동할 예정입니다.",호재,2026-04-09 16:34,32.7,사실형,62.0
https://n.news.naver.com/mnews/article/029/0003020847?sid=101,2차전지,"신한은행, SK온 손잡고 K-배터리 해외 확장 지원…“5억달러 보증 제공...",신한은행과 SK온이 전기차용 2차전지 및 에너지저장장치 분야 해외 사업 확대를 위한 업무협약을 체결했다.,호재,2026-04-09 16:36,10.9,사실형,92.1
https://n.news.naver.com/mnews/article/018/0006253823?sid=101,2차전지,[마켓인]전기차 캐즘 돌파구 ‘ESS’…“실적 보완 긍정적 신용도 반전...,전기차 캐즘을 돌파하는 ESS에 대한 긍정적 신용도 반전,호재,2026-04-09 17:16,20.3,사실형,99.8
https://n.news.naver.com/mnews/article/243/0000096081?sid=101,2차전지,"신한은행, SK온과 'K-배터리' 해외 확장 지원",신한은행과 SK온이 전기차용 2차전지·ESS 분야의 해외 사업 확대를 위해 협약을 체결했다.,호재,2026-04-09 17:38,7.9,사실형,89.0
https://n.news.naver.com/mnews/article/018/0006254402?sid=101,제약/바이오,"코스피, 휴전 지속 안도감에 상승 출발…하이닉스 3%↑",코스피가 휴전 지속에 안도감을 타고 상승 출발하였습니다.,호재,2026-04-10 09:14,37.9,사실형,98.5
https://n.news.naver.com/mnews/article/001/0016008559?sid=105,제약/바이오,[바이오스냅] 스킨부스터 전용 '프리미엄 9핀 니들' 중국 등록,"휴온스메디텍의 스킨부스터 전용 주사침 '프리미엄 9핀 니들'이 중국 국가약품감독관리국(NMPA) 등록을 마쳤으며, 셀트리온은 미국 CMS 개정안에 따라 바이오시밀러 처방 확대에 유리한 내용이 포함되었다.",호재,2026-04-08 09:36,17.7,대화형,19.7
https://n.news.naver.com/mnews/article/003/0013873748?sid=102,제약/바이오,"삼천당제약, 이번엔 '핵심특허' 논란…""우리 소유"" 반박",삼천당제약이 '에스패스' 특허권 소유권 논란을 반박했다.,호재,2026-04-07 21:36,37.1,사실형,64.4
https://n.news.naver.com/mnews/article/023/0003969397?sid=105,제약/바이오,"삼천당제약, 이번엔 핵심 특허 논란... 대만기업 보유설에 “100% 자사 소...",삼천당제약이 대만 기업 서밋바이오테크가 출원한 S-PASS 특허 논란에 대해 자사 소유권을 주장했다.,호재,2026-04-07 22:15,40.1,사실형,60.1
https://n.news.naver.com/mnews/article/029/0003020518?sid=105,제약/바이오,"삼성바이오에피스, 임직원 AI 역량 강화 나선다",삼성바이오에피스는 전 임직원을 대상으로 AI 역량 강화 교육을 실시하여 바이오 제약 업종에 특화한 AI 전문가 양성을 위해 노력하고 있다.,호재,2026-04-08 10:15,20.0,사실형,85.1
https://n.news.naver.com/mnews/article/421/0008876715?sid=103,제약/바이오,"삼천당제약, 에스패스 특허권 논란 해명…""100% 자사 소유""","삼천당제약은 에스패스 특허권 논란을 해명하며, 모든 권리는 자사에 있다고 밝혔다.",호재,2026-04-08 09:39,28.2,사실형,52.6
https://n.news.naver.com/mnews/article/015/0005272228?sid=105,제약/바이오,"FDA 미팅 잡혔으니 합격?…삼천당제약, 남은 의문 [이우상의 딥바이오]","삼천당제약이 최근 불거진 각종 의혹을 해명했지만, 시장의 의구심을 해소하기에는 부족했다는 평가가 나온다.",호재,2026-04-08 07:31,52.4,사실형,43.3
https://n.news.naver.com/mnews/article/001/0016007955?sid=101,제약/바이오,"삼천당제약, '핵심 특허 대만기업 보유설'에 ""100% 자사 소유""",삼천당제약은 대만 기업인 서밋바이오테크가 보유한 에스패스 특허의 소유권을 주장했다.,호재,2026-04-07 19:49,48.8,예측형,40.9
https://n.news.naver.com/mnews/article/011/0004608325?sid=101,제약/바이오,"삼성바이오에피스, 임직원 대상 AI 교육 실시",삼성바이오에피스는 전 임직원을 대상으로 인공지능(AI) 역량 강화 교육을 실시한다.,호재,2026-04-08 08:49,17.9,사실형,69.5
https://n.news.naver.com/mnews/article/277/0005746212?sid=101,제약/바이오,"삼천당제약 ""S-PASS 특허 전적 자사 소유""…대만 기업 출원 논란 반박",삼천당제약은 대만 기업 서밋바이오테크가 명의로 출원한 S-PASS 특허에 대해 자사 소유권을 주장했다.,호재,2026-04-07 21:19,29.4,사실형,51.8
https://n.news.naver.com/mnews/article/215/0001248276?sid=101,제약/바이오,"삼성바이오에피스, 전 임직원 대상 AI 교육 실시",삼성바이오에피스가 전 임직원 대상으로 AI 역량 강화 교육을 실시해 글로벌 경쟁력 제고에 나선다.,호재,2026-04-08 09:57,17.7,사실형,76.3
https://n.news.naver.com/mnews/article/011/0004608125?sid=101,제약/바이오,[단독] 서밋바이오테크 주식 1주도 없는데…삼천당제약 “특허 100% 우리...,삼천당제약의 핵심 기술인 에스패스(S-PASS) 특허가 지분 관계도 없는 해외 기업인 서밋바이오테크에 의해 출원된 것으로 알려졌습니다.,호재,2026-04-07 17:41,40.7,예측형,35.6
https://n.news.naver.com/mnews/article/003/0013873932?sid=102,제약/바이오,"""시늉만 내는 ESG 아냐""…성과로 증명하는 제약바이오",국내 제약바이오 기업들은 국제적인 흐름에 따라 ESG 중심 활동을 펼치고있다.,호재,2026-04-08 07:01,9.3,사실형,64.3
https://n.news.naver.com/mnews/article/030/0003415680?sid=102,제약/바이오,"삼성바이오에피스, 전 임직원 AI 역량 끌어올린다",삼성바이오에피스는 전 임직원 대상으로 AI 역량 강화 교육을 실시하고 있다.,호재,2026-04-08 09:24,19.1,사실형,99.6
https://n.news.naver.com/mnews/article/119/0003078086?sid=101,제약/바이오,"삼천당제약, '핵심 특허 대만기업 보유설'에 ""사실 아냐"" 반박",삼천당제약이 대만 기업 서밋바이오테크가 보유한 에스패스 특허에 대해 사실이 아냐고 반박했다.,호재,2026-04-07 20:28,29.1,예측형,10.4
https://n.news.naver.com/mnews/article/374/0000502927?sid=101,제약/바이오,"삼천당제약, '에스패스' 특허 대만기업 보유설에 ""100% 자사 소유""",삼천당제약은 에스패스 특허 소유권은 전적으로 자사에 있다고 반박했다.,호재,2026-04-07 20:39,42.0,추론형,20
https://n.news.naver.com/mnews/article/003/0013874289?sid=101,제약/바이오,"'핵심특허' 논란까지…삼천당제약, 주가 6% 급락",삼천당제약의 주가가 대주주의 블록딜 의혹과 특허권 소유 논란으로 6% 급락했다.,호재,2026-04-08 09:50,30.5,사실형,59.9
https://n.news.naver.com/mnews/article/421/0008876472?sid=103,제약/바이오,"삼성바이오에피스, 임직원 AI 역량 강화 나선다",삼성바이오에피스는 전 임직원을 대상으로 AI 역량 강화 교육을 실시하여 글로벌 경쟁력을 높이고자 한다.,호재,2026-04-08 08:41,16.7,사실형,97.6
https://n.news.naver.com/mnews/article/008/0005341239?sid=101,제약/바이오,"삼성바이오에피스, 전사 AI 교육 실시…""바이오 특화 AI 전문가 양성""","삼성바이오에피스는 전사 차원의 AI 교육을 실시하여 임직원들의 AI 역량을 강화하고, 바이오 제약 업종에 특화한 AI 전문가 양성을 목표로 하고 있습니다.",호재,2026-04-08 08:51,19.7,사실형,93.2
https://n.news.naver.com/mnews/article/014/0005504171?sid=103,제약/바이오,"삼성바이오에피스, 전 임직원 대상 AI 교육…“글로벌 경쟁력 강화 나선...",삼성바이오에피스가 전 임직원 대상 AI 역량 강화 교육을 실시하여 글로벌 경쟁력 강화에 나선다.,호재,2026-04-08 08:23,20.4,사실형,84.5
https://n.news.naver.com/mnews/article/016/0002626249?sid=101,제약/바이오,"삼성바이오에피스, 전 임직원 AI 교육…‘바이오 AI 전문가’ 키운다","삼성바이오에피스는 전 임직원 1000여명을 대상으로 AI 교육을 실시하고, 실무형 인재 양성을 위해 AI 에이전트 개발을 추진한다.",호재,2026-04-08 08:14,19.0,사실형,75.0
https://n.news.naver.com/mnews/article/030/0003414791?sid=102,제약/바이오,"롯데바이오, 日 제약사와 항암 신약 CDMO 사업 계약",롯데바이오로직스는 일본 소재 글로벌 제약사와 항암 신약 위탁개발생산 계약을 맺어 글로벌 고객사 확대에 속도를 내고 있다.,호재,2026-04-06 09:42,31.5,사실형,63.2
https://n.news.naver.com/mnews/article/417/0001137680?sid=101,제약/바이오,"SK바이오사이언스, 녹십자·중외제약 출신 '마상호 부사장' 영입",SK바이오사이언스는 연구지원실장으로 마상호 부사장을 영입하여 연구 기획 및 프로젝트 관리를 강화하기 위해 노력한다.,호재,2026-04-06 14:51,25.4,사실형,39.5
https://n.news.naver.com/mnews/article/421/0008871735?sid=103,제약/바이오,"SK바이오사이언스, 마상호 연구지원실장 영입…R&amp;D 조직 정비",SK바이오사이언스는 바이오연구본부 내 연구지원실장으로 마상호 부사장을 신규 영입하여 R&D 프로젝트 관리와 오픈 이노베이션을 강화하고 연구기획부터 규제 대응까지 전 주기를 아우르는 지원 체계를 구축한다.,호재,2026-04-06 09:59,10.5,대화형,32.8
https://n.news.naver.com/mnews/article/082/0001374603?sid=101,제약/바이오,"제약바이오협회, 중소제약·바이오·AI 벤처 한 자리에 모은다",제약바이오벤처 협업기반 기술개발사업 파트너링 데이를 통해 중소제약사와 AI바이오벤처가 협력하고 기술사업화를 위해 모인다.,호재,2026-04-06 15:15,15.5,사실형,34.9
https://n.news.naver.com/mnews/article/015/0005271389?sid=101,제약/바이오,'1000억 세금 어쩌나'…2500억 지분 매각 접은 삼천당제약,"삼천당제약 대주주의 대규모 지분 매각 계획이 철회되면서, 1000억원대 세금 부담 여파로 시장의 관심이 집중되고 있다.",호재,2026-04-06 13:17,28.0,사실형,78.3
https://n.news.naver.com/mnews/article/003/0013868678?sid=101,제약/바이오,주가 '반토막' 삼천당제약에…관련 ETF도 낭패,삼천당제약 주가가 급락하면서 관련 상장지수펀드(ETF)도 영향을 받고 있다.,악재,2026-04-06 06:00,23.5,사실형,74.9
https://n.news.naver.com/mnews/article/009/0005661889?sid=105,제약/바이오,"SK바이오팜, AACR서 방사성의약품 성과 첫 공개",SK바이오팜이 차세대 성장동력으로 키우는 방사성의약품 연구 성과를 글로벌 무대에서 처음 공개한다.,호재,2026-04-06 17:48,26.1,대화형,27.1
https://n.news.naver.com/mnews/article/015/0005271553?sid=101,제약/바이오,"美·日 화장품 유통망 확대…동국제약, 수출 실적 '날개'",동국제약의 더마코스메틱 브랜드 '센텔리안24'가 일본 1000여개 오프라인 매장에 입점하는 등 수출 규모를 키우고 있다.,호재,2026-04-06 17:34,28.2,사실형,53.1
https://n.news.naver.com/mnews/article/346/0000107611?sid=103,제약/바이오,"삼진제약, 산업부 지원 사업 선정… “신약 사업화 가능성 인정”",삼진제약이 산업부 지원 사업에 선정되어 신약 사업화 가능성을 인정받았다.,호재,2026-04-07 11:43,42.3,사실형,36.5
https://n.news.naver.com/mnews/article/020/0003710175?sid=101,제약/바이오,"사흘만에 주가 반토막 삼천당제약, 2500억 블록딜 철회","삼천당제약이 블록딜을 철회했지만, 공시 논란과 실적 우려로 주가가 반토막 났다.",악재,2026-04-06 17:21,17.5,사실형,73.7
https://n.news.naver.com/mnews/article/011/0004607462?sid=101,제약/바이오,"SK바이오사이언스, 마상호 연구지원실장 선임…“R&amp;D 실행력 강화”",SK바이오사이언스는 연구개발(R&D) 프로젝트의 실행력을 높이고 글로벌 경쟁력을 강화하기 위해 핵심 인재를 영입하는 등 연구지원 조직을 정비했다.,호재,2026-04-06 10:48,33.4,대화형,36.9
https://n.news.naver.com/mnews/article/008/0005340080?sid=101,제약/바이오,"삼천당제약 전인석 대표, 2500억 블록딜 철회…""시장 불확실성 해소 우...",삼천당제약 전인석 대표가 2500억 블록딜 계획을 철회했다.,호재,2026-04-06 08:47,33.6,사실형,80.4
https://n.news.naver.com/mnews/article/366/0001154670?sid=105,제약/바이오,"[사이언스카페] 담뱃잎이 제약공장, 정신질환 치료물질 5종 동시 생산",이스라엘 연구진이 담뱃잎에서 정신질환 치료에 쓸 수 있는 환각 물질 5종을 동시에 생산하는 데 성공했다.,호재,2026-04-07 06:01,61.8,사실형,71.0
https://n.news.naver.com/mnews/article/018/0006250733?sid=105,제약/바이오,"'1.4조 투입' 롯데바이오로직스, 송도 공장 가동 임박...추가 수주 가능...","롯데바이오로직스는 미국 시러큐스와의 투트랙 전략을 통해 글로벌 위탁개발생산(CDMO) 시장 공략에 속도를 내고 있으며, 추가 수주 확보가 사활이 걸린 과제로 떠올랐다.",호재,2026-04-06 08:32,32.8,사실형,70.9
https://n.news.naver.com/mnews/article/011/0004607456?sid=101,제약/바이오,"SK바이오팜, 세계 최대 美 암연구학회서 방사성의약품 성과 공개…“18...","SK바이오팜이 세계 최대 미국 암연구학회에서 방사성의약품 연구 성과를 공개하며, 임상 진입을 위한 빠른 개발 속도를 입증했다.",호재,2026-04-06 10:34,27.1,사실형,48.6
https://n.news.naver.com/mnews/article/024/0000104619?sid=101,제약/바이오,반토막 난 ‘황제주’ 삼천당제약…관련 ETF도 흔들,삼천당제약의 주가 급락으로 관련 ETF 수익률도 타격을 입었다.,악재,2026-04-06 14:56,41.9,사실형,76.4
https://n.news.naver.com/mnews/article/029/0003020077?sid=105,제약/바이오,"SK바이오사이언스, 연구지원 조직 정비…마상호 연구지원실장 영입",SK바이오사이언스가 연구개발 프로젝트의 실행력을 높이고 글로벌 경쟁력을 강화하기 위해 연구지원 조직을 정비하고 핵심 인재를 영입했다.,호재,2026-04-06 09:03,17.0,대화형,37.8
https://n.news.naver.com/mnews/article/586/0000126096?sid=101,제약/바이오,"'300조 비만약 전쟁'…K바이오, 위고비·마운자로에 도전",비만약 시장에서 글로벌 제약사들의 권력 구도가 재편되고 있다.,호재,2026-04-06 08:00,31.6,사실형,29.4
https://n.news.naver.com/mnews/article/366/0001154738?sid=101,방산/우주항공,"무역보험공사, K-방산 전용 예산 편성해 수출금융 지원",정부는 K-방산 수출 확대를 위해 무역보험공사에 방산기업 보증보험을 지원할 별도 계정을 만들기로 했다.,호재,2026-04-07 10:01,45.6,사실형,93.3
https://n.news.naver.com/mnews/article/005/0001841624?sid=101,방산/우주항공,"K9과 155㎜ 포탄 ‘패키지 수출’ 될까… 한화, 풍산 인수 추진",한화그룹이 풍산 탄약사업부 인수를 추진하며 '포'와 '탄'을 하나로 묶는 수직 계열화를 완성하겠다는 구상이다.,호재,2026-04-07 00:54,34.4,사실형,67.4
https://n.news.naver.com/mnews/article/056/0012156069?sid=100,방산/우주항공,"[더 보다] 질주하는 ‘K-방산’, 세계 4강에 도전하다",한국의 국산 방위산업이 세계 4강에 도전하고 있다.,호재,2026-04-05 23:01,57.7,사실형,72.4
https://n.news.naver.com/mnews/article/018/0006251621?sid=101,방산/우주항공,"전쟁 장기화·탈세계화 맞물린다…“K-방산, 구조적 성장 국면 진입”",K-방산은 전쟁 장기화와 탈세계화 흐름 속에서 구조적 성장 국면에 진입했다는 보고서가 나왔다.,호재,2026-04-07 07:56,11.6,사실형,92.4
https://n.news.naver.com/mnews/article/056/0012156071?sid=100,방산/우주항공,"[더 보다] 질주하는 K-방산, 세계 4강에 도전하다 外","K-방산은 세계적인 관심을 받고 있으며, 높은 성능과 가격 경쟁력, 빠른 납기, 현지화 전략으로 글로벌 무기 시장의 강자로 부상하고 있다.",호재,2026-04-05 22:18,56.7,사실형,74.2
https://n.news.naver.com/mnews/article/079/0004133008?sid=102,방산/우주항공,"2026 이순신방위산업전, 3일간 일정 마무리…K-방산 비전 제시","2026 이순신방위산업전은 3일간의 일정 마무리, 수출상담 80건·MOU 3건 성과를 기록했다.",호재,2026-04-05 21:07,65.0,사실형,76.6
https://n.news.naver.com/mnews/article/117/0003892460?sid=103,금융/밸류업,[창간 20주년] 밸류업 훈풍 올라탄 금융주…상승률 높은 곳은,"정부의 밸류업 정책으로 금융주가 상승하고 있으며, KB금융, 삼성생명, 삼성화재 등이 상승률이 높은 종목으로 주목받고 있다.",호재,2024-11-29 17:44,41.1,사실형,82.3
https://n.news.naver.com/mnews/article/366/0001154444?sid=101,방산/우주항공,"DB證 “LIG넥스원, 중동 리스크 확대로 무기 수요 증가 기대…목표가 12...",DB증권은 LIG넥스원에 대해 중동 전쟁 이후 구조적인 무기 수요 확대가 기대되어 목표 주가를 60만원에서 120만원으로 올려잡았다.,호재,2026-04-06 09:00,8.3,사실형,67.4
https://n.news.naver.com/mnews/article/629/0000488466?sid=101,IT/플랫폼,"사령탑 정비한 네이버웹툰·카카오엔터, 글로벌 시장 '정조준'",네이버웹툰과 카카오엔터테인먼트가 경영진 재정비를 마치고 글로벌 시장 공략에 나선다.,호재,2026-04-06 00:01,46.7,대화형,33.8
https://n.news.naver.com/mnews/article/421/0008871303?sid=105,IT/플랫폼,"5년만에 부활한 네이버 별점…""2점 이하 리뷰 테러 막는다""","네이버가 5년만에 부활시킨 별점 리뷰 시스템은 무분별하게 3점 미만 별점을 주는 행위를 금지하고, 악성 리뷰를 막기 위해 신뢰성과 공정성을 높일 수 있는 정책을 운영할 예정입니다.",호재,2026-04-06 06:40,63.5,사실형,61.3
https://n.news.naver.com/mnews/article/015/0005271469?sid=105,IT/플랫폼,군살 빼는 'AI 기업' 카카오…日 라인야후에 카카오게임즈 경영권 매각,카카오가 게임 계열사 카카오게임즈의 경영권을 라인야후에 매각하며 조직 효율화를 추진한다.,호재,2026-04-06 15:48,28.6,사실형,58.4
https://n.news.naver.com/mnews/article/117/0004051480?sid=105,IT/플랫폼,"[IT 세대교체 ①] 이해진·김범수는 전략, 40대 CEO는 전면…플랫폼 권력...","네이버와 카카오에서 창업자가 전략과 투자에 집중하고, 40대 최고경영자가 성과를 책임지는 구조로 재편됐다.",호재,2026-04-07 07:01,25.5,사실형,80.1
https://n.news.naver.com/mnews/article/009/0005661918?sid=103,자동차/모빌리티,[단독] 11% 캐시백·초저금리 할부 … 금융권은 中 전기차 공습에 가세,금융사들이 중국 전기차 업체에 국산차보다 훨씬 낮은 할부 금리를 적용하고 큰 규모의 캐시백을 제공하고 있는 것으로 나타났다.,호재,2026-04-06 17:53,33.2,사실형,93.5
https://m.entertain.naver.com/article/109/0005479684,엔터/미디어,"태민, 美 아마존 뮤직 글로벌 퍼포먼스 시리즈 'In the Paint' 출연…K팝...",태민이 아마존 뮤직 글로벌 퍼포먼스 시리즈 'In the Paint'에 K-팝 아티스트 최초로 출연한다.,호재,2026-02-18 15:00,33.1,사실형,49.9
https://n.news.naver.com/mnews/article/015/0005273391?sid=105,제약/바이오,"HLB제약, 단국대학교와 AI 기반 AX 인재 양성 MOU 체결",HLB제약과 단국대학교는 AI 기반 인재 양성을 위한 산학 협력을 시작했다.,호재,2026-04-10 11:29,16.6,대화형,14.5
https://n.news.naver.com/mnews/article/018/0006254586?sid=101,제약/바이오,"코스피, 5900선 놓고 등락…코스닥 1090선","코스피가 5900선 안팎에서 등락하고 있으며, 외국인과 기관이 순매수하고 있다.",호재,2026-04-10 13:31,39.2,사실형,89.8
https://n.news.naver.com/mnews/article/082/0001375423?sid=101,제약/바이오,"시지메드텍, 성남 인체조직은행 인수",시지메드텍이 성남 인체조직은행을 인수하며 ECM 기반 바이오 사업을 본격화한다.,호재,2026-04-10 13:41,20.1,대화형,45.9
https://n.news.naver.com/mnews/article/079/0004135265?sid=102,제약/바이오,1분기 바이오의약품 수출 20억 달러…사상 최대 실적,올해 1분기 바이오의약품 수출 규모가 사상 최대 실적을 달성했다.,호재,2026-04-10 11:34,71.8,사실형,48.3
https://n.news.naver.com/mnews/article/417/0001138432?sid=101,제약/바이오,"[티타임] 개인 9000억 탈출…코스피, 5900 찍고 다시 5880선",코스피와 코스닥이 10일 오후에도 동반 상승세를 이어가면서 장을 얼렸다.,호재,2026-04-10 13:43,63.6,사실형,84.6
https://n.news.naver.com/mnews/article/629/0000490228?sid=101,제약/바이오,중동 리스크에 제약바이오 '원료' 비상…나프타 수급 불안,중동 리스크가 국내 제약바이오 업계의 의약품 공급망에 영향을 미쳐 필수 의약품 품절 사태를 막기 위해 업계와 정부가 총력 대응에 나섰다.,호재,2026-04-10 11:31,26.4,사실형,72.9
https://n.news.naver.com/mnews/article/374/0000503619?sid=101,제약/바이오,"K-바이오의약품, 1분기 수출 20억 달러 ‘사상 최대’",우리나라 바이오의약품 수출이 1분기 20억 달러를 기록하며 사상 최대 실적을 달성했습니다.,호재,2026-04-10 11:26,54.4,추론형,20
https://n.news.naver.com/mnews/article/293/0000082520?sid=101,제약/바이오,"같은 코스닥 액티브 ETF, 종목 선택이 성패 갈랐다",코스닥 액티브 ETF 3종의 수익률이 10% 이상 차이났다.,호재,2026-04-10 11:45,13.9,사실형,83.3
https://n.news.naver.com/mnews/article/016/0002627780?sid=101,제약/바이오,과천 다주택자 최대 3억 깎아 내놨다,"과천 아파트 가격이 하락세로 돌아서고 있으며, 다주택자들이 양도소득세 중과를 앞두고 급매물을 던지고 있다.",호재,2026-04-10 11:29,78.2,사실형,84.7
https://n.news.naver.com/mnews/article/001/0016013978?sid=101,제약/바이오,"코스피, 장중 5,900대 터치 후 2% 오름세 지속…코스닥도 상승","코스피가 장중 2% 가까이 올라 5,900선을 돌파한 것으로 보아, 미국과 이란 간의 휴전이 지속될 것이라는 기대감이 지수 상승에 큰 역할을 했다.",호재,2026-04-10 11:23,41.4,사실형,82.9
https://n.news.naver.com/mnews/article/016/0002627722?sid=101,제약/바이오,"IMM PE, 시지바이오로 밸류업 신화 재현한다",IMM PE는 제뉴원사이언스의 성공 노하우를 시지바이오에 이식하며 투자 원금의 2배에 달하는 수익을 거두고자 한다.,호재,2026-04-10 11:05,24.8,사실형,53.8
https://n.news.naver.com/mnews/article/003/0013880014?sid=104,제약/바이오,中서 해외 제약사 신약 허가 빨라질 듯…23년만에 조례 개정,"중국에서 글로벌 제약기업의 신약 허가가 빨라질 것으로 보이며, 국내 제약기업들에게도 긍정적인 영향을 미칠 것으로 예상됩니다.",호재,2026-04-10 11:38,35.3,예측형,28.1
https://n.news.naver.com/mnews/article/366/0001155823?sid=101,제약/바이오,외국인·기관 동반 매수에…코스피 2%대 상승 중,코스피 지수는 외국인과 기관의 동반 매수세에 2%대 상승 중입니다.,호재,2026-04-10 11:55,41.0,사실형,78.5
https://n.news.naver.com/mnews/article/050/0000104805?sid=101,방산/우주항공,3개월 시한 벌어놓고 '기습 철회'…풍산 변심에 뒤통수 맞은 한화,한화그룹의 방산 수직 계열화를 완성할 마지막 퍼즐로 꼽혔던 풍산 탄약사업부 인수가 결국 수포로 돌아갔다.,악재,2026-04-10 16:00,64.4,사실형,76.0
https://n.news.naver.com/mnews/article/293/0000082528?sid=101,방산/우주항공,"[풍산 방산사업 인수전]③ 수출 감소, 신사업 부진은 '디스카운트' 요인",풍산의 방위 사업은 수출 감소와 신사업 부진으로 인해 할인 요인으로 지적되고 있다.,악재,2026-04-10 13:39,57.3,사실형,70.3
https://n.news.naver.com/mnews/article/421/0008882706?sid=101,방산/우주항공,한화 'K-록히드마틴' 구상 제동…딜 무산·유증 변수에 속도 조절,한화그룹의 '한국형 록히드마틴' 구상은 풍산 방산 부문 인수 무산과 금융당국의 유상증자 제동으로 잠시 진행이 잠정적으로 중단되었다.,호재,2026-04-10 14:56,31.4,사실형,86.7
https://n.news.naver.com/mnews/article/052/0002338948?sid=102,방산/우주항공,"대박 터뜨린 '천궁II,'군사전문가 ""패트리어트 압도, 경이롭다!""","천궁II가 대박을 터뜨렸으며, 세계 평화에도 기여할 것으로 기대되고 있습니다.",호재,2026-04-10 11:23,32.5,추론형,0.0
https://n.news.naver.com/mnews/article/293/0000082527?sid=101,방산/우주항공,[풍산 방산사업 인수전]② 영업가치만 '3조 후반'…고유기술도 많아 [넘...,"풍산 방산사업의 가치가 3조 후반에 이를 것으로 추산되며, 고유기술과 국내 유일의 종합 탄약 제조사로서의 시장 지위가 매각가를 끌어 올리는 요인으로 꼽힌다.",호재,2026-04-10 13:34,51.4,사실형,80.0
https://n.news.naver.com/mnews/article/009/0005663946?sid=101,IT/반도체,"“이대로 끝나면 버틸만 해”…ADB, 한국 성장률 1.7→1.9% 상향","ADB가 한국 경제 성장률을 1.7%에서 1.9%로 상향 전망, 중동 갈등이 1개월 내 안정화 가정",호재,2026-04-10 09:52,14.8,사실형,76.4
https://n.news.naver.com/mnews/article/082/0001375381?sid=101,IT/반도체,"ADB, 한국 경제성장률 0.2%P 상향, 1.9% 전망",ADB가 한국 경제 성장률을 0.2%포인트 상향 조정하여 1.9%로 전망했다.,호재,2026-04-10 09:50,22.7,사실형,80.7
https://n.news.naver.com/mnews/article/003/0013879638?sid=101,IT/반도체,"""ISA에서 연금까지""…한투운용, 절세 투자 가이드북 발간","한투운용은 절세 투자에 대한 관심이 높아지는 가운데, ISA와 연금계좌를 연계한 자산관리 전략을 담은 가이드북을 발간했다.",호재,2026-04-10 10:07,21.5,사실형,76.2
https://n.news.naver.com/mnews/article/011/0004609296?sid=101,IT/반도체,“엔비디아 공급망 입지 강화”...삼성전기 10% 이상 강세[줍줍리포트],"삼성전기는 엔비디아 공급망 입지 강화로 인해 10% 이상 상승세를 기록하고 있으며, AI 반도체 시장 확대 국면에서 구조적 경쟁력이 부각되고 있다.",호재,2026-04-10 09:50,12.5,사실형,59.4
https://n.news.naver.com/mnews/article/008/0005342472?sid=105,IT/반도체,"SKT, CPU에 NPU 더한 AI 서버 설루션 개발…비용↓·효율 ↑","SK텔레콤은 Arm과 리벨리온과 함께 AI 데이터센터 사업을 협력하고, AI 서버 설루션을 개발하여 AI 추론 성능을 높이고 전력 효율을 개선한다.",호재,2026-04-10 10:10,26.4,사실형,52.6
https://n.news.naver.com/mnews/article/011/0004609294?sid=105,IT/반도체,"SKT, 英Arm·리벨리온과 차세대 AI 서버 솔루션 개발 맞손",SK텔레콤은 영국 암과 리벨리온과 함께 차세대 AI 서버 솔루션을 개발하기 위해 파트너십을 체결했다.,호재,2026-04-10 09:49,20.1,사실형,77.2
https://n.news.naver.com/mnews/article/031/0001021196?sid=105,IT/반도체,"인텔, 테슬라 이어 구글과도 협력 확대…AI 인프라 고도화",인텔은 구글과 다년 계약을 체결하여 차세대 AI 및 클라우드 인프라 구축을 위한 협력을 확대한다.,호재,2026-04-10 10:01,10.8,사실형,82.1
https://n.news.naver.com/mnews/article/088/0001005030?sid=101,IT/반도체,"ADB, 韓 성장률 1.9%로 상향…반도체 수출 호조 반영","ADB가 올해 한국의 경제성장률 전망치를 1.7%에서 1.9%로 상향 조정했으며, 반도체 산업 호조에 따른 수출 증가가 주요 요인이다.",호재,2026-04-10 09:49,25.8,사실형,73.7
https://n.news.naver.com/mnews/article/008/0005342473?sid=105,IT/반도체,"문워크 추는 로봇, 체스 두는 AI…'과학의 달'에 KAIST 기술 총출동","카이스트는 4월 '과학의 달'을 맞아 휴머노이드 로봇과 AI 기술을 선보이며, 첨단 로봇, 우주 기술, AI 반도체 기술을 중심으로 한 '미래 기술 체험형 콘텐츠'를 제공한다.",호재,2026-04-10 10:11,76.9,사실형,56.3
https://n.news.naver.com/mnews/article/092/0002418206?sid=105,IT/반도체,"리벨리온, Arm·SKT와 협력...추론 인프라 시장 겨냥",리벨리온이 Arm과 SK텔레콤과 협력하여 추론 인프라 시장에 진출한다.,호재,2026-04-10 10:12,20.0,사실형,70.1
https://n.news.naver.com/mnews/article/366/0001155791?sid=105,IT/반도체,"SK텔레콤, Arm·리벨리온과 ‘추론형 AI 서버’ 동맹… 엔비디아 의존 낮...",SK텔레콤은 Arm과 리벨리온과 손잡고 추론형 AI 서버를 공동 개발한다.,호재,2026-04-10 10:11,28.8,사실형,42.9
https://n.news.naver.com/mnews/article/123/0002381111?sid=004,IT/반도체,韓GDP 13% 일군 CDMA 30년…이제 AI고속도로 새ICT 대동맥 뚫는다,CDMA 이동통신이 30년을 맞아 대한민국 ICT 산업 성장의 기반이 됐다는 평가가 나온다.,호재,2026-04-10 10:06,29.5,사실형,69.7
https://n.news.naver.com/mnews/article/448/0000602880?sid=101,IT/반도체,"ADB, 올해 韓 성장률 1.9%로 상향…물가 2.1%→2.3%","ADB가 올해 한국 경제성장률을 1.9%로 상향 전망하고, 물가상승률은 2.3%로 상향 조정했다.",호재,2026-04-10 10:05,29.3,사실형,75.8
https://n.news.naver.com/mnews/article/648/0000046140?sid=101,IT/반도체,"인텔, 밀린 판 뒤집기?…테슬라·구글 동맹으로 반격",인텔이 테슬라와 구글과 손잡으며 AI 반도체 시장에서 반격을 시작했다.,호재,2026-04-10 10:11,18.1,사실형,69.2
https://n.news.naver.com/mnews/article/421/0008881791?sid=102,IT/반도체,휴머노이드부터 우주탐사 로버까지…KAIST 미래 기술 펼쳐놓다,"KAIST는 2026 대한민국 과학기술축제에서 인공지능, 로봇 공학의 정점을 선보이는 참여형 전시관 'KAIST 플레이 월드'를 운영한다.",호재,2026-04-10 10:08,76.8,대화형,13.1
https://n.news.naver.com/mnews/article/366/0001155773?sid=105,IT/반도체,"구글, 인텔과 동맹 연장…'제온 6′ CPU 도입·맞춤형 IPU 공동 개발","구글과 인텔이 인공지능(AI) 칩 파트너십을 연장하여 구글이 인텔의 최신 '제온 6' CPU를 도입하고, 맞춤형 ASIC 기반 인프라처리장치(IPU)를 공동 개발하기로 했다.",호재,2026-04-10 09:48,19.1,사실형,74.0
https://n.news.naver.com/mnews/article/215/0001248562?sid=101,IT/반도체,[속보] 금리 '동결' 코스피 2% 육박 상승세…삼성전기 '신고가',"삼성전기는 인공지능(AI) 열풍에 힘입어 조용한 강세를 이어가고 있으며, 주요 매출원인 전자제품의 핵심 부품 수요가 빠른 속도로 늘어나고 있다.",호재,2026-04-10 10:11,30.4,사실형,86.9
https://n.news.naver.com/mnews/article/018/0006254444?sid=105,IT/반도체,"인텔·구글, AI 인프라 연합…‘CPU·IPU’로 시스템 혁신 가속",인텔과 구글은 차세대 AI 및 클라우드 인프라 혁신을 위해 CPU와 IPU를 활용한 시스템 혁신을 가속하기로 한다고 발표했다.,호재,2026-04-10 09:48,20.4,사실형,62.4
https://n.news.naver.com/mnews/article/081/0003634124?sid=102,IT/반도체,"AI·휴머노이드 로봇 등 ‘총출동’…카이스트, 미래 기술 체험 제공","카이스트는 'KAIST Play World'를 통해 휴머노이드 로봇, 우주 로버 등 미래 기술을 체험할 수 있는 콘텐츠를 제공한다.",호재,2026-04-10 10:06,73.2,대화형,13.3
https://n.news.naver.com/mnews/article/020/0003711358?sid=101,IT/반도체,200억 벌었는데 2000억 쓴다…아마존이 쏘아 올린 ‘AI 수익성 역설’,"아마존의 AI 사업은 매출을 벌지만, 막대한 투자와 비용 부담을 동시에 겪고 있다.",호재,2026-04-10 10:03,16.1,사실형,85.4
https://n.news.naver.com/mnews/article/277/0005747608?sid=105,IT/반도체,"SKT, Arm·리벨리온과 AIDC 협력…CPU·NPU 결합 AI 서버 만든다",SK텔레콤은 영국 반도체 설계기업 '암'과 국내 인공지능(AI) 반도체 스타트업 리벨리온과 함께 AI 데이터센터(AIDC) 사업 협력에 나섰다.,호재,2026-04-10 09:35,31.6,사실형,56.9
https://n.news.naver.com/mnews/article/081/0003634105?sid=101,IT/반도체,[서울데이터랩]개장 직후 인기 검색 종목 20選,"삼성전자, 개장 직후 18.29%의 검색 비율을 기록하며 많은 투자자의 관심을 받고 있다.",호재,2026-04-10 09:40,59.3,사실형,75.9
https://n.news.naver.com/mnews/article/081/0003634100?sid=101,IT/반도체,"SKT·Arm·리벨리온, ‘AI 동맹’ 결성…“추론 최적화 데이터센터 잡는...","SKT, Arm, 리벨리온이 AI 동맹을 결성하여 AI 추론 서버 설루션 개발을 위해 협력하고 있다.",호재,2026-04-10 09:35,33.9,사실형,49.1
https://n.news.naver.com/mnews/article/018/0006254436?sid=101,IT/반도체,"시지트로닉스, '우주반도체' 수혜 기대감에 상한가[특징주]","시지트로닉스는 삼성전자 우주반도체 개발 소식에 따라 상한가에 오르며, 우주 관련 기술 개발에 대한 기대감이 반영된 것으로 풀이된다.",호재,2026-04-10 09:38,43.5,사실형,94.4
https://n.news.naver.com/mnews/article/586/0000126533?sid=101,IT/반도체,"'중동 갈등 조기 안정화' 시나리오면?…""韓 경제 성장률 1.9% 전망""",아시아개발은행(ADB)이 중동 갈등 조기 안정화 시나리오에서 한국 경제 성장률을 1.9%로 전망했다.,호재,2026-04-10 09:45,23.5,사실형,56.8
https://n.news.naver.com/mnews/article/081/0003634109?sid=102,IT/반도체,"심미경 서울시의원, 한국외대 강기훈 총장과 지역 교육 혁신을 위한 ‘...",심미경 서울시의원과 한국외대 강기훈 총장이 지역 교육 혁신을 위한 협력 방안을 논의했다.,호재,2026-04-10 09:47,53.4,예측형,47.3
https://n.news.naver.com/mnews/article/215/0001248552?sid=105,IT/반도체,"SKT-Arm-리벨리온, 차세대 AI 인프라 혁신 MOU","SK텔레콤, Arm, 리벨리온이 차세대 AI 인프라 혁신을 위한 전략적 파트너십을 체결했다.",호재,2026-04-10 09:27,16.5,사실형,48.2
https://n.news.naver.com/mnews/article/014/0005505600?sid=105,IT/반도체,"SKT, 암·리벨리온과 손잡고 'CPU+NPU' AI 서버 솔루션 개발","SK텔레콤은 암과 리벨리온과 함께 AI 데이터센터 사업을 협력하고, AI 추론 성능을 높일 수 있는 솔루션을 공동 개발한다.",호재,2026-04-10 09:32,21.1,사실형,92.4
https://n.news.naver.com/mnews/article/119/0003079099?sid=101,IT/반도체,"ADB, 올해 한국 경제성장률 1.9% 전망…물가상승률 2.3%",ADB가 올해 한국 경제성장률 전망치를 1.7%에서 1.9%로 상향 조정했다.,호재,2026-04-10 09:25,18.4,사실형,56.9
https://n.news.naver.com/mnews/article/008/0005342435?sid=101,IT/반도체,"아마존, AI 칩 사업 키운다…""연매출 500억달러 가능, 유력한 리더 될 것...","앤디 재시 아마존 CEO가 AI 투자가 둔화될 것이라고 말하는 것을 반박하며, 아마존의 AI 투자가 성공적으로 진행될 것이라고 밝혔다.",호재,2026-04-10 09:34,32.7,사실형,88.0
https://n.news.naver.com/mnews/article/119/0003079096?sid=101,IT/반도체,"한투운용, '세금 줄이는 투자법' 내놨다…ISA→연금 로드맵 공개",한투운용이 ISA부터 연금계좌까지 연계한 절세 투자 가이드북을 공개했다.,호재,2026-04-10 09:24,25.3,사실형,78.6
https://n.news.naver.com/mnews/article/374/0000503567?sid=104,IT/반도체,"""앤트로픽, 자체 AI 칩 개발 검토중…아직 초기단계""","앤트로픽이 자체 AI 칩 개발을 검토하고 있지만, 아직 초기 단계로 구체적인 설계에 착수하지 않았습니다.",중립,2026-04-10 09:22,55.8,추론형,20
https://n.news.naver.com/mnews/article/081/0003634098?sid=101,IT/반도체,"ADB, 올해 韓 성장률 1.7%→1.9%로 상향 전망",ADB는 중동 갈등이 조기 안정화된다고 가정하면 올해 한국 경제가 1.9% 성장할 것으로 전망했다.,호재,2026-04-10 09:34,23.5,사실형,78.8
https://n.news.naver.com/mnews/article/021/0002783702?sid=102,IT/반도체,2주 휴전 ‘막후 주역’ 샤리프… 예술의전당 ‘44세 수장’ 장한나[금...,"샤리프 파키스탄 총리는 미국과 이란의 2주 휴전을 이끌어낸 일등공신으로, 장한나 첼리스트 겸 지휘자는 예술의전당 신임 사장으로 임명됐다.",호재,2026-04-10 09:28,42.0,사실형,79.8
https://n.news.naver.com/mnews/article/024/0000104687?sid=101,2차전지,자원 전쟁 시대 ‘진짜 강자’ 포스코인터,포스코인터내셔널은 글로벌 자원 패권 경쟁 시대를 맞아 수혜 기업으로 급부상하여 3년 연속 영업이익 '1조 클럽'을 달성했다.,호재,2026-04-09 21:01,17.6,사실형,73.0
https://n.news.naver.com/mnews/article/018/0006254471?sid=105,제약/바이오,"K-바이오의약품, 수출 3兆 새역사…유럽으로 판 키운다",K-바이오의약품 수출 1분기 3조원에 육박하며 사상 최대치를 경신했다.,호재,2026-04-10 10:09,44.7,사실형,60.0
https://n.news.naver.com/mnews/article/277/0005747642?sid=101,제약/바이오,"[특징주]시지메드텍, 시지바이오 인체조직은행 인수…FDA 준수 핵심 설비...",시지메드텍이 시지바이오의 인체조직 가공조직은행을 인수하여 미국 FDA 규정을 준수하는 인체조직 가공시설과 핵심 설비를 확보했다.,호재,2026-04-10 10:01,13.9,대화형,33.6
https://n.news.naver.com/mnews/article/030/0003416672?sid=102,제약/바이오,"K바이오의약품 1분기 수출, 사상 첫 20억달러 돌파",우리나라 1분기 바이오의약품 수출이 사상 최대 기록인 20억달러를 돌파했다.,호재,2026-04-10 10:09,26.8,사실형,60.2
https://n.news.naver.com/mnews/article/421/0008881719?sid=103,제약/바이오,"K-바이오의약품, 1분기 수출 사상 최대치 기록…20억 달러",K-바이오의약품이 1분기 수출 사상 최대치인 20억 달러를 기록했다.,호재,2026-04-10 09:48,60.5,사실형,57.2
https://n.news.naver.com/mnews/article/014/0005505618?sid=103,제약/바이오,"바이오의약품 수출 1분기 3兆 육박, K바이오 경쟁력 강화",국내 바이오의약품 수출이 올해 1·4분기 사상 최대인 20억달러를 기록하며 K바이오의 글로벌 경쟁력을 높였다.,호재,2026-04-10 09:45,23.7,사실형,58.3
https://n.news.naver.com/mnews/article/448/0000602877?sid=102,제약/바이오,"K-바이오의약품, 1분기 3조 수출…사상 최대 경신","식품의약품안전처가 발표한 바에 따르면, 1분기 바이오의약품 수출 규모가 사상 최대인 3조원에 달했다.",호재,2026-04-10 09:58,49.3,사실형,60.6
https://n.news.naver.com/mnews/article/001/0016013644?sid=101,제약/바이오,"코스피, '휴전 지속 기대감'에 장초반 1.6% 올라 5,860대(종합)","코스피가 휴전 지속 기대감에 장 초반 1.6% 올라 5,860대에 도달했다.",호재,2026-04-10 09:49,53.3,사실형,81.9
https://n.news.naver.com/mnews/article/008/0005342442?sid=101,제약/바이오,관세·전쟁 리스크 뚫고 '3조 수출' 신기록…진격의 K바이오,바이오의약품 수출액이 사상 최대치를 기록했다.,호재,2026-04-10 09:43,50.8,사실형,73.3
https://n.news.naver.com/mnews/article/008/0005342445?sid=101,제약/바이오,삼전·하이닉스 나란히 강세…코스피 상승 출발,삼전·하이닉스 나란히 강세로 코스피가 상승 출발했다.,호재,2026-04-10 09:49,67.6,사실형,69.5
https://n.news.naver.com/mnews/article/277/0005747635?sid=100,제약/바이오,K-바이오의약품 1분기 수출 20억 달러…분기 최대,"K-바이오의약품 1분기 수출액 20억 달러로 역대 최대, 스위스 70% 급증",호재,2026-04-10 09:55,31.5,사실형,58.9
https://n.news.naver.com/mnews/article/001/0016013560?sid=100,제약/바이오,"K-바이오의약품, 1분기 3조 수출…사상 최대 경신",한국 바이오의약품 수출 규모가 1분기 20억 달러로 사상 최대 기록을 달성했다.,호재,2026-04-10 09:28,52.3,사실형,73.8
https://n.news.naver.com/mnews/article/003/0013879481?sid=102,제약/바이오,"K-바이오의약품, 1분기 수출 날았다…20억달러 '역대급'",K-바이오의약품이 지난해 1분기보다 11% 늘어난 20억 달러의 수출을 기록하며 역대급 성과를 거두었다.,호재,2026-04-10 09:31,27.2,사실형,39.1
https://n.news.naver.com/mnews/article/011/0004609285?sid=101,제약/바이오,전쟁통에 ‘447%’ 폭등…젠슨 황이 찍은 ‘이 종목’만 웃었다,광전자株이 447% 폭등하며 한국증시에서 유일하게 상승한 종목이다.,호재,2026-04-10 09:32,42.4,사실형,91.3
https://n.news.naver.com/mnews/article/417/0001138370?sid=101,제약/바이오,"20만전자·103만닉스, 코스피 강세 출발…환율 1475.1원","코스피와 코스닥이 10일 동반 강세로 장을 열었으며, 미국과 이스라엘의 이란 공격 여파가 안정화될 기미가 보이는 것으로 풀이된다.",호재,2026-04-10 09:24,66.7,사실형,71.7
https://n.news.naver.com/mnews/article/009/0005663923?sid=101,제약/바이오,"이스라엘·레바논, 휴전 추진 소식에…코스피 5800선 상승 출발",코스피가 이스라엘과 레바논의 휴전 추진 소식에 반영되어 상승 출발했다.,호재,2026-04-10 09:24,30.5,사실형,97.2
https://n.news.naver.com/mnews/article/629/0000490125?sid=101,제약/바이오,"코스피, 휴전 지속 기대감에 2% 상승 출발…개인 매수세 '버팀목'",코스피가 휴전 지속 기대감과 개인 매수세로 2% 상승 출발했다.,호재,2026-04-10 09:28,59.6,사실형,85.8
https://n.news.naver.com/mnews/article/016/0002627605?sid=101,제약/바이오,"K-바이오, 1분기 수출 20억달러 첫 돌파…중동전쟁인데, 역대 최대 실적",K-바이오의약품 산업이 1분기 수출 실적을 사상 최대 수준으로 달성하여 글로벌 시장에서의 위상을 공고히 함,호재,2026-04-10 09:26,23.4,사실형,46.7
https://n.news.naver.com/mnews/article/088/0001005035?sid=101,IT/플랫폼,"다른 주식은 다 오르는데…네카오, 반등 열쇠 'AI'",네이버와 카카오가 실적 개선에도 불구하고 주가가 반등하지 못하는 이유는 AI 수익화 입증이 관건인 것으로 분석된다.,호재,2026-04-10 10:12,39.2,사실형,81.9
https://n.news.naver.com/mnews/article/119/0003079177?sid=101,방산/우주항공,'K-록히드마틴' 꿈꾸던 한화의 질주…기습 공시에 '일단 멈춤',한화그룹의 '한국형 록히드마틴' 전략이 매각 측의 돌연한 변심으로 전열 재정비에 돌입했다.,악재,2026-04-10 10:57,15.7,사실형,87.0
https://n.news.naver.com/mnews/article/293/0000082519?sid=101,제약/바이오,"주주 소통 손 내민 강스템바이오텍, 오스카·오가노이드 성과 공유","강스템바이오텍이 주주 소통을 강화하고, 국내-해외 사업을 추진하는 방침을 발표했다.",호재,2026-04-10 11:24,18.8,추론형,49.8
https://n.news.naver.com/mnews/article/001/0016014366?sid=101,IT/플랫폼,외국인도 함께 즐긴다…전국 50개 축제 연계 '동행축제' 개막,"전국 50개 축제가 연계하는 '동행축제'가 11일부터 한 달간 전국 각지에서 열리며, 소상공인 매출 증대와 소비 활성화를 위한 행사이다.",호재,2026-04-10 13:42,20.2,대화형,22.4
https://n.news.naver.com/mnews/article/629/0000490278?sid=101,IT/플랫폼,"""본업으로 복귀""…수익성 절실한 네이버·카카오, AI 에이전트에 '올인...",네이버와 카카오가 AI 에이전트를 중심으로 수익성 확보에 나선다.,호재,2026-04-10 13:36,39.2,사실형,65.2
https://n.news.naver.com/mnews/article/021/0002783784?sid=101,자동차/모빌리티,"“다시 대륙으로”… 현대차·삼성, 中 공략 뛰어든다",현대차·삼성 등 국내 주요 기업들이 중국 시장 공략을 강화하며 글로벌 경쟁력을 확보하기 위한 생존 전략에 나선다.,호재,2026-04-10 11:48,33.1,사실형,63.2
https://n.news.naver.com/mnews/article/018/0006254633?sid=102,자동차/모빌리티,"""전기차 전환에 공급망 재편""…'산업전환 계획' 수립 단계 진입",정부가 '산업전환 고용안정 기본계획'을 위해 정책 세부사항을 수립하는 본격적인 실행 단계에 진입했다.,호재,2026-04-10 14:38,62.8,사실형,57.0
https://n.news.naver.com/mnews/article/092/0002418215?sid=103,자동차/모빌리티,오디오 명가인 줄 알았는데…SDV 전장판 흔드는 하만',"하만코리아가 중국 전기차 업체 차량에 SDV 기술을 적용하고, 글로벌 완성차 업체 및 국내 완성차 업체와 협력 확대 추진 중이다.",호재,2026-04-10 10:31,24.3,사실형,96.0
https://n.news.naver.com/mnews/article/018/0006254477?sid=103,자동차/모빌리티,기아 '인베스터 데이'에 AVP본부·BD 총출동…중장기 미래 전략 제시,기아가 하이브리드차와 전기차를 아우르는 친환경차 풀라인업을 구축하고 5년간 49조원을 투입해 모빌리티 전환을 위한 중장기 미래 전략을 제시했다.,호재,2026-04-10 10:21,24.4,사실형,97.2
https://n.news.naver.com/mnews/article/031/0001022159?sid=101,방산/우주항공,"""호르무즈 해협 봉쇄, 단순 유가 충격 아닌 국가의 생존 위협""",호르무즈 해협 봉쇄로 일본의 경제가 붕괴할 위험이 존재한다.,호재,2026-04-14 17:21,68.6,사실형,92.2
https://n.news.naver.com/mnews/article/028/0002800753?sid=110,방산/우주항공,하나의 크고 아름다웠던 공급망 동맹 [아침햇발],미국이 이란에서 군인들을 구출하는 작전이 영화로 제작될 것이라는 예상이 나왔다.,호재,2026-04-14 18:24,30.3,사실형,60.0
https://n.news.naver.com/mnews/article/014/0005507774?sid=101,IT/플랫폼,"증시 반등에도 부진한 ' K콘텐츠'…증권가 ""하반기 모멘텀 기대""",코스피가 반등에도 콘텐츠 업종은 오히려 하락하며 시장과 엇갈린 흐름을 보이고 있다.,호재,2026-04-15 06:01,38.0,사실형,84.8
https://n.news.naver.com/mnews/article/018/0006257372?sid=101,IT/플랫폼,"롯데마트 제타, KT 멤버십 회원에 할인 쿠폰 준다",롯데마트 제타는 KT 멤버십 회원에게 3만원 이상 구매 시 4000원 할인 쿠폰을 제공한다.,호재,2026-04-15 06:02,36.9,사실형,90.9
https://n.news.naver.com/mnews/article/029/0003021722?sid=105,IT/플랫폼,"다비오, 한화갤러리아에 모바일 지도 서비스 제공… 리테일 데이터 인텔...",다비오가 한화갤러리아에 모바일 지도 서비스 'QR.here'를 제공하며 리테일 테크 시장 점유율을 확대한다.,호재,2026-04-15 09:00,43.5,대화형,37.9
https://n.news.naver.com/mnews/article/030/0003417892?sid=101,IT/플랫폼,"다비오, 한화갤러리아에 모바일 지도 서비스 제공…리테일 데이터 인텔...",다비오가 한화갤러리아에 모바일 지도 서비스를 제공하며 리테일 데이터 인텔리전스 시장에서 점유율을 확대하고 있다.,호재,2026-04-15 09:01,43.5,대화형,43.0
https://n.news.naver.com/mnews/article/018/0006257491?sid=105,IT/플랫폼,"다비오, 한화갤러리아에 QR코드 기반 모바일 지도 서비스 공급… 리테일...",다비오가 한화갤러리아에 QR코드 기반 모바일 지도 서비스 'QR.here'를 공급하며 리테일 테크 시장 점유율을 확대하고 있다.,호재,2026-04-15 09:02,30.3,사실형,56.4
https://n.news.naver.com/mnews/article/008/0005344335?sid=105,IT/플랫폼,"[단독]""AI가 해커 대체""…정부, 화이트해커 보안기업 긴급소집",정부가 화이트해커 보유 보안기업 CEO들을 긴급 소집하여 AI 기반 취약점 탐지와 공격 시나리오 분석에 대응하는 대책을 논의했다.,호재,2026-04-15 09:09,15.5,사실형,62.8
https://n.news.naver.com/mnews/article/003/0013887717?sid=101,IT/플랫폼,"""KT 멤버십으로 장볼까""…롯데마트 제타, 4000원 할인 '달달혜택'",롯데마트 제타가 KT 고객을 대상으로 4월 멤버십 프로모션을 운영한다.,호재,2026-04-15 06:00,47.7,사실형,75.6
https://n.news.naver.com/mnews/article/277/0005749507?sid=101,IT/플랫폼,"롯데마트 제타, KT 멤버십 고객 대상 4000원 할인 프로모션","롯데마트 제타는 KT 멤버십 고객을 대상으로 4000원 할인 프로모션을 진행하며, 신규 이용자 50% 증가에 기여했다.",호재,2026-04-15 06:00,34.7,사실형,88.0
https://n.news.naver.com/mnews/article/117/0004054165?sid=105,IT/플랫폼,"[IT 세대교체 ④] 안으로 들어온 김택진, 밖에서 판 짜는 장병규","네이버, 카카오, 넥슨, 엔씨 등 IT 기업들이 세대교체를 통해 권력 구조가 변화하고 있다.",호재,2026-04-15 07:00,17.6,사실형,80.9
https://n.news.naver.com/mnews/article/015/0005274986?sid=101,IT/플랫폼,"""이젠 기대도 없다""…올라도 '반토막' 목표가 '줄줄이 하향'",네이버와 카카오의 목표주가가 잇달아 하향 조정되면서 AI 발전 속도가 따라가지 못하고 있는 것으로 보인다.,악재,2026-04-14 20:01,37.9,사실형,81.9
https://n.news.naver.com/mnews/article/014/0005507701?sid=105,IT/플랫폼,"""AI가 세계 최고 해커 될 수도"" 정부, 통신·플랫폼 긴급 소집","정부는 엔트로픽과 오픈AI의 AI 모델을 사이버 보안에 활용하는 프로젝트 출범에 따라 긴급 현안 점검을 실시하고, AI를 활용한 보안 위협에 주의하는 요청을 했다.",호재,2026-04-14 18:43,19.9,사실형,73.9
https://n.news.naver.com/mnews/article/018/0006257280?sid=101,IT/플랫폼,"""이러다 달러에 다 먹혀…韓 입법 골든타임 놓쳐선 안돼""",AI 에이전트 결제 전쟁에서 한국은 골든타임을 놓치면 달러 스테이블코인 중심의 재편을 맞이할 수 있다.,호재,2026-04-14 19:14,41.5,사실형,78.8
https://n.news.naver.com/mnews/article/018/0006257278?sid=101,IT/플랫폼,"코인베이스, 새 결제표준 앞세워 시장 주도…韓은 걸음마 단계",코인베이스는 새 결제 표준 'x402'를 앞세워 시장 주도하고 있다.,호재,2026-04-14 19:07,21.2,사실형,82.9
https://n.news.naver.com/mnews/article/014/0005507713?sid=105,IT/플랫폼,노봉법 후폭풍 ‘판교’ 덮치나… 계열사·외주 많은 IT·플랫폼 긴장,노란봉투법 시행 이후 IT·플랫폼 업계에서 하청노조가 원청 대상 교섭요구를 급격히 늘려 현장의 변화가 가시화되고 있다.,호재,2026-04-14 18:45,22.3,사실형,71.2
https://n.news.naver.com/mnews/article/009/0005662490?sid=103,IT/플랫폼,“엇 혹시 내 차도?”…자칫했다간 ‘삼진아웃’ 내일부터 공영주차장...,"8일부터 공영주차장 5부제가 시행되며, 승용차의 번호 끝자리가 3번 또는 8번인 차량은 출입이 불가합니다.",호재,2026-04-07 17:50,37.9,사실형,60.3
https://n.news.naver.com/mnews/article/277/0005746011?sid=102,IT/플랫폼,내일부터 공영주차장 5부제…대상 여부는 직접 확인해야,"내일부터 공영주차장 5부제가 시행되지만, 대상 여부는 직접 확인해야 한다.",호재,2026-04-07 12:16,36.2,사실형,60.3
https://n.news.naver.com/mnews/article/658/0000140344?sid=101,IT/플랫폼,공영주차장 승용차 5부제 8일 0시 시행…민원인도 대상,"8일부터 공영주차장 승용차 5부제가 시행되며, 민간인도 대상이 된다.",호재,2026-04-07 15:46,30.2,사실형,59.2
https://n.news.naver.com/mnews/article/081/0003633190?sid=101,IT/플랫폼,[Q＆A] 내일부터 공공기관 ‘홀짝제’… “짝수일엔 끝번호 짝수만 운행...,"8일부터 공공기관과 일부 공영주차장에서는 차량 2부제와 5부제가 시행되며, 짝수 날에는 끝 번호가 짝수인 차량만 출입이 허용된다.",호재,2026-04-07 18:33,25.9,사실형,51.7
https://n.news.naver.com/mnews/article/001/0016007784?sid=100,IT/플랫폼,"내일부터 공영주차장 5부제…""잠깐도, 외국인 렌터카도 안돼""(종합)","내일부터 공영주차장 5부제가 시행되며, 승용차 5부제가 적용되며, 렌트카도 대상이며, 특정 차량은 예외이다.",호재,2026-04-07 17:09,46.0,사실형,62.8
https://n.news.naver.com/mnews/article/654/0000174377?sid=100,IT/플랫폼,내일부터 공영주차장 5부제…대상 여부 직접 확인해야,"공영주차장 5부제는 일부만 적용되며, 대상 여부는 직접 확인해야 한다.",호재,2026-04-07 13:19,39.2,사실형,79.3
https://n.news.naver.com/mnews/article/055/0001346529?sid=102,IT/플랫폼,내일부터 공영주차장 5부제인데…대상 주차장 알아서 검색해야,"내일부터 공영주차장 5부제가 시행되며, 대상 주차장은 알아서 확인해야 한다.",호재,2026-04-07 11:53,71.3,추론형,13.3
https://n.news.naver.com/mnews/article/082/0001374849?sid=101,IT/플랫폼,"8일부터 ‘공공기관 승용차 홀짝제’·‘공영주차장 5부제’…""택배·베...","8일부터 공공기관 승용차 홀짝제와 공영주차장 5부제가 시행되며, 정기권 보유자는 유효 기간까지 5부제 면제 받을 수 있다.",호재,2026-04-07 17:23,29.6,사실형,65.7
https://n.news.naver.com/mnews/article/421/0008874816?sid=101,IT/플랫폼,"서클 창립자, 방한 당일 오찬 회동…금융권·두나무·다날 한자리에","서클 창립자 제레미 알레어가 13일 방한해 국내 금융권 수장들과 오찬 회동을 열고, 자체 행사를 개최한다.",호재,2026-04-07 11:46,26.0,사실형,82.5
https://n.news.naver.com/mnews/article/029/0003020376?sid=101,IT/플랫폼,네카토 뛰는데 카드사는 ‘주춤’… 결제 시장 희비,네카토의 실적 성장에 힘입어 핀테크 3사가 실적을 확대했지만 카드사는 수익성 악화에 직면했다.,호재,2026-04-07 13:02,36.2,사실형,70.3
https://n.news.naver.com/mnews/article/469/0000923987?sid=102,엔터/미디어,오염 없는 세상에서의 '덕질' 위해... 기후 운동 최전선에 K팝 팬이 있다...,K팝 팬들이 기후 운동에 뛰어들어 플라스틱 앨범 양산과 탄소 절감에 대해 논의하고 있다.,호재,2026-04-07 09:00,20.0,사실형,78.8
https://n.news.naver.com/mnews/article/001/0016006710?sid=100,IT/플랫폼,내일부터 공영주차장 5부제인데…대상 주차장 알아서 검색해야,"내일부터 공영주차장 5부제가 시행되며, 대상 주차장을 알아서 검색해야 한다.",호재,2026-04-07 11:28,60.2,사실형,75.2
https://n.news.naver.com/mnews/article/009/0005662428?sid=101,IT/플랫폼,서클 손잡은 빗썸…점유율 1위 두나무에 도전,가상자산거래소 빗썸이 달러 스테이블코인 USDC 발행사인 서클과 손잡고 국내 스테이블코인 시장 선점 경쟁에 뛰어든다.,호재,2026-04-07 17:28,26.2,사실형,55.8
https://m.entertain.naver.com/article/609/0001111581,IT/플랫폼,"아티스트 없이도 통하는 서사의 힘, 음악으로 시작된 이야기 스스로 춤...",한국의 글로벌 마케팅 파워와 일본의 IP 확장 노하우가 맞물린 구조는 이제 새로운 경쟁 표준이 되었다.,호재,2026-04-08 06:21,45.8,추론형,49.9
https://n.news.naver.com/mnews/article/011/0004606375?sid=103,엔터/미디어,BTS ‘아리랑’ 글로벌 점령 …‘방시혁 3대 승부수’ 통했다,방탄소년단의 컴백 앨범 '아리랑'은 글로벌 차트를 점령하며 K팝 역사상 전례 없는 기록을 쓰고 있습니다.,호재,2026-04-02 11:31,59.3,사실형,67.8
https://n.news.naver.com/mnews/article/449/0000339147?sid=100,엔터/미디어,"아이돌팬, 주부 파고들었다…정원오의 ‘X 정치’ [런치정치]",정원오 더불어민주당 서울시장 예비후보가 X를 통해 자신을 알리는데 집중하고 있다.,호재,2026-03-23 14:36,43.6,추론형,6.1
https://n.news.naver.com/mnews/article/422/0000849083?sid=103,엔터/미디어,'족쇄' 풀린 이수만…한국서 새 얼굴 찾는다,이수만 전 SM엔터테인먼트 총괄 프로듀서가 3년 만에 K팝계로 돌아와 A20 엔터테인먼트 코리아 수장으로 새 얼굴 찾기 시작합니다.,호재,2026-03-28 14:01,33.3,추론형,0.6
https://n.news.naver.com/mnews/article/011/0004605218?sid=102,엔터/미디어,“완구에서 엔터까지···남들이 안하는 도전 합니다”,"장난감 대통령으로 불리는 최신규 초이크리에이티브랩 대표가 환갑의 나이에 엔터테인먼트 업계로 전향하고, 가수와 음악·애니메이션 융합 등 새로운 컨텐츠를 개발 중이다.",호재,2026-03-31 07:30,47.4,사실형,66.0
https://n.news.naver.com/mnews/article/025/0003510385?sid=103,엔터/미디어,"경찰 6500명, 화장실 2399개 동원…BTS는 이제 '공공재' [BTS 2.0시대]",BTS의 무료 공연은 국익에 도움이 될 것이라는 기대에 따라 정부와 지자체가 막대한 자원을 투입하고 있다.,호재,2026-03-20 05:00,33.9,사실형,69.5
https://n.news.naver.com/mnews/article/015/0005264738?sid=103,엔터/미디어,"'국뽕' 너머의 진짜 BTS, 부장님도 모르는 팩트 체크",BTS의 실제 이야기와 팩트를 알려주는 미니 사전,호재,2026-03-20 09:35,67.0,사실형,63.4
https://m.entertain.naver.com/article/468/0001230097,엔터/미디어,"우즈·라이즈·보넥도·키키·한로로 총집결…‘21세기 대군부인’ OST,...",21세기 대군부인' OST 라인업이 완성되었습니다.,호재,2026-04-01 11:22,14.5,사실형,96.9
https://m.entertain.naver.com/article/311/0001989658,엔터/미디어,"이수만, 하이브에 SM 주식 판 지 벌써 3년…'경업금지 해제' 후 국내 무...","이수만이 하이브에 SM 주식 판 지 3년이 되는 지점에 이르며, 경업금지 해제 이후 국내 무대에 모습을 드러내고 있다.",중립,2026-03-24 17:50,21.8,추론형,25.2
https://m.entertain.naver.com/article/468/0001224091,엔터/미디어,"RBW, 257엔터 인수…‘글로벌 루키’ 엑스러브 품었다","엑스러브, RBW에 인수되어 글로벌 루키로 데뷔할 예정입니다.",호재,2026-03-11 14:45,15.5,사실형,67.0
https://n.news.naver.com/mnews/article/015/0005264457?sid=103,엔터/미디어,"""우린 한 장르로 정의될 수 없다""…BTS 이름에 숨은 4가지","BTS는 방탄소년단의 약자로, '힙합·아이돌·K팝 신 넘겠다'라는 의지도 담겨 이름부터 출발한다.",호재,2026-03-19 17:17,35.4,사실형,69.9
https://n.news.naver.com/mnews/article/119/0003078723?sid=101,자동차/모빌리티,현대차 ST1 활용하면 '폐기물 수거' 손쉽게…매연도 저감,현대차가 전기차 ST1을 활용한 스마트 수거차 실증사업을 진행하여 폐기물 수거를 쉽게 하며 매연도 저감할 수 있을 것으로 기대된다.,호재,2026-04-09 10:04,33.8,사실형,34.2
https://n.news.naver.com/mnews/article/417/0001138145?sid=101,자동차/모빌리티,"[아침밥]KB증권 ""현대차 로보틱스 사업모델·주가 저평가는 기회""",KB증권은 현대차의 로보틱스 사업모델과 주가 저평가를 기회로 본다.,호재,2026-04-09 08:44,21.2,사실형,82.2
https://n.news.naver.com/mnews/article/018/0006253180?sid=103,자동차/모빌리티,"韓산업 기여 적은 수입산 보조금 싹둑…고유가에 높아진 수요, 국산으로...",정부는 고유가에 따른 전기차 수요 증가로 국산 전기차 산업 육성을 위해 보조금을 국산 전기차에 더 많이 주는 정책을 고려하고 있다.,호재,2026-04-09 05:06,17.2,사실형,64.5
https://n.news.naver.com/mnews/article/015/0005272577?sid=103,자동차/모빌리티,"[단독] '달리는 컴퓨터' SDV…현대차그룹, 내년말 본격 생산",현대차그룹이 내년 말 본격적으로 '달리는 컴퓨터'라고 불리는 소프트웨어중심 전기차 SDV를 생산할 예정이다.,호재,2026-04-08 17:25,67.2,사실형,66.9
https://n.news.naver.com/mnews/article/119/0003078399?sid=101,자동차/모빌리티,[중동 전쟁] 보조금 없앴는데 기름값이 밀어 올렸다…美 전기차 '꿈틀',중동 전쟁의 여파로 미국 전기차 판매량이 21.5% 증가했다.,호재,2026-04-08 14:25,22.2,사실형,68.0
https://m.entertain.naver.com/article/437/0000483611,엔터/미디어,"[피플] 3년9개월의 기다림, 방탄소년단 마침내 다시 헤엄친다",방탄소년단 일곱 멤버가 군 복무를 마치고 전원 복귀한다.,호재,2026-03-19 11:16,98.1,사실형,89.7
https://n.news.naver.com/mnews/article/366/0001155196?sid=103,자동차/모빌리티,"전기차, 1분기 만에 7만대 판매… 전환 지원금·할인 영향",올해 1분기 국내 승용 전기차 판매량은 7만2321대로 역대 최다 분기 판매량을 기록했다.,호재,2026-04-08 14:20,18.0,사실형,77.4
https://n.news.naver.com/mnews/article/011/0004608462?sid=101,자동차/모빌리티,"기아 스포티지 하이브리드, 美서 최고 가성비 SUV 선정",기아 스포티지 하이브리드가 미국 자동차 전문매체 카스닷컴으로부터 최고의 가성비 스포츠유틸리티차량(SUV)에 선정되었습니다.,호재,2026-04-08 13:45,20.6,사실형,83.4
https://n.news.naver.com/mnews/article/025/0003515016?sid=101,자동차/모빌리티,아틀라스 보셨죠? 테슬라 역전 노리는 현대차 여전사,현대차 ICT 담당 사장 진은숙이 자동차 산업에 스마트폰과 같은 혁신이 도래할 것이라고 예측하며 현대차에 입사했다.,호재,2026-04-09 05:00,41.0,사실형,71.6
https://n.news.naver.com/mnews/article/009/0005662875?sid=103,자동차/모빌리티,"수입차 고질병 없앴다…‘한국에 안성맞춤’ 티맵 오토 탑재車, 100만대...",티맵 오토 탑재 차량이 국내 시장에서 100만대를 돌파했다.,호재,2026-04-08 14:09,18.7,사실형,96.4
https://n.news.naver.com/mnews/article/003/0013876975?sid=105,IT/반도체,"""韓이 CDMA 전세계 처음 상용화했다고?""…성인 2명 중 1명은 ""몰랐다""","1996년 한국이 CDMA를 상용화하여 휴대폰 번호 전성시대가 시작되었고, 디지털 전환으로 통화 품질 저하와 용량 부족 문제를 해결하는 데 큰 역할을 했다.",호재,2026-04-09 10:00,63.7,예측형,39.8
https://n.news.naver.com/mnews/article/119/0003078710?sid=105,IT/반도체,"수출 30% 책임진 'CDMA 신화' 넘어… SKT, 'AI 고속도로'로 제 2도약",SK텔레콤이 30년간의 경쟁력을 위한 'AI 고속도로' 구축을 추진한다.,호재,2026-04-09 10:00,50.7,사실형,76.8
https://n.news.naver.com/mnews/article/030/0003416269?sid=105,IT/반도체,"CDMA 신화 이끈 SKT, 다음 30년은 'AI 네트워크'가 게임체인저",SK텔레콤은 다음 30년을 'AI 네트워크'로 이끌며 제2의 CDMA 신화를 달성하고자 한다.,호재,2026-04-09 10:01,61.2,사실형,71.1
https://n.news.naver.com/mnews/article/293/0000082437?sid=101,IT/반도체,"심텍, AI 검사 자동화 성과…삼성 '우수협력사' 선정",심텍이 삼성전자와 협력하여 AI 기반 검사 자동화 기술을 개발하여 우수협력사로 선정되었습니다.,호재,2026-04-09 09:43,29.8,사실형,56.7
https://n.news.naver.com/mnews/article/018/0006253340?sid=101,IT/반도체,"RF머트리얼즈, AI데이터센터향 설비투자 위한 유증 계획에 5%↑[특징주]",RF머트리얼즈가 AI 데이터센터 향 설비 투자에 280억원 규모의 유상증자를 결정했다.,호재,2026-04-09 09:10,19.7,사실형,41.3
https://n.news.naver.com/mnews/article/018/0006253373?sid=101,IT/반도체,[마켓무버] 美-이란 2주 휴전에 뉴욕증시 ‘리스크 온’ 반등,미국과 이란이 조건부 2주 휴전에 합의했음으로써 글로벌 금융시장이 반등하는 중이다.,호재,2026-04-09 09:31,15.0,사실형,73.0
https://n.news.naver.com/mnews/article/092/0002418030?sid=105,IT/반도체,"앤트로픽, 인프라 책임자에 MS 임원 영입…AI 수요 폭증 대응",앤트로픽이 인공지능(AI) 서비스 수요에 대응하기 위해 인프라 역량을 강화한다.,호재,2026-04-09 09:29,13.3,사실형,62.5
https://n.news.naver.com/mnews/article/081/0003633728?sid=101,IT/반도체,[서울데이터랩]개장 직후 인기 검색 종목 20選,"삼성전자, 개장 직후 인기 검색 종목 1위로 많은 투자자의 관심을 받고 있다.",호재,2026-04-09 09:36,68.6,사실형,83.3
https://n.news.naver.com/mnews/article/277/0005747001?sid=101,IT/반도체,"가장 보수적인 사모펀드, AI 투자에 꽂힌 이유는",사모펀드는 AI 기업에 투자하는 이유는 AI 업체들의 빠른 성장세와 유동성 몰림으로 인해 이익을 크게 거둘 것이라는 기대 때문이다.,호재,2026-04-09 09:32,18.2,사실형,75.5
https://n.news.naver.com/mnews/article/016/0002626997?sid=101,IT/반도체,"중기부, AI·딥테크 ‘차세대 유니콘 펀드’ 본격 시동","중기부, AI·딥테크 '차세대 유니콘 펀드' 운영 계획을 발표했다.",호재,2026-04-09 09:31,14.7,사실형,90.6
https://n.news.naver.com/mnews/article/018/0006253362?sid=105,IT/반도체,"이세돌 ""알파고 대전 후 10년, AI 이해조차 어려운 수준 진화""","이세돌은 10년 전 알파고 대전 후 AI가 이해조차 어려운 수준에 이르렀다고 평가하며, AI를 활용하는 사람과 그렇지 않은 사람의 격차가 벌어지고 있다고 진단했다.",호재,2026-04-09 09:26,38.8,사실형,63.8
https://n.news.naver.com/mnews/article/277/0005746988?sid=105,IT/반도체,안개·야간 뚫는 'AI의 눈'…저비용 적외선 센서 판 바꿨다[과학을읽다...,대구경북과학기술원(DGIST)은 양자점과 2차원 반도체를 결합한 차세대 근적외선 이미지 센서 기술을 개발했다.,호재,2026-04-09 09:23,72.1,예측형,44.7
https://n.news.naver.com/mnews/article/030/0003416240?sid=105,IT/반도체,"가비아, 국산 NPU 기반 클라우드 서비스 출시",가비아가 국내 AI 반도체 기업 리벨리온의 신경망처리장치(NPU) '아톰 맥스' 기반 클라우드 서비스 'NPUaaS'를 출시했다.,호재,2026-04-09 09:26,14.8,사실형,65.8
https://n.news.naver.com/mnews/article/366/0001155406?sid=101,IT/반도체,AI·딥테크 기업에 최대 600억원…‘차세대 유니콘 펀드’ 가동,중소벤처기업부는 '차세대 유니콘 펀드'를 통해 AI·딥테크 기업에 최대 600억원 규모의 성장 자금을 공급할 계획이다.,호재,2026-04-09 09:31,13.6,사실형,90.9
https://n.news.naver.com/mnews/article/047/0002511307?sid=101,2차전지,"오봉옥 금양 소액주주대표 ""80만가족 상폐열차에 올라 벼랑 향해""","오봉옥 금양 소액주주대표가 이재명 대통령에게 공개 탄원서를 보내, 금양의 상장폐기 위기를 '상폐 열차'에 비유하며 주주들의 위기에 호소했다.",호재,2026-04-08 20:06,56.9,사실형,86.8
https://n.news.naver.com/mnews/article/648/0000046104?sid=101,IT/반도체,"삼성전기, '그록3' 기판 납품…퍼스트 벤더 확보","삼성전기는 엔비디아의 차세대 AI 반도체 '베라 루빈'에 들어가는 핵심 기판을 공급하며, 퍼스트 벤더 지위를 확보했다.",호재,2026-04-09 09:09,8.1,사실형,79.9
https://n.news.naver.com/mnews/article/020/0003711017?sid=101,2차전지,전쟁이 앞당긴 태양의 시대: 호르무즈 위기를 피한 나라들 [딥다이브],호르무즈 해협 봉쇄로 파키스탄과 스페인이 재생에너지 전환에 성공하여 에너지 안보를 보장했습니다.,호재,2026-04-09 10:01,28.5,추론형,16.4
https://n.news.naver.com/mnews/article/015/0005272529?sid=102,2차전지,"""최태원 동거인 中간첩설"" 퍼뜨린 '배터리 아저씨' 재판행",유튜버 박순혁이 최태원 SK그룹 회장의 동거인 김희영에 대한 허위 사실을 유포한 혐의로 불구속 기소되었다.,호재,2026-04-08 16:33,27.9,사실형,84.2
https://n.news.naver.com/mnews/article/277/0005746769?sid=101,2차전지,"나신평 ""철강산업, 단기적 업황 전환 가능성 높지 않아""",국내 철강산업이 정책 지원과 중국의 감산 추세에도 부진했던 업황을 단기간에 살리기는 어려울 것이라는 전망이 나왔다.,악재,2026-04-08 17:14,16.9,사실형,84.9
https://n.news.naver.com/mnews/article/092/0002417754?sid=103,2차전지,사업구조 재편에 속도내는 현대모비스…노사 갈등 확대,현대모비스가 사업구조 재편을 위해 노사 갈등을 겪고 있다.,악재,2026-04-07 14:28,21.5,사실형,77.4
https://n.news.naver.com/mnews/article/003/0013900158?sid=105,IT/반도체,"""생각을 넘어 움직이는 AI""…과기정통부 주최 '월드IT쇼' 개막",과기정통부 주최 '월드IT쇼'가 개막되었습니다.,호재,2026-04-21 12:00,29.3,추론형,20.9
https://n.news.naver.com/mnews/article/030/0003419957?sid=105,IT/반도체,"2026 월드IT쇼, 22일 코엑스에서 개막…'피지컬 AI' 기술력 뽐낸다",2026 월드IT쇼가 22일 코엑스에서 개막하여 '피지컬 AI' 기술력을 선보일 예정입니다.,호재,2026-04-21 12:01,44.2,대화형,16.4
https://n.news.naver.com/mnews/article/030/0003419956?sid=105,IT/반도체,[WIS 2026] AX 성과 한눈에…AI 혁신 사례 공유·글로벌 교류 지원,"WIS 2026에서 AX는 CES 혁신상 수상 제품을 모은 어워드테크관, 글로벌관, 엔터테크관, K-AI반도체 생태계관을 신설하여 글로벌 교류를 지원한다.",호재,2026-04-21 12:01,8.9,사실형,80.0
https://n.news.naver.com/mnews/article/030/0003419958?sid=105,IT/반도체,[WIS 2026]로봇·모빌리티·센서까지…AI반도체 적용처 다변화,서울과학기술대가 인공지능 반도체 시스템을 위한 연구 성과를 발표한다.,호재,2026-04-21 12:01,28.2,사실형,76.5
https://n.news.naver.com/mnews/article/008/0005347084?sid=105,IT/반도체,"""피지컬AI 체험 기회"" 글로벌 460개사 참여하는 '월드 IT쇼' 22일 개막","'월드 IT쇼' 22일 개막, 글로벌 460개사 참여",호재,2026-04-21 12:00,45.0,사실형,98.9
https://n.news.naver.com/mnews/article/030/0003419984?sid=105,IT/반도체,[WIS 2026] K-AI 반도체 생태계관 '국산 AI 반도체와 융합기술',K-AI 반도체 생태계관에서 국산 AI 반도체와 융합 기술을 만나볼 수 있다.,호재,2026-04-21 12:02,16.0,예측형,8.2
https://n.news.naver.com/mnews/article/030/0003419942?sid=105,IT/반도체,[WIS 2026] 인공지능 플랫폼·서비스,"호서대와 경남대는 AI 기반 반도체 스마트 팹 운영 플랫폼과 확장현실(XR) 기반 반도체 팹 디지털 트윈, 제조 빅데이터 모니터링 기술을 선보인다.",호재,2026-04-21 12:01,12.9,사실형,76.1
https://n.news.naver.com/mnews/article/022/0004122518?sid=101,IT/반도체,국내 최대 ICT 종합전시회 ‘월드 IT쇼’ 개막…통신 3사 ‘MWC 2차전’,월드 IT쇼가 국내 최대 ICT 종합전시회로 개막했다.,호재,2026-04-21 12:04,56.1,사실형,61.6
https://n.news.naver.com/mnews/article/366/0001158491?sid=105,IT/반도체,"LG전자, 美 데이터센터월드 전시 참가… 냉난방공조 솔루션 소개","LG전자, 美 데이터센터월드 전시 참가해 냉난방공조 솔루션을 소개하였다.",호재,2026-04-21 12:13,28.8,사실형,58.5
https://n.news.naver.com/mnews/article/015/0005277595?sid=101,IT/반도체,펄펄 끓는 데이터센터 어쩌나…LG전자가 꺼낸 해법은?,LG전자가 데이터센터 효율성 향상을 위한 해법을 제시했다.,호재,2026-04-21 12:21,34.8,사실형,95.5
https://n.news.naver.com/mnews/article/421/0008902418?sid=101,IT/반도체,"아몬 퀄컴 CEO, 삼성전자·LG전자·SK하이닉스 경영진과 회동","아몬 퀄컴 CEO가 삼성전자, LG전자, SK하이닉스 경영진과 회의를 개최하여 반도체와 인공지능 분야 협력을 논의했다.",호재,2026-04-21 12:04,9.7,사실형,97.7
https://n.news.naver.com/mnews/article/008/0005347089?sid=101,IT/반도체,"LS일렉트릭, 데이터센터 전력 수요 급증에 '1분기 최대 실적'",LS일렉트릭은 데이터센터 전력 수요 급증에 힘입어 1분기 최대 실적을 기록했다.,호재,2026-04-21 12:15,6.5,사실형,88.2
https://n.news.naver.com/mnews/article/366/0001158497?sid=105,IT/반도체,"딥엑스, 현대차 로보틱스랩과 AI 플랫폼 개발… ‘DX-M2’ 활용",딥엑스와 현대차 로보틱스랩이 AI 플랫폼 개발에 협력한다.,호재,2026-04-21 12:31,19.8,사실형,51.3
https://n.news.naver.com/mnews/article/021/0002786269?sid=101,IT/반도체,‘반도체 슈퍼사이클’의 힘… ‘고유가·노동이슈’ 악재 뚫고 랠리,반도체 슈퍼사이클이 내년까지 이어질 전망이다.,호재,2026-04-21 11:58,16.2,사실형,50.0
https://n.news.naver.com/mnews/article/021/0002786238?sid=101,IT/반도체,암 조직분석·치료설계 하루만에… LG ‘에이전틱 AI’ 전격 공개,"LG가 '에이전틱 AI'를 전격 공개하고, 퀄컴과 파트너십을 맺어 반도체 공급망을 안정화하고 전용 칩을 개발할 계획이다.",호재,2026-04-21 11:55,19.9,사실형,56.6
https://n.news.naver.com/mnews/article/648/0000046452?sid=101,IT/반도체,[인사이드 스토리]머스크 '테라팹' 직진…삼성 셈법 흔들까,머스크의 테라팹이 삼성전자와 TSMC를 위협할 것으로 보인다.,호재,2026-04-21 11:50,30.5,추론형,1.0
https://n.news.naver.com/mnews/article/421/0008902408?sid=105,IT/반도체,피지컬AI 중심 산업 대전환 한눈에…2026 월드IT쇼 22일 개막,"2026 월드IT쇼는 AI 반도체, 로보틱스, 디지털 플랫폼 등 다양한 분야의 혁신 기업들이 최신 AI·ICT 기술을 선보이는 행사로 개최된다.",호재,2026-04-21 12:00,35.7,사실형,85.8
https://n.news.naver.com/mnews/article/014/0005510909?sid=101,IT/반도체,"LS일렉, 1분기 실적 신기록...데이터센터 수혜 본격화",LS일렉이 1분기 실적 신기록을 달성하며 데이터센터 수혜가 본격화하는 것으로 보인다.,호재,2026-04-21 11:42,8.9,예측형,20.1
https://n.news.naver.com/mnews/article/015/0005277592?sid=104,IT/반도체,美 제조업 조용한 생산 호황…AI·항공우주가 끌었다,"미국 제조업이 조용한 생산 호황을 맞고 있으며, AI와 항공우주의 성장으로 인한 데이터센터 관련 인프라 수요 증가로 인해 생산이 급증하고 있다.",호재,2026-04-21 11:47,11.1,사실형,97.5
https://n.news.naver.com/mnews/article/011/0004612952?sid=101,IT/반도체,퀄컴 CEO·삼성 사장단 회동…파운드리 협력 방안 논의,퀄컴 CEO와 삼성 사장단이 파운드리 협력 방안을 논의합니다.,호재,2026-04-21 11:58,25.4,사실형,94.5
https://n.news.naver.com/mnews/article/015/0005277584?sid=101,IT/반도체,"[단독] 퀄컴 CEO 방한, 삼성·SK 경영진과 잇따라 회동","퀄컴 CEO가 삼성·SK 경영진과 잇따라 회동하는 가운데, 메모리 반도체 수급 방안을 논의했다.",호재,2026-04-21 11:33,21.5,사실형,98.1
https://n.news.naver.com/mnews/article/030/0003419932?sid=102,IT/반도체,"[주니어전자]딥엑스·현대차, 차세대 피지컬 AI 플랫폼 공동 개발",주니어전자와 현대차가 차세대 피지컬 AI 플랫폼 공동 개발을 시작했다.,호재,2026-04-21 11:31,20.2,추론형,0.0
https://n.news.naver.com/mnews/article/009/0005665940?sid=101,자동차/모빌리티,기름값 뛰자 전기차 씽씽 … 中 BYD 벌써 1만대 팔려,중국 전기차 브랜드 BYD가 국내 진출 11개월 만에 수입차 최단 기간 1만대 판매 기록을 세웠다.,호재,2026-04-14 17:52,15.5,사실형,75.1
https://n.news.naver.com/mnews/article/008/0005344032?sid=101,자동차/모빌리티,"르노코리아, 부산공장 차세대 전기차 생산 허브로…내년 첫 SDV 출시","르노코리아가 부산공장을 차세대 전기차 생산 허브로 선정하고, 내년부터 소프트웨어 정의 차량(SDV)을 출시할 예정이다.",호재,2026-04-14 15:41,11.7,사실형,81.7
https://n.news.naver.com/mnews/article/047/0002512057?sid=101,자동차/모빌리티,"""현대차 대신 르노를 자랑스럽게""… 니콜라 파리, '메이드 인 코리아'로...","르노코리아 사장 니콜라 파리, 2027년 SDV 차량 첫 출시와 2028년 부산공장에서 차세대 르노 전기차 생산 계획을 발표했다.",호재,2026-04-14 19:56,43.6,사실형,80.7
https://n.news.naver.com/mnews/article/119/0003080517?sid=101,자동차/모빌리티,"파리 르노코리아 사장 ""2029년까지 매년 전동화 모델 출시""…부산서 EV ...","르노코리아 사장 니콜라 파리, 2029년까지 매년 전동화 모델 출시 발표",호재,2026-04-14 15:50,20.6,사실형,77.0
https://n.news.naver.com/mnews/article/011/0004610761?sid=104,자동차/모빌리티,“차 사느니 신경치료가 낫다”…아마존에서 기아차 ‘클릭 한 번’에 ...,아마존이 현대차·기아를 포함한 다양한 자동차 브랜드를 온라인으로 판매하는 서비스인 '아마존 오토스'를 통해 자동차 판매 시장에 도전장을 내밀고 있습니다.,호재,2026-04-15 06:01,34.1,추론형,4.9
https://n.news.naver.com/mnews/article/015/0005274792?sid=103,자동차/모빌리티,출시하자마자 1만대 주문…르노 사장의 이유있는 '자신감' [현장+],"르노코리아 사장 니콜라 파리, 내년 SDV 출시 후 2++ 적용 및 2028년 부산서 전기차 생산 계획을 발표했다.",호재,2026-04-14 15:33,22.3,사실형,91.7
https://n.news.naver.com/mnews/article/018/0006257133?sid=103,자동차/모빌리티,"美 이중 봉쇄·전쟁 장기화…현대차·기아, 수천억원대 손실 우려",현대차와 기아가 이란 전쟁 장기화와 유가 상승으로 수천억원대 손실 우려를 내걸고 있다.,악재,2026-04-14 15:39,29.7,사실형,66.8
https://n.news.naver.com/mnews/article/243/0000096323?sid=103,자동차/모빌리티,한국은 한 단어로 “프로페셔널리즘”…르노코리아 미래는 부산에,"르노코리아 사장 니콜라 파리, 한국 시장에 대한 높은 기술 눈높이에 맞추기 위해 만반의 준비를 한다.",호재,2026-04-14 15:52,26.7,사실형,71.7
https://n.news.naver.com/mnews/article/138/0002224642?sid=105,IT/반도체,"젠슨 황 엔비디아 CEO “中 규제, 美 기술 패권에 독…에너지 풍부하면...",젠슨 황 엔비디아 CEO는 중국 규제에 대해 미국의 기술 패권에 독을 꽂을 수 있는 위험이 있다고 경고했다.,호재,2026-04-16 08:05,17.3,사실형,85.0
https://n.news.naver.com/mnews/article/052/0002341490?sid=104,IT/반도체,"테슬라 AI 칩 속 선명한 글자...머스크 ""삼성전자에 감사"" [굿모닝경제]","테슬라 CEO 일론 머스크가 자체 인공지능(AI) 반도체 칩인 AI5 설계를 마쳤고, 삼성전자와 협력하여 생산할 수 있도록 감사했다.",호재,2026-04-16 07:33,29.5,추론형,2.1
https://n.news.naver.com/mnews/article/214/0001493202?sid=101,IT/반도체,종전 낙관론에 S&amp;P500·나스닥 지수 사상 최고치 마감,"S&P500 지수와 나스닥 지수는 기술주들의 강세에 힘입어 각각 0.8%, 1.5% 올랐고, S&P500 지수는 사상 처음으로 7,000선을 돌파했습니다.",호재,2026-04-16 07:43,37.3,추론형,2.8
https://n.news.naver.com/mnews/article/215/0001249162?sid=101,IT/반도체,'미칠 광자였나' 광통신주 주가 미쳤다…전쟁통에 1000% 상승 종목도,이란 전쟁으로 국내 증시가 크게 출렁인 가운데 광통신 관련 종목들이 나 홀로 급등해 수익률 상위권을 차지했다.,호재,2026-04-16 07:26,21.4,사실형,89.7
https://n.news.naver.com/mnews/article/018/0006258167?sid=101,IT/반도체,낸드도 ‘붐’ 온다…D램 뒤따라 수익성 개선 본격화,낸드 시장도 본격적인 반등 국면에 진입할 것으로 전망된다.,호재,2026-04-16 07:40,29.9,사실형,66.5
https://n.news.naver.com/mnews/article/374/0000504723?sid=101,IT/반도체,입사하자 마자 7억 성과급?…SK하이닉스 킹산직 뽑는다,"SK하이닉스는 이달 22일까지 '4월 탤런트 하이웨이 메인트 및 오퍼레이터' 모집 공고를 게시하고, 지원자들은 서류 전형, 필기 전형, 면접을 거쳐 최종 합격자가 결정될 예정입니다.",호재,2026-04-16 07:33,49.3,추론형,0.0
https://n.news.naver.com/mnews/article/052/0002341481?sid=104,IT/반도체,"머스크 ""AI 칩 AI5 설계 마쳐...삼성전자에 감사""",일론 머스크가 테슬라의 차세대 인공지능 칩 'AI5' 설계를 마쳤다고 밝혔습니다.,호재,2026-04-16 07:31,31.5,추론형,0.0
https://n.news.naver.com/mnews/article/001/0016024259?sid=101,IT/반도체,전쟁 속 수익률 상위권 휩쓴 '광통신株'…테마 넘어 실속주될까,중동 사태로 광통신 관련 종목이 급등하며 국내 증시 수익률 상위권을 석권했다.,호재,2026-04-16 07:03,11.9,사실형,90.8
https://n.news.naver.com/mnews/article/055/0001348974?sid=102,IT/반도체,"""공부 안 해도 인생 달다""…부러움 산 생산직 직원 글","SK하이닉스 생산직 직원의 성과급 기대감이 높아지면서, 그가 공부를 잘하지 못해도 대기업에 입사한 자신의 선택을 '가성비 루트'로 표현하며 부러움을 받고 있습니다.",호재,2026-04-16 07:49,76.9,추론형,0.1
https://n.news.naver.com/mnews/article/050/0000104988?sid=101,IT/반도체,삼성전자·테슬라 '동맹' 결실… 머스크도 '엄지 척',"테슬라 최고경영자 일론 머스크가 차세대 인공지능(AI) 반도체 'AI5' 설계 완료를 선언하고, 삼성전자와 TSMC에 감사했다.",호재,2026-04-16 07:25,22.3,사실형,87.5
https://n.news.naver.com/mnews/article/011/0004611697?sid=105,자동차/모빌리티,IMF “한국 부채 빠르게 증가”…2031년 63% 경고,IMF는 한국의 부채 비율이 2031년 63%로 급격하게 증가할 것이라고 경고했다.,호재,2026-04-17 09:32,33.4,사실형,86.8
https://n.news.naver.com/mnews/article/081/0003635891?sid=101,IT/반도체,[서울데이터랩]개장 직후 인기 검색 종목 20選,"네이버 금융 검색 상위 종목은 개장 초반에 강세를 보이며, 현대차가 상승 탄력을 나타냈다.",호재,2026-04-16 10:13,55.3,사실형,88.6
https://n.news.naver.com/mnews/article/293/0000082858?sid=101,IT/반도체,국민성장펀드의 첫 직접투자 '리벨리온'…이제 증명의 시간 [넘버스],국민성장펀드가 리벨리온에 첫 직접투자로 6400억원을 투자했다.,호재,2026-04-16 10:18,13.8,사실형,65.6
https://n.news.naver.com/mnews/article/016/0002630563?sid=101,IT/반도체,"코스피, 6000선 ‘버티기’ 돌입…현대차그룹株 동반 강세 [투자360]","코스피가 6000선 '버티기'를 위해 상승 출발했으며, 현대차그룹 주가도 강세를 보이고 있다.",호재,2026-04-16 10:12,21.6,사실형,90.5
https://n.news.naver.com/mnews/article/277/0005750347?sid=101,IT/반도체,코스피 전고점 돌파 카운트다운…추가 상승 동력은?,코스피가 전고점 돌파를 위한 초읽기에 들어갔다. 국내 증시의 강력한 기초체력 개선으로 시장의 시선이 향하고 있다.,호재,2026-04-16 10:09,56.3,사실형,66.4
https://n.news.naver.com/mnews/article/014/0005508605?sid=101,IT/반도체,GTX-A 더블역세권 용인 '구성역 플랫폼시티49' 800가구 공급,경기 용인시 기흥구에 800가구 규모의 민간임대 아파트 '구성역 플랫폼시티49'이 4월에 공급을 시작한다.,호재,2026-04-16 10:13,27.7,사실형,93.2
https://n.news.naver.com/mnews/article/023/0003971185?sid=101,IT/반도체,"종전 기대감에 6100선 뚫은 코스피, 연초 대비 상승률 ‘세계 1위’",코스피가 종전 기대감에 힘입어 6100선 뚫고 연초 대비 상승률 세계 1위에 올랐다.,호재,2026-04-16 09:39,48.3,사실형,97.6
https://n.news.naver.com/mnews/article/047/0002512240?sid=100,IT/반도체,"신상진 성남시장 ""남은 임기 시정공백 없도록 최선""","신상진 성남시장은 남은 임기 동안 시정공백이 없도록 하겠다고 밝혔으며, 재개발·재건축과 미래산업 인프라 구축을 완수하는 데 집중하겠다고 말했다.",호재,2026-04-16 09:56,31.7,사실형,43.1
https://n.news.naver.com/mnews/article/648/0000046307?sid=101,IT/반도체,"""사상 최고 경신한 S&amp;P·나스닥""…코스피도 6300 재돌파할까?","코스피는 전고점 돌파 여부에 관심이 쏠리고, 기관이 순매수하며 상승을 이끌고 있다.",호재,2026-04-16 09:44,34.3,사실형,82.6
https://n.news.naver.com/mnews/article/016/0002630559?sid=105,IT/반도체,"[단독] SK하이닉스, 美 ADR 6~7월 상장한다",SK하이닉스가 미국 증시 ADR 상장 시점을 6월~7월로 정하고 관련 절차를 진행 중이다.,호재,2026-04-16 10:06,10.6,사실형,73.3
https://n.news.naver.com/mnews/article/018/0006258264?sid=101,IT/반도체,"코스피, 미·이란 종전 협상 기대 속 1.19% 오른 6163.87 출발","코스피가 상승 출발, 미국과 이란 간 휴전 연장과 종전 협상 기대가 커지면서 투자심리가 개선되었습니다.",호재,2026-04-16 09:11,34.3,사실형,94.4
https://n.news.naver.com/mnews/article/277/0005750301?sid=101,IT/반도체,"[클릭 e종목]""덕산테코피아, 본업 회복에 이차전지까지…실적·주가 반...",덕산테코피아의 본업 회복과 이차전지 사업의 성장으로 실적과 주가가 반등할 것으로 분석됩니다.,호재,2026-04-16 09:35,13.6,사실형,62.1
https://n.news.naver.com/mnews/article/003/0013890839?sid=102,제약/바이오,"두드러기, 주사→알약 재편되나…""2차치료제 옵션 확대""",만성 자발성 두드러기 2차 치료 시 경구제가 승인되어 시장을 변화시킬지 주목된다.,호재,2026-04-16 10:01,67.6,사실형,82.1
https://n.news.naver.com/mnews/article/024/0000104831?sid=101,방산/우주항공,"현대위아⋅로템 나란히 주가 상승, 왜?...위아 방산 부문 로템에 넘긴다...","현대위아는 방산 부문을 현대로템으로 넘기며 사업 효율성을 극대화하고, 현대로템은 핵심 화포 제조 기술을 완전히 내재화하여 글로벌 시장에서의 수출 경쟁력을 강화할 전망이다.",호재,2026-04-16 10:17,36.2,사실형,74.6
https://n.news.naver.com/mnews/article/016/0002630552?sid=105,IT/플랫폼,"[르포] ‘미토스 쇼크’ 전 세계 초비상…“AI가 거르고, 화이트해커로...",전 세계 사이버보안에 초비상이 걸린 '미토스 쇼크'로 인공지능(AI)이 보안 취약점을 찾아내고 시스템 공격까지 수행할 수 있다는 사실이 알려지면서 충격을 안겼다.,악재,2026-04-16 10:01,34.1,사실형,81.4
https://n.news.naver.com/mnews/article/277/0005750352?sid=110,자동차/모빌리티,[기자수첩]정부 보조금 싹쓸이했던 중국산 전기버스 잊었나,"정부 보조금 논란이 일자, 국내 기업인 현대차와 기아차만 보조금을 받게 된다는 비난이 제기됐다. 하지만 중국산 전기버스가 몇 년 전 보조금을 '싹쓸이'했던 일을 고려할 때, 보조금 정책이 특정 기업에만 지원되지 않는지 더 넓은 시각으로 바라보는 것이 필요하다.",호재,2026-04-16 10:10,43.1,사실형,43.7
https://n.news.naver.com/mnews/article/648/0000046160?sid=101,IT/반도체,[ETF워치]코스피 6000 탈환 눈앞…ETF 400조 시대 '초읽기',"코스피가 회복세를 보이며 6000포인트를 넘보고 있는 가운데, ETF 시장도 활기를 띠고 있으며 400조원 시대를 눈앞에 두고 있습니다.",호재,2026-04-11 09:00,37.0,추론형,0.1
https://n.news.naver.com/mnews/article/020/0003711569?sid=101,IT/반도체,‘데이터 센터’ 막으려 총질까지…“전기료-소음 못 참아”[딥다이브...,미국에서 데이터센터 반대 여론이 심각해 정치권이 데이터센터 건설을 막아 세우려는 움직임을 보인다.,호재,2026-04-11 10:01,63.2,추론형,4.5
https://n.news.naver.com/mnews/article/138/0002224110?sid=105,IT/반도체,"""삼성 결국 자리 내줬다""…애플, 1Q 글로벌 스마트폰 점유율 1위 등극","애플이 1Q 글로벌 스마트폰 점유율 1위 등극, 삼성은 질적 성장 과도기",호재,2026-04-11 07:03,40.3,사실형,66.3
https://n.news.naver.com/mnews/article/119/0003079441?sid=101,IT/반도체,"12조 상속세 마침표 찍은 이재용, 실리콘밸리서 ‘AX 속도전’ 구광모 ...","이재용 삼성전자 회장이 12조 원 상속세를 마무리하고, 구광모 LG그룹 회장이 실리콘밸리에서 AI 관련 사업을 본격화했다.",호재,2026-04-11 07:00,27.9,사실형,92.0
https://n.news.naver.com/mnews/article/016/0002627662?sid=101,2차전지,반도체 ‘슈퍼사이클 온기’ 중견·중소기업에 퍼진다… 실적 기대감 ‘...,"반도체 시장의 '슈퍼사이클'이 중견·중소기업까지 확산되며, 한미반도체 등에 실적 기대감이 높아지고 있다.",호재,2026-04-10 10:19,13.7,사실형,81.0
https://n.news.naver.com/mnews/article/024/0000104717?sid=101,2차전지,석화·車부품·2차전지 ‘불면의 밤’ 왜?,"미국 이스라엘-이란 전쟁 여파로 금리 인상 우려가 커지면서 석유화학, 2차전지 등 고금리 민감도 높은 업종에 긴장감이 팽배하다.",호재,2026-04-10 21:01,32.2,사실형,79.7
https://n.news.naver.com/mnews/article/008/0005343095?sid=101,제약/바이오,"""호재야 악재야"" 외계어에 피보는 개미들…제약·바이오 공시 손본다",금융감독원이 제약·바이오업종 공시제도를 전면개편하여 일반투자자가 이해하기 쉽게 하기 위해 노력하고 있다.,호재,2026-04-13 04:00,22.6,사실형,49.4
https://n.news.naver.com/mnews/article/023/0003970373?sid=100,제약/바이오,"[에디터의 Q] “美, 이란 전쟁에서 군사기술 혁신 진전시켜… 중국은 결...","미국은 이란 전쟁에서 군사 혁신과 실전 경험을 보이며, 핵심 기술에서도 비슷한 양상을 보이고 있다.",호재,2026-04-12 23:32,10.2,사실형,96.1
https://n.news.naver.com/mnews/article/018/0006255899?sid=101,제약/바이오,"""종전 협상 결렬은 저점 매수 기회""…코스피 PER 7배 초반으로 저렴해져","종전 협상 결렬은 저점 매수 기회로 보이며, 2차전지, 인터넷, 제약·바이오 등 부문에 관심을 기울일 것을 권고했다.",호재,2026-04-13 07:52,18.1,사실형,49.9
https://n.news.naver.com/mnews/article/020/0003711705?sid=101,제약/바이오,제2 ‘삼천당제약 사태’ 없게… 제약-바이오 ‘깜깜이 공시’ 손본다,제약·바이오 기업 공시 내용이 개인투자자가 이해하기 쉽게 개편될 예정이다.,호재,2026-04-13 00:31,12.8,사실형,46.9
https://n.news.naver.com/mnews/article/123/0002381196?sid=101,제약/바이오,금주 한국은행 및 금융당국(금융위·금감원) 주요 일정,"금융감독원, 제약·바이오 공시 개선 TF 출범하고 불법 핀플루언서를 파헤치기로 함",호재,2026-04-13 06:28,19.9,사실형,75.3
https://n.news.naver.com/mnews/article/023/0003970426?sid=102,제약/바이오,"제약사들, 의약품 사재기 못하게 주문량 제한",제약사들이 의약품 사재기를 막기 위해 주문량을 제한하는 조치를 취한다.,호재,2026-04-13 00:45,24.3,사실형,37.6
https://n.news.naver.com/mnews/article/003/0013882729?sid=102,제약/바이오,"신약 개발 맞잡은 두 손…""생태계 키우고 환자 살린다""[같이의 가치]",대형 제약바이오 기업이 기술 개발에 성공하면 공중보건에도 혜택이 돌아간다.,호재,2026-04-13 01:01,38.9,예측형,48.1
https://n.news.naver.com/mnews/article/008/0005343093?sid=102,제약/바이오,머니투데이 오프라인 헤드라인-13일,"코스피가 외인 투자자가 돌아와 상승했지만, 지정학 리스크와 전쟁 리스크가 계속되는 등 여러 변수가 존재한다.",중립,2026-04-13 04:00,32.2,사실형,84.9
https://n.news.naver.com/mnews/article/003/0013882821?sid=102,제약/바이오,"""중국 CDMO 고속 성장""…더 거세진 글로벌 수주 경쟁",이노벤트가 글로벌 파트너십을 통해 CDMO 사업을 확장할 계획이다.,호재,2026-04-13 07:01,24.3,대화형,71.1
https://n.news.naver.com/mnews/article/023/0003970390?sid=101,제약/바이오,"삼천당 논란에… 금감원, 난해한 제약·바이오 공시 손 본다","금융감독원, 제약·바이오 공시 내용을 일반 투자자가 이해하기 쉬운 방식으로 개선한다.",호재,2026-04-13 00:32,7.7,사실형,93.5
https://n.news.naver.com/mnews/article/366/0001156294?sid=101,제약/바이오,[K-신약 혁신가들]② 난청 치료 신약 도전 뉴라클사이언스 “2만 유전자...,한국 바이오기업 뉴라클사이언스가 난청 치료제 개발에 도전장을 냈다.,호재,2026-04-13 06:03,35.0,예측형,70.9
https://n.news.naver.com/mnews/article/011/0004609932?sid=101,제약/바이오,"“외부 파트너사 협력 넘어 자체 역량 강화”…K바이오, AI 전담 조직·플...",K바이오가 AI 전담 조직과 자체 플랫폼을 구축하여 제약 바이오 기업들의 AI 기반 구축을 가속화할 것이라고 전망된다.,호재,2026-04-13 07:00,15.2,사실형,49.7
https://n.news.naver.com/mnews/article/018/0006255833?sid=101,제약/바이오,"'2900억 밸류' 아델, 본격 IPO 도전 재점화 [바이오 다크호스 펀딩]",아델이 약 490억원 규모의 상장 전 지분투자 라운드를 성료해 화제다.,호재,2026-04-12 22:20,12.6,사실형,95.4
https://n.news.naver.com/mnews/article/243/0000096215?sid=101,제약/바이오,"‘초기 흥행’ 코스닥 액티브 ETF 수익률은 부진, 공시 구조 한계 부각",코스닥 액티브 ETF는 초기 흥행에도 불구하고 3월 말부터 4월 초까지 수익률이 부진했다.,악재,2026-04-13 06:31,30.0,사실형,97.6
https://m.entertain.naver.com/article/609/0001112900,IT/플랫폼,"1:1 메시지부터 글로벌 생태계까지, K-컬처 심장이 된 ‘팬 플랫폼’ 빛...",K-컬처가 글로벌 생태계로 확장되며 팬 플랫폼이 새로운 지평을 열고 있다.,호재,2026-04-11 06:27,9.6,사실형,93.7
https://m.entertain.naver.com/article/312/0000755300,IT/플랫폼,'사냥개들2' 30초에 홀려서 7시간 정주행…숏폼이 역유입 부른다 [TEN스타...,유튜브 등 영상 서비스 플랫폼에서 '사냥개들2'의 액션신 숏폼이 조회수 상위권에 다수 포진돼 있다,호재,2026-04-11 07:01,30.4,사실형,79.7
https://n.news.naver.com/mnews/article/117/0004052933?sid=105,IT/플랫폼,"[OK AI ③] AI는 누구의 작품으로 돈을 버나…저작권 전쟁, ‘학습’에서...",인공지능(AI) 저작권 논쟁이 법적 충돌을 넘어 '돈의 문제'로 옮겨가고 있다.,악재,2026-04-11 10:00,28.3,사실형,68.4
https://n.news.naver.com/mnews/article/014/0005506005?sid=100,IT/플랫폼,외국인·해외 체류 국민도 받을 수 있나…고유가 피해지원금 Q&amp;A,"고유가 피해지원금은 일반 국민은 10만원부터 25만원까지, 취약계층은 최대 60만원까지 받을 수 있다.",중립,2026-04-11 12:37,34.7,사실형,71.8
https://n.news.naver.com/mnews/article/008/0005342785?sid=101,엔터/미디어,K팝 '아이돌·스탭' 양성소 서울 사당에 둥지…데뷔·취업까지 연결,케이랩컴퍼니가 서울 사당역 인근에 사옥을 확장 이전하고 아카데미 공간을 확대했다.,호재,2026-04-11 07:00,29.1,사실형,82.1
https://n.news.naver.com/mnews/article/050/0000104836?sid=101,자동차/모빌리티,현대차가 포르쉐를 이겼다고?…외신도 깜짝 놀랐다,현대차그룹이 세계 올해의 고성능 자동차 부문에서 2년 연속 수상하는 쾌거를 기록했다.,호재,2026-04-11 13:59,29.3,사실형,97.6
https://n.news.naver.com/mnews/article/016/0002628049?sid=101,자동차/모빌리티,"“현대차 내비가 ‘찐’ 벚꽃 명소?”…현대오토에버, 플랫폼 전환 속도",현대차그룹은 내비게이션을 플랫폼으로 확장하여 사용자 경험을 향상하고 수익 모델을 확대하는 전략을 추진하고 있다.,호재,2026-04-11 07:01,17.9,사실형,60.7
https://n.news.naver.com/mnews/article/003/0013881441?sid=101,자동차/모빌리티,"""유가 뛰니 전기차가 달라 보여""…韓 자동차 수출 호재되나",중동 정세 불안으로 국제유가가 급등하면서 전기차 시장이 회복기를 맞을 수 있다는 전망이 제기된다.,호재,2026-04-11 08:00,24.4,사실형,66.9
https://n.news.naver.com/mnews/article/123/0002381149?sid=101,자동차/모빌리티,부진 딛고 일어선 현대차…아이오닉 앞세워 中시장 재공략,현대차가 중국 시장에 다시 공략하기 위해 아이오닉 브랜드를 앞세우고 중국 고객 생활방식에 맞춰 브랜드 전략을 공개했다.,호재,2026-04-10 17:34,24.4,사실형,67.1
https://n.news.naver.com/mnews/article/243/0000096161?sid=103,자동차/모빌리티,"정의선의 ‘고성능 승부수’ 통했다…현대차, 아이오닉6 N으로 세계 정상",현대차의 고성능 브랜드 N이 세계 올해의 고성능 자동차 부문에서 아이오닉6 N으로 또 다시 수상하였다.,호재,2026-04-11 10:01,50.2,사실형,80.1
https://n.news.naver.com/mnews/article/011/0004609427?sid=101,자동차/모빌리티,"현대차, 아이오닉 투입해 中 공략…콘셉트카 2종 최초 공개",현대차가 중국에서 아이오닉 브랜드를 선보이며 세계 최대 자동차 시장에 재공략에 나선다.,호재,2026-04-10 16:49,11.6,사실형,66.2
https://n.news.naver.com/mnews/article/117/0004052808?sid=103,자동차/모빌리티,"현대차, 중국 EV 시장 재도전…아이오닉 브랜드 전면에","현대차가 중국 EV 시장에 재도전하기 위해 전용 전기차 브랜드 '아이오닉'을 앞세우고, 콘셉트카 2종을 세계 최초로 공개했다.",호재,2026-04-10 16:34,17.3,사실형,61.1
https://n.news.naver.com/mnews/article/448/0000603207?sid=101,IT/반도체,[돈이 보이는 경제] '중동 악재' 떨쳐낸 반도체…'40만 전자'·'200만 닉스...,"반도체가 중동 전쟁에도 호황을 누리고 있으며, 40만 전자와 200만 닉스라는 파격적인 전망치가 등장했습니다.",호재,2026-04-11 19:35,37.0,추론형,7.1
https://n.news.naver.com/mnews/article/021/0002783956?sid=101,IT/반도체,"삼전·하닉, 高실적·高인센티브덕에…‘삼성·SK고시’ 교재 불티","삼성전자, SK하이닉스 등 주요 반도체 기업에 대한 취업 준비생들의 관심이 증가하고, 관련 채용시험 교재 시장도 활황을 보이고 있다.",호재,2026-04-11 23:20,11.7,사실형,62.1
https://n.news.naver.com/mnews/article/008/0005342861?sid=101,IT/반도체,"에이아이비즈, 비정상 공정설비 'AI 탐지 기술' 3건 특허 획득",에이아이비즈가 공정 설비의 비정상 동작을 탐지하는 AI 기술 3건을 특허 등록했다.,호재,2026-04-11 18:34,15.6,사실형,61.9
https://n.news.naver.com/mnews/article/030/0003416842?sid=100,IT/반도체,"김병욱 성남시장 예비후보, 양자·AI 클러스터로 성남 미래산업 재편 시...","김병욱 성남시장 예비후보는 양자·AI 클러스터를 통해 성남의 미래산업을 재편하고, 교통망 확충 및 재건축 속도전을 약속했다.",호재,2026-04-11 22:51,13.8,예측형,35.6
https://n.news.naver.com/mnews/article/002/0002436839?sid=102,IT/반도체,"민형배 ""당선 1년 내 10조 반도체 공장 유치…전남광주의 판 바꾸겠다""","민형배 후보가 전남광주통합특별시장 경선에서 100일 플랜을 발표하여 10조원 규모의 글로벌 반도체 공장을 유치하고, AI 반도체 수도를 도약할 계획이다.",호재,2026-04-11 18:44,20.7,사실형,81.5
https://n.news.naver.com/mnews/article/629/0000490514?sid=101,제약/바이오,[비즈토크&lt;하&gt;] 삼천당제약 간담회에 나타난 외부인…삼천당과 무슨 관...,"삼천당제약의 기자간담회에서 외부인이 등장하여 논란이 일었으며, 과거 계약 개입 정황과 함께 '실세 역할' 의혹이 확산되었다.",악재,2026-04-12 00:03,63.5,추론형,12.2
https://n.news.naver.com/mnews/article/056/0012160467?sid=101,IT/플랫폼,“내수 소비에 활기를”…‘동행축제’ 발길 이어져,동행축제가 전주에서 열려 시민들의 발걸음이 이어지며 소상공인 매출 증대와 소비 활성화를 위해 마련된 행사입니다.,호재,2026-04-11 21:45,48.1,추론형,0.0
https://n.news.naver.com/mnews/article/081/0003634400?sid=100,IT/반도체,민형배 “당선 1년 내 10조 규모 반도체 공장 유치… 전남광주 판 바꿀...,"민형배 후보는 당선 후 1년 이내에 10조 원 이상의 투자가 이뤄지는 '글로벌 반도체 공장'을 유치하고, 지역 경제를 강화하고 일자리 창출에 집중하겠다고 밝혔다.",호재,2026-04-11 18:20,27.6,사실형,84.5
https://n.news.naver.com/mnews/article/079/0004135562?sid=100,IT/반도체,"정옥임 ""하정우, 나갈거면 당당히 나가든지!""[한판승부]",정옥임 전 의원은 하정우가 당당히 나가야 한다고 말했습니다.,호재,2026-04-11 08:31,39.0,추론형,8.1
https://n.news.naver.com/mnews/article/015/0005273646?sid=101,IT/반도체,"둘이 합쳐 매출 1000조원…""40만전자·200만닉스 간다""","삼성전자와 SK하이닉스는 올 들어 개인투자자가 가장 많이 사들인 주식이며, 국내 반도체 애널리스트들은 당분간 우상향 곡선을 그릴 것으로 전망했다.",호재,2026-04-11 06:01,37.6,사실형,81.4
https://n.news.naver.com/mnews/article/011/0004609603?sid=101,2차전지,“소멸 위기 기업 살리자”...경영리스크 해법된 기보 M&amp;A 보증지원,기술보증기금이 중소벤처기업의 경영리스크를 해소하기 위해 M&amp;A 보증지원을 통해 해외 진출 발판을 마련하고 신성장 동력을 확보하는 데 성공했다.,호재,2026-04-11 10:02,42.7,사실형,68.2
https://n.news.naver.com/mnews/article/277/0005747376?sid=101,2차전지,"신한은행, SK온과 생산적 금융 협력…""글로벌 경쟁력 지원""",신한은행이 SK온의 전기차용 2차전지 및 에너지저장장치 분야 해외 사업 확대를 위해 생산적 금융 지원에 나선다.,호재,2026-04-09 16:52,47.8,대화형,35.6
https://n.news.naver.com/mnews/article/469/0000924968?sid=101,제약/바이오,"'주가 반토막' 삼천당 사태 여파…금감원, 제약·바이오 공시 재정비","금감원, 제약·바이오 공시 재정비를 통해 투자자 혼란을 줄여 주는 방안을 마련한다.",호재,2026-04-12 16:49,22.4,예측형,57.2
https://n.news.naver.com/mnews/article/119/0003079679?sid=100,제약/바이오,"[데일리안 오늘뉴스 종합] 양승조, 유권자에 '돌아이' 비하 일파만파…...","금감원, 삼천당제약 주가 반토막에 공시 개선 방안을 모색한다.",호재,2026-04-12 17:59,16.0,사실형,93.0
https://n.news.naver.com/mnews/article/469/0000924971?sid=105,제약/바이오,"치매·심혈관 질환 걱정된다면… ""운동 강도 높여라""",치매와 심혈관 질환 걱정된다면 운동 강도를 높이는 것이 좋다.,호재,2026-04-12 17:01,42.5,사실형,86.1
https://n.news.naver.com/mnews/article/032/0003439401?sid=101,제약/바이오,‘제2의 삼천당제약’ 막아라,금융당국이 국내 제약·바이오 업종의 정보 비대칭 문제를 해결하기 위해 공시 제도를 개선하고 미래 매출 추정치를 명확하게 제시하도록 할 예정이다.,호재,2026-04-12 21:07,14.2,추론형,49.8
https://n.news.naver.com/mnews/article/009/0005664685?sid=110,제약/바이오,[매경데스크] 삼천당제약 쇼크가 남긴 교훈,삼천당제약 쇼크로 인한 투자자들의 교훈과 거래소의 대응 방안,호재,2026-04-12 16:59,12.9,사실형,95.8
https://n.news.naver.com/mnews/article/014/0005506287?sid=103,제약/바이오,CDMO 경쟁 한창인데… 삼성바이오 초격차 발목잡는 노조,삼성바이오가 노조 파업으로 인해 산업 윤리와 직업적 책임에 대한 논쟁으로 확산될 가능성이 있다.,악재,2026-04-12 18:14,21.8,예측형,84.3
https://n.news.naver.com/mnews/article/138/0002224162?sid=101,제약/바이오,"“임상 성공한 거야, 망한 거야?”…읽어도 모르는 바이오 공시 뜯어고...",금융감독원이 제약·바이오 공시를 투자자 눈높이에 맞게 전면 개선한다.,호재,2026-04-12 16:37,23.6,사실형,99.5
https://n.news.naver.com/mnews/article/014/0005506291?sid=103,제약/바이오,제약바이오 '제네릭 의존' 수익구조 바꾼다,국내 제약바이오 업계가 경영 환경이 악화되자 주요 제약사들이 사업구조 개편과 비용 절감 등 대응에 나섰다.,호재,2026-04-12 18:14,24.6,사실형,88.3
https://n.news.naver.com/mnews/article/215/0001248729?sid=101,제약/바이오,"'읽어도 무슨 말인지'...제약·바이오 공시, 확 바뀐다",제약 및 바이오 상장사 공시 방식이 투자자 이해를 위해 개선된다.,호재,2026-04-12 18:02,19.0,사실형,92.8
https://n.news.naver.com/mnews/article/030/0003416954?sid=105,제약/바이오,"디티앤씨그룹, AI 대전환·기술혁신 통해 신성장 엔진 가동",디티앤씨그룹의 AI 대전환과 기술혁신을 통해 신성장 엔진이 가동 중이다.,호재,2026-04-12 17:01,16.7,추론형,46.9
https://n.news.naver.com/mnews/article/011/0004609782?sid=101,제약/바이오,"“개발비·리스크 줄이자”…K바이오, AI 조직·플랫폼 구축 승부수",K바이오가 AI 조직과 플랫폼 구축을 통해 개발비와 리스크를 줄이려 한다.,호재,2026-04-12 17:21,13.6,사실형,49.7
https://n.news.naver.com/mnews/article/030/0003416955?sid=105,제약/바이오,[인터뷰] 박채규 디티앤씨그룹 회장 “고객의 시간을 창조하는 글로벌 ...,디티앤씨그룹 회장은 고객사들이 신약 출시를 앞당기기 위해 '시간 제조기업'으로서의 경쟁력을 강조했다.,호재,2026-04-12 17:01,31.4,예측형,70.9
https://n.news.naver.com/mnews/article/015/0005273921?sid=105,제약/바이오,"""디앤디파마텍 지방간염 신약, 대형 기술수출 소식 기대""",디앤디파마텍의 지방간염 신약이 대형 기술수출 기대에 부응할 것으로 기대되고 있습니다.,호재,2026-04-12 18:14,15.7,추론형,99.9
https://n.news.naver.com/mnews/article/014/0005506324?sid=101,제약/바이오,코스닥 시총 29% 바이오업종 공시체계 바뀐다,금융당국이 제약·바이오 업종의 공시 체계를 전면 개편한다.,호재,2026-04-12 18:40,16.3,사실형,97.1
https://n.news.naver.com/mnews/article/015/0005273867?sid=101,제약/바이오,"""글로벌 빅파마 거래의 핵심""…ESG 역량 키우는 바이오기업",글로벌 제약사와 파트너십 체결 여부에 따라 바이오기업의 성공이 달라질 수 있다.,호재,2026-04-12 17:24,7.3,예측형,40.5
https://n.news.naver.com/mnews/article/057/0001944279?sid=101,제약/바이오,"금감원, 제약·바이오 공시 기준 개선 착수…""쉽게 써라""","금감원, 제약·바이오 공시 기준 개선 계획 발표",호재,2026-04-12 16:22,17.4,추론형,50.0
https://n.news.naver.com/mnews/article/469/0000924821?sid=100,방산/우주항공,"미·러, 직접 충돌 없이 이익 주고받아… 냉전 세력 균형과 딴판인 ‘전...",미국과 러시아는 전쟁을 통해 국익을 추구하는 '외교적 수단'으로 사용하고 있다.,호재,2026-04-11 09:00,23.6,사실형,56.7
https://n.news.naver.com/mnews/article/021/0002783781?sid=101,방산/우주항공,"풍산, 탄약사업 매각 중단… 한화 단독입찰 후 돌연철회",풍산이 한화에어로스페이스와의 탄약사업 매각을 중단했다.,악재,2026-04-10 11:48,38.0,사실형,89.9
https://n.news.naver.com/mnews/article/003/0013880950?sid=104,방산/우주항공,"젤렌스키 ""우크라군 228명 중동 여러 국가들에서 이란 드론 격추 도와""",우크라이나 대통령 젤렌스키는 우크라이나군이 중동 국가에서 이란의 샤헤드 드론을 격추한 사실을 밝혔다.,호재,2026-04-10 16:59,11.5,사실형,99.1
https://n.news.naver.com/mnews/article/024/0000104723?sid=101,방산/우주항공,전쟁 끝나면 방산주도 끝?...“군비 경쟁 확대될 것”,전쟁 종전 이후 중동 국가의 군비 지출이 확대될 가능성이 높아 한국 방산 기업의 수혜가 기대된다.,호재,2026-04-11 09:01,12.1,사실형,98.1
https://n.news.naver.com/mnews/article/011/0004609394?sid=101,방산/우주항공,"한화에어로, K9 자주포 수출 14조 원 돌파…서방 표준 노린다",한화에어로스페이스의 K9 자주포 수출액이 14조 원을 돌파했다.,호재,2026-04-10 15:04,9.9,사실형,96.2
https://n.news.naver.com/mnews/article/293/0000082529?sid=101,방산/우주항공,"[풍산 방산사업 인수전]④ 한화, K9+탄약 '수직계열화' 마침표 찍나",한화에어로스페이스가 풍산 탄약사업부를 인수하면 지상 무기 체계의 수직계열화가 가능해져 가격 경쟁력을 확보하고 공급망 리스크를 원천 차단할 수 있다.,호재,2026-04-10 13:41,55.2,사실형,44.5
https://n.news.naver.com/mnews/article/030/0003416754?sid=101,방산/우주항공,"[ET특징주] 한화에어로, 풍산 탄약사업부 인수 검토 중단…풍산홀딩스 ...",한화에어로스페이스가 풍산 탄약사업부 인수를 검토 중단함에 따라 풍산홀딩스 주가는 급락했다.,악재,2026-04-10 13:34,22.1,사실형,83.8
https://n.news.naver.com/mnews/article/243/0000096117?sid=101,방산/우주항공,"한화에어로 ""풍산 방산 인수 안 한다""…풍산홀딩스 '급락'",한화에어로스페이스가 풍산 방산 부문 인수를 중단했다는 소식에 풍산홀딩스 주가가 급락하고 있다.,호재,2026-04-10 10:51,36.2,사실형,96.0
https://n.news.naver.com/mnews/article/277/0005747659?sid=101,방산/우주항공,"풍산, 탄약사업부 매각 중단 의사에 한화 측 당혹",한화에어로스페이스가 추진하던 풍산 탄약사업부 인수가 무산되었습니다.,악재,2026-04-10 10:23,38.7,사실형,95.2
https://n.news.naver.com/mnews/article/016/0002627645?sid=101,방산/우주항공,한화·풍산 ‘방산 빅딜’ 돌연 중단…왜? [비즈360],한화에어로스페이스의 풍산 방산 부문 인수 절차가 중단되었습니다.,악재,2026-04-10 10:02,31.2,사실형,79.9
https://n.news.naver.com/mnews/article/014/0005505611?sid=100,방산/우주항공,"북유럽 혹한 뚫은 K9 자주포, 핀란드와 9400억 규모 2차 수출 계약",K9 자주포가 핀란드와 9400억 규모의 2차 수출 계약을 체결했다.,호재,2026-04-10 09:39,22.4,사실형,96.3
https://n.news.naver.com/mnews/article/031/0001021201?sid=101,방산/우주항공,"한화에어로, 핀란드에 K9 자주포 추가 공급⋯9400억원 규모","한화에어로스페이스가 핀란드에 K9 자주포 추가 공급, 9400억원 규모의 계약 체결",호재,2026-04-10 10:08,20.9,사실형,97.8
https://n.news.naver.com/mnews/article/016/0002627658?sid=104,방산/우주항공,“이란戰에 바닥난 美무기고 채우려면 中 도움 절실”,미국은 이란 전쟁으로 소진된 무기 재고를 재비축하려면 중국의 협력을 절실하게 필요로 하고 있다.,호재,2026-04-10 10:14,32.6,사실형,69.1
https://n.news.naver.com/mnews/article/016/0002627578?sid=101,방산/우주항공,"한화 K9 자주포, 핀란드 추가 수출…9400억원 규모",한화에어로스페이스는 핀란드에 K9 자주포를 9400억원 규모로 공급하는 계약을 체결했다.,호재,2026-04-10 09:09,20.6,사실형,83.6
https://n.news.naver.com/mnews/article/020/0003711341?sid=101,방산/우주항공,"한화에어로스페이스, 핀란드 9400억 규모 ‘K9 자주포’ 추가 수출… “...",한화에어로스페이스는 핀란드와 K9 자주포 수출 계약을 체결하여 핀란드가 나토 내에서 3번째로 200문 넘는 K9 자주포를 운용하는 국가가 될 예정입니다.,호재,2026-04-10 09:12,22.5,사실형,71.2
https://n.news.naver.com/mnews/article/421/0008881604?sid=104,방산/우주항공,중동전에 바닥난 美요격망 재건…'中 장악' 핵심광물 확보 관건,미국이 중동전에 소모한 미사일 요격·방어체계를 재건하는 과정에서 중국이 핵심광물인 갈륨 공급을 사실상 장악하고 있기 때문에 대미 협상력 확대할 가능성이 있다.,호재,2026-04-10 09:18,22.5,사실형,86.7
https://n.news.naver.com/mnews/article/030/0003416704?sid=101,방산/우주항공,"한화에어로스페이스, 핀란드에 9400억원 규모 K9 자주포 추가 공급","한화에어로스페이스, 핀란드에 9400억원 규모 K9 자주포 추가 공급",호재,2026-04-10 11:00,16.5,사실형,89.0
https://m.entertain.naver.com/article/241/0003494755,엔터/미디어,"태민, 美 아마존 뮤직 글로벌 퍼포먼스 시리즈 ‘인 더 페인트’ K팝 최...",태민이 미국 아마존 뮤직 글로벌 퍼포먼스 시리즈 '인 더 페인트'에 K팝 최초로 합류하여 글로벌 존재감을 입증했다.,호재,2026-02-18 14:37,33.8,추론형,48.9
https://n.news.naver.com/mnews/article/032/0003437934?sid=103,자동차/모빌리티,현대차 아이오닉 6 N ‘세계 올해의 고성능 자동차’ 수상,현대차그룹의 아이오닉 6 N이 미국 뉴욕 국제오토쇼 '2026 월드카 어워즈'에서 '세계 올해의 고성능 자동차'상을 수상했다.,호재,2026-04-05 21:03,27.8,사실형,83.9
https://n.news.naver.com/mnews/article/008/0005340505?sid=101,자동차/모빌리티,바뀌는 전기차 보조금 정책 누가 유리?..양적 성장 넘어 질적으로 전환,전기차 보조금 정책이 질적으로 전환하여 산업 기여와 공급망 경쟁력까지 고려하는 방향으로 재설계되면서 양적 성장에서 질적 성장으로 이동하고 있다.,호재,2026-04-06 17:50,10.9,사실형,68.6
https://n.news.naver.com/mnews/article/277/0005746318?sid=101,제약/바이오,"삼성바이오에피스, 전 임직원 AI 교육 실시…바이오 특화 전문가 양성",삼성바이오에피스는 전 임직원 대상으로 AI 역량 강화 교육을 실시하여 바이오 제약 업종에 특화한 AI 전문가 양성을 목표로 한다.,호재,2026-04-08 08:33,15.3,사실형,87.6
https://n.news.naver.com/mnews/article/009/0005662601?sid=101,제약/바이오,끊이지 않는 ‘과대포장’ 의혹…삼천당제약에 발목잡힌 韓 바이오,삼천당제약의 '과대포장' 의혹으로 국내 바이오 업계 투자심리가 위축되면서 관련 ETF 수익률이 급격히 하락했다.,악재,2026-04-08 06:17,30.6,사실형,76.7
https://n.news.naver.com/mnews/article/648/0000046061?sid=101,제약/바이오,베일 벗은 삼천당제약 핵심 기술…대만 바이오텍이 개발,"삼천당제약이 개발한 핵심 기술 'S-PASS'는 대만의 바이오텍인 서밋 바이오테크와의 협력으로 개발되었으며, 삼천당제약은 실질적인 권리를 100% 소유하고 있다.",호재,2026-04-08 08:46,21.7,사실형,61.4
https://n.news.naver.com/mnews/article/031/0001020423?sid=101,제약/바이오,혁신형 제약기업 인증 개편…R&amp;D 기준 높인다,"정부가 혁신형 제약기업 인증 기준을 개편하여 R&D 투자 비율 기준을 2%p 상향하고 정량평가 확대, 리베이트 관련 심사 기준 명확화 등을 도입한다.",호재,2026-04-07 21:01,36.2,사실형,35.6
https://n.news.naver.com/mnews/article/629/0000489082?sid=101,IT/플랫폼,"구글 진출에 불붙는 '지도 전쟁'…네이버·카카오, 서비스 고도화로 맞...",네이버와 카카오가 구글 지도의 국내 서비스에 대응하여 자사의 지도 서비스를 고도화하고 있다.,호재,2026-04-07 14:23,66.4,사실형,70.9
https://n.news.naver.com/mnews/article/008/0005341333?sid=105,IT/플랫폼,"네이버·카카오 지도, '길찾기' 넘어 소통·리뷰 경쟁…구글 공세 긴장...","네이버·카카오가 지도 서비스 경쟁에 속도를 내고 있으며, 구글은 국내 고정밀 지도 활용 확대를 노리는 가운데, 생활밀착형 지도 시장 주도권 경쟁이 치열해질 전망이다.",호재,2026-04-08 10:17,43.3,사실형,62.9
https://n.news.naver.com/mnews/article/001/0016008298?sid=101,자동차/모빌리티,"삼성증권 ""현대차, 1분기 실적 예상치 하회 전망…목표가↓""",삼성증권은 현대차의 1분기 실적이 컨센서스를 하회할 것으로 전망하며 목표주가를 하향 조정했다.,악재,2026-04-08 08:46,14.1,사실형,75.3
https://n.news.naver.com/mnews/article/014/0005504250?sid=105,자동차/모빌리티,현대차·벤츠·BMW…'티맵 오토' 탑재 車 100만대 돌파,티맵모빌리티의 차량용 내비게이션 '티맵 오토'가 100만대 돌파했다.,호재,2026-04-08 09:39,7.4,사실형,49.2
https://n.news.naver.com/mnews/article/015/0005272240?sid=101,자동차/모빌리티,中 전기차의 공습…BYD 매장수 수입차 '빅4'로,중국 전기차 업체 BYD가 한국 시장 진출 1년 3개월 만에 수입차 매장 수 기준 '빅4'에 올라섰다.,호재,2026-04-08 08:01,28.8,사실형,92.5
https://n.news.naver.com/mnews/article/417/0001137921?sid=101,자동차/모빌리티,고유가 여파로 전기차 판매량 증가…배터리 업계 봄날 올까,고유가 여파로 전기차 판매량이 증가하고 있는 것으로 보인다.,호재,2026-04-07 17:21,23.6,사실형,72.5
https://n.news.naver.com/mnews/article/018/0006252144?sid=103,자동차/모빌리티,"""중동 전쟁 직격탄""…현대차 인니 공장 가동률 '급락' 예상",현대차 인도네시아 공장 가동률이 급락할 우려에 직면했다.,악재,2026-04-07 16:06,26.7,사실형,70.2
https://n.news.naver.com/mnews/article/052/0002336903?sid=101,자동차/모빌리티,"""여보, 우리도 전기차로 바꿀까?"" 초고유가 시대 갓성비 주목",기아 EV2가 유럽에서만 생산되면서 국내 전기차 생산 공급이 떨어질 것이라는 우려가 있다.,악재,2026-04-06 10:03,14.3,추론형,20
https://n.news.naver.com/mnews/article/025/0003513680?sid=101,자동차/모빌리티,‘하브 라인업’이래서 늘렸구나…현대차 미국 판매 신기록,현대차의 하이브리드차 판매가 53.2% 증가한 9만7627대를 기록했다.,호재,2026-04-03 00:02,16.7,사실형,98.3
https://n.news.naver.com/mnews/article/092/0002418039?sid=105,IT/반도체,"오픈엣지, LPDDR6 기반 인터페이스 IP 라이선스 계약 수주",오픈엣지테크놀로지는 LPDDR6 기반 인터페이스 IP 라이선스 계약을 수주해 차세대 저전력 메모리 표준 시장 진입을 알리는 신호탄을 보냈다.,호재,2026-04-09 09:57,31.4,사실형,57.0
https://n.news.naver.com/mnews/article/011/0004608853?sid=100,IT/반도체,양향자 “30년 전문가 두고 AI 인재 영입?...비정상 선거 안 돼”,"양향자 국민의힘 최고위원이 공관위의 추가 후보 공모 결정에 반발하며, 공관위가 기존 후보 경쟁력을 위축시켰다고 비판했다.",호재,2026-04-09 10:04,20.6,사실형,85.2
https://n.news.naver.com/mnews/article/138/0002223857?sid=105,IT/반도체,"오픈엣지, LPDDR5X·LPDDR6X 지원 인터페이스 IP 상업화 착수","오픈엣지테크놀로지는 LPDDR6과 LPDDR5X를 동시 지원하는 인터페이스 IP를 개발하고, 국내 고객사로부터 수주하여 차세대 메모리 인터페이스 시장에 진출했다.",호재,2026-04-09 10:14,34.5,사실형,84.7
https://n.news.naver.com/mnews/article/018/0006253418?sid=101,IT/반도체,"에프앤가이드 지수 추종 ETF, 순자산 55조원 돌파…올 들어 25조↑","에프앤가이드 지수 추종 ETF의 순자산 총액이 55조원을 돌파했으며, 민간 지수사업자 선두 지위를 재확인했다.",호재,2026-04-09 10:03,15.2,사실형,89.1
https://n.news.naver.com/mnews/article/029/0003020740?sid=101,IT/반도체,에프앤가이드 ETF 순자산총액 55조 돌파…반도체·방산 타고 자금 유입...,에프앤가이드 ETF는 순자산총액 55조원을 돌파하며 반도체·방산 테마로 자금 유입이 확산되고 있다.,호재,2026-04-09 10:13,8.2,사실형,85.2
https://n.news.naver.com/mnews/article/011/0004608828?sid=110,IT/반도체,RIE2030이 보는 제조업의 미래 [조남준의 CROSS ECONOMY(변환경제)],"제조업의 미래는 공장을 운영하는 방식이 아니라, 제조가 만들어내는 자산에 있다.",호재,2026-04-09 09:46,20.3,사실형,65.4
https://n.news.naver.com/mnews/article/277/0005747028?sid=101,IT/반도체,"에프앤가이드, 지수 추종 ETF 순자산 55조원 돌파","에프앤가이드 지수 추종 ETF가 순자산 55조원 돌파, 반도체·방산·조선 테마로 인한 자금 유입",호재,2026-04-09 09:48,13.1,사실형,83.5
https://n.news.naver.com/mnews/article/011/0004608842?sid=101,IT/반도체,"에프앤가이드, 지수 추종 ETF 순자산 55조원 돌파","에프앤가이드의 지수 추종 ETF 순자산 55조원 돌파, 반도체·방산·조선 강세로 자금 이동",호재,2026-04-09 10:00,11.8,사실형,76.0
https://n.news.naver.com/mnews/article/277/0005747054?sid=162,IT/반도체,"공천갈등 표출된 국힘 최고위…張 ""절제·희생 필요""","국민의힘 최고위원회의에서 지방선거 공천에 대한 논의가 진행되면서, 국힘 대표 장동혁은 절제와 희생이 필요하다고 밝혔다.",호재,2026-04-09 10:10,40.5,사실형,89.0
https://n.news.naver.com/mnews/article/277/0005747065?sid=105,IT/반도체,"SKT ""6G시대 AI 고속도로 깔겠다…CDMA 신화 이어갈 것""",SK텔레콤은 6G 시대에 인공지능(AI) 고속도로를 구축하여 경쟁력을 확보하겠다고 밝혔다.,호재,2026-04-09 10:15,21.0,사실형,73.9
https://n.news.naver.com/mnews/article/030/0003416280?sid=105,IT/반도체,"시높시스, 2나노 칩렛 표준 'UCIe' 설계 작업 완료…생산 이관","시높시스가 2나노미터 공정에 칩렛 표준 'UCIe'를 적용하여 테이프아웃을 완료하였으며, 생산으로 이관하여 제품 상용화를 위한 제조 단계에 진입했습니다.",호재,2026-04-09 10:13,27.8,대화형,32.3
https://n.news.naver.com/mnews/article/008/0005341313?sid=101,제약/바이오,삼천당제약 '핵심특허' 논란까지…회사 해명에도 주가 9%↓,삼천당제약이 핵심특허 소유권 논란에 대해 해명했지만 주가는 9% 하락했다.,악재,2026-04-08 10:00,46.9,사실형,55.1
https://n.news.naver.com/mnews/article/119/0003078062?sid=102,제약/바이오,미국 FDA 대응 교육 콘텐츠 공개…제약바이오 역량 강화,한국보건산업진흥원은 미국 FDA 인허가 대응 전략을 담은 교육 콘텐츠를 공개하여 국내 제약바이오 기업의 미국 시장 진출을 위한 규제 대응 역량을 강화하고 있다.,호재,2026-04-07 18:01,16.5,사실형,37.2
https://n.news.naver.com/mnews/article/648/0000046065?sid=101,제약/바이오,"삼성바이오에피스, 임직원 AI 역량 강화…'전문가 양성'",삼성바이오에피스는 전 임직원을 대상으로 AI 역량 강화 교육을 실시하여 업무 효율성 제고와 사업 경쟁력 강화를 추진하고 있다.,호재,2026-04-08 09:38,26.0,사실형,77.8
https://n.news.naver.com/mnews/article/366/0001154904?sid=101,제약/바이오,"삼진제약, 산업부 ‘월드클래스 플러스’ 선정…4년간 R&amp;D 40억원 지원",삼진제약이 산업부 '월드클래스 플러스' 지원 사업에 선정돼 4년간 40억원 규모의 연구개발 지원금을 받게 됐다.,호재,2026-04-07 15:14,24.4,사실형,34.9
https://n.news.naver.com/mnews/article/014/0005504078?sid=101,제약/바이오,삼천당제약 “S-PASS 특허 100% 자사 소유… 2018년부터 개발비 전액 부...,"삼천당제약이 S-PASS 특허권 소유권 논란을 정면 반박, 모든 연구개발 비용을 지급한 계약에 근거",호재,2026-04-07 18:32,28.5,예측형,41.4
https://n.news.naver.com/mnews/article/214/0001491290?sid=101,제약/바이오,"주가 반토막 난 삼천당제약, 무슨 일?‥금감원, 조만간 바이오 공시 개...",삼천당제약의 주가가 급락한 이유는 계약 실적을 부풀린 의혹과 대주주의 블록딜 계획 때문입니다.,악재,2026-04-07 20:34,20.5,추론형,18.6
https://n.news.naver.com/mnews/article/001/0016006205?sid=101,제약/바이오,"[바이오스냅] 셀트리온 트룩시마, 미국서 점유율 1위 등극",셀트리온의 혈액암 치료제 '트룩시마'가 미국에서 처방 점유율 1위에 등극했다.,호재,2026-04-07 09:10,14.8,사실형,32.7
https://n.news.naver.com/mnews/article/001/0016008156?sid=105,제약/바이오,AI 접목 바이오 급성장…2035년 34조 시장 열린다,글로벌 인공지능 기반 바이오 시장이 2035년 34조원 규모에 이를 것으로 전망했다.,호재,2026-04-08 06:05,26.1,대화형,19.9
https://n.news.naver.com/mnews/article/366/0001155094?sid=101,제약/바이오,K바이오 美 암학회 총출동…차세대 항암 신약 개발 도전,국내 제약·바이오 기업이 미국암학회에서 차세대 항암 연구를 공개한다.,호재,2026-04-08 10:09,88.1,사실형,41.2
https://n.news.naver.com/mnews/article/374/0000502891?sid=101,제약/바이오,"삼진제약, 산업부 '월드클래스 플러스' 선정...""R&amp;D 지원""",삼진제약이 월드클래스 플러스 프로젝트 지원사업에 선정돼 혁신신약 고도화와 제형·항체-약물접합체 플랫폼 기반 기술 개발을 추진할 계획입니다.,호재,2026-04-07 17:32,55.3,추론형,20
https://n.news.naver.com/mnews/article/277/0005746241?sid=101,방산/우주항공,"K-방산, 중남미 공략 속도전…칠레 'FIDAE' 최대 규모 한국관 출격",대한민국 방산 31개사와 공관이 칠레에서 열리는 중남미 최대 항공·방산 전시회 'FIDAE 2026'에 역대 최대 규모의 한국관을 운영한다.,호재,2026-04-08 06:00,14.9,사실형,87.6
https://n.news.naver.com/mnews/article/018/0006252403?sid=101,방산/우주항공,"K-방산, 중남미 공략 속도…칠레 ‘FIDAE 2026’ 총출동",코트라가 중남미 시장 공략을 위해 칠레의 FIDAE 2026 전시회에 참가한다.,호재,2026-04-08 06:02,18.0,사실형,89.1
https://n.news.naver.com/mnews/article/011/0004608253?sid=101,방산/우주항공,"K-방산, 중남미 시장 원팀 집결…올해 수출 200억 달러 노린다",한국 방산은 중남미 시장에서 역대 최대 규모로 출품하며 올해 수출 200억 달러를 목표로 한다.,호재,2026-04-08 06:01,20.1,사실형,95.4
https://n.news.naver.com/mnews/article/003/0013874341?sid=101,방산/우주항공,K방산 '빅4' 수주잔고 100조원…글로벌 수요에 성장 가속,K방산 주요 4사의 수주잔고가 100조원을 넘어 글로벌 방산 시장에서 성장 국면에 진입했다.,호재,2026-04-08 10:00,56.8,사실형,78.2
https://n.news.naver.com/mnews/article/014/0005503727?sid=101,방산/우주항공,한화 '칠레 방산' 정조준... 중남미 최대 전시회 참가,한화그룹이 중남미 시장에 진출하기 위해 칠레 국제항공우주박람회(FIDAE 2026)에 참가하여 차세대 지상·해양·우주 통합 방산 역량을 선보일 예정이다.,호재,2026-04-07 12:05,24.8,사실형,82.4
https://n.news.naver.com/mnews/article/016/0002626177?sid=101,방산/우주항공,"K-방산, 수출 200억달러 눈앞…중남미 시장 공략 본격화","K-방산은 중남미 시장에서 수출 200억달러 달성을 목표로하고 있으며, 군 현대화, 치안, 국경관리, 해양자원 보호 등 다양한 수요가 확대되고 있다.",호재,2026-04-08 06:01,8.3,사실형,93.4
https://n.news.naver.com/mnews/article/119/0003078120?sid=101,방산/우주항공,K-방산 31개사 칠레 집결…중남미 최대 방산전시회 역대 최대 한국관,"K-방산 31개사 칠레 집결, 중남미 최대 방산전시회 역대 최대 한국관을 운영한다.",호재,2026-04-08 06:01,17.2,사실형,94.1
https://n.news.naver.com/mnews/article/123/0002380910?sid=101,방산/우주항공,"육·해·공 넘어 우주까지…한화, K-방산으로 중남미 공략한다",한화 방산 계열 3사가 중남미 최대 방산 전시회 'FIDAE 2026'에 참가하여 통합 방위 역량을 공개한다.,호재,2026-04-07 17:31,32.8,사실형,83.9
https://n.news.naver.com/mnews/article/016/0002626123?sid=100,IT/플랫폼,8일부터 공영주차장 5부제…네이버·카카오 지도 반영 늦어져 혼란 우려,"8일부터 공영주차장 5부제가 시행되며, 정기권 보유자는 유효 기간까지 면제되나, 임산부 차량 등은 비표가 필요할 수 있다.",호재,2026-04-07 18:36,30.5,사실형,68.2
https://n.news.naver.com/mnews/article/079/0004133987?sid=105,IT/플랫폼,"네이버, EBS와 신뢰도 높은 지식 영상 콘텐츠 구축 MOU 체결",네이버와 EBS는 신뢰도 높은 지식 영상 콘텐츠 구축을 위해 전략적 파트너십을 맺고 대규모 지식·학습 영상 콘텐츠를 제작한다.,호재,2026-04-07 17:30,30.8,사실형,63.6
https://n.news.naver.com/mnews/article/629/0000491795?sid=102,방산/우주항공,이원택 빈 자리엔 누가?…'군산·김제·부안을 전략공천에 강은호 물망,군산·김제·부안을 지역구의 보궐선거에 강은호 교수가 전략공천 물망에 올랐다.,호재,2026-04-15 20:08,81.9,사실형,80.8
https://n.news.naver.com/mnews/article/030/0003418315?sid=103,방산/우주항공,"현대위아, 현대로템에 방산사업 매각 검토…열관리·로봇 집중",현대위아가 방산 사업 부문을 현대로템에 매각할 것이라는 소식이 나왔습니다.,호재,2026-04-15 18:35,35.6,사실형,90.6
https://n.news.naver.com/mnews/article/009/0005666565?sid=101,방산/우주항공,현대위아 방산 부문 … 로템에 넘겨 일원화,현대위아의 방산 부문이 현대로템에 넘어가는 것으로 확인되었습니다.,호재,2026-04-15 17:58,25.8,사실형,78.4
https://n.news.naver.com/mnews/article/009/0005666562?sid=102,방산/우주항공,"""지도 밖 걷는 사람이 새역사 쓰듯 … 기업 경영도 모험정신 필요""","윤영석 전 대우그룹 총괄회장은 한국 경제 발전의 역사를 돌아보며, 산업화 시절의 도전과 실패를 통해 얻은 교훈을 젊은이들에게 전하고 있다.",호재,2026-04-15 17:57,32.0,사실형,79.2
https://n.news.naver.com/mnews/article/015/0005275389?sid=101,방산/우주항공,"""K2 전차 부품업체에서 MRO 기업 변신""","금아하이드파워는 K2 전차의 MRO 업체로 변신하고, 창정비를 통해 중고 전차를 새로운 무기로 탈바꿈시키는 사업을 확대할 예정이다.",호재,2026-04-15 17:34,52.3,사실형,77.4
https://n.news.naver.com/mnews/article/015/0005275446?sid=101,방산/우주항공,"[단독] '그룹 방산 사령탑' 현대로템, 포신·전차 다 만든다",현대위아의 방위산업 사업부문을 현대로템에 넘기기로 한 현대차그룹의 사업재편이 본격화했다.,호재,2026-04-15 17:58,29.4,사실형,89.7
https://n.news.naver.com/mnews/article/015/0005275444?sid=101,방산/우주항공,"[단독] 로템, 위아 '방산' 품는다…현대차그룹 사업재편 가속",현대차그룹이 현대위아의 방위산업 사업부문을 현대로템에 매각하기로 함,호재,2026-04-15 17:56,34.7,사실형,94.7
https://n.news.naver.com/mnews/article/018/0006257893?sid=100,방산/우주항공,"SNT다이내믹스, 국내 첫 CMMC 핵심 전문가 인증 확보…美 시장 공략",SNT다이내믹스가 미국 방산시장 진출을 위한 사이버보안 경쟁력을 강화하기 위해 국내 첫 CMMC 핵심 전문가 자격을 확보했다.,호재,2026-04-15 15:17,28.7,사실형,87.7
https://n.news.naver.com/mnews/article/009/0005666452?sid=101,방산/우주항공,"""일상의 침입자 된 드론 … 탐지·격추 통합한 '방패' 갖춰야""",드론 침투 위협에 대응하기 위해 탈레스는 안티드론 체계를 개발하여 민간 공항과 같은 지역에서 드론을 탐지하고 격추할 수 있는 능력을 갖추어야 한다.,호재,2026-04-15 17:02,20.7,사실형,81.4
https://n.news.naver.com/mnews/article/243/0000096406?sid=101,방산/우주항공,“전쟁 피크 지나도 오른다”…K건설·방산으로 이동하는 투자 흐름,전쟁 피크를 넘어 건설과 방산 분야가 투자자들의 관심을 받을 것으로 예상된다.,호재,2026-04-15 16:23,48.2,사실형,83.1
https://n.news.naver.com/mnews/article/014/0005508107?sid=101,방산/우주항공,"우리은행, K방산 성장에 3조 투입...""LIG 디펜스&amp;에어로스페이스 5년간""","우리은행이 LIG 디펜스&에어로스페이스와 3조원 규모의 금융 지원 업무협약을 맺어, 방산 및 첨단전략산업의 성장을 지원한다.",호재,2026-04-15 14:02,28.7,사실형,79.2
https://n.news.naver.com/mnews/article/015/0005275332?sid=101,방산/우주항공,"[단독] 현대위아, 로템에 방산사업 매각…현대차그룹 사업재편 속도",현대위아가 방산사업을 현대로템에 매각하여 로봇과 열관리 등 신사업에 집중할 계획이다.,호재,2026-04-15 16:35,36.6,사실형,90.9
https://n.news.naver.com/mnews/article/055/0001348983?sid=102,IT/플랫폼,해커 된 AI '미토스 쇼크'…보안 골든타임 임박,"AI '미토스 쇼크'로 전 세계 보안 업계가 긴장 수위를 높이고 있으며, 국가 차원의 보안 모델 개발과 정보보호 투자 확대가 시급하다고 전문가들은 입을 모읍니다.",호재,2026-04-16 08:06,33.9,사실형,68.6
https://n.news.naver.com/mnews/article/008/0005344398?sid=101,방산/우주항공,"우리은행, K-방산에 3조원 생산적 금융 지원",우리은행이 K-방산 육성을 위해 3조원 규모의 생산적 금융 지원을 약속했다.,호재,2026-04-15 10:25,32.0,사실형,96.1
https://n.news.naver.com/mnews/article/277/0005749799?sid=101,방산/우주항공,"우리銀, 방산에 3조 투입…LIG D&amp;A와 '생산적 금융' 맞손",우리은행이 LIG D&A와 5년간 3조원 규모의 금융 지원을 약속하는 업무협약을 체결했다.,호재,2026-04-15 11:04,17.9,사실형,90.3
https://n.news.naver.com/mnews/article/215/0001249098?sid=101,방산/우주항공,"한화·HD현대, 태국 3조 군함 격돌…현지 건조가 성패 [방산인사이드]","한화·HD현대, 태국 3조 군함 격돌에 현지 파트너 물색에 사활을 걸고 있습니다.",호재,2026-04-15 14:37,50.9,추론형,0.0
https://n.news.naver.com/mnews/article/081/0003635556?sid=104,방산/우주항공,"“성능만 좋다고 사주지 않는다”... 한화, 노르웨이서 던진 ‘유럽식’...",한화에어로스페이스는 노르웨이와의 협력 관계를 다연장로켓 '천무' 개발에 이어 현지 산업 협력으로 확대하고 있다.,호재,2026-04-15 13:11,17.4,사실형,65.2
https://n.news.naver.com/mnews/article/001/0016024244?sid=105,IT/플랫폼,해커 된 AI '미토스 쇼크'…보안 골든타임 임박,앤트로픽이 개발한 AI '미토스'가 보안 취약점을 탐지하고 시스템 공격까지 수행할 수 있는 성능과 속도로 알려지면서 전 세계 보안 업계에 충격을 안기고 있다.,호재,2026-04-16 06:45,21.1,사실형,71.6
https://n.news.naver.com/mnews/article/088/0001005669?sid=101,방산/우주항공,"""자유무역 시대는 끝났다…방산·반도체·에너지 ETF 지속 투자해야""[매...","최영진 한화자산운용 부사장은 자유무역 시대의 끝과 갈등·분쟁의 시대 도래를 예고하며, 한국 제조업 기업에 대한 기회를 언급했다.",호재,2026-04-15 11:11,44.0,사실형,77.0
https://n.news.naver.com/mnews/article/014/0005508309?sid=101,방산/우주항공,현대로템 '현대차그룹 방산' 선봉 맡는다... 현대위아 방산사업 매입 검...,현대로템이 현대차그룹 방산 사업을 선봉으로 맡는다는 평가를 받고 있다.,호재,2026-04-15 17:54,21.2,사실형,97.7
https://n.news.naver.com/mnews/article/018/0006257275?sid=101,IT/플랫폼,'AI가 돈 쓰는 시대' 준비 한창인데…원화 스테이블코인은 감감무소식,원화 스테이블코인 부재로 AI 에이전트 쇼핑 시대 국내 시장 개념 검증을 지연시키고 있다.,악재,2026-04-14 19:04,27.2,사실형,79.1
https://n.news.naver.com/mnews/article/018/0006257239?sid=105,IT/플랫폼,"'미토스' 보안 시대 개막…과기정통부, 글로벌 AI 보안 확산에 긴급 현...","과기정통부는 글로벌 AI 보안 확산에 긴급 현안점검회의를 개최하고, AI 보안 패러다임 전환에 대한 논의를 본격화했다.",호재,2026-04-14 17:55,18.2,사실형,86.5
https://n.news.naver.com/mnews/article/014/0005507668?sid=105,IT/플랫폼,분사·외주로 성장한 IT 산업…'하청 실질적 지배'가 쟁점,IT 산업의 성장에 있어 분사와 외주가 중심이 되면서 '하청 실질적 지배'가 새로운 쟁점이 되고 있다.,호재,2026-04-14 18:27,52.5,사실형,71.7
https://n.news.naver.com/mnews/article/092/0002418676?sid=105,IT/플랫폼,"한국정부도 ""미토스 주의보""...안보실, 민관군에 긴급 대응 주문","'미토스' AI의 보안 취약점 발견, 정부 긴급 대응",호재,2026-04-14 17:32,26.7,사실형,86.1
https://n.news.naver.com/mnews/article/374/0000504719?sid=104,IT/반도체,[마켓 브리핑] 호르무즈 봉쇄 속 낙관론…위험자산 선호 심리 회복,호르무즈 봉쇄 속 낙관론과 기업 실적 호조로 위험 자산 선호 심리가 회복되고 있다.,호재,2026-04-16 07:13,72.5,추론형,0.7
https://n.news.naver.com/mnews/article/123/0002381416?sid=101,IT/반도체,[단독] 매출 상위 20대 법인세 13.6조…SK하이닉스 홀로 과반 넘겼다 [20...,SK하이닉스가 홀로 과반을 넘긴 매출 상위 20대 기업의 법인세가 13.6조로 25% 증가했다.,호재,2026-04-16 07:03,12.3,사실형,95.1
https://n.news.naver.com/mnews/article/018/0006258183?sid=101,제약/바이오,전쟁통에도 실력 있으면 뜬다...지니너스·와이투솔루션↑ [바이오맥짚...,지니너스와 와이투솔루션은 국내 증권시장에서 바이오 부문 강세를 기록하며 주가가 급등했다.,호재,2026-04-16 08:02,70.7,사실형,53.7
https://n.news.naver.com/mnews/article/008/0005344922?sid=101,제약/바이오,"온코크로스, 온코마스터 흡수합병 결정...""멀티오믹스 DBB 사업 본격화""","온코크로스는 온코마스터를 흡수합병하여 대규모 암 환자 유전체 및 장기추적 임상 데이터를 확보하고, 인공지능 기술 역량에 임상 데이터 자산을 내재화했다.",호재,2026-04-16 08:42,25.0,사실형,46.5
https://n.news.naver.com/mnews/article/117/0004054425?sid=102,제약/바이오,"[제약바이오 브리핑] 휴메딕스, 메디사랑과 자가혈 PRP 키트 사업 MOU 등",휴메딕스와 메디사랑이 자가 혈소판 풍부 혈장 키트 신제품 및 활성화 플랫폼 사업화를 위한 전략적 업무협약을 맺었다.,호재,2026-04-15 18:06,19.8,사실형,60.5
https://n.news.naver.com/mnews/article/018/0006258201?sid=101,제약/바이오,"상장 로드맵 본격 가동한 엔테로바이옴...""올해 건기식 상용화 본격화""...","엔테로바이옴이 코스닥 상장 준비에 박차를 가하고, 올해 본격화되는 제품 상용화에 기반해 내년 상반기 코스닥 시장에 입성할 계획이다.",호재,2026-04-16 08:22,26.5,사실형,45.0
https://n.news.naver.com/mnews/article/031/0001022529?sid=101,제약/바이오,"""남의 AI 대신 내부 플랫폼""…제약사들, AI 내재화 '속도'",제약사들이 AI 내재화를 통해 신약 개발 효율을 높이고 핵심 데이터 통제력을 강화하고 있다.,호재,2026-04-16 06:02,21.1,사실형,52.4
https://n.news.naver.com/mnews/article/366/0001157244?sid=101,제약/바이오,[바이오톺아보기] ‘박카스’에 갇힌 동아 3세 강정석…尹 사면복권에도...,동아쏘시오그룹은 새로운 성장 동력을 보여주지 못해 정체의 늪에 빠져있다.,악재,2026-04-16 06:13,21.8,사실형,77.9
https://n.news.naver.com/mnews/article/015/0005275373?sid=101,제약/바이오,"앤스로픽, 노바티스 CEO 영입…오픈AI·구글과 '바이오 경쟁'",앤스로픽이 노바티스 CEO를 이사로 임명하고 AI를 신약 개발 및 임상시험 현장에 접목하려는 전략을 펼치고 있다.,호재,2026-04-15 17:28,40.4,사실형,82.0
https://n.news.naver.com/mnews/article/018/0006255909?sid=101,IT/반도체,"반도체 이익 급증에도 외국인은 판다…""멀티플 확장은 시기상조""",반도체 이익 급증에도 외국인이 집중 투자하는 이유는 이익 가시성이 부족하여 멀티플 확장이 시기상조라는 분석이다.,악재,2026-04-13 08:00,14.2,사실형,99.8
https://n.news.naver.com/mnews/article/022/0004120325?sid=101,IT/반도체,신한 “1500∼300 박스권 가능성 적어”…반도체 호황 내년 상반기 지속...,반도체 수요 증가는 인공지능(AI) 주도권 확보를 위한 경쟁적 인프라 투자로 가파른 반면 반도체 공급 확대는 기술적 어려움 등으로 제약된다.,호재,2026-04-13 07:02,11.8,사실형,91.5
https://n.news.naver.com/mnews/article/018/0006255901?sid=101,IT/반도체,유가 정점론에도 성장주 ‘선별 장세’…“반도체·AI 통신주 주목”,반도체와 AI 통신 업종이 미국-이란 협상 난항에도 방어력을 보이며 향후 성장할 가능성이 있다.,호재,2026-04-13 07:55,13.2,사실형,49.8
https://n.news.naver.com/mnews/article/001/0016017176?sid=102,IT/반도체,"아산시, 삼성전자에 반도체 후공정 생산시설 투자 요청","아산시, 삼성전자에 반도체 후공정 생산시설 투자 요청",호재,2026-04-13 08:43,17.2,추론형,97.3
https://n.news.naver.com/mnews/article/661/0000074521?sid=101,IT/반도체,노트북.스마트폰.게임기까지 줄인상…반도체 쇼크에 전자제품 줄줄이,반도체 칩 수요 폭발로 전자제품 가격이 상승하고 있다.,악재,2026-04-13 07:21,10.0,사실형,92.5
https://n.news.naver.com/mnews/article/052/0002339855?sid=101,IT/반도체,'반도체 기업 통째로 살 돈'...삼성전자 노조 요구에 주주 '분통' [굿모...,삼성전자 노조가 노동자 RIGHTS를 요구하며 40조원 규모의 인수·합병을 제안함에 따라 주주들은 분통을 터뜨렸다.,호재,2026-04-13 08:25,14.0,추론형,50.0
https://n.news.naver.com/mnews/article/417/0001138629?sid=101,IT/반도체,움직이는 서학개미…엔비디아·테슬라 팔고 '코스피' 투자한다,글로벌 반도체시장 호황과 AI 열풍에 힘입어 엔비디아·테슬라를 팔고 '코스피'에 투자한다.,호재,2026-04-13 06:00,35.3,사실형,52.0
https://n.news.naver.com/mnews/article/011/0004609927?sid=101,IT/반도체,"삼성, 로봇 AI ‘섈로파이’ 발표…판단 속도 2배·성공률 95%",삼성은 로봇 AI '섈로파이'를 발표하여 판단 속도가 2배로 높아지고 성공률이 95%로 향상된다고 발표했다.,호재,2026-04-13 06:50,16.8,사실형,99.8
https://n.news.naver.com/mnews/article/215/0001248757?sid=101,IT/반도체,"""작년 11월 이후 가장 화끈한 상승장""…메가캡 AI 모멘텀 지속 -[ 美증시...",엔비디아가 8거래일 연속 상승하며 반도체 섹터의 리더로 부상하고 있습니다.,호재,2026-04-13 08:43,7.1,추론형,50.0
https://n.news.naver.com/mnews/article/056/0012160763?sid=101,IT/반도체,“1년간 주가 300% 올랐다”…칩 붙이는 기술이 중요한 이유는? [잇슈 머...,한미반도체 장비 수요가 급증하는 이유는 AI 반도체 수요가 폭발하면서 HBM 생산 증가 때문입니다.,호재,2026-04-13 07:02,20.0,추론형,100.0
https://n.news.naver.com/mnews/article/243/0000096222?sid=101,IT/반도체,"“시장 살까, 종목 살까”…패시브 vs 액티브 ETF 올해 결과는","수익률 상위 ETF 상품은 DAISHIN343 AI반도체&amp;인프라액티브, WON 반도체밸류체인액티브 등",호재,2026-04-13 07:31,20.9,사실형,98.4
https://n.news.naver.com/mnews/article/052/0002339859?sid=101,IT/반도체,"삼성전자 노조 ""성과급 40.5조원 달라""…주주는 분통",삼성전자 노조가 성과급 40.5조원 달라고 요구하자 주주는 분통을 질렀다.,악재,2026-04-13 08:45,12.4,사실형,46.6
https://n.news.naver.com/mnews/article/011/0004609930?sid=101,IT/반도체,"고유가 피해지원금 27일 지급 시작…소득 하위 70%, 최대 60만원","고유가 피해지원금이 27일부터 지급되기 시작하며, 소득 하위 70%까지 최대 60만원까지 지원될 예정이다.",호재,2026-04-13 06:55,10.1,사실형,84.8
https://n.news.naver.com/mnews/article/011/0004609923?sid=105,IT/반도체,"삼성, 로봇 AI 연산 3분의 1로 축소…속도 2배 혁신","삼성, 로봇 AI 연산 속도 2배로 혁신하고 가상공장을 통해 노동 효율성을 극대화하는 새로운 기술을 도입한다.",호재,2026-04-13 06:47,12.9,사실형,98.9
https://n.news.naver.com/mnews/article/008/0005343125?sid=101,IT/반도체,"금융주 실적, 사모신용 경고음 울리나…ASML·TSMC 실적 발표[이번주 美...",ASML과 TSMC가 실적 발표로 AI 하드웨어주에 큰 영향을 미칠 것으로 예상된다.,호재,2026-04-13 05:35,24.3,대화형,47.2
https://n.news.naver.com/mnews/article/050/0000104868?sid=101,IT/반도체,"""삼성·하이닉스 언제까지 가냐고? 금리 보면 답 나온다""[3고시대 투자법...",이 대표는 전쟁 이후 반도체와 AI 투자 흐름이 가속화할 것으로 예상한다.,호재,2026-04-13 06:01,17.1,사실형,80.5
https://n.news.naver.com/mnews/article/008/0005343127?sid=101,IT/반도체,"57조 버는 삼성전자, 그런 기업 대하는 한국 정치 수준",삼성전자 1분기 영업이익 57조원이라는 기록을 세웠다.,호재,2026-04-13 05:50,19.9,사실형,45.7
https://n.news.naver.com/mnews/article/119/0003079706?sid=105,IT/반도체,AI·반도체 ‘인재 가뭄’…기술 패권 경쟁력 놓친다[기자수첩-정책경제...,"정부가 이공계 인력 양성을 위한 대책을 내놓지만, 반도체와 AI 분야의 인재가 부족한 문제는 해결되지 않았다.",악재,2026-04-13 07:00,22.0,추론형,49.8
https://n.news.naver.com/mnews/article/018/0006255959?sid=101,제약/바이오,서울대 의대 3인방이 꿈꾼 진단기기의 미래[디시젠 대해부①],서울대 의대 3인방이 개발한 진단기기 디시젠의 미래에 대한 기대가 높아지고 있다.,호재,2026-04-13 08:32,71.6,대화형,54.7
https://n.news.naver.com/mnews/article/374/0000503923?sid=101,제약/바이오,[어제장 오늘장] 중동 협상 결렬에 경계감 고조…시장 낙관론 깨지나,중동 협상 결렬로 시장 낙관론이 깨지나보는 분위기다.,호재,2026-04-13 08:27,33.0,추론형,100.0
https://n.news.naver.com/mnews/article/018/0006255923?sid=101,제약/바이오,"""현직 피부과 의사가 직접 만든 피부미용의료기기기업""[아그네스메디컬...",아그네스메디컬 창업자와 최고기술책임자는 최근 인터뷰에서 올해가 큰 성과가 될 것이라고 말했다.,호재,2026-04-13 08:12,44.7,추론형,99.9
https://n.news.naver.com/mnews/article/018/0006255941?sid=105,제약/바이오,"'19년 집념' HLB의 항암제 리보세라닙...진양곤의 뚝심일까, 희망고문일...","HLB그룹이 계열사를 급격히 확장하며 기술과 인력, 파이프라인을 확보하는 전략을 택했지만, 이에 대한 우려의 시선도 존재한다.",호재,2026-04-13 08:22,18.9,사실형,31.9
https://n.news.naver.com/mnews/article/374/0000503906?sid=101,제약/바이오,[마켓 프리뷰] 美·이란 1차 종전 협상 '불발'…변동성 확대 우려,미국과 이란 간 협상이 불발되면서 변동성이 확대될 우려가 있다.,호재,2026-04-13 07:35,33.7,추론형,100.0
https://n.news.naver.com/mnews/article/018/0006255838?sid=101,제약/바이오,"절차 간소화 대세...시장 바뀐다[클릭, 글로벌 제약·바이오]",미국과 중국이 규제를 완화하는 것은 자국 내 약가 인하와 글로벌 제약바이오 기업들의 온쇼어링을 유도하기 위한 전략적 선택이다.,호재,2026-04-12 23:57,16.5,추론형,97.4
