LINK,CATEGORY,TITLE,SUMMARY,SENTIMENT,PUB_DATE,CLICKBAIT_PROB,ARTICLE_TYPE,TYPE_PROB
https://n.news.naver.com/mnews/article/008/0005344972?sid=101,현대차 (자동차/모빌리티),현대차·기아 나란히 강세…이란 종전 기대감,"현대차, 기아가 미국-이란 전쟁 종전 기대감으로 강세를 보이고 있다.",호재,2026-04-16 09:43,22.1,사실형,82.9
https://n.news.naver.com/mnews/article/629/0000491857?sid=101,삼성전자 (IT/반도체),"삼성전자, 유럽 테크 세미나 개최…""AI TV 대중화 본격 추진""","삼성전자, 유럽 시장에서 AI 기술이 적용된 TV 신제품을 선보이며 AI TV 대중화 본격 추진한다.",호재,2026-04-16 09:38,17.2,사실형,73.4
https://n.news.naver.com/mnews/article/215/0001249193?sid=101,삼성전자 (IT/반도체),"삼성전자 스마트싱스, '가족 돌봄' 서비스 강화","삼성전자 스마트싱스의 가족 돌봄 기능을 강화하고, 가족의 상황 정보를 제공하는 '케어 온 콜' 기능을 도입했다.",호재,2026-04-16 09:48,12.3,사실형,77.3
https://n.news.naver.com/mnews/article/003/0013890755?sid=101,삼성전자 (IT/반도체),"삼전·SK하닉, 동반 강세…글로벌 반도체 훈풍 반영[핫스탁]","삼성전자와 SK하이닉스가 글로벌 반도체 강세 흐름에 따라 강세를 보이나, 시장에서는 2분기 이후의 성장 가능성을 두고 고민하고 있다.",중립,2026-04-16 09:43,13.3,사실형,90.0
https://n.news.naver.com/mnews/article/119/0003081220?sid=101,삼성전자 (IT/반도체),"삼성전자, '스마트싱스' 업데이트…가족 케어 기능 강화",삼성전자 스마트싱스 '패밀리 케어' 서비스에 신규 기능이 대폭 추가되어 가족 돌봄 기능이 강화되었다.,호재,2026-04-16 09:52,14.9,사실형,61.4
https://n.news.naver.com/mnews/article/082/0001376313?sid=101,삼성전자 (IT/반도체),"삼성전자, 스마트싱스 업데이트…가족 돌봄 기능 강화",삼성전자 스마트싱스 업데이트로 가족 돌봄 기능이 강화되었습니다.,호재,2026-04-16 09:33,20.4,사실형,66.3
https://n.news.naver.com/mnews/article/417/0001139229?sid=101,삼성전자 (IT/반도체),"머스크 ""AI5 테이핑 아웃 축하…삼성전자 땡큐""",일론 머스크가 테슬라 AI5 칩 테이핑 아웃을 축하하며 삼성전자에 감사를 표했다.,호재,2026-04-16 09:33,17.9,사실형,97.8
https://n.news.naver.com/mnews/article/079/0004137362?sid=101,삼성전자 (IT/반도체),"부모님 돌봄도 실시간으로…삼성전자, 스마트싱스 패밀리 케어 강화","삼성전자, 스마트싱스 업데이트 통해 가족의 일상을 더 쉽게 돌보는 기능을 강화했다.",호재,2026-04-16 09:35,17.2,사실형,54.7
https://n.news.naver.com/mnews/article/014/0005508379?sid=101,LG에너지솔루션 (2차전지),"LG엔솔, 연구·전문위원 역대 최대 규모로 선임","LG엔솔, 역대 최대 규모의 연구·전문위원 17명을 선임했다.",호재,2026-04-15 18:24,42.7,사실형,75.3
https://n.news.naver.com/mnews/article/421/0008892931?sid=101,삼성전자 (IT/반도체),"""반도체주 단기 향방 고민""…삼전·닉스 보합권 숨고르기",반도체주가 시장에서 단기 방향성 고민에 빠진 것으로 보인다.,호재,2026-04-16 09:34,27.5,사실형,87.7
https://n.news.naver.com/mnews/article/029/0003021920?sid=101,LG에너지솔루션 (2차전지),"LG엔솔, 역대 최다 ‘17명’ 연구 전문위원 선임",LG엔솔이 역대 최다 17명의 연구 전문위원을 선임했다.,호재,2026-04-15 19:16,36.0,사실형,82.8
https://n.news.naver.com/mnews/article/018/0006258278?sid=101,현대차 (자동차/모빌리티),"""로봇 시대, 현대차 63만원 간다"" 재평가…6%대 강세[특징주]",현대차가 밸류에이션 재평가로 6%대 강세를 보이며 63만원 목표주가로 상향 조정되었다.,호재,2026-04-16 09:22,38.5,사실형,87.7
https://n.news.naver.com/mnews/article/421/0008892911?sid=101,현대차 (자동차/모빌리티),"""속도내는 현대차 자율주행 로드맵""…현대오토에버 8% 급등[핫종목]",현대차그룹의 자율주행 상용화 기대감에 현대오토에버 등 관련 계열사 주가가 급등했다.,호재,2026-04-16 09:26,19.1,사실형,72.4
https://n.news.naver.com/mnews/article/015/0005275654?sid=101,현대차 (자동차/모빌리티),피지컬 AI 사업 재부각에 현대차그룹株 동반 강세,현대차그룹의 피지컬 AI 사업 재부각에 현대차그룹의 주가가 강세를 보인다.,호재,2026-04-16 09:40,33.0,사실형,94.8
https://n.news.naver.com/mnews/article/468/0001234457?sid=101,현대차 (자동차/모빌리티),"‘현대차’ 호세 “교통 체증 감소, 로봇 덕에 편해진 노동자”…미래...","현대차 호세 사장은 자율주행, 인공지능, 로보틱스 기술을 현대차의 미래 방향으로 제시하며, 로봇이 노동자들의 삶을 편하게 만들 수 있는 가능성을 강조했다.",호재,2026-04-16 09:45,44.7,사실형,70.8
https://n.news.naver.com/mnews/article/029/0003021980?sid=101,현대차 (자동차/모빌리티),"코스피, 6140선서 상승 출발…반도체 숨고르기 속 현대차 6% ‘강세’",코스피가 6140선서 상승 출발하며 반도체 숨고르기 속 현대차 6% '강세'를 보이고 있다.,호재,2026-04-16 09:20,48.9,사실형,89.0
https://n.news.naver.com/mnews/article/015/0005275678?sid=103,현대차 (자동차/모빌리티),"현대차 GBC에 '체험형 과학관' 설립…정의선 회장 ""교육의 장""",현대차그룹은 미국 샌프란시스코에 있는 익스플로라토리움과 협력하여 미래 세대를 위한 체험형 과학관을 설립한다.,호재,2026-04-16 09:59,26.2,사실형,42.2
https://n.news.naver.com/mnews/article/119/0003081216?sid=105,네이버 (IT/플랫폼),"네이버, 플레이스 사업자 1만명 디지털 전환 지원…""AI 활용 기회 넓힌...","네이버가 온라인 DX 경험을 오프라인 및 사업자 AX 생태계로 확대하며, 1만명 규모의 네이버 플레이스 사업자에게 DX 성장 지원 프로그램을 운영한다.",호재,2026-04-16 09:47,15.5,사실형,80.7
https://n.news.naver.com/mnews/article/001/0016024591?sid=105,네이버 (IT/플랫폼),"네이버, 온라인 넘어 오프라인 사업자 DX 지원…AI 활용 확대",네이버가 오프라인 사업자 지원을 확대하고 AI 활용을 넓혀 다양한 사업자와 창작자에게 기회를 제공한다.,호재,2026-04-16 09:59,20.3,사실형,52.8
https://n.news.naver.com/mnews/article/016/0002630523?sid=105,네이버 (IT/플랫폼),"“가게 운영도 데이터 기반으로”…네이버, ‘네이버 플레이스 사업자...",네이버는 6월부터 네이버 플레이스 사업자 대상으로 '플레이스 사업자 DX 성장 지원 프로그램'을 시작한다.,호재,2026-04-16 09:40,25.5,사실형,47.4
https://n.news.naver.com/mnews/article/437/0000486850?sid=101,하이브 (엔터/미디어),"BTS 빌보드 1위 찍었는데…하이브 주가는 36% 하락, 왜?","BTS의 빌보드 1위는 하이브 주가 하락을 가져오지 못하고, 실제로 하이브 주가는 36% 하락했다.",악재,2026-04-10 13:41,69.5,추론형,20
https://n.news.naver.com/mnews/article/421/0008882952?sid=101,삼성전자 (IT/반도체),'돌아온 외국인' 이번 주 삼전하닉 4.2조 순매수,외국인 투자자가 중동 전쟁 이후 처음으로 삼성전자와 SK하이닉스를 순매수하기 시작했다.,호재,2026-04-10 16:29,30.0,사실형,88.0
https://n.news.naver.com/mnews/article/018/0006254649?sid=101,LG에너지솔루션 (2차전지),"LG엔솔, 캐나다 에너지저장협회 가입…북미 ESS 영향력 확대",LG엔솔이 캐나다 에너지 저장 산업 협회에 가입하여 북미 ESS 시장에서 영향력 확대에 속도를 붙일 것으로 보인다.,호재,2026-04-10 15:05,27.1,사실형,71.7
https://n.news.naver.com/mnews/article/117/0004052808?sid=103,현대차 (자동차/모빌리티),"현대차, 중국 EV 시장 재도전…아이오닉 브랜드 전면에",현대차가 전용 전기차 브랜드 '아이오닉'을 앞세워 중국 시장 재공략에 나선다.,호재,2026-04-10 16:34,17.3,사실형,59.5
https://n.news.naver.com/mnews/article/002/0002436740?sid=102,현대차 (자동차/모빌리티),"부산은행, 현대차 손잡고 연 9% 금리 적금 출시",부산은행과 현대차가 손잡고 연 9% 금리 적금 상품을 출시했다.,호재,2026-04-10 16:33,21.3,사실형,74.5
https://n.news.naver.com/mnews/article/081/0003634260?sid=101,현대차 (자동차/모빌리티),"현대차, 아이오닉으로 中전동화 시장 공략… ‘비너스·어스’ 콘셉트카...",현대차가 아이오닉으로 중국 전기차 시장에 진출한다.,호재,2026-04-10 15:00,29.8,사실형,73.3
https://n.news.naver.com/mnews/article/082/0001375437?sid=101,현대차 (자동차/모빌리티),"현대차, 전기차 아이오닉 중국 론칭…시장 공략 속도",현대차가 중국에서 전기차 아이오닉을 론칭하며 중국 시장 진출을 공식화했다.,호재,2026-04-10 14:51,15.2,사실형,71.0
https://n.news.naver.com/mnews/article/293/0000082554?sid=101,네이버 (IT/플랫폼),"우진아이엔에스, 248억 규모 네이버 세종 데이터센터 공사 수주",우진아이엔에스가 248억원 규모의 네이버 세종 데이터센터 공사를 수주했다.,호재,2026-04-10 16:18,44.2,사실형,37.1
https://n.news.naver.com/mnews/article/469/0000924748?sid=105,네이버 (IT/플랫폼),네이버 '클로바X' 종료... 국내 포털 AI도 검색에서 에이전트로,"네이버는 자체 개발된 생성형 AI '하이퍼클로바X'를 종료하고, 주요 서비스들을 AI 에이전트가 한번에 처리하는 방식으로 전환한다.",호재,2026-04-10 16:21,22.5,사실형,53.6
https://n.news.naver.com/mnews/article/001/0016014788?sid=105,네이버 (IT/플랫폼),2조 GPU 사업 막판 경쟁…네이버·삼성·엘리스 주목,"정부가 추진하는 2조원대 규모의 GPU 공급 사업이 막판 경쟁을 벌이고 있으며, 수익성과 인프라 확보 부담이 주요 변수로 떠오르고 있다.",호재,2026-04-10 16:03,54.9,사실형,80.4
https://n.news.naver.com/mnews/article/014/0005505863?sid=101,하이브 (엔터/미디어),매출은 늘었는데 이익은 '주춤'…하이브 목표가 줄하향,하이브 목표가가 4월 들어 잇따라 하향 조정되고 있다.,악재,2026-04-10 16:36,35.6,사실형,74.2
https://n.news.naver.com/mnews/article/009/0005664184?sid=101,KB금융 (금융/밸류업),"“배당은 확실한데”…전쟁 리스크 속 금융주, 투자 매력 전망은?","금리 인하 기대 꺾이자 금융주 투자심리가 흔들고, 고배당에도 건전성 리스크가 우려된다.",악재,2026-04-10 16:06,14.4,사실형,82.9
https://m.entertain.naver.com/article/609/0001112825,하이브 (엔터/미디어),"‘하이브 라틴그룹’ 산토스 브라보스 “설레는 韓 첫 방문, 꿈꿔왔던 ...","하이브 라틴그룹 산토스 브라보스, 한국 첫 방문 미디어 데이 개최",호재,2026-04-10 16:24,17.2,사실형,98.7
https://m.entertain.naver.com/article/609/0001112829,하이브 (엔터/미디어),"산토스 브라보스 “BTS→아일릿과 챌린지 찍고파, 하이브 첫 라틴 팝그...",산토스 브라보스가 하이브 사옥에서 라틴 팝 그룹 미디어 데이를 개최했다.,호재,2026-04-10 16:35,13.8,사실형,98.7
https://m.entertain.naver.com/article/477/0000602433,하이브 (엔터/미디어),"산토스 브라보스 ""하이브 첫 라틴 그룹, 무게감 有…BTS·르세라핌과 챌...",산토스 브라보스가 하이브 소속 아티스트들에 대한 존경을 나타냈다.,호재,2026-04-10 16:37,7.7,사실형,85.7
https://n.news.naver.com/mnews/article/119/0003079331?sid=105,하이브 (엔터/미디어),"[단독] 넥슨·하이브 전 CEO 박지원, 동남아 빅테크 SEA 그룹 합류",박지원 전 하이브 대표가 동남아시아 최대 IT 기업 SEA 그룹에 합류하여 가레나의 사업 전반에 대한 경영 자문을 맡을 예정이다.,호재,2026-04-10 16:07,21.2,사실형,52.2
https://n.news.naver.com/mnews/article/654/0000175100?sid=101,삼성전자 (IT/반도체),"""삼성전자, 1분기 애플 제치고 1위""…스마트폰 시장, 양강구도 심화","삼성전자, 1분기 애플 제치고 1위로 스마트폰 시장에서 양강 구도를 심화시켰다.",호재,2026-04-11 12:26,20.6,사실형,85.5
https://n.news.naver.com/mnews/article/422/0000853859?sid=104,삼성전자 (IT/반도체),"갤럭시S26 덕분에…""삼성전자, 1분기 스마트폰시장 1위 탈환""","삼성전자, 1분기 스마트폰시장 1위 자리를 되찾아 22%의 점유율을 기록했다.",호재,2026-04-11 08:52,25.5,추론형,0.8
https://n.news.naver.com/mnews/article/050/0000104821?sid=101,삼성전자 (IT/반도체),"‘갤럭시 S26’ 인기 폭발...삼성전자, 또 일냈다","삼성전자, 1분기 세계 스마트폰 시장 점유율 1위로 자존심을 회복했다.",호재,2026-04-11 07:09,61.0,사실형,79.8
https://n.news.naver.com/mnews/article/009/0005664383?sid=101,삼성전자 (IT/반도체),삼전닉스 살까 팔까…증권가 목표가 줄줄이 올리는 이유 보니,삼성전자와 SK하이닉스의 내년 합상 영업이익이 1000조원에 달할 것으로 전망된다.,호재,2026-04-11 08:03,29.1,사실형,79.4
https://n.news.naver.com/mnews/article/374/0000503780?sid=104,삼성전자 (IT/반도체),"""삼성전자, 1분기 스마트폰시장 1위 탈환…갤럭시S26 10% 판매 증가""","삼성전자가 1분기 스마트폰 시장 1위 자리를 탈환했으며, 갤럭시 S26 시리즈의 판매 증가로 인해 점유율 22%를 기록했다.",호재,2026-04-11 06:26,41.6,추론형,20.0
https://n.news.naver.com/mnews/article/022/0004121210?sid=101,KB금융 (금융/밸류업),[이코노 브리핑] 코픽스 하락… 주담대 금리 소폭 내린다 외,코픽스 하락으로 주담대 금리 소폭 내린다.,호재,2026-04-16 05:02,15.9,사실형,94.2
https://n.news.naver.com/mnews/article/018/0006258313?sid=101,KB금융 (금융/밸류업),"“韓 “암호화폐 채택 높고 방향성도 명확”…서클 CEO, 방한 소회 밝혀","서클 CEO가 한국 방문 후, 한국의 디지털자산 시장에 대한 의지를 긍정적으로 평가하며, 규제와 산업 발전을 동시에 추진하려는 의지를 확인했다.",호재,2026-04-16 09:50,29.3,사실형,87.2
https://n.news.naver.com/mnews/article/092/0002418874?sid=105,네이버 (IT/플랫폼),"네이버, 오프라인 사업자 위한 성장 프로그램 가동",네이버가 오프라인 사업자 위한 성장 프로그램 '플레이스 사업자 DX 성장 지원 프로그램'과 '플레이스 스쿨'을 시작한다.,호재,2026-04-16 09:31,14.7,대화형,37.4
https://n.news.naver.com/mnews/article/056/0012163458?sid=102,한화에어로스페이스 (방산/우주항공),국립창원대 AI인재 양성…한화에어로·위아 참여,국립창원대는 한화에어로스페이스와 현대위아와의 협력으로 AI 인재를 양성한다.,호재,2026-04-16 09:19,34.3,추론형,0.0
https://n.news.naver.com/mnews/article/025/0003516611?sid=104,삼성전자 (IT/반도체),일론 머스크 “인공지능 칩 AI5 설계 마쳤다…삼성전자에 감사”,일론 머스크가 테슬라의 차세대 인공지능 칩 AI5의 설계를 마쳤다고 발표했다.,호재,2026-04-16 10:00,23.8,사실형,70.6
https://n.news.naver.com/mnews/article/030/0003418406?sid=105,삼성전자 (IT/반도체),"삼성전자, 스마트싱스 업데이트…가족 돌봄 기능 강화",삼성전자 스마트싱스 '패밀리 케어' 서비스에 신규 기능을 추가해 가족 돌봄 기능을 강화했다.,호재,2026-04-16 10:01,17.0,사실형,71.1
https://n.news.naver.com/mnews/article/031/0001022585?sid=105,삼성전자 (IT/반도체),"삼성전자, 스마트싱스로 '원격 가족 돌봄' 강화","삼성전자가 스마트홈 플랫폼 스마트싱스를 업데이트하여 가족의 활동, 일정, 위치 등을 확인할 수 있는 서비스를 강화했다.",호재,2026-04-16 10:16,22.1,사실형,71.5
https://n.news.naver.com/mnews/article/011/0004611310?sid=101,삼성전자 (IT/반도체),“무섭게 던질 땐 언제고 다시 쓸어담았다”…삼전닉스 ‘사자’ 나선 ...,삼성전자와 SK하이닉스가 코스피 시장에서 큰 비중을 차지하며 반도체 슈퍼사이클 기대감에 따라 장밋빛 전망을 얻고 있다.,호재,2026-04-16 10:03,63.2,사실형,93.0
https://n.news.naver.com/mnews/article/092/0002418896?sid=105,삼성전자 (IT/반도체),"삼성전자, 스마트싱즈 업데이터...패밀리 케어 서비스 기능 추가",삼성전자 스마트싱스 업데이트로 '패밀리 케어' 서비스에 신규 기능 추가,호재,2026-04-16 10:12,17.8,사실형,59.7
https://n.news.naver.com/mnews/article/421/0008893089?sid=101,현대차 (자동차/모빌리티),"현대차그룹-익스플로라토리움, 체험형 과학관 설립 위한 전략적 파트너...",현대차그룹이 익스플로라토리움과 전략적 파트너십을 맺어 체험형 과학관 설립을 위한 협力を 나누게 되었습니다.,호재,2026-04-16 10:17,11.9,사실형,91.0
https://n.news.naver.com/mnews/article/117/0004054653?sid=105,네이버 (IT/플랫폼),"네이버, 오프라인 사업자까지 AX 확대…연 1만명 지원","네이버가 오프라인 사업자까지 AI 전환을 확대하고, 1만명 규모의 지원 프로그램을 시작한다.",호재,2026-04-16 10:12,11.6,사실형,67.9
https://n.news.naver.com/mnews/article/014/0005508601?sid=105,네이버 (IT/플랫폼),"네이버, 소상공인 성장 위한 DX·AX 지원 늘린다",네이버가 국내 인공지능(AI) 생태계 성장과 육성을 위해 사업자 성장 프로그램을 운영하고 AI 전환 지원을 넓힌다.,호재,2026-04-16 10:11,13.9,사실형,52.1
https://n.news.naver.com/mnews/article/018/0006258231?sid=101,KB금융 (금융/밸류업),"KB운용 ‘RISE 대형고배당10TR ETF’, 순자산 5000억 돌파",KB자산운용의 'RISE 대형고배당10TR ETF' 순자산이 5000억원을 돌파했다.,호재,2026-04-16 08:44,24.4,사실형,88.1
https://n.news.naver.com/mnews/article/277/0005750226?sid=101,KB금융 (금융/밸류업),KB운용 'RISE 대형고배당10TR' ETF 순자산 5000억 돌파,KB자산운용의 'RISE 대형고배당10TR' ETF가 순자산 5000억원을 돌파했다.,호재,2026-04-16 08:53,12.4,사실형,89.5
https://n.news.naver.com/mnews/article/015/0005276135?sid=101,삼성전자 (IT/반도체),"""삼전닉스 합산 시총 3300兆 적정…현재 저평가 과도""-KB",삼성전자와 SK하이닉스의 합산 시총은 3300조원을 넘어서야 적정하다는 분석이 나왔다.,호재,2026-04-17 08:22,46.7,사실형,74.5
https://n.news.naver.com/mnews/article/214/0001493447?sid=102,삼성전자 (IT/반도체),"""주는 대로 받아라""‥삼성전자 생산직 비하",삼성전자 생산직 근로자들의 성과급 요구를 비하하는 글이 온라인 게시판에 올라와 논란이 벌어졌습니다.,악재,2026-04-17 07:30,22.3,추론형,2.5
https://n.news.naver.com/mnews/article/009/0005667278?sid=101,삼성전자 (IT/반도체),“삼전닉스 저평가 지나쳐...시총 3300조 간다” [오늘 나온 보고서],"삼성전자와 SK하이닉스의 영업이익이 2026년 코스피 영업이익의 68%를 차지할 것으로 예상되며, 시가총액은 이를 충분히 반영하지 못하고 있다.",호재,2026-04-17 08:12,39.5,사실형,68.3
https://n.news.naver.com/mnews/article/215/0001249310?sid=105,삼성전자 (IT/반도체),"인텔, 삼성전자 부사장 영입...파운드리 재건 '박차'",인텔이 삼성전자 부사장을 영입하여 파운드리 사업 재건에 박차를 가할 것 같다.,호재,2026-04-17 07:24,37.1,사실형,99.6
https://n.news.naver.com/mnews/article/015/0005276133?sid=101,삼성전자 (IT/반도체),삼전·하닉 호황에 증권사 웃는다…목표가 '줄상향' [종목+],"증권사들은 이달 들어 목표주가를 상향 조정한 리포트가 21건이나 나왔으며, 주요 5개 증권사의 1분기 순이익이 전 분기 대비 65.6%, 전년 동기 대비 96.6% 증가할 것으로 전망된다.",호재,2026-04-17 08:21,18.5,사실형,79.7
https://n.news.naver.com/mnews/article/123/0002381504?sid=101,삼성전자 (IT/반도체),"삼전·닉스 슈퍼실적, 환율·금리 안정 이끄나?…역대급 '원화 수요' 주...","삼전·닉스 슈퍼실적, 환율·금리 안정에 기여할 것으로 기대된다.",호재,2026-04-17 07:05,30.0,사실형,60.1
https://n.news.naver.com/mnews/article/421/0008869233?sid=101,삼성전자 (IT/반도체),"삼성전자 DS, '상생협력 DAY' 개최…전영현 ""기술 혁신 협력사 덕""",삼성전자가 반도체 산업의 미래 경쟁력을 확보하고 동반성장의 의지를 다지는 자리를 마련했다.,호재,2026-04-03 16:00,17.358666723295645,사실형,85.06150491097394
https://n.news.naver.com/mnews/article/421/0008867799?sid=101,삼성전자 (IT/반도체),"메리츠證 ""이제 중반 온 슈퍼사이클…삼성전자, 25만원 간다""",메리츠증권은 삼성전자 목표가를 19% 상향하여 25만원으로 조정했습니다.,호재,2026-04-03 08:32,20.73204249705115,사실형,86.13331019878387
https://n.news.naver.com/mnews/article/009/0005660845?sid=101,삼성전자 (IT/반도체),"삼성전자 DS 부문 '상생 데이' ""기술혁신·동반성장 이어갈것""",삼성전자 DS 부문은 기술 혁신과 동반 성장을 위해 협력사와의 파트너십을 강화하고 기술 교류를 통해 상생협력 데이를 개최했다.,호재,2026-04-03 17:59,39.144936423648645,사실형,93.74388307332993
https://n.news.naver.com/mnews/article/138/0002223251?sid=105,삼성전자 (IT/반도체),"""AI 시대 원팀 경쟁력 강화""…삼성전자 DS부문, '상생협력 DAY' 개최",삼성전자 DS부문은 협력회사와 파트너십을 강화하며 건강한 산업 생태계를 구축하기 위해 상생협력 DAY를 개최했다.,호재,2026-04-03 16:00,14.11550919446929,사실형,82.71857840674264
https://n.news.naver.com/mnews/article/008/0005339346?sid=101,삼성전자 (IT/반도체),"삼성전자, 영업익 최고치 올해 내내 경신할 듯…목표가 25만-메리츠","삼성전자가 전 분기보다 두 배 이상의 영업이익을 기록할 것으로 예상되며, 목표가가 25만 원으로 상향 조정된다.",호재,2026-04-03 08:39,21.81318044676147,사실형,96.69264703989029
https://n.news.naver.com/mnews/article/082/0001374292?sid=101,삼성전자 (IT/반도체),"삼성전자 “DS 기술 혁신, 협력사의 협력 덕분""","삼성전자, DS부문 상생협력 데이 개최하여 협력사 경쟁력 강화에 노력하고 있다.",호재,2026-04-03 16:56,17.790714636881276,사실형,91.67647540569305
https://n.news.naver.com/mnews/article/018/0006249485?sid=101,삼성전자 (IT/반도체),"삼성전자 DS부문 상생협력 행사…""새 도약 함께 만들자""",삼성전자가 협력회사와의 상생협력 행사를 열어 반도체 산업의 새로운 도약을 위해 동반성장 의지를 다지기 위해 뜻을 모았다.,호재,2026-04-03 16:01,21.07591743368783,사실형,88.90390953292018
https://n.news.naver.com/mnews/article/215/0001247806?sid=101,삼성전자 (IT/반도체),"삼성전자, DS부문 '2026년 상생협력 DAY' 개최",삼성전자 DS부문은 2026년 상생협력 DAY를 개최하여 협력사와의 소통 및 동반성장 의지를 다졌다.,호재,2026-04-03 16:00,19.202776597423686,사실형,85.71881894022226
https://n.news.naver.com/mnews/article/123/0002380673?sid=004,삼성전자 (IT/반도체),"삼성전자, 게이밍 모니터 7년째 '매출 1위'…판매량 1위는?",삼성전자 게이밍 모니터는 7년 연속 매출 1위를 차지했지만 판매량 1위는 AOC가 차지했다.,호재,2026-04-02 17:59,9.408860783674811,사실형,71.47920243054008
https://n.news.naver.com/mnews/article/003/0013858835?sid=101,삼성전자 (IT/반도체),"삼성전자, AI PC 갤럭시 북6 국내 출시",삼성전자가 AI PC '갤럭시 북6'를 국내에서 출시했다.,호재,2026-04-01 08:49,39.94112178205713,사실형,92.75462925434113
https://n.news.naver.com/mnews/article/003/0013858833?sid=101,삼성전자 (IT/반도체),"삼성전자, AI PC 갤럭시 북6 국내 출시",삼성전자가 AI PC '갤럭시 북6'를 국내에 출시했다.,호재,2026-04-01 08:49,41.22025561880843,사실형,92.75462925434113
https://n.news.naver.com/mnews/article/003/0013858834?sid=101,삼성전자 (IT/반도체),"삼성전자, AI PC 갤럭시 북6 국내 출시",삼성전자가 AI PC '갤럭시 북6'를 국내에서 출시했다.,호재,2026-04-01 08:49,42.60404662737919,사실형,92.75462925434113
https://n.news.naver.com/mnews/article/366/0001153920?sid=101,삼성전자 (IT/반도체),"메리츠證 “삼성전자, 메모리·MX 경쟁력으로 영업익 상승 전망…목표가...",메리츠증권은 삼성전자에 대해 메모리와 모바일경험(MX) 부문 경쟁력으로 올해 내내 역대 최대 규모의 분기 영업이익 경신이 예상된다고 전망했다.,호재,2026-04-03 08:44,16.891852783749673,사실형,86.62834980271079
https://n.news.naver.com/mnews/article/050/0000104470?sid=101,삼성전자 (IT/반도체),‘역대급 대우’도 거절한 노조...삼성전자 ‘시한폭탄’,삼성전자 노사 간 임금 및 성과급 협상이 파국으로 치닫고 있다.,악재,2026-04-02 10:10,17.891548993383466,사실형,85.90248912572861
https://n.news.naver.com/mnews/article/020/0003709624?sid=101,삼성전자 (IT/반도체),"삼성전자 DS부문, ‘상생협력 DAY‘ 개최… 우수 성과 17개 협력사 시상",삼성전자 DS부문은 '상생협력 DAY' 행사를 개최하여 우수 협력사 17개를 시상했다.,호재,2026-04-03 16:01,15.647107745054367,사실형,92.12346374988556
https://n.news.naver.com/mnews/article/030/0003414543?sid=105,삼성전자 (IT/반도체),"삼성전자 DS, 64개 반도체 협력사와 '상생 협력 DAY' 개최","삼성전자 DS부문이 64개 협력사와 '상생 협력 DAY'를 개최하고, 우수 협력사를 시상했다.",호재,2026-04-03 20:17,35.6522606060934,사실형,80.25428771972656
https://n.news.naver.com/mnews/article/009/0005660684?sid=101,삼성전자 (IT/반도체),"“동반성장 이어가자”…삼성전자, DS부문 ‘상생협력 DAY’ 개최",삼성전자 DS부문은 '상생협력 데이'를 개최하여 협력회사와의 동반성장 의지를 다지기 위해 노력하고 있다.,호재,2026-04-03 16:01,25.90059079553847,사실형,95.55714279413223
https://n.news.naver.com/mnews/article/001/0015994805?sid=105,삼성전자 (IT/반도체),"삼성전자, 고용량 폴더블 가격 인상…원가 부담 반영",삼성전자 폴더블 스마트폰 일부 고용량 모델의 출고가가 인상됐다.,악재,2026-04-01 10:33,34.18988593771277,사실형,85.76812778483145
https://n.news.naver.com/mnews/article/052/0002335968?sid=104,삼성전자 (IT/반도체),"""옆사람 폰 몰래 봤다"" 고백...삼성전자가 공개한 오싹한 조사 결과 [지...","삼성전자가 영국 공공장소에서 개인 정보가 노출되는 조사 결과를 발표하며, 갤럭시 S26 울트라의 '프라이버시 디스플레이' 기능이 유용할 수 있다고 강조했습니다.",호재,2026-04-03 13:59,63.381505068829135,추론형,17.8
https://n.news.naver.com/mnews/article/081/0003636604?sid=101,현대차 (자동차/모빌리티),"현대차·기아, 인도서 1분기 역대 최대실적…레저용 차량 강세",현대차와 기아가 인도 시장에서 1분기 역대 최대 실적을 기록하며 25만대 판매를 돌파했습니다.,호재,2026-04-19 14:32,12.4,사실형,79.5
https://n.news.naver.com/mnews/article/008/0005346159?sid=101,현대차 (자동차/모빌리티),"""우리도 더 달라""…SK하닉, 삼전 성과급에 판 더 키운 현대차 '30%'","삼전, 현대차 노조가 성과급을 30%로 요구하며 대기업 노동조합의 무리한 성과급 요구가 이어지고 있다.",호재,2026-04-19 15:18,18.7,사실형,93.0
https://n.news.naver.com/mnews/article/020/0003713509?sid=101,현대차 (자동차/모빌리티),SK하닉-삼성 이어 이젠 현대차…노조 “순익 30% 성과급 달라”,현대차 노조도 삼성전자 노조와 함께 성과급 지급을 요구하고 있는 것으로 보인다.,호재,2026-04-19 15:18,15.4,사실형,93.9
https://n.news.naver.com/mnews/article/018/0006261199?sid=103,현대차 (자동차/모빌리티),글로벌 車 가격전쟁 난리통 속…현대차는 ‘노란봉투법’에 발목,현대차는 노란봉투법 시행으로 하청 노동자와 원청 단체교섭을 요구받아 인건비 상승분이 완성차 가격 인상으로 이어질 우려가 있다.,악재,2026-04-19 15:11,30.9,사실형,71.5
https://n.news.naver.com/mnews/article/020/0003713493?sid=103,현대차 (자동차/모빌리티),"현대차-기아, 인도서 1분기 역대 최대 실적… SUV 판매 전략 통해",현대차와 기아가 인도 시장에서 올해 1분기 역대 최대 실적을 기록했다.,호재,2026-04-19 14:05,8.6,사실형,97.6
https://n.news.naver.com/mnews/article/654/0000176542?sid=102,네이버 (IT/플랫폼),네이버 뉴스 강원도민일보 구독자 200만 명 달성,강원도민일보가 네이버 뉴스 채널 구독자 200만명을 달성하며 전국 단위 매체로서 입지를 굳혔다.,호재,2026-04-20 00:09,27.4,예측형,28.0
https://n.news.naver.com/mnews/article/654/0000176559?sid=102,네이버 (IT/플랫폼),"[영상] 강원도민일보, 네이버 구독자 200만 돌파",강원도민일보가 네이버 뉴스 채널 구독자 200만명을 돌파했다.,호재,2026-04-20 00:10,31.7,예측형,32.0
https://n.news.naver.com/mnews/article/293/0000082999?sid=105,네이버 (IT/플랫폼),"네이버, 카페 서비스서 위치추적기 거래 금지…""범죄 악용 우려""","네이버가 카페 서비스에서 위치추적기 거래를 금지하고, 관련 상품 관리를 강화한다.",호재,2026-04-19 18:00,36.1,대화형,32.2
https://n.news.naver.com/mnews/article/023/0003971768?sid=105,네이버 (IT/플랫폼),“쿠팡 나와라”… 온라인 쇼핑 힘주는 네이버,"네이버가 온라인 쇼핑 강화에 나서고 있으며, '네플스'가 지난달 월간 활성 이용자 수를 역대 최대치로 기록했다.",호재,2026-04-20 00:34,29.7,사실형,70.8
https://n.news.naver.com/mnews/article/015/0005276674?sid=102,네이버 (IT/플랫폼),"위치추적기 거래, 네이버 카페에서 금지… ""스토킹 범죄 악용""","네이버 카페가 위치추적기 거래를 금지하고, 타인의 동의 없이 위치를 추적하는 행위는 중대한 범죄에 해당한다고 밝혔다.",호재,2026-04-19 15:09,42.7,사실형,64.0
https://n.news.naver.com/mnews/article/092/0002419223?sid=105,네이버 (IT/플랫폼),"""장소 경험 끌고 1030 밀었다""…네이버 클립, 콘텐츠 수 '쑥쑥'","네이버 클립이 플레이스 리뷰 연동을 통해 이용자의 다양한 장소 방문 경험을 토대로 성장하고 있으며, 창작자들의 활발한 활동으로 클립 콘텐츠의 생산 수가 크게 증가했다.",호재,2026-04-19 15:01,32.7,예측형,33.6
https://n.news.naver.com/mnews/article/469/0000924852?sid=103,하이브 (엔터/미디어),"'하이브표 라틴그룹' 산토스 브라보스 ""K팝 방법론에서 배운 건 근면성...","산토스 브라보스는 하이브의 첫 라틴 장르 K팝 보이그룹으로, 멤버들은 라틴 문화를 대표한다고 생각하고 한국 방문 기간 동안 음악방송 등에 출연할 예정이다.",호재,2026-04-11 15:01,34.2,사실형,89.8
https://n.news.naver.com/mnews/article/003/0013861993?sid=101,현대차 (자동차/모빌리티),"현대차, 뉴욕 오토쇼서 중형 픽업 콘셉트 볼더 최초 공개",현대차는 뉴욕 오토쇼에서 중형 픽업 콘셉트 '볼더'를 최초로 공개했다.,호재,2026-04-02 09:37,16.505742497415653,사실형,82.59212232448839
https://n.news.naver.com/mnews/article/016/0002623441?sid=101,현대차 (자동차/모빌리티),"현대차, 수소전기버스 누적 판매 3000대 돌파","현대차가 수소전기버스 누적 판매 3000대 돌파, 2030년까지 통근버스 전량 전환 목표",호재,2026-04-02 09:09,3.6155413464887376,사실형,97.15162167946497
https://n.news.naver.com/mnews/article/009/0005659870?sid=103,현대차 (자동차/모빌리티),"현대차 아이오닉6 N, M2·콜벳 제치고 ‘2026 올해의 고성능차’ 수상",현대차 아이오닉6 N이 '2026 올해의 고성능차'를 수상했다.,호재,2026-04-02 09:38,31.30549680871656,사실형,82.1337890625
https://n.news.naver.com/mnews/article/277/0005743802?sid=103,현대차 (자동차/모빌리티),"현대차, 수소전기버스 누적 판매 3000대 달성",현대차의 친환경 수소전기버스 누적 판매량이 3000대를 돌파했다.,호재,2026-04-02 08:39,2.7420329175015246,사실형,95.8249643445015
https://n.news.naver.com/mnews/article/008/0005338902?sid=101,현대차 (자동차/모빌리티),"현대차, 뉴욕서 중형 픽업트럭 콘셉트카 '볼더' 첫 공개",현대차가 뉴욕 국제 오토쇼에서 중형 픽업트럭 콘셉트카 '볼더'를 최초로 공개했다.,호재,2026-04-02 11:26,8.464374962913046,사실형,81.17946250131354
https://n.news.naver.com/mnews/article/030/0003414207?sid=103,현대차 (자동차/모빌리티),"현대차·기아, 美 1분기 역대 최대…전년비 2.6%↑",현대차와 기아가 미국 시장에서 역대 최대 실적을 기록했다. 하이브리드차와 스포츠유틸리티차량의 호조가 판매량을 증가시켰다.,호재,2026-04-02 16:04,8.328206854425302,사실형,83.41786339879036
https://n.news.naver.com/mnews/article/031/0001019056?sid=103,현대차 (자동차/모빌리티),"현대차, 수소전기버스 누적 판매 3000대 달성",현대차그룹은 수소전기버스 누적 판매 3000대를 달성했다.,호재,2026-04-02 11:04,7.806442198922214,사실형,94.438336789608
https://n.news.naver.com/mnews/article/015/0005270046?sid=103,현대차 (자동차/모빌리티),"현대차 '아이오닉 6N', '세계 올해의 고성능 차' 수상",현대차 아이오닉 6N이 '세계 올해의 고성능 자동차'로 선정되며 E-GMP 플랫폼의 경쟁력을 입증했다.,호재,2026-04-02 09:45,19.61854899394513,사실형,63.01739374175668
https://n.news.naver.com/mnews/article/138/0002223056?sid=101,현대차 (자동차/모빌리티),"현대차, 정통 픽업 ‘볼더’ 공개…오프로드 향한 ‘러브레터’",현대차가 뉴욕 국제 오토쇼에서 중형 픽업 트럭 콘셉트 모델 '볼더'를 공개했다.,호재,2026-04-02 10:02,19.966948528626727,사실형,94.96296048164368
https://n.news.naver.com/mnews/article/030/0003413910?sid=103,현대차 (자동차/모빌리티),"현대차, 수소전기버스 국내 누적 판매 3000대 돌파",현대차의 수소전기버스 판매량이 국내 누적 3000대 이상으로 달성되었습니다.,호재,2026-04-02 10:03,6.7792064577225535,사실형,86.23804454174306
https://n.news.naver.com/mnews/article/009/0005659927?sid=103,현대차 (자동차/모빌리티),"“960km를 간다고?”…현대차, 수소전기버스 누적 판매 3062대 기록",현대차가 수소전기버스 누적 판매량 3062대를 기록한 것으로 밝혀졌다.,호재,2026-04-02 10:38,3.370598255847057,사실형,90.80907446997506
https://n.news.naver.com/mnews/article/421/0008865128?sid=103,현대차 (자동차/모빌리티),"현대차, 오프로더 볼더 콘셉트 첫 공개 ""美 픽업트럭 공략 총력""",현대차가 미국 뉴욕 국제 오토쇼에서 새 오프로더 '볼더' 콘셉트를 처음 공개했다.,호재,2026-04-02 09:59,8.909623628328688,사실형,91.48985909091103
https://n.news.naver.com/mnews/article/023/0003968403?sid=101,현대차 (자동차/모빌리티),"현대차, 美서 차세대 중형 픽업트럭 콘셉트 ‘볼더’ 공개",현대차가 차세대 중형 픽업트럭 '볼더' 콘셉트카를 뉴욕 오토쇼에서 공개했다.,호재,2026-04-02 10:17,19.773732832264336,사실형,83.38748576740423
https://n.news.naver.com/mnews/article/018/0006248048?sid=103,현대차 (자동차/모빌리티),"현대차, 뉴욕쇼서 미국향 차세대 중형 트럭 '볼더' 첫 공개",현대차가 미국 뉴욕 국제 오토쇼에서 '볼더' 콘셉트를 전 세계 최초로 공개했다.,호재,2026-04-02 08:44,31.14153178965726,사실형,81.58810629198948
https://n.news.naver.com/mnews/article/366/0001153616?sid=103,현대차 (자동차/모빌리티),"“극한의 모험 추구”… 현대차, 중형 픽업 ‘볼더’ 콘셉트카 공개",현대차가 2026 뉴욕 국제 오토쇼에서 차세대 중형 픽업트럭 '볼더' 콘셉트를 공개했다.,호재,2026-04-02 10:28,13.718240866184884,사실형,81.52499695618948
https://n.news.naver.com/mnews/article/018/0006248055?sid=103,현대차 (자동차/모빌리티),"현대차, 국내 수소전기버스 3000대 돌파…친환경 상용차 시장 선도",현대차가 국내 수소전기버스 누적 판매량 3000대를 돌파했다.,호재,2026-04-02 08:47,4.862994045143088,사실형,97.32900857925415
https://n.news.naver.com/mnews/article/421/0008864957?sid=103,현대차 (자동차/모빌리티),"현대차 아이오닉 6N, 2026 월드카 어워즈 '세계 올해의 고성능 자동차'",현대차 아이오닉 6N이 2026 월드카 어워즈에서 '세계 올해의 고성능 자동차'상을 수상했다.,호재,2026-04-02 09:12,18.107354314040126,대화형,11.9
https://n.news.naver.com/mnews/article/052/0002335262?sid=104,현대차 (자동차/모빌리티),"현대차·기아, 이란 전쟁 속에도 '역대 최고 1분기'","현대차와 기아가 이란 전쟁으로 인한 판매 감소에도 불구하고, 친환경 차량과 SUV 수요로 사상 최고 1분기 실적을 기록했다.",호재,2026-04-02 07:47,22.889016603500767,추론형,20
https://n.news.naver.com/mnews/article/020/0003709332?sid=103,현대차 (자동차/모빌리티),"美 픽업트럭 시장 공략나선 현대차, 콘셉트카 ‘볼더’ 공개","현대차그룹이 미국 시장 공략 강화를 위해 픽업트럭부터 전기차, 하이브리드, 프리미엄 모델까지 신규 콘셉트카와 신차를 대거 공개했다.",호재,2026-04-02 16:32,21.303659223359872,사실형,80.94417026097123
https://n.news.naver.com/mnews/article/215/0001248873?sid=101,네이버 (IT/플랫폼),2조원 규모 정부 GPU 사업에 네이버·삼성·KT 등 5개사 참여,정부가 2조 원 규모로 추진하는 GPU 사업에 네이버·삼성·KT 등 5개사 참여한다.,호재,2026-04-13 21:21,14.1,사실형,82.4
https://n.news.naver.com/mnews/article/293/0000082690?sid=105,네이버 (IT/플랫폼),"네이버·LG CNS·컬리, CMTS서 '에이전틱 커머스' 해법 제시한다",네이버·LG CNS·컬리 등은 CMTS 2026에서 인공지능(AI) 에이전틱 커머스 해법을 제시한다.,호재,2026-04-13 23:04,50.8,사실형,37.8
https://n.news.naver.com/mnews/article/011/0004610323?sid=105,네이버 (IT/플랫폼),[단독] 글로벌 장벽 허물고 배민 출신 수혈…네이버웹툰 ‘인적 쇄신’,네이버웹툰이 글로벌 장벽을 허물고 배민 출신 인사를 수혈하여 인적 쇄신을 단행했다.,호재,2026-04-14 05:31,50.5,사실형,64.3
https://n.news.naver.com/mnews/article/629/0000491022?sid=101,네이버 (IT/플랫폼),"'불법 웹툰' 칼빼든 네이버웹툰·카카오엔터, 수익성·IP 보호 나선다",네이버웹툰과 카카오엔터테인먼트가 불법 웹툰 유통을 근절하기 위해 대응 방안을 마련하고 있다.,호재,2026-04-14 00:01,58.1,예측형,49.2
https://n.news.naver.com/mnews/article/092/0002418526?sid=105,KB금융 (금융/밸류업),"서클 ""원화 스테이블코인 직접 발행 안 해…인프라 제공에 집중""","서클은 원화 스테이블코인을 직접 발행하지 않겠다는 입장을 밝혔으며, 국내 금융사에 기술 인프라 제공에 집중한다고 밝혔다.",중립,2026-04-13 19:58,21.6,사실형,77.5
https://n.news.naver.com/mnews/article/421/0008887314?sid=101,KB금융 (금융/밸류업),"'이창용 CBDC' 잇는 신현송…예금토큰, 전기차 충전·일상 파고든다",신현송 한국은행 총재 후보자는 '중앙은행 디지털화폐(CBDC)' 실험을 이창용 총재가 시작한 '프로젝트 한강' 2단계 사업을 계승할 예정이다.,호재,2026-04-14 05:45,29.9,사실형,81.0
https://n.news.naver.com/mnews/article/015/0005274517?sid=101,KB금융 (금융/밸류업),"""韓 스테이블코인 시장 역동적""…서클 창업자, 국내 금융사와 회동","서클 창업자 제레미 알레어 CEO는 한국 스테이블코인 시장의 역동성을 강조하고, 국내 금융사와 파트너십을 강화하는 방안을 검토하고 있다.",호재,2026-04-14 00:29,47.1,사실형,93.5
https://n.news.naver.com/mnews/article/009/0005665376?sid=101,KB금융 (금융/밸류업),“원화코인 발행사에 필요 인프라 제공할 것”,"제레미 알레어 서클 CEO는 원화 스테이블코인을 발행하지 않겠다고 밝혔지만, 필요한 인프라스트럭처를 제공할 수 있다고 말했다.",호재,2026-04-13 18:42,44.1,사실형,70.0
https://n.news.naver.com/mnews/article/421/0008887162?sid=101,KB금융 (금융/밸류업),"서클 CEO ""韓 금융권과 국경 송금·자산 토큰화 협력""","서클 CEO는 한국 금융권과 국경 송금 및 자산 토큰화 협력할 예정이며, 원화 스테이블코인 직접 발행은 고려하지 않는다고 밝혔다.",호재,2026-04-13 19:03,45.2,사실형,97.8
https://n.news.naver.com/mnews/article/374/0000504122?sid=101,KB금융 (금융/밸류업),"속도내는 기업, 밀리는 법안…디지털자산법 어디로?","디지털자산법은 법안 통과가 지체되고 있으며, 발행주체와 가상자산거래소 대주주 지분 제한 등 논의가 진행중입니다.",호재,2026-04-13 18:19,60.9,추론형,0.0
https://n.news.naver.com/mnews/article/011/0004610335?sid=101,KB금융 (금융/밸류업),“온 가족이 KB고객”...인니서 부는 K금융 바람,인도네시아의 최대 쇼핑몰인 그랜드 인도네시아에서 KB국민은행의 QR결제 서비스를 통해 간편하게 결제를 진행했다.,호재,2026-04-14 06:01,58.5,사실형,84.5
https://n.news.naver.com/mnews/article/009/0005665394?sid=101,KB금융 (금융/밸류업),"서클 창업자 ""원화 코인 발행사에 기술 지원""","서클 창업자는 원화 기반 스테이블코인을 발행할 계획이 없으며, 대신 발행사에게 기술 지원할 계획이라고 밝혔다.",호재,2026-04-13 19:54,29.0,사실형,78.0
https://n.news.naver.com/mnews/article/014/0005507026?sid=101,KB금융 (금융/밸류업),'1분기 순익 5兆' 역대급 전망에도… 고민 깊은 4대 금융,사회의 대외 변동성 증가로 금융지주의 건전성 부담이 커지면서 실적 호조에도 긴장을 늦추기 어려운 상황이다.,악재,2026-04-13 18:27,41.4,사실형,62.8
https://n.news.naver.com/mnews/article/003/0013885177?sid=101,KB금융 (금융/밸류업),"""원화 스테이블코인 없으면 뒤처진다""…서클 CEO가 던진 메세지","서클 CEO는 한국 정부가 디지털 경제에서 경쟁력을 유지하려면 통화의 온체인 버전이 필요하며, 그 최적의 모델이 스테이블코인이라고 강조했다.",호재,2026-04-13 21:13,51.4,사실형,90.0
https://n.news.naver.com/mnews/article/015/0005274387?sid=101,KB금융 (금융/밸류업),두나무·빗썸과 손잡은 서클…K핀테크·금융 '릴레이 회동',두나무와 빗썸이 서클과 손잡아 디지털자산 혁신 및 교육을 위한 협약을 맺었다.,호재,2026-04-13 17:43,38.5,사실형,80.5
https://n.news.naver.com/mnews/article/119/0003080117?sid=101,KB금융 (금융/밸류업),"KB운용, 상생 가치 확산에 앞장…‘RISE UP 돌봄 운동회’ 개최",KB자산운용이 장애인의 날 맞아 발달장애인들과 교류하며 돌봄과 상생 기반의 '포용적 성장' 실천을 위해 'RISE UP 돌봄 운동회'를 개최했다.,호재,2026-04-13 17:36,17.6,사실형,87.6
https://n.news.naver.com/mnews/article/011/0004610223?sid=101,KB금융 (금융/밸류업),KB인니 지주사 설립 속도...기존법인 활용 전환 추진,KB금융그룹이 인도네시아 지주사 설립을 위해 현지 법인 KB데이터시스템을 지주사로 전환하는 방안을 추진하고 있다.,호재,2026-04-13 17:44,49.8,사실형,80.3
https://n.news.naver.com/mnews/article/031/0001021798?sid=101,KB금융 (금융/밸류업),다가오는 '원화 코인' 시대…은행들 'USDC·USDT' 저울질,국내 주요 금융지주들이 글로벌 스테이블코인 발행사들과 접점을 넓히고 원화 스테이블코인 제도화 논의를 본격화한다.,호재,2026-04-13 17:18,24.7,사실형,83.3
https://n.news.naver.com/mnews/article/011/0004610218?sid=101,KB금융 (금융/밸류업),KB앱으로 노점상서 1초 결제…인니에 부는 K금융 바람,"인도네시아 3,200만 개 가맹점에서 KB국민은행 앱으로 1초 결제가 가능해졌다.",호재,2026-04-13 17:40,38.0,사실형,81.7
https://n.news.naver.com/mnews/article/009/0005660143?sid=101,네이버 (IT/플랫폼),얼굴 결제 질주 vs 맛집 지도 연계 … 토스·네이버 결제 단말기 '맞대결...,토스와 네이버가 오프라인 결제 단말기 경쟁을 펼치고 있다.,호재,2026-04-02 16:06,24.712266172380993,사실형,80.48613657738315
https://n.news.naver.com/mnews/article/001/0015995186?sid=105,네이버 (IT/플랫폼),LG CNS 삼송 데이터센터에 네이버클라우드 입주한다,LG CNS와 네이버클라우드가 삼송 데이터센터에서 코로케이션 서비스 계약을 체결했다.,호재,2026-04-01 11:39,26.18590041583573,사실형,64.97512956460318
https://n.news.naver.com/mnews/article/001/0015990802?sid=101,네이버 (IT/플랫폼),"네이버파이낸셜·두나무, 포괄적 주식교환 일정 3개월 연기",네이버파이낸셜과 두나무의 포괄적 주식교환 일정 3개월 연기,호재,2026-03-30 17:30,68.60607423685559,사실형,95.43444663286209
https://n.news.naver.com/mnews/article/003/0013856149?sid=105,네이버 (IT/플랫폼),"네이버, 북미 시장 진출 헬스케어 스타트업 2곳 투자",네이버 D2SF가 북미 헬스케어 시장에서 성과를 낸 스타트업인 사운더블헬스와 누비랩에 후속 투자를 단행했다.,호재,2026-03-31 10:15,31.451358735434397,사실형,63.31245195230141
https://n.news.naver.com/mnews/article/003/0013860839?sid=105,네이버 (IT/플랫폼),"LG CNS 삼송 데이터센터에 네이버클라우드 입주…""최대 계약""",네이버클라우드가 LG CNS의 삼송 데이터센터에 입주하는 최대 규모의 코로케이션 계약을 체결했다.,호재,2026-04-01 16:02,12.659611517153257,사실형,76.96322302023569
https://n.news.naver.com/mnews/article/092/0002416757?sid=105,네이버 (IT/플랫폼),네이버·두나무 합병 연기…‘주식교환 일정’ 3개월 미뤄,네이버·두나무 합병이 당초 일정보다 약 3개월 뒤로 연기되었습니다.,중립,2026-03-30 17:46,41.71075444412132,사실형,96.70209089914957
https://n.news.naver.com/mnews/article/293/0000081870?sid=101,네이버 (IT/플랫폼),[네이버·두나무 빅딜] 3개월 연기…공정위 심사 지연 '발목',네이버·두나무 빅딜이 3개월 연기되면서 공정위 심사 지연이 큰 문제가 되고 있다.,악재,2026-03-30 18:11,28.3543362545439,사실형,90.36289006471634
https://n.news.naver.com/mnews/article/138/0002223230?sid=101,KB금융 (금융/밸류업),메리츠 참전에 숨통 트인 ‘이오타2’…KB금융 2000억 회수 부담도 덜까,메리츠금융그룹이 이오타2 프로젝트에 자금 투입하여 리파이낸싱을 통한 정상화 가능성을 높이고 있다.,호재,2026-04-03 14:08,44.670778935958126,사실형,92.83538103103638
https://n.news.naver.com/mnews/article/003/0013847224?sid=101,KB금융 (금융/밸류업),"KB금융, 비과세 배당 도입…자본준비금 7.5조 감액","KB금융은 주주총회에서 자본준비금 7.5조를 감액하고 이익잉여금으로 전입하는 안건을 통과시켰고, 비과세 배당을 가능하게 했다.",호재,2026-03-26 11:10,31.791324802643395,사실형,98.91840947998894
https://n.news.naver.com/mnews/article/031/0001018822?sid=101,KB금융 (금융/밸류업),입법 멈춰도 KB금융 스테이블코인 인프라 구축은 직진,KB금융그룹은 스테이블코인 인프라 구축을 위해 결제 인프라와 기반을 선제적으로 마련하고 있다.,호재,2026-04-01 15:23,32.41146219363835,사실형,80.48688486218452
https://n.news.naver.com/mnews/article/079/0004129605?sid=101,KB금융 (금융/밸류업),"KB금융, 비과세 배당 도입…'7.5조' 실탄 장전",KB금융은 비과세 배당을 위해 자본준비금 7조5000억원을 감액하고 이익잉여금으로 전입하는 안건을 통과시켰다.,호재,2026-03-26 17:24,56.98952643547075,사실형,66.81483130523702
https://n.news.naver.com/mnews/article/003/0013842316?sid=101,KB금융 (금융/밸류업),"KB금융, 올해 '생산적·포용금융'에 20조 쏟는다",KB금융그룹이 올해 20조원을 투입해 'KB국민행복 성장·희망 프로젝트'를 추진한다.,호재,2026-03-24 13:44,30.737723033772134,사실형,83.95564290384452
https://n.news.naver.com/mnews/article/277/0005741107?sid=101,KB금융 (금융/밸류업),"KB금융, MSCI ESG평가 '5회 연속' 최상위 'AAA' 등급 획득",KB금융은 MSCI ESG평가에서 5회 연속 최상위 'AAA' 등급을 획득했다.,호재,2026-03-27 10:27,35.35612844448447,사실형,81.51880353689194
https://n.news.naver.com/mnews/article/023/0003967542?sid=101,KB금융 (금융/밸류업),"생산적 금융 금리 우대 프로그램… KB국민은행, 10조원으로 늘린다",KB국민은행이 총 10조원 규모로 금리 우대 프로그램을 확대 운영한다.,호재,2026-03-30 00:34,16.09574102336586,사실형,95.00382840633392
https://n.news.naver.com/mnews/article/030/0003411906?sid=101,KB금융 (금융/밸류업),"KB금융, 국내 금융사 최초 MSCI ESG 'AAA' 5회 연속 획득","KB금융이 국내 금융사 최초로 MSCI ESG 'AAA' 5회 연속 획득, 높은 점수를 받은 전 부문은 이사회의 독립성과 다양성, 기후 리스크 관리, 저탄소 경제 전환, 정보보호 및 데이터 보안, 포용금융 실천 등이다.",호재,2026-03-27 09:13,29.859285122873736,사실형,86.38945169746876
https://n.news.naver.com/mnews/article/243/0000095198?sid=101,KB금융 (금융/밸류업),"KB금융, 비과세 배당 길 열었다…자본 준비금 7.5조원 전입",KB금융지주는 주주총회에서 자본준비금을 이익잉여금으로 전입하는 의안을 가결하여 비과세 배당을 확보했다.,호재,2026-03-26 17:37,35.34443142409193,사실형,88.70013723006616
https://n.news.naver.com/mnews/article/008/0005335512?sid=101,KB금융 (금융/밸류업),"KB금융, 주총서 자본준비금 7.5조 감액…비과세 배당 도입",KB금융은 자본준비금 7조5000억원을 감액하고 이익잉여금으로 전입하는 안건을 포함해 주주총회에서 원안대로 통과시켰다.,호재,2026-03-26 12:40,46.43488312518163,사실형,86.20605621176462
https://n.news.naver.com/mnews/article/029/0003018469?sid=101,KB금융 (금융/밸류업),"KB금융, 국내 최초 MSCI ESG 평가서 5년 연속 최상위 ‘AAA’ 획득",KB금융그룹이 5년 연속 MSCI ESG 평가에서 최고 등급 'AAA'를 획득했다.,호재,2026-03-27 10:17,22.923168660554584,사실형,79.48739555749026
https://n.news.naver.com/mnews/article/138/0002223000?sid=105,네이버 (IT/플랫폼),"네이버 '치지직', LoL 중계에 '실시간 정보' 더한다","네이버 '치지직'이 LoL 중계에 '실시간 정보' 기능을 추가하고, LCK 시즌 개막을 맞아 새로운 치지직 롤파크를 공개했다.",호재,2026-04-01 19:32,11.327791021865885,사실형,57.7547961912517
https://n.news.naver.com/mnews/article/011/0004610804?sid=105,KB금융 (금융/밸류업),"국민연금, 환헤지 15%로 확대…환율 리스크 대응 강화",국민연금 기금운용본부가 전략적 환헤지 비율을 15%로 상향 조정했다.,호재,2026-04-15 07:26,31.7,사실형,86.3
https://n.news.naver.com/mnews/article/003/0013887946?sid=101,한화에어로스페이스 (방산/우주항공),"한국투자證 ""한화에어로, 유럽 내 천무 수주 확대…목표가 200만원""","한화에어로스페이스, 유럽 내 천무 수주 확대에 따른 목표주가 200만원으로 상향",호재,2026-04-15 08:58,20.4,사실형,60.3
https://n.news.naver.com/mnews/article/081/0003635293?sid=101,KB금융 (금융/밸류업),스테이블코인 들어와도 결제는 앱에서… ‘코인 없는 코인 시대’ [경제...,"스테이블코인은 결제와 송금을 위해 만들어진 코인으로, 국내에서는 은행 중심으로 발행하고 금융앱 안에서 자동으로 처리될 예정입니다.",중립,2026-04-14 18:14,54.9,추론형,0.0
https://n.news.naver.com/mnews/article/014/0005507861?sid=101,한화에어로스페이스 (방산/우주항공),"한화에어로, 노르웨이 방산 생태계 파고든다…'천무' 현지화",한화에어로스페이스가 노르웨이 차세대 다연장로켓 수출 계약에 따라 현지 산업 협력을 본격적으로 시작했다.,호재,2026-04-15 09:20,23.0,사실형,97.7
https://n.news.naver.com/mnews/article/421/0008890065?sid=101,한화에어로스페이스 (방산/우주항공),"한화에어로, NATO 대사단 초청…""유럽 안보 기여 강화""",한화에어로스페이스는 NATO 대사단을 본사로 초청해 글로벌 방산 역량과 나토와의 협력 비전을 공유했다.,호재,2026-04-15 08:33,41.9,사실형,94.9
https://n.news.naver.com/mnews/article/001/0016021861?sid=101,한화에어로스페이스 (방산/우주항공),"한투증권, 한화에어로 목표가 200만원으로 상향…""해외 매출↑""","한투증권은 한화에어로스페이스의 목표주가를 11% 상향, 200만원으로 결정했다.",호재,2026-04-15 08:38,23.7,사실형,89.6
https://n.news.naver.com/mnews/article/018/0006257220?sid=101,KB금융 (금융/밸류업),"지배구조 개선안 10월부터 시행할 듯…KB·iM금융, 첫 적용되나",KB금융과 iM금융이 금융당국의 지배구조 개선안 첫 적용대상이 될 전망이다.,호재,2026-04-14 17:21,38.0,사실형,66.3
https://n.news.naver.com/mnews/article/366/0001156913?sid=101,한화에어로스페이스 (방산/우주항공),"한투證 “한화에어로스페이스, 기대 이하 실적 예상에도 매력도 여전…...",한투증권은 한화에어로스페이스의 매력도가 여전히 높다고 평가하며 투자 의견 '매수'를 유지하고 목표 주가를 200만 원으로 올렸다.,호재,2026-04-15 08:21,12.4,사실형,99.2
https://n.news.naver.com/mnews/article/421/0008890043?sid=101,한화에어로스페이스 (방산/우주항공),"한투證 ""한화에어로, 천무 유럽수주 확대…목표가 200만원""","한화에어로스페이스의 목표주가 200만 원으로 상향조정되며, 한국투자증권은 2025~2028년 주당순이익(EPS) 연평균 성장률 37%를 기록할 것이라고 전망했다.",호재,2026-04-15 08:24,25.6,사실형,82.1
https://n.news.naver.com/mnews/article/119/0003080675?sid=101,한화에어로스페이스 (방산/우주항공),"[단독] 한화에어로, 노르웨이 '천무' 인도 실무 착수…현지 7개 방산사와...","한화에어로스페이스는 노르웨이에서 천무 다연장로켓 인도와 현지 생산, 기술 협력을 위한 실무 협의를 시작했다.",호재,2026-04-15 08:28,23.0,사실형,75.5
https://n.news.naver.com/mnews/article/018/0006257421?sid=101,한화에어로스페이스 (방산/우주항공),"한화에어로, 1Q 기대치 하회 전망에도…목표가 11%↑-한국","한화에어로스페이스는 1분기 영업이익이 시장 기대치를 하회할 것이라고 전망했지만, 목표주가는 11% 상향 조정했다.",호재,2026-04-15 08:02,12.5,사실형,85.3
https://n.news.naver.com/mnews/article/009/0005665992?sid=101,한화에어로스페이스 (방산/우주항공),"한화에어로, NATO 30개국 대사단 초청…유럽 안보 협력 비전 공유",한화에어로스페이스는 NATO 동맹국 30개국 대사단과 전략대화하여 글로벌 방산 역량과 협력 비전을 공유했다.,호재,2026-04-14 20:42,16.0,사실형,98.0
https://n.news.naver.com/mnews/article/050/0000104937?sid=101,한화에어로스페이스 (방산/우주항공),"한화에어로, NATO 대사단에 'K방위 솔루션' 각인","한화에어로스페이스는 NATO 대사단과 전략적 협력을 강화하고, K방위 솔루션을 선보이며, 글로벌 방산 역량을 강화했다.",호재,2026-04-14 22:02,32.9,사실형,92.2
https://n.news.naver.com/mnews/article/014/0005507741?sid=101,한화에어로스페이스 (방산/우주항공),"손재일 한화에어로 대표 ""나토 동맹국 방산 협력 심화할 것""",한화에어로스페이스 대표가 NATO 동맹국들과의 방산 협력을 심화할 것이라고 밝혔다.,호재,2026-04-14 20:15,18.8,사실형,99.8
https://n.news.naver.com/mnews/article/629/0000491426?sid=101,한화에어로스페이스 (방산/우주항공),"NATO 대사단 만난 한화에어로…""안보 파트너십 재확인""","한화에어로스페이스는 NATO 대사단을 본사로 불러 안보 협력 의지를 확인하며, 글로벌 방산 역량과 NATO와의 협력 비전을 소개했다.",호재,2026-04-14 22:49,28.5,사실형,84.0
https://n.news.naver.com/mnews/article/138/0002224486?sid=101,한화에어로스페이스 (방산/우주항공),"한화에어로, NATO 대사단에 K9·천무 소개 ""유럽 안보 기여 강화""",한화에어로스페이스는 NATO 대사단을 본사로 초청해 글로벌 방산 협력 방향을 공유했다.,호재,2026-04-14 20:34,31.0,사실형,96.8
https://n.news.naver.com/mnews/article/001/0016021585?sid=100,한화에어로스페이스 (방산/우주항공),"한화에어로, NATO 대사단 초청…유럽 방산 협력 비전 공유",한화에어로스페이스는 나토 대사단을 초청해 글로벌 방산 역량과 협력 비전을 공유했다.,호재,2026-04-14 20:29,16.0,사실형,99.8
https://n.news.naver.com/mnews/article/277/0005749452?sid=101,한화에어로스페이스 (방산/우주항공),"한화에어로스페이스, K9·천무 및 육해공·우주 미래 사업비전 설명","한화에어로스페이스는 NATO 대사단에 미래 안보 비전을 제시하고, 글로벌 방산 역량과 NATO와의 협력 비전을 공유했다.",호재,2026-04-14 20:15,19.2,사실형,97.1
https://n.news.naver.com/mnews/article/011/0004605872?sid=103,하이브 (엔터/미디어),"“글로벌 경영 가속” 하이브, 아이작 리·케빈 메이어 이사 선임","하이브, 글로벌 사업 전문성을 강화하기 위해 글로벌 플랫폼·미디어 분야 전문가를 사내이사로 선임했다.",호재,2026-04-01 10:53,13.421316832267738,사실형,71.20089029065437
https://n.news.naver.com/mnews/article/277/0005744929?sid=101,한화에어로스페이스 (방산/우주항공),"한화에어로스페이스, '풍산 탄약사업' 인수 추진…최종제안서 제출",한화에어로스페이스가 풍산의 탄약사업부를 인수하기 위해 최종제안서를 제출했다.,호재,2026-04-03 22:15,26.4,사실형,86.6
https://n.news.naver.com/mnews/article/050/0000104550?sid=101,삼성전자 (IT/반도체),"“고맙다 AI”...삼성전자, '축포' 터뜨리나","삼성전자가 1분기 영업이익 50조원에 달할 것으로 예상되며, 반도체 부문이 이익 90%를 견인할 것으로 보인다.",호재,2026-04-04 09:54,39.8,사실형,79.5
https://n.news.naver.com/mnews/article/366/0001154104?sid=105,삼성전자 (IT/반도체),"삼성전자 반도체, 상생협력 데이 개최… 전영현 “파트너사와 기술 혁신...",삼성전자 DS부문은 파트너사와 기술 혁신을 지속하기 위해 협력회사와 긴밀한 협력을 강조했다.,호재,2026-04-03 16:01,14.5,사실형,88.4
https://n.news.naver.com/mnews/article/277/0005744840?sid=101,삼성전자 (IT/반도체),"협력사와 동반성장…삼성전자 DS부문, '상생협력 데이' 개최","삼성전자 DS부문이 협력사와의 상생협력 데이를 개최했으며, 협력사들이 기술 혁신, 품질 강화, ESG 등에서 우수한 성과를 거두었다.",호재,2026-04-03 16:00,18.0,사실형,97.2
https://n.news.naver.com/mnews/article/374/0000502228?sid=101,삼성전자 (IT/반도체),"삼성전자, DS 상생 협력데이 개최…반도체 로드맵 공유","삼성전자, 반도체 로드맵 공유하고 협력사와 상생협력 데이 개최했다.",호재,2026-04-03 17:14,43.1,추론형,20
https://n.news.naver.com/mnews/article/016/0002624519?sid=105,삼성전자 (IT/반도체),전영현 삼성전자 부회장 “협력사와 함께 성장하는 반도체 생태계 구축...,삼성전자 DS부문은 협력사와 함께 동반성장 의지를 다진다.,호재,2026-04-03 17:20,16.7,사실형,76.5
https://n.news.naver.com/mnews/article/138/0002223306?sid=105,삼성전자 (IT/반도체),구글 쇼크에도 삼성전자·SK하이닉스 투자 로드맵 '불변'…낙수효과 보...,삼성전자와 SK하이닉스의 팹 투자 로드맵은 구글의 터보퀀트 관련 이슈에도 불구하고 진행되고 있다.,호재,2026-04-04 17:00,34.7,사실형,88.3
https://n.news.naver.com/mnews/article/014/0005502428?sid=101,삼성전자 (IT/반도체),삼성전자 팔고 삼성전기 담았다...외국인 방향 튼 이유는,외국인 투자자들이 삼성전기에 많은 돈을 투자한 이유는 인공지능(AI) 인프라 확대에 따른 구조적 수요 증가 때문이다.,호재,2026-04-04 17:32,13.4,사실형,91.4
https://n.news.naver.com/mnews/article/015/0005268929?sid=101,삼성전자 (IT/반도체),"삼성전자, 14조5800억 규모 자사주 소각 결정","삼성전자, 지난해 취득한 14조5800억원 규모의 자사주를 소각한다.",호재,2026-03-31 08:24,23.0,사실형,99.3
https://n.news.naver.com/mnews/article/366/0001153296?sid=101,하이브 (엔터/미디어),"하이브, ‘디즈니 출신’ 케빈 메이어 영입…글로벌 플랫폼 경쟁력 강화",하이브가 케빈 메이어 전 월트디즈니컴퍼니 선임 부사장을 사외이사로 선임하여 글로벌 플랫폼 경쟁력 강화에 나섰다.,호재,2026-04-01 11:39,16.585821433629643,사실형,70.60798588726256
https://n.news.naver.com/mnews/article/448/0000605532?sid=102,하이브 (엔터/미디어),"경찰, 하이브 방시혁 '사기적 부정거래 혐의' 구속영장 신청",경찰이 하이브 방시혁 의장에 대해 구속영장을 신청했다.,악재,2026-04-21 11:13,10.9,사실형,96.3
https://m.entertain.naver.com/article/410/0001121723,하이브 (엔터/미디어),"[속보] 경찰, ‘부정거래 의혹’ 방시혁 하이브 의장에 구속 영장 신청",경찰이 하이브 의장 방시혁에 대해 부정거래 의혹으로 구속 영장 신청했다.,악재,2026-04-21 11:23,19.1,사실형,96.7
https://n.news.naver.com/mnews/article/448/0000605530?sid=102,하이브 (엔터/미디어),"경찰, '사기적 부정거래' 방시혁 하이브 의장에 구속영장 신청",경찰이 방시혁 하이브 의장에 대해 사기적 부정거래 혐의로 구속영장을 신청했습니다.,악재,2026-04-21 11:11,30.2,사실형,98.3
https://n.news.naver.com/mnews/article/020/0003714072?sid=102,하이브 (엔터/미디어),"경찰, 방시혁 하이브 의장 구속영장 신청…1900억 부당이득 의혹","경찰이 방시혁 하이브 의장에 대한 구속영장을 신청한 이유는, 그가 약 1900억 원 규모의 부당이득을 취한 것으로 의심했기 때문이다.",악재,2026-04-21 11:15,18.6,사실형,97.8
https://n.news.naver.com/mnews/article/008/0005347048?sid=102,하이브 (엔터/미디어),"경찰, 방시혁 하이브 의장 구속영장 신청…'사기적 부정거래' 혐의",경찰이 방시혁 하이브 의장에 대한 구속영장을 신청했다.,호재,2026-04-21 11:17,36.9,사실형,84.8
https://m.entertain.naver.com/article/311/0002001789,하이브 (엔터/미디어),"[속보] 경찰, '부정거래 혐의' 방시혁 하이브 의장에 구속영장 신청",서울경찰청 금융범죄수사대가 방시혁 하이브 의장에 대한 구속영장을 신청했다.,악재,2026-04-21 11:17,9.2,사실형,96.4
https://n.news.naver.com/mnews/article/008/0005344336?sid=101,삼성전자 (IT/반도체),"신고가 찍어도 ""어제 샀어야"" SK하닉 116만원 돌파...삼전도 쑥","SK하이닉스가 이틀 연속 신고가를 경신했으며, 삼성전자도 21만원대를 회복했다.",호재,2026-04-15 09:10,21.5,사실형,70.5
https://n.news.naver.com/mnews/article/001/0016021986?sid=101,삼성전자 (IT/반도체),"[특징주] SK하이닉스, 美 기술주 훈풍에 역대 최고가…삼성전자도 상승",SK하이닉스와 삼성전자 주가가 미국 기술주 급등에 힘입어 상승했다.,호재,2026-04-15 09:18,23.0,사실형,89.0
https://n.news.naver.com/mnews/article/003/0013888007?sid=101,삼성전자 (IT/반도체),협상재개 기대에 SK하이닉스 또 신고가…삼전도 4%↑[핫스탁],SK하이닉스는 미국과 이란의 2차 협상 기대감과 미국 기술주 고공행진으로 인해 장 초반 사상최고가를 기록했다.,호재,2026-04-15 09:17,15.6,사실형,78.8
https://n.news.naver.com/mnews/article/018/0006257515?sid=101,삼성전자 (IT/반도체),종전 기대에 실적 모멘텀까지…삼성전자·SK하이닉스 동반 강세[특징주...,삼성전자와 SK하이닉스가 종전 협상 재개 기대와 반도체 투자심리 개선으로 강세를 나타내고 있다.,호재,2026-04-15 09:16,25.0,사실형,44.9
https://n.news.naver.com/mnews/article/082/0001376083?sid=105,삼성전자 (IT/반도체),"삼성전자, 갤럭시S26 울트라…미국 소비자전문지 평가 1위",삼성전자 갤럭시 S26 울트라가 미국 소비자 전문지 컨슈머리포트에서 1위를 차지했다.,호재,2026-04-15 08:34,46.6,사실형,97.0
https://n.news.naver.com/mnews/article/003/0013887853?sid=101,삼성전자 (IT/반도체),휴전 협상 기대에 프리마켓서 삼전 21만원·SK하닉 116만원 돌파,삼성전자와 SK하이닉스가 미국과 이란의 2차 휴전 협상 기대감에 힘입어 프리마켓에서 강세를 보이고 있다.,호재,2026-04-15 08:23,20.6,사실형,84.0
https://n.news.naver.com/mnews/article/277/0005749606?sid=105,삼성전자 (IT/반도체),"삼성전자 갤S26 울트라, 미국 컨슈머리포트 1위…3년 연속",삼성전자가 갤럭시 S26 울트라가 3년 연속으로 미국 소비자 전문지 컨슈머리포트 스마트폰 평가에서 1위를 차지했다.,호재,2026-04-15 08:51,47.8,사실형,87.5
https://n.news.naver.com/mnews/article/029/0003021716?sid=101,삼성전자 (IT/반도체),휴전+실적 ‘겹호재’…SK하닉 5%·삼전 3%대 프리마켓 급등,SK하닉과 삼성전자가 반도체 강세로 5%와 3%대 급등을 기록했다.,호재,2026-04-15 08:19,29.4,사실형,69.5
https://n.news.naver.com/mnews/article/016/0002629776?sid=105,삼성전자 (IT/반도체),삼성전자 ‘갤럭시 S26 울트라’ 美컨슈머리포트 1위…3년 연속,삼성전자 '갤럭시 S26 울트라'가 미국 소비자 전문지 '컨슈머리포트'에서 1위를 차지했다.,호재,2026-04-15 08:36,49.4,사실형,88.6
https://n.news.naver.com/mnews/article/629/0000491461?sid=101,LG에너지솔루션 (2차전지),"LG에너지솔루션, 연구·전문위원 선임…""젊고 다양한 배경 인재 발탁""",LG에너지솔루션은 젊고 다양한 배경의 인재 17명을 신규 연구·전문위원으로 선임했다.,호재,2026-04-15 08:59,30.9,사실형,55.4
https://n.news.naver.com/mnews/article/011/0004610824?sid=101,삼성전자 (IT/반도체),미국發 훈풍에 삼전 3%·하닉 5%↑...프리장 2%대 강세[마켓시그널],미국과 이란의 후속 협상 기대감에 국내 증시가 2% 이상 오른다.,호재,2026-04-15 08:16,20.4,사실형,78.1
https://n.news.naver.com/mnews/article/011/0004610853?sid=101,삼성전자 (IT/반도체),왜 미국 투자자는 삼성전자를 SK하이닉스보다 더 선호할까[갭 월드],미국 투자자들은 삼성전자를 SK하이닉스보다 더 선호하는 이유는 삼성전자의 이익 창출 능력이 완전히 새로운 차원에 진입했기 때문이다.,호재,2026-04-15 09:15,40.7,사실형,73.7
https://n.news.naver.com/mnews/article/417/0001139024?sid=101,LG에너지솔루션 (2차전지),"LG엔솔, '역대 최대규모' 신규 연구?전문위원 17명 선임",LG엔솔이 역대 최대규모 17명을 선임하여 차세대 제품 개발 및 기술 경쟁력을 강화하기 위해 노력한다.,호재,2026-04-15 08:45,33.6,사실형,57.9
https://n.news.naver.com/mnews/article/003/0013887900?sid=101,LG에너지솔루션 (2차전지),"LG에너지솔루션, 연구·전문위원 대폭 확대…""기술 리더십 강화""",LG에너지솔루션은 차세대 제품 개발 및 기술 경쟁력 강화를 위해 신규 연구·전문위원 17명을 선임했습니다.,호재,2026-04-15 08:49,35.0,사실형,59.3
https://n.news.naver.com/mnews/article/277/0005749599?sid=101,LG에너지솔루션 (2차전지),"LG엔솔, 연구·전문위원 17명 선임…역대 최대규모",LG엔솔이 역대 최대규모로 17명을 선임하여 차세대 제품 개발 및 기술 경쟁력 강화를 이끌고 있다.,호재,2026-04-15 08:46,23.8,사실형,73.0
https://n.news.naver.com/mnews/article/001/0016021857?sid=101,LG에너지솔루션 (2차전지),"LG엔솔, 연구·전문위원 17명 선임…""미래기술 성장 가속화""",LG엔솔이 역대 최대 규모의 연구·전문위원 17명을 선임하여 미래 기술 경쟁력 강화를 위한 인재 육성과 기술 리더십 강화를 이어가겠다는 의지를 표현했다.,호재,2026-04-15 08:33,25.7,사실형,62.8
https://n.news.naver.com/mnews/article/016/0002629779?sid=101,LG에너지솔루션 (2차전지),"LG엔솔, 연구∙전문위원 17명 선임…“역대 최대, 최연소·첫 외국인 발...","LG엔솔이 역대 최연소 만 36세, 첫 외국인 등 젊고 다양한 인재 17명 선임했다.",호재,2026-04-15 08:38,23.7,사실형,67.9
https://n.news.naver.com/mnews/article/382/0001268262?sid=004,LG에너지솔루션 (2차전지),"LG엔솔, 역대 최대 규모 연구위원 선임…‘AI·글로벌’ 기술 리더십 강...",LG엔솔이 역대 최대 규모의 연구 인력을 선임하여 미래 배터리 시장의 주도권을 확보하기 위해 노력하고 있다.,호재,2026-04-15 08:29,15.2,사실형,65.4
https://n.news.naver.com/mnews/article/022/0004120927?sid=101,현대차 (자동차/모빌리티),"“미래차 주도권 굳히자” 현대차, 美서 비전 소개",현대차그룹이 미국 워싱턴에서 '2026 세마포 월드 이코노미'에서 미래 모빌리티 리더십 강화를 강조했다.,호재,2026-04-15 06:03,13.6,사실형,94.8
https://n.news.naver.com/mnews/article/023/0003967484?sid=101,KB금융 (금융/밸류업),KB국민은행 “10조원 규모 금리 우대... 생산적 금융 강화”,KB국민은행은 총 10조원 규모로 금리 우대 프로그램을 확대 운영해 생산적 금융을 강화한다.,호재,2026-03-29 12:47,15.710154158244993,사실형,95.00382840633392
https://n.news.naver.com/mnews/article/011/0004606974?sid=101,한화에어로스페이스 (방산/우주항공),"한화에어로스페이스, 풍산 탄약사업부 인수 추진 [시그널]","한화에어로스페이스가 풍산의 탄약사업부를 인수하려는 움직임을 보이며, 글로벌 방산 시장에서 경쟁력을 강화하는 전략을 세우고 있다.",호재,2026-04-03 21:28,32.94892394927608,사실형,71.01969758089885
https://n.news.naver.com/mnews/article/001/0016000513?sid=101,한화에어로스페이스 (방산/우주항공),"한화에어로 ""항공엔진 기술 자립…국내 생태계와 동반 성장""",한화에어로스페이스는 항공엔진 기술 자립을 위해 정부와 협력하여 다양한 무인기 엔진을 국내 기술로 개발하고 있다.,호재,2026-04-03 10:52,37.85702630197778,사실형,85.64339445696938
https://n.news.naver.com/mnews/article/030/0003414398?sid=101,한화에어로스페이스 (방산/우주항공),"한화에어로스페이스, '항공엔진 기술 자립' 비전 제시",한화에어로스페이스는 항공엔진 기술 자립 및 국내 산업생태계 육성을 위한 전략을 제시했다.,호재,2026-04-03 10:52,42.116282462264664,사실형,80.49920925072261
https://n.news.naver.com/mnews/article/005/0001841030?sid=101,한화에어로스페이스 (방산/우주항공),한화에어로 “항공엔진 기술 자립…산업 생태계와 동반 성장”,한화에어로스페이스는 항공엔진 기술 자립과 국내 산업생태계 육성을 위해 다양한 협력사를 대상으로 상생협력 모델을 구축하고 있다.,호재,2026-04-03 11:08,34.91886305852378,사실형,90.26086658239365
https://n.news.naver.com/mnews/article/018/0006249233?sid=101,한화에어로스페이스 (방산/우주항공),"손재일 한화에어로 대표 ""무인기 시장 선점…발빠른 개발 시급""",한화에어로스페이스는 무인기 엔진 기술 자립과 국내 산업생태계 육성을 위해 다양한 전략을 발표했다.,호재,2026-04-03 10:02,35.818236770807324,사실형,74.98878538608551
https://n.news.naver.com/mnews/article/001/0016001888?sid=004,한화에어로스페이스 (방산/우주항공),"한화에어로스페이스, 풍산 탄약사업 인수 추진…최종제안서 제출",한화에어로스페이스는 국내 탄약 제조업체인 풍산의 탄약사업부 인수를 추진 중이다.,호재,2026-04-03 20:14,59.92928771282187,사실형,79.5906844176352
https://n.news.naver.com/mnews/article/001/0015999015?sid=100,한화에어로스페이스 (방산/우주항공),"한화에어로, 민군협력 간담회 참가…군수지원체계 수출 추진",한화에어로스페이스는 육군본부 주관 'MRO 민군 협력 발전을 위한 방산업체 소통 간담회'에 참가하여 한국형 MRO 수출 계획을 발표했다.,호재,2026-04-02 15:36,36.81250448005661,사실형,96.7294231057167
https://n.news.naver.com/mnews/article/015/0005270319?sid=101,한화에어로스페이스 (방산/우주항공),"한화에어로, 美서 탄약 직접 생산 '시동'",한화에어로스페이스가 미국에서 직접 탄약을 생산하기 위해 미국법인을 설립했다.,호재,2026-04-02 17:31,34.23762823771214,사실형,86.44722510467876
https://n.news.naver.com/mnews/article/031/0001019415?sid=101,한화에어로스페이스 (방산/우주항공),"손재일 한화에어로스페이스 대표 ""무인기 시장 선점, 속도감 있는 개발...",한화에어로스페이스는 무인기 시장 선점을 위해 항공엔진 기술 역량을 바탕으로 속도감 있는 개발을 진행하고 글로벌 시장에 진출할 계획이라고 밝혔다.,호재,2026-04-03 11:03,31.880776118757236,사실형,79.15874549320766
https://n.news.naver.com/mnews/article/421/0008866811?sid=101,한화에어로스페이스 (방산/우주항공),"한화에어로, 육군과 'K-MRO' 수출 추진…민군 협력 강화",한화에어로스페이스는 육군과 협력해 'K-MRO' 사업의 수출 확대에 나선다.,호재,2026-04-02 15:53,28.457210880282744,사실형,89.80081081390381
https://n.news.naver.com/mnews/article/008/0005339127?sid=101,한화에어로스페이스 (방산/우주항공),"한화에어로, 육군본부와 'K-MRO' 수출 협력",한화에어로스페이스는 육군과 손잡고 K-MRO 사업의 해외 수출 확대에 나선다.,호재,2026-04-02 16:53,25.058758937956426,사실형,86.25449627637863
https://n.news.naver.com/mnews/article/009/0005660129?sid=101,한화에어로스페이스 (방산/우주항공),"한화에어로, 육군본부와 ‘K-MRO’ 수출 협력 나선다",한화에어로스페이스가 육군과 유지·보수·정비(MRO) 사업의 수출에 나선다.,호재,2026-04-02 15:44,31.732721298329235,사실형,98.33523739467968
https://n.news.naver.com/mnews/article/018/0006248529?sid=101,한화에어로스페이스 (방산/우주항공),"한화에어로, 육군본부와 ‘K-MRO’ 수출 협력 나선다",한화에어로스페이스는 육군과 'K-MRO' 사업의 해외 수출을 위해 협력을 본격화한다.,호재,2026-04-02 15:44,37.814171064292836,사실형,99.86390471458435
https://n.news.naver.com/mnews/article/629/0000487830?sid=101,한화에어로스페이스 (방산/우주항공),"한화에어로, 육군본부와 'K-MRO' 수출 협력 나선다",한화에어로스페이스는 육군과 MRO 사업의 해외 수출을 위한 협력을 시작했다.,호재,2026-04-02 15:21,43.05945865055851,사실형,81.86152685266279
https://n.news.naver.com/mnews/article/011/0004606456?sid=101,한화에어로스페이스 (방산/우주항공),"한화에어로-육군본부, 한국형 MRO 모델 수출 꾀한다",한화에어로스페이스는 육군과 MRO 사업의 해외 수출을 위해 협력을 본격화한다.,호재,2026-04-02 15:27,35.931428792536735,사실형,93.21567744016647
https://n.news.naver.com/mnews/article/108/0003422495?sid=004,한화에어로스페이스 (방산/우주항공),"한화에어로, 한-호 비즈니스 어워드 수상",한화에어로스페이스의 호주법인 파트너사인 코버스가 한국-호주 비즈니스 어워드에서 특별 공로상을 수상했다.,호재,2026-04-02 14:10,34.38860459634465,사실형,94.3931539853414
https://n.news.naver.com/mnews/article/366/0001154950?sid=101,LG에너지솔루션 (2차전지),"LG에너지솔루션, 1분기 영업손실 2078억원…적자전환",LG에너지솔루션은 올해 1분기 매출이 2.5% 증가했지만 영업손실 2078억원을 기록해 적자 전환했다.,악재,2026-04-07 16:38,14.8,사실형,96.6
https://n.news.naver.com/mnews/article/082/0001374832?sid=101,LG에너지솔루션 (2차전지),"LG에너지솔루션, 1분기 영업손실 2078억 원 ‘적자전환’",LG에너지솔루션은 1분기 영업손실 2078억 원을 기록하며 적자전환했다.,악재,2026-04-07 16:58,17.3,사실형,98.0
https://n.news.naver.com/mnews/article/003/0013873361?sid=101,LG에너지솔루션 (2차전지),"LG에너지솔루션, 1Q 영업손 2078억 적자전환 ""북미 ESS 투자 초기비용""","LG에너지솔루션 1Q 영업손익 적자전환, 북미 ESS 투자 초기비용으로 인한 영향",악재,2026-04-07 16:46,11.2,사실형,99.0
https://n.news.naver.com/mnews/article/030/0003415613?sid=105,LG에너지솔루션 (2차전지),LG에너지솔루션 1분기 영업손실 2078억원…적자 전환,"LG에너지솔루션 1분기 영업손실 2078억원, 적자 전환",악재,2026-04-07 16:47,14.5,사실형,98.8
https://n.news.naver.com/mnews/article/008/0005341033?sid=101,LG에너지솔루션 (2차전지),"LG엔솔, 1Q 영업손실 2078억원…2개 분기 연속 적자",LG엔솔이 1분기 영업손실 2078억원을 기록하며 2개 분기 연속 적자에 빠졌습니다.,악재,2026-04-07 16:38,26.3,사실형,95.3
https://n.news.naver.com/mnews/article/293/0000082347?sid=101,LG에너지솔루션 (2차전지),"LG에너지솔루션, 1분기 영업손실 2078억…적자전환","LG에너지솔루션, 1분기 영업손실 2078억원...적자전환",악재,2026-04-07 17:04,13.5,사실형,99.1
https://n.news.naver.com/mnews/article/003/0013873505?sid=101,LG에너지솔루션 (2차전지),"1Q 실적 부진 LG엔솔 ""북미 ESS 시장 선점 효과내며 바닥찍고 개선""","LG엔솔은 1Q 실적 부진을 발표했지만, 북미 ESS 시장 선점 효과를 내며 바닥을 찍은 후 개선될 것으로 기대된다.",호재,2026-04-07 17:45,13.1,사실형,80.6
https://n.news.naver.com/mnews/article/469/0000924112?sid=101,LG에너지솔루션 (2차전지),"LG에너지솔루션, 2분기 연속 적자…""믿을 구석 여전히 ESS""","LG에너지솔루션은 올해 1분기에 2,078억 원의 영업손실을 기록했지만, 가파르게 성장하고 있는 에너지저장장치(ESS) 사업을 발판 삼아 올해 실적 반등에 나선다는 각오를 밝혔다.",호재,2026-04-07 18:01,17.6,사실형,65.3
https://n.news.naver.com/mnews/article/119/0003078005?sid=101,LG에너지솔루션 (2차전지),"LG에너지솔루션, 1분기 美 보조금 제외 시 영업손실 3975억…2개 분기 연...",LG에너지솔루션은 1분기 미국 보조금 제외 시 영업손실 3975억원을 기록하며 2개 분기 연속 적자다.,악재,2026-04-07 16:38,10.5,사실형,93.7
https://n.news.naver.com/mnews/article/092/0002417804?sid=105,LG에너지솔루션 (2차전지),"LG엔솔, 사상 첫 2분기 연속 적자...ESS 사업 성장통","LG엔솔이 사상 첫 2분기 연속 적자를 기록하며, 기존 전기차 배터리 공장을 ESS 배터리용으로 전환하는 비용과 미국 전기차 시장의 급랭이 겹쳐 실적 악화로 인해 발생했습니다.",악재,2026-04-07 17:52,20.2,사실형,77.7
https://n.news.naver.com/mnews/article/448/0000602181?sid=101,LG에너지솔루션 (2차전지),"LG에너지솔루션, 2분기 연속 적자 기록…""하반기부터 본격 반등""","LG에너지솔루션이 2분기 연속 적자를 기록했지만, 하반기부터 본격적인 실적 반등에 나설 계획이다.",호재,2026-04-07 19:24,13.9,사실형,92.8
https://n.news.naver.com/mnews/article/008/0005341319?sid=101,LG에너지솔루션 (2차전지),"""LG에너지솔루션, 영업적자 기록했으나 ESS로 반등 전망""-하나",하나증권은 LG에너지솔루션의 ESS로 반등 전망을 내며 목표주가 51만8000원과 투자의견 '매수'를 유지했다.,호재,2026-04-08 10:04,13.7,사실형,98.8
https://n.news.naver.com/mnews/article/050/0000104679?sid=101,LG에너지솔루션 (2차전지),"LG엔솔, 1분기 영업손실 2078억…적자 전환",LG엔솔이 1분기 영업손실 2078억원을 기록하며 적자 전환했다.,악재,2026-04-07 16:39,20.5,사실형,94.8
https://n.news.naver.com/mnews/article/138/0002223640?sid=105,LG에너지솔루션 (2차전지),"LG에너지솔루션, 1분기 영업손실 2078억원…전년 비교 적자전환","LG에너지솔루션, 1분기 영업손실 2078억원...전년 비교 적자전환",호재,2026-04-07 16:41,20.8,사실형,93.9
https://n.news.naver.com/mnews/article/417/0001137916?sid=101,LG에너지솔루션 (2차전지),"LG엔솔, 1분기 영업손실 2078억원…2분기 연속 적자(상보)",LG엔솔이 1분기 영업손실 2078억원을 기록하며 2분기 연속 적자를 기록했다.,악재,2026-04-07 17:08,15.4,사실형,98.4
https://n.news.naver.com/mnews/article/138/0002223645?sid=105,LG에너지솔루션 (2차전지),전기차 둔화 LG엔솔 1분기 '어닝쇼크'…보조금 받고도 손실 2078억원 (종...,LG엔솔이 전기차 수요 둔화로 1분기 영업손실 2078억원을 기록했다.,악재,2026-04-07 17:07,22.5,사실형,86.9
https://n.news.naver.com/mnews/article/014/0005503935?sid=101,LG에너지솔루션 (2차전지),"LG에너지솔루션, 1분기 영업손실 2078억원...""상반기 저점 후 ESS 중심 반...","LG에너지솔루션은 1분기 영업손실 2078억원, 매출 6조5550억원 기록했으며, 북미 ESS 선점 효과와 신규 수주 모멘텀은 전망이다.",호재,2026-04-07 16:42,14.6,사실형,80.1
https://n.news.naver.com/mnews/article/015/0005272247?sid=101,LG에너지솔루션 (2차전지),"""LG에너지솔루션, ESS 성장하지만 전기차 부진 지속""-신한","LG에너지솔루션의 1분기 실적은 전기차 부진으로 부진했지만, 에너지저장장치(ESS) 성장은 견조했다.",호재,2026-04-08 08:08,15.7,사실형,99.5
https://n.news.naver.com/mnews/article/374/0000502869?sid=101,LG에너지솔루션 (2차전지),LG에너지솔루션 1분기 영업손실 2천78억원…적자 전환,"LG에너지솔루션은 1분기 영업손실 2천78억원, 매출 6조550억원으로 적자전환했다.",악재,2026-04-07 16:37,56.8,추론형,20
https://n.news.naver.com/mnews/article/422/0000852494?sid=101,LG에너지솔루션 (2차전지),"LG엔솔 1분기 영업손실 2,078억원…적자 전환","LG엔솔이 1분기 영업손실 2,078억원을 기록하며 적자전환을 발표했습니다.",악재,2026-04-07 16:48,19.4,추론형,19.4
https://n.news.naver.com/mnews/article/243/0000096152?sid=101,삼성전자 (IT/반도체),"새 역사 쓴 삼성전자…""내년 엔비디아 넘어 세계 1위""","삼성전자가 올해 1분기 매출액 133조원, 영업이익 57조2000억원으로 역대 최대 실적을 기록했다.",호재,2026-04-11 08:35,20.0,사실형,85.2
https://n.news.naver.com/mnews/article/366/0001156024?sid=101,삼성전자 (IT/반도체),“또 삼전·하이닉스 ETF”…이름만 다른 ‘복붙 상품’ 쏟아져,"삼성전자와 SK하이닉스에 집중 투자하는 채권혼합형 ETF가 연이어 출시되면서, 상품 차별성은 떨어지고 증시의 '쏠림 현상'만 키운다는 지적이 나온다.",호재,2026-04-11 06:02,25.2,사실형,92.9
https://n.news.naver.com/mnews/article/050/0000104836?sid=101,현대차 (자동차/모빌리티),현대차가 포르쉐를 이겼다고?…외신도 깜짝 놀랐다,현대차그룹이 월드카 어워즈에서 세계 올해의 고성능 자동차 부문에서 수상하는 쾌거를 기록했다.,호재,2026-04-11 13:59,29.3,사실형,97.6
https://n.news.naver.com/mnews/article/421/0008883028?sid=105,삼성바이오로직스 (제약/바이오),"삼성바이오로직스, 유럽 위탁생산 수주 2796억→3499억 증액",삼성바이오로직스는 유럽 제약사와의 위탁생산 계약을 2796억 원에서 3499억 원으로 증액했다.,호재,2026-04-10 16:57,23.6,사실형,76.0
https://n.news.naver.com/mnews/article/293/0000082582?sid=110,삼성전자 (IT/반도체),"[디깅노트] AI도 못 믿는 삼성전자 실적, 만든 건 결국 '사람'",삼성전자 1분기 실적이 비현실적인 수치로 인해 시장의 반응을 불러일으켰다.,호재,2026-04-11 07:00,20.6,사실형,48.3
https://n.news.naver.com/mnews/article/016/0002628049?sid=101,현대차 (자동차/모빌리티),"“현대차 내비가 ‘찐’ 벚꽃 명소?”…현대오토에버, 플랫폼 전환 속도","현대차그룹은 차량용 소프트웨어를 플랫폼으로 확장하고, 벚꽃 시즌에 맞춘 테마형 서비스를 선보였다.",호재,2026-04-11 07:01,17.9,사실형,60.7
https://n.news.naver.com/mnews/article/025/0003515468?sid=102,현대차 (자동차/모빌리티),미세먼지 꿀꺽해 벽돌로 ‘퉤’…현대차 깜짝 놀란 금천구 기술,금천구가 개발한 수소 전기 노면 분진 청소차는 전국 최초로 도로의 쓰레기와 먼지를 한꺼번에 청소할 수 있는 차량이다.,호재,2026-04-11 07:01,79.2,사실형,50.5
https://n.news.naver.com/mnews/article/243/0000096161?sid=103,현대차 (자동차/모빌리티),"정의선의 ‘고성능 승부수’ 통했다…현대차, 아이오닉6 N으로 세계 정상",현대차의 고성능 브랜드 N이 아이오닉6 N으로 세계 올해의 고성능 자동차를 수상했다.,호재,2026-04-11 10:01,50.2,사실형,80.1
https://n.news.naver.com/mnews/article/422/0000853753?sid=101,현대차 (자동차/모빌리티),"[단독] 현대차, '안전벨트 고정장치 결함'으로 국내서도 리콜",현대차가 안전벨트 고정장치 결함으로 국내서도 리콜을 진행할 전망입니다.,악재,2026-04-10 18:34,38.3,추론형,2.7
https://n.news.naver.com/mnews/article/353/0000055111?sid=101,현대차 (자동차/모빌리티),전기차 본진 잡자…현대차도 테슬라도 일제히 중국 공략,현대차와 테슬라가 중국 시장에서 신제품 전기차로 승부수를 띄우고 있다.,호재,2026-04-11 00:49,26.1,사실형,76.9
https://n.news.naver.com/mnews/article/138/0002224113?sid=101,현대차 (자동차/모빌리티),"""하늘길 사업 속도 조절"" 현대차…항공 정비 역량부터 쌓는다",현대차가 항공 분야 기반을 다지기 위해 항공기 정비 업무를 시작한다.,호재,2026-04-11 09:00,17.5,사실형,86.6
https://n.news.naver.com/mnews/article/448/0000603042?sid=101,현대차 (자동차/모빌리티),"현대차, 미국서 29만4000여대 리콜…안전벨트 고정장치 결함","현대차가 미국서 29만4000여대 리콜, 안전벨트 고정장치 결함으로 인한 부상 위험이 우려된다.",악재,2026-04-10 18:03,13.8,예측형,33.0
https://n.news.naver.com/mnews/article/021/0002783877?sid=101,현대차 (자동차/모빌리티),현대자동차 부품 조달 위해 결단 “우리는 희망봉 돌아간다”,"현대자동차가 미국·이란 전쟁으로 인한 호르무즈 해협 봉쇄로 부품 조달에 어려움을 겪고 있으며, 아프리카 희망봉을 돌아가는 우회 항로를 택하고, 장기적으로는 유럽 현지에서 부품을 제작하는 방안을 검토하고 있다.",호재,2026-04-10 19:18,38.4,사실형,88.2
https://n.news.naver.com/mnews/article/079/0004135510?sid=101,현대차 (자동차/모빌리티),中 공략 나서는 현대차…아이오닉 콘셉트카 2종 공개,"현대차가 아이오닉 브랜드를 중국 시장에 론칭하고, 세단 및 SUV 콘셉트카 2종을 공개했다.",호재,2026-04-10 18:53,28.2,사실형,43.0
https://n.news.naver.com/mnews/article/277/0005747918?sid=101,현대차 (자동차/모빌리티),"현대차, 미국에서 안전벤트 결함으로 아이오닉6 등 29만여대 리콜",현대차가 미국에서 안전벨트 결함으로 29만4000여대를 리콜한다.,악재,2026-04-10 17:29,14.7,예측형,34.5
https://n.news.naver.com/mnews/article/025/0003515422?sid=101,현대차 (자동차/모빌리티),"현대차, 美서 ‘안전벨트 결함’ 29.4만여대 리콜…국내서도 진행","현대차가 미국에서 안전벨트 결함으로 29만4000여대를 리콜하고, 국내에서도 다음주부터 리콜 조치를 진행할 예정이다.",악재,2026-04-10 18:45,18.3,사실형,79.8
https://n.news.naver.com/mnews/article/009/0005664248?sid=103,현대차 (자동차/모빌리티),"안전벨트 고정장치 결함…현대차, 미국서 29만4000여대 보강·교체 리콜",현대차가 미국서 29만4000여대를 리콜하여 안전벨트 고정장치 결함을 보강·교체한다.,악재,2026-04-10 17:24,34.8,사실형,66.2
https://n.news.naver.com/mnews/article/008/0005342706?sid=101,현대차 (자동차/모빌리티),"""아틀라스, 경쟁사에도 팔겠다""…현대차그룹, 로보틱스 美 법인 신설","현대차그룹이 로보틱스 사업을 확대하고, 경쟁사에도 휴머노이드 로봇 '아틀라스' 판매를 검토한다.",호재,2026-04-10 18:00,16.4,사실형,76.3
https://n.news.naver.com/mnews/article/052/0002339097?sid=104,현대차 (자동차/모빌리티),"현대차, 미국에서 29만여 대 리콜...안전벨트 고정장치 결함",현대차가 미국에서 29만여 대의 차량을 리콜하는 안타까운 뉴스를 전합니다.,악재,2026-04-10 17:23,41.8,추론형,0.0
https://n.news.naver.com/mnews/article/003/0013879409?sid=101,삼성전자 (IT/반도체),"SK하이닉스, 장 초반 3% 상승한 100만원선 재돌파…삼전 2%↑[핫스탁]","SK하이닉스는 장 초반 3% 상승하며 100만원선을 재돌파했으며, 삼성전자는 2% 상승했다.",호재,2026-04-10 09:07,22.5,사실형,95.8
https://n.news.naver.com/mnews/article/031/0001021153?sid=101,삼성전자 (IT/반도체),'57兆 드라마' 쓴 삼성전자 전영현의 3가지 선택,"삼성전자 전영현 대표이사 부회장은 2024년 5월에 위기 극복을 위한 전략을 발표하였고, 생산기술과 생산능력을 강화하고 설계와 조직을 재정비하여 극적인 변화를 이끌어 냈다.",호재,2026-04-10 08:32,39.7,사실형,65.1
https://n.news.naver.com/mnews/article/031/0001021146?sid=101,삼성전자 (IT/반도체),"""삼성전자·SK하이닉스 내년 법인세만 124조"" 전망 나와",삼성전자와 SK하이닉스가 올해 영업이익이 급증할 경우 내년 법인세로 124조원을 낼 수 있다는 전망이 나왔다.,호재,2026-04-10 07:28,20.4,사실형,74.0
https://n.news.naver.com/mnews/article/421/0008880793?sid=101,LG에너지솔루션 (2차전지),반도체 팔고 이차전지 산 외국인…LG엔솔·삼성SDI 동반 강세[핫종목],LG엔솔과 삼성SDI가 반도체 주를 팔고 이차전지 업종으로의 순환매가로 인해 강세를 보였다.,호재,2026-04-09 16:19,41.9,사실형,83.1
https://n.news.naver.com/mnews/article/011/0004609231?sid=101,삼성전자 (IT/반도체),삼성전자 어닝 서프라이즈에 코스피 연간 이익 전망 753조로 급등,"삼성전자 어닝 서프라이즈로 코스피 연간 영업익 753조로 급등했지만, 반도체 쏠림 우려와 중동 전쟁 장기화로 외국인 자금이 역대 최대 이탈했다.",호재,2026-04-10 07:18,15.1,사실형,86.8
https://n.news.naver.com/mnews/article/008/0005342194?sid=101,삼성바이오로직스 (제약/바이오),"'삼바 신화' 김태한 회장 ""삼성서 못한 신약 꿈, HLB서 완성하겠다""",삼성그룹의 바이오 사업을 일궈낸 김태한 HLB그룹 바이오 부문 총괄 회장은 HLB에서 삼성에서 못한 '글로벌 신약 개발'의 꿈을 실현하겠다고 밝혔다.,호재,2026-04-09 16:40,27.9,사실형,58.6
https://n.news.naver.com/mnews/article/014/0005505518?sid=101,현대차 (자동차/모빌리티),"'삼전닉스' 다음은 시총 3위 현대차, 목표가 80만원까지 웃돌아",현대차가 로보틱스와 자율주행을 중심으로 미래 성장주로 재평가되며 목표가 80만원까지 상향 조정될 전망이다.,호재,2026-04-10 06:01,12.1,사실형,90.0
https://n.news.naver.com/mnews/article/015/0005270080?sid=103,현대차 (자동차/모빌리티),"현대차 수소전기버스, 국내 누적 판매 3000대 돌파",현대차의 수소전기버스 누적 판매량이 3000대를 넘어섰다.,호재,2026-04-02 10:28,11.899173612341619,사실형,90.80998450517654
https://n.news.naver.com/mnews/article/079/0004132145?sid=101,현대차 (자동차/모빌리티),"현대차, 뉴욕서 괴물 픽업 '볼더' 최초 공개",현대차가 미국 뉴욕에서 '볼더'라는 차세대 중형 픽업트럭의 콘셉트 모델을 최초로 공개했다.,호재,2026-04-02 14:51,37.019143779575124,사실형,78.501261176134
https://n.news.naver.com/mnews/article/366/0001153587?sid=103,현대차 (자동차/모빌리티),"현대차, 수소전기버스 국내 누적 판매량 3000대 돌파",현대차가 수소전기버스 국내 누적 판매량이 3000대를 돌파했다.,호재,2026-04-02 09:46,6.849409559420838,사실형,97.44391242663065
https://n.news.naver.com/mnews/article/003/0013861943?sid=101,현대차 (자동차/모빌리티),"현대차, 볼더 콘셉트 세계 최초 공개",현대차가 미국 뉴욕에서 '볼더' 콘셉트를 전 세계 최초로 공개했다.,호재,2026-04-02 09:26,41.15776815532131,사실형,99.2041528224945
https://n.news.naver.com/mnews/article/215/0001247697?sid=101,현대차 (자동차/모빌리티),세계가 놀란 현대차…최고 고성능차 수상 [뉴스+현장],현대차그룹의 아이오닉 6 N이 '2026 월드카 어워즈'에서 세계 올해의 고성능 자동차를 수상했다.,호재,2026-04-02 17:34,17.9706588524576,사실형,86.93475212369647
https://n.news.naver.com/mnews/article/011/0004606268?sid=101,현대차 (자동차/모빌리티),"현대차, 수소전기버스 누적 3000대 판매",현대차그룹은 친환경 수소전기버스의 국내 누적 판매량이 3062대를 기록하며 3000대를 넘어섰다고 밝혔다.,호재,2026-04-02 08:59,6.985665235147865,사실형,87.34684407711029
https://n.news.naver.com/mnews/article/014/0005501334?sid=101,현대차 (자동차/모빌리티),"현대차, 수소전기버스 누적 판매 3000대 달성",현대차의 친환경 수소전기버스(FCEV)가 국내 누적 판매량을 3000대 이상 돌파했다.,호재,2026-04-02 08:53,3.2616898445552933,사실형,95.68752124905586
https://n.news.naver.com/mnews/article/008/0005338898?sid=101,현대차 (자동차/모빌리티),현대차 아이오닉 6 N '세계 올해의 고성능 자동차' 수상,현대차 아이오닉 6 N이 '2026 월드카 어워즈'에서 '세계 올해의 고성능 자동차'를 수상했다.,호재,2026-04-02 11:22,18.48311987668607,사실형,67.42862895131111
https://n.news.naver.com/mnews/article/003/0013862021?sid=101,현대차 (자동차/모빌리티),"현대차 아이오닉 6 N, 월드카 어워즈서 '올해의 고성능차' 수상",현대차 아이오닉 6 N이 '2026 월드카 어워즈'에서 '세계 올해의 고성능 자동차'를 수상했다.,호재,2026-04-02 09:44,22.693679400552224,사실형,91.32916107773781
https://n.news.naver.com/mnews/article/018/0006249001?sid=101,현대차 (자동차/모빌리티),"이재용·정의선 '3세 동맹'…현대차·기아, 삼성 배터리 첫 탑재[only 이...","삼성SDI의 각형 배터리가 현대차와 기아의 신규 전략 모델에 처음으로 탑재되며, 이재용 삼성전자 회장과 정의선 현대차그룹 회장의 '3세 동맹'이 배터리까지 본격화하고 있다.",호재,2026-04-03 05:02,9.109136764882841,사실형,90.66854119300842
https://n.news.naver.com/mnews/article/421/0008865687?sid=103,현대차 (자동차/모빌리티),"현대차·기아, 1Q 美판매 43만대 '역대 최고'…일등공신 HEV 53.2%↑",현대차와 기아가 1분기 미국 판매량 43만 대 이상 기록하며 역대 최고 실적을 달성했다.,호재,2026-04-02 11:48,27.036984535876517,사실형,95.03716118633747
https://n.news.naver.com/mnews/article/215/0001247589?sid=101,현대차 (자동차/모빌리티),"현대차, 수소전기버스 누적 판매량 3000대 돌파","현대차, 수소전기버스 누적 판매량 3000대 돌파, 3062대 기록",호재,2026-04-02 10:00,6.466678636424472,사실형,95.25690525770187
https://n.news.naver.com/mnews/article/001/0015997059?sid=104,현대차 (자동차/모빌리티),"현대차·기아, 3월 美판매 감소에도 나란히 '역대 최고 1분기'","현대차와 기아가 3월 미국 시장에서 판매량이 감소했지만, 친환경 차량과 SUV의 수요로 사상 최고 1분기 실적을 기록했다.",호재,2026-04-02 06:09,20.477736835802286,사실형,94.66215372085571
https://n.news.naver.com/mnews/article/018/0006248042?sid=103,현대차 (자동차/모빌리티),"현대차 '아이오닉 6 N', 세계 올해의 고성능 자동차 수상",현대차의 고성능 세단 EV '아이오닉 6 N'이 세계 올해의 고성능 자동차를 수상했다.,호재,2026-04-02 08:41,24.39776576462843,사실형,69.13244605064392
https://n.news.naver.com/mnews/article/009/0005660316?sid=103,현대차 (자동차/모빌리티),"현대차 ""픽업트럭 시장 공략""…美서 '볼더' 첫 공개",현대차그룹은 뉴욕 국제 오토쇼에서 중형 픽업트럭 '볼더'를 세계 최초로 공개했다.,호재,2026-04-02 17:57,23.20648847319251,사실형,86.46054863929749
https://n.news.naver.com/mnews/article/015/0005270047?sid=103,현대차 (자동차/모빌리티),"""지프 랭글러 닮았네""…현대차, 픽업트럭 콘셉트카 '볼더' 공개",현대차가 2026 뉴욕 국제 오토쇼에서 차세대 중형 픽업트럭의 방향을 보여주는 '볼더' 콘셉트카를 세계 최초로 공개했다.,호재,2026-04-02 09:45,32.19597539511189,사실형,90.78819900751114
https://n.news.naver.com/mnews/article/011/0004606354?sid=101,현대차 (자동차/모빌리티),"현대차 아이오닉 6 N, ‘세계 올 해의 고성능 車’ 수상",현대차 아이오닉 6 N이 '2026 월드카 어워즈'에서 '세계 올해의 고성능 자동차'상을 수상했다.,호재,2026-04-02 10:40,15.870679538613718,사실형,67.45739459991455
https://n.news.naver.com/mnews/article/011/0004606680?sid=101,현대차 (자동차/모빌리티),엔진밸브 하나에…기아 이어 현대차도 생산중단 도미노 [biz-플러스],기아와 현대차가 생산을 중단한 엔진밸브 공급업체인 안전공업의 화재로 인해 두 회사 모두 주요 차종의 생산이 차질을 빚고 있다.,호재,2026-04-03 06:56,30.54798313666692,사실형,84.45531747170857
https://n.news.naver.com/mnews/article/028/0002799507?sid=101,삼성전자 (IT/반도체),삼성전자 1분기 영업이익 57조원…작년 전체보다 많아,"삼성전자가 1분기 영업 이익 57조원, 작년 전체보다 많아 깜짝 실적을 내었다.",호재,2026-04-07 07:58,27.3,사실형,98.6
https://n.news.naver.com/mnews/article/586/0000126215?sid=101,삼성전자 (IT/반도체),"삼성전자, 1분기 영업이익 57.2조원…분기 역대 최대 실적","삼성전자, 1분기 영업이익 57.2조원으로 역대 최대 실적을 기록했다.",호재,2026-04-07 09:22,15.8,사실형,90.8
https://n.news.naver.com/mnews/article/001/0016006424?sid=101,삼성전자 (IT/반도체),삼성전자 1분기 매출 133조·영업익 57조,"삼성전자 1분기 매출 133조원, 영업익 57조2천억원으로 역대 최대 실적을 기록했다.",호재,2026-04-07 10:11,21.2,사실형,97.6
https://n.news.naver.com/mnews/article/003/0013871409?sid=101,삼성전자 (IT/반도체),"이재용 리더십 ""글로벌 광폭 행보 결실""…삼성전자, 韓기업 첫 영업익 ...","삼성전자, 대한민국 기업 중 최초로 단일 분기 영업이익 50조원 돌파",호재,2026-04-07 08:38,41.1,사실형,96.5
https://n.news.naver.com/mnews/article/277/0005745507?sid=101,삼성전자 (IT/반도체),"""삼전 지금이라도 살까"" 역대급 전망 나왔다…1분기 영업익 50조 눈앞",삼성전자가 올해 1분기 영업이익 50조원을 웃도는 깜짝 실적을 낼 것으로 전망된다.,호재,2026-04-06 11:00,14.4,사실형,93.1
https://n.news.naver.com/mnews/article/082/0001374548?sid=101,삼성전자 (IT/반도체),1000대 상장사 매출 ‘2000조’ 돌파…삼성전자 24년째 1위,국내 1000대 상장사의 매출액이 사상 처음으로 2000조원을 돌파했다.,호재,2026-04-06 13:11,38.4,사실형,80.5
https://n.news.naver.com/mnews/article/001/0016005578?sid=101,삼성전자 (IT/반도체),"삼성전자, 3%대 상승해 '19만 전자' 회복",삼성전자 주가는 3%대로 상승하여 '19만 전자' 회복을 달성했다.,호재,2026-04-06 16:04,55.1,사실형,98.4
https://n.news.naver.com/mnews/article/031/0001019970?sid=105,삼성전자 (IT/반도체),"삼성전자·ETRI·프라임마스, CXL 초대용량 메모리 협력","삼성전자, ETRI, 프라임마스가 CXL 초대용량 메모리 솔루션을 공동 개발한다.",호재,2026-04-06 15:49,48.2,사실형,66.3
https://n.news.naver.com/mnews/article/003/0013871369?sid=101,삼성전자 (IT/반도체),"""반도체의 힘"" 삼성전자, 1Q 133조 매출·57조 영업익 모두 '역대 최대' ...","삼성전자 1분기 매출 133조원, 영업익 57조2000억원 '역대 최대'로 기록했다.",호재,2026-04-07 08:11,13.0,사실형,93.6
https://n.news.naver.com/mnews/article/123/0002380850?sid=101,현대차 (자동차/모빌리티),"이억원 ""현대차 새만금 프로젝트, 산업생태계 구축 도전적인 과제""",이억원 금융위원장은 현대차그룹의 새만금 투자 프로젝트가 새로운 산업생태계를 구축하는 도전적인 과제라며 중요한 출발점이라고 말했다.,호재,2026-04-06 16:51,15.5,사실형,74.0
https://n.news.naver.com/mnews/article/001/0016006428?sid=101,삼성전자 (IT/반도체),역대 최대 실적 기록한 삼성전자,"삼성전자, 올해 1분기 역대 최대 실적 기록",호재,2026-04-07 10:12,17.3,사실형,97.6
https://n.news.naver.com/mnews/article/081/0003632997?sid=101,삼성전자 (IT/반도체),"삼성전자, 1분기 매출 133조·영업익 57조…韓 기업사 ‘신기원’","삼성전자, 1분기 매출 133조원, 영업익 57조 2000억원 기록",호재,2026-04-07 08:29,28.9,사실형,94.4
https://n.news.naver.com/mnews/article/009/0005661998?sid=101,삼성전자 (IT/반도체),[속보] 삼성전자 1분기 영업익 57조원…‘36만 전자’ 전망 힘 받는다,"삼성전자가 1분기 매출 133조원, 영업익 57조2000억원 기록, 전년 대비 68% 매출 증가 및 755% 영업익 증가",호재,2026-04-07 07:58,11.4,사실형,99.8
https://n.news.naver.com/mnews/article/022/0004118859?sid=101,삼성전자 (IT/반도체),"반도체의 힘... 삼성전자 1분기 영업익 755% 폭등, 역대 최대 기록 갈아...","삼성전자 1분기 영업익 755% 폭등, 역대 최대 기록을 경신했다.",호재,2026-04-07 08:12,14.0,사실형,94.7
https://n.news.naver.com/mnews/article/469/0000923990?sid=101,삼성전자 (IT/반도체),"삼성전자, 어닝 서프라이즈에 '20만 전자' 탈환","삼성전자, 역대 최대 실적에 힘입어 '20만 전자'를 회복했다.",호재,2026-04-07 09:06,12.9,사실형,49.6
https://n.news.naver.com/mnews/article/310/0000135477?sid=101,삼성전자 (IT/반도체),"삼성전자 1분기 영업이익 57조원, 755%↑...역대 최대","삼성전자 1분기 영업이익 57조원, 역대 최대 기록",호재,2026-04-07 08:20,12.2,사실형,96.7
https://n.news.naver.com/mnews/article/654/0000174346?sid=101,삼성전자 (IT/반도체),[속보] 삼성전자 1분기 영업이익 57조2000억…사상 최대,삼성전자 1분기 영업이익 57조2000억원으로 역대 최대 실적을 기록했다.,호재,2026-04-07 08:06,21.8,사실형,96.4
https://n.news.naver.com/mnews/article/088/0001004428?sid=101,삼성전자 (IT/반도체),삼성전자 1분기 매출 133조·영업익 57조…역대 최대 기록,삼성전자 1분기 매출 133조·영업익 57조...역대 최대 기록,호재,2026-04-07 07:48,11.8,사실형,98.8
https://n.news.naver.com/mnews/article/001/0016006419?sid=101,삼성전자 (IT/반도체),삼성전자 1분기 매출 133조·영업익 57조,"삼성전자, 1분기 매출 133조원·영업익 57조2천억원으로 역대 최대 실적 기록",호재,2026-04-07 10:11,21.2,사실형,97.6
https://n.news.naver.com/mnews/article/277/0005745899?sid=101,삼성전자 (IT/반도체),"삼성전자, 3개월 만에 '연간 실적' 넘었다…사상 최대 매출·영업익 기록...","삼성전자, 1분기 매출액 133조원, 영업이익 57조2000억원으로 사상 최대 실적을 기록했다.",호재,2026-04-07 09:15,18.8,사실형,74.8
https://n.news.naver.com/mnews/article/001/0016006431?sid=101,삼성전자 (IT/반도체),삼성전자 1분기 매출 133조·영업익 57조,삼성전자 1분기 매출 133조·영업익 57조로 역대 최대 실적을 기록했다.,호재,2026-04-07 10:14,21.2,사실형,97.6
https://n.news.naver.com/mnews/article/001/0016006433?sid=101,삼성전자 (IT/반도체),삼성전자 1분기 매출 133조·영업익 57조,삼성전자 1분기 매출 133조·영업익 57조로 역대 최대 실적,호재,2026-04-07 10:14,21.2,사실형,97.6
https://n.news.naver.com/mnews/article/374/0000502697?sid=101,삼성전자 (IT/반도체),"삼성전자, 올 1분기 영업이익 57.2조…역대 최대 실적 경신","삼성전자, 올 1분기 영업이익 57.2조원...역대 최대 실적 경신",호재,2026-04-07 07:52,22.6,추론형,18.5
https://n.news.naver.com/mnews/article/003/0013898158?sid=101,KB금융 (금융/밸류업),차기 여신협회장 인선 가동…이달 말 회추위 구성,"여신협회가 차기 여신금융협회장 선출 절차를 본격화하고, 이달 말 회추위 구성 간담회를 개최할 예정이다.",호재,2026-04-20 14:43,18.3,사실형,84.0
https://n.news.naver.com/mnews/article/014/0005510375?sid=101,KB금융 (금융/밸류업),"KB국민은행, 장애인의 날 맞아 '홀트전국휠체어농구대회' 후원",KB국민은행은 제 46회 '장애인의 날'을 맞아 '고양특례시장컵 제 31회 홀트전국휠체어농구대회'를 후원했다.,호재,2026-04-20 15:21,25.6,사실형,58.8
https://n.news.naver.com/mnews/article/138/0002225125?sid=101,KB금융 (금융/밸류업),이오타2 정상화 ‘도루묵’…한투리얼 몽니에 KB금융 2000억원 묶였다,이오타2 정상화가 또 다시 불확실해지면서 KB금융에 투입된 2000억원에 대한 우려가 커졌다.,악재,2026-04-20 14:49,29.5,사실형,88.9
https://n.news.naver.com/mnews/article/417/0001139765?sid=101,KB금융 (금융/밸류업),"4대 금융, 1분기 순익합계 5.2조 '역대 최대' 기대감...대출규제는 변수",4대 금융지주는 1분기 순익합계 5.2조원 '역대 최대' 실적을 기대하고 있다.,호재,2026-04-20 14:34,47.0,사실형,46.0
https://n.news.naver.com/mnews/article/008/0005346647?sid=101,KB금융 (금융/밸류업),"실적 선방, 안정 배당, 생산적 금융까지···은행주, 매력발산의 시간",은행주가 안정적인 실적과 우호적 정책으로 시장 분위기가 좋아지고 있다.,호재,2026-04-20 15:53,36.2,사실형,64.9
https://n.news.naver.com/mnews/article/009/0005668580?sid=101,KB금융 (금융/밸류업),"인턴십 도입·직무 확대…KB금융, 장애인 고용 문 ‘활짝’","KB금융그룹은 장애인 고용 확대 방안을 발표하며, 다양한 프로그램과 사업을 통해 장애인 인재를 발굴하고 지원한다.",호재,2026-04-20 15:52,36.5,사실형,85.1
https://n.news.naver.com/mnews/article/018/0006261946?sid=101,KB금융 (금융/밸류업),"국민은행, 장애인의 날 맞아 ‘홀트전국휠체어농구대회’ 후원",국민은행이 장애인의 날을 맞아 홀트전국휠체어농구대회를 후원했다.,호재,2026-04-20 15:27,39.6,사실형,64.3
https://n.news.naver.com/mnews/article/123/0002381641?sid=101,KB금융 (금융/밸류업),"하나금융, 3월 온라인 관심도 1위…KB·신한금융 뒤이어",하나금융지주가 올해 3월 금융지주사 중 가장 높은 온라인 관심도를 차지했다.,호재,2026-04-20 13:51,40.8,사실형,90.2
https://n.news.naver.com/mnews/article/215/0001249575?sid=101,KB금융 (금융/밸류업),"""실적 믿고 갑니다""…전쟁 변수에도 '굳건'",SK하이닉스와 같은 국내 주도주들이 실적과 수주 기대감으로 상승하고 있다.,호재,2026-04-20 12:58,29.0,사실형,84.9
https://n.news.naver.com/mnews/article/277/0005751962?sid=101,KB금융 (금융/밸류업),"KB국민은행, 장애인의 날 맞아 '홀트전국휠체어농구대회' 후원",KB국민은행이 장애인의 날을 맞아 '고양특례시장컵 제 31회 홀트전국휠체어농구대회'를 후원했다.,호재,2026-04-20 14:05,20.4,사실형,54.9
https://n.news.naver.com/mnews/article/030/0003419502?sid=101,KB금융 (금융/밸류업),"원화 스테이블코인 논의 커지자…서클·테더, 한국 상표권 확보 잰걸음","서클과 테더가 한국에서 상표권을 확보하고자 하며, 원화 스테이블 코인 논의가 활발해지고 있다.",호재,2026-04-20 13:47,31.4,사실형,80.7
https://n.news.naver.com/mnews/article/243/0000096665?sid=101,KB금융 (금융/밸류업),"KB금융, 올해 그룹 내 장애인 고용 확대…포용금융 실천 강화","KB금융그룹이 장애인 고용 확대를 위한 포용금융 실천을 강화하고, 장애인 청년들의 경쟁력 강화를 지원하는 프로그램을 신규 추진한다.",호재,2026-04-20 13:15,25.6,사실형,75.8
https://n.news.naver.com/mnews/article/629/0000492995?sid=101,네이버 (IT/플랫폼),"네이버웹툰·문피아, '지상최대 웹소설 공모전' 개최…상금 3억8000만원",네이버웹툰과 문피아가 함께 '2026 지상최대 웹소설 공모전'을 개최하여 총 상금 3억8000만원을 제공한다.,호재,2026-04-20 15:40,22.2,사실형,54.4
https://n.news.naver.com/mnews/article/014/0005510333?sid=101,KB금융 (금융/밸류업),"금융권 ""장애인의 날, 포용금융 확대 방침 강화""","금융권은 장애인의 날을 맞아 포용금융 확대 방침을 발표하고, 장애인 고용을 늘리기 위한 다양한 프로그램을 도입한다.",호재,2026-04-20 14:50,31.9,사실형,82.7
https://n.news.naver.com/mnews/article/293/0000083041?sid=101,한화에어로스페이스 (방산/우주항공),"[한화에어로 줌인] '중복상장' 지주사 디스카운트, 승계 지렛대?",한화에어로 줌인의 중복상장 지주사 디스카운트가 승계 지렛대로 작용할 가능성이 있다.,호재,2026-04-20 13:45,51.4,사실형,68.1
https://n.news.naver.com/mnews/article/293/0000083065?sid=101,한화에어로스페이스 (방산/우주항공),"한화솔루션, 한화에어로와 다른 선택 '리스크 관리 방점'",한화솔루션은 유상증자 계획을 변경하여 일반공모 부담을 줄이기 위해 모집 규모를 6000억원 축소했다.,호재,2026-04-20 15:06,26.7,사실형,71.5
https://n.news.naver.com/mnews/article/016/0002632963?sid=101,삼성전자 (IT/반도체),‘株마’코스피 사상최고치 찍고 ‘가편’삼전닉스 레버리지 ETF 출시,"코스피가 사상 최고치를 경신했으며, SK하이닉스가 4% 급등하여 '120만닉스'를 달성했습니다. 삼성전자와 SK하이닉스 등 국내 우량주를 기초로 한 레버리지 ETF가 5월 22일부터 출시될 예정입니다.",호재,2026-04-21 11:35,27.7,사실형,85.7
https://n.news.naver.com/mnews/article/366/0001158477?sid=101,삼성전자 (IT/반도체),이르면 5월 22일부터 삼성전자·SK하이닉스 레버리지 ETF 나온다,"금융 당국은 단일 종목 레버리지 ETF와 ETN 상품이 상장될 수 있도록 규정을 개정하고, 투자자 보호 장치를 강화하기로 했다.",호재,2026-04-21 11:32,23.7,사실형,89.4
https://n.news.naver.com/mnews/article/079/0004138998?sid=101,삼성전자 (IT/반도체),"삼성전자·SK하이닉스 레버리지 ETF, 다음달부터 매매",금융위원회와 금융감독원은 단일종목 레버리지 ETF가 다음달 말 출시될 예정이다.,호재,2026-04-21 11:32,33.9,사실형,78.1
https://n.news.naver.com/mnews/article/001/0016017176?sid=102,삼성전자 (IT/반도체),"아산시, 삼성전자에 반도체 후공정 생산시설 투자 요청","아산시가 삼성전자에 반도체 후공정 생산시설 투자 요청, 지역경제 활성화에 대한 기대감이 높아진다.",호재,2026-04-13 08:43,37.4,사실형,64.6
https://n.news.naver.com/mnews/article/029/0003021253?sid=101,삼성전자 (IT/반도체),호르무즈 봉쇄에 프리마켓 약세…삼전·SK하닉·현대차·LG엔솔 ‘시총 ...,"호르무즈 해협 봉쇄 우려로 국내 증시가 약세를 보이고 있으며, 시총 상위 종목들이 일제히 하락하고 있다.",호재,2026-04-13 08:22,22.0,사실형,70.9
https://n.news.naver.com/mnews/article/015/0005274016?sid=101,삼성전자 (IT/반도체),"美 호르무즈 역봉쇄 예고에…삼전·닉스, 프리마켓서 '약세'",삼성전자와 SK하이닉스의 주가가 미국의 호르무즈 역봉쇄 예고로 인해 약세 흐름을 보이고 있다.,악재,2026-04-13 08:11,24.0,사실형,94.8
https://n.news.naver.com/mnews/article/052/0002339859?sid=101,삼성전자 (IT/반도체),"삼성전자 노조 ""성과급 40.5조원 달라""…주주는 분통",삼성전자 노조가 성과급 40.5조원 달라는 요구에 주주들은 분통을 질렀다.,호재,2026-04-13 08:45,45.1,사실형,61.6
https://n.news.naver.com/mnews/article/448/0000603394?sid=102,삼성전자 (IT/반도체),"[아침에 이슈] 삼성전자 노조, '영업이익 15%' 성과급 요구",삼성전자 노조가 15%의 영업이익 성과급을 요구하며 내달 21일부터 18일간 총파업을 예고했다.,호재,2026-04-13 08:09,13.2,추론형,74.9
https://n.news.naver.com/mnews/article/052/0002339855?sid=101,삼성전자 (IT/반도체),'반도체 기업 통째로 살 돈'...삼성전자 노조 요구에 주주 '분통' [굿모...,삼성전자 노조가 영업이익의 15%를 성과급으로 요구한데 대해 주주들의 반발이 거세다는 전망입니다.,악재,2026-04-13 08:25,40.4,추론형,98.7
https://n.news.naver.com/mnews/article/011/0004609954?sid=101,삼성전자 (IT/반도체),"삼전하닉 3% 빠지고, 프리마켓 2% 하락…미국-이란 협상 불발 ‘호르무...",미국-이란 협상이 무산되면서 프리마켓과 SK하이닉스가 2%와 3% 하락했다.,악재,2026-04-13 08:20,27.5,예측형,40.1
https://n.news.naver.com/mnews/article/011/0004609928?sid=101,삼성전자 (IT/반도체),"삼성전자, 갤S26 흥행에 1분기 글로벌 스마트폰 1위 탈환","삼성전자, 갤S26 흥행으로 글로벌 스마트폰 1위 탈환",호재,2026-04-13 06:51,29.9,사실형,93.1
https://n.news.naver.com/mnews/article/031/0001021509?sid=101,LG에너지솔루션 (2차전지),"LG엔솔 넥스트스타, 캐나다 에너지저장산업협회 가입",LG엔솔의 캐나다 공장인 넥스트스타 에너지(NextStar Energy)가 캐나다 에너지저장산업협회에 가입했다.,호재,2026-04-12 14:22,35.6,사실형,91.6
https://n.news.naver.com/mnews/article/031/0001021560?sid=101,삼성전자 (IT/반도체),"삼성전자, 에어컨 생산라인 풀가동⋯폭염 수요 선제 대응","삼성전자, 에어컨 수요에 대응해 광주사업장 에어컨 생산라인을 풀가동하고 신제품을 출시했다.",호재,2026-04-13 07:29,23.4,사실형,91.4
https://n.news.naver.com/mnews/article/293/0000082614?sid=110,삼성전자 (IT/반도체),"[디깅노트] 삼성전자, 1등 DNA 사라진 위기의 순간",삼성전자는 기술력으로 승부를 봐야 하는 순간에 노사 갈등과 보상주의로 고민을 하고 있다.,호재,2026-04-13 08:00,36.3,예측형,61.4
https://n.news.naver.com/mnews/article/417/0001138651?sid=102,현대차 (자동차/모빌리티),"부산은행, 현대차와 손잡고 최고 연 9% 적금 출시",부산은행이 현대자동차와 제휴해 최고 연 9% 금리를 제공하는 '챌린지 적금 with 현대자동차'를 출시했다.,호재,2026-04-13 08:37,27.4,사실형,74.4
https://n.news.naver.com/mnews/article/417/0001138624?sid=103,현대차 (자동차/모빌리티),국내 전기차 100만대 시대 열린다…점유율 1위는 '현대차',"국내 전기차 시장이 성장하고 있으며, 현대차가 시장 1위에 위치하고 있다.",호재,2026-04-13 05:41,29.6,사실형,64.4
https://n.news.naver.com/mnews/article/014/0005506368?sid=101,현대차 (자동차/모빌리티),최대 연 9% 금리 드려요.. BNK부산銀-현대차 적금,BNK부산은행이 현대자동차와 제휴한 최고 연 9% 금리 적금 '챌린지 적금 with 현대자동차'를 출시한다.,호재,2026-04-12 19:19,14.2,사실형,85.6
https://n.news.naver.com/mnews/article/015/0005273876?sid=101,현대차 (자동차/모빌리티),삼성전자·현대차…초고수들 집중매수,부자들과 고액 자산가들이 삼성전자와 현대차를 집중 매수하고 있다.,호재,2026-04-12 17:34,28.1,사실형,87.5
https://n.news.naver.com/mnews/article/014/0005506407?sid=101,현대차 (자동차/모빌리티),한 달간 11.6조 사들인 개미...삼성전자·현대차 '대장주 올인',"개미들이 한 달간 11.6조원을 투자하여 삼성전자와 현대차를 주로 사들였으며, 반도체와 자동차 업종이 주목을 받고 있습니다.",호재,2026-04-13 06:01,21.6,사실형,80.6
https://n.news.naver.com/mnews/article/011/0004609922?sid=101,현대차 (자동차/모빌리티),"현대차, 제네시스본부 재편…GV90 시작으로 신차 쏟아진다 [biz-플러스]","현대차가 제네시스의 사업본부를 대폭 개편하고, 내년 상반기까지 6종의 신차를 출시할 예정입니다.",호재,2026-04-13 06:41,20.4,사실형,74.9
https://n.news.naver.com/mnews/article/658/0000140839?sid=101,현대차 (자동차/모빌리티),"BNK부산은행, 현대차 제휴 최고 연 9% ‘챌린지 적금’ 출시",BNK부산은행은 현대차와 제휴해 최고 연리 9%를 제공하는 '챌린지 적금 위드 현대자동차'를 출시했다.,호재,2026-04-12 19:40,17.3,사실형,79.2
https://n.news.naver.com/mnews/article/009/0005664713?sid=101,현대차 (자동차/모빌리티),"현대차 울산·기아 화성 공장, 내달 정상화",현대차 울산·기아 화성 공장의 생산 차질이 5월부터 정상화될 예정입니다.,호재,2026-04-12 17:16,13.3,사실형,96.4
https://n.news.naver.com/mnews/article/003/0013882259?sid=101,현대차 (자동차/모빌리티),"국내 전기차 등록 100만대 눈앞…현대차, 35% 점유로 '1위'","국내 전기차 등록 100만대 눈앞에, 현대차가 35% 점유율로 1위에 올랐다.",호재,2026-04-12 13:00,21.3,사실형,73.6
https://n.news.naver.com/mnews/article/037/0000038011?sid=101,삼성전자 (IT/반도체),삼성전자·SK하이닉스 법인세 100조 전망에 국세청은 웃는다,삼성전자와 SK하이닉스가 올해 500조 원 넘는 영업이익을 기록할 것이라는 전망이 나와 양사가 납부할 법인세도 100조 원을 넘을 것이라는 예측이 나왔다.,호재,2026-04-17 07:02,38.8,사실형,82.1
https://n.news.naver.com/mnews/article/243/0000096492?sid=101,삼성전자 (IT/반도체),“믿을 건 삼전닉스”라지만…반도체 ‘투톱’ 질주에 코스피 지수 좌우,"반도체 업종 편중이 심해지며 변동성이 높아져, 코스피 지수 변동성도 확대되고 있다.",호재,2026-04-17 07:01,41.5,사실형,92.4
https://n.news.naver.com/mnews/article/037/0000038010?sid=101,삼성전자 (IT/반도체),“삼성전자 D램 마진율 70% 이상… 영업이익 올해 내내 기록 경신할 것...,삼성전자 D램 마진율 70% 이상으로 올해 영업이익이 내내 기록 경신할 것으로 전망된다.,호재,2026-04-17 07:02,27.5,사실형,55.4
https://n.news.naver.com/mnews/article/055/0001349283?sid=101,삼성전자 (IT/반도체),"""위법 쟁의 막아달라""…삼성전자, 가처분 신청","삼성전자, 노조의 총파업을 막기 위해 법원에 가처분 신청을 냈습니다.",호재,2026-04-17 07:39,11.0,추론형,0.0
https://n.news.naver.com/mnews/article/001/0016026654?sid=104,삼성전자 (IT/반도체),"'파운드리 재건' 나선 인텔, 삼성전자서 영업총괄 임원 영입",인텔이 삼성전자 부사장 한승훈을 영업·마케팅 임원으로 영입하여 파운드리 사업을 강화하고 있다.,호재,2026-04-17 06:51,42.1,사실형,88.1
https://n.news.naver.com/mnews/article/018/0006259051?sid=101,현대차 (자동차/모빌리티),"보스턴 다이내믹스, ‘로봇 AI’ 경쟁 우위…현대차 80만원 간다-KB",KB증권은 보스턴 다이내믹스의 로봇 AI 전략이 경쟁사 대비 우위에 있으며 현대차에 대해 투자의견 '매수'를 유지했다.,호재,2026-04-17 07:45,14.0,사실형,57.2
https://n.news.naver.com/mnews/article/018/0006259115?sid=103,현대차 (자동차/모빌리티),"현대차, 인증중고차 추가 보증 상품 '워런티 플러스’ 출시","현대차가 인증중고차 구매 고객을 위한 추가 보증 상품 '워런티 플러스'를 출시하여 보증 수리 시 자기부담금이 없어지고, 보증 기간 선택이 가능해졌다.",호재,2026-04-17 08:37,17.3,사실형,59.9
https://n.news.naver.com/mnews/article/037/0000038012?sid=101,현대차 (자동차/모빌리티),하이브리드 라인업 확대한 현대차,현대차가 뉴욕 국제 오토쇼에서 2026년형 팰리세이드 하이브리드를 공개하며 북미 자동차 산업이 하이브리드 라인업 확대에 집중하고 있다.,호재,2026-04-17 07:02,21.0,사실형,74.0
https://n.news.naver.com/mnews/article/022/0004121546?sid=101,현대차 (자동차/모빌리티),"현대차그룹, 체험형 과학관 세운다","현대차그룹이 미국의 세계적인 과학관 '익스플로라토리움'과 협력하여 체험형 과학관을 세우고, 미래 세대를 위한 인재 양성을 목표로 2032년까지 개관을 목표로 하고 있습니다.",호재,2026-04-17 06:02,9.4,대화형,37.8
https://n.news.naver.com/mnews/article/081/0003636200?sid=102,현대차 (자동차/모빌리티),"정의선 “미래 위한 과학교육 공간 될 것”… 현대차, GBC에 체험형 과학...",현대차그룹은 미국 샌프란시스코의 익스플로라토리움과 파트너십을 체결하여 2032년까지 서울 강남구 삼성동 현대차그룹 글로벌비즈니스콤플렉스(GBC)에 체험형 과학관을 건립할 계획이다.,호재,2026-04-17 05:04,13.1,사실형,55.1
https://n.news.naver.com/mnews/article/056/0012164126?sid=101,현대차 (자동차/모빌리티),"현대차 노조, 로봇 도입 대응 완전월급제 요구",현대차 노조가 로봇 도입 대응으로 완전월급제를 요구하며 임금 인상과 성과급 지급도 요구했다.,호재,2026-04-16 22:00,9.1,추론형,0.0
https://n.news.naver.com/mnews/article/020/0003713093?sid=101,현대차 (자동차/모빌리티),"[단독]르노코리아, 현대차 출신 조원상 본부장 영입",르노코리아가 현대자동차 출신 조원상 상무를 영업본부장으로 영입하며 국내 시장 공략을 강화한다.,호재,2026-04-17 00:31,17.0,사실형,85.2
https://n.news.naver.com/mnews/article/003/0013895992?sid=105,네이버 (IT/플랫폼),"""불륜 감시·은밀한 추적 문구 안돼""…네이버, '스토킹 조장' GPS 판매글...",네이버가 위치추적기 판매글에 대한 관리 정책을 강화했다.,호재,2026-04-19 12:58,24.6,사실형,75.6
https://n.news.naver.com/mnews/article/014/0005509869?sid=101,KB금융 (금융/밸류업),'지배구조 개선안' 첫 영향권... 양종희 연임 구도 변수되나,"양종희 회장의 연임 가능성이 높아 보이지만, 금융당국의 지배구조 개편안과 맞물려 승계 절차가 주목받고 있다.",호재,2026-04-19 18:22,30.6,사실형,85.5
https://n.news.naver.com/mnews/article/023/0003971710?sid=105,네이버 (IT/플랫폼),"검색에서 쇼핑으로… 네이버, AI 앞세워 ‘커머스’ 강화","네이버는 검색 서비스에서 온라인 쇼핑 강화에 나서고 있으며, 네이버플러스 스토어의 다운로드 건수와 이용자 만족도가 증가하고 있다.",호재,2026-04-19 14:56,25.9,사실형,73.1
https://n.news.naver.com/mnews/article/022/0004122046?sid=101,KB금융 (금융/밸류업),“강아지 수술 한번에 140만원” 따질 길도 없다… 반려동물 병원비 2배...,반려동물 의료비가 두 배로 증가해 펫보험에 관심이 몰려 2025년 말에는 25만 건이 가입할 것으로 예상된다.,호재,2026-04-19 21:57,44.5,사실형,76.0
https://n.news.naver.com/mnews/article/009/0005668104?sid=101,KB금융 (금융/밸류업),여신협회장 선출 본격화 … 다음달 회추위 가동키로,여신금융협회가 차기 협회장 선출 절차를 본격화한다.,호재,2026-04-19 17:18,48.5,사실형,83.2
https://n.news.naver.com/mnews/article/081/0003636642?sid=101,KB금융 (금융/밸류업),“이번주 실적 시즌 개막”…4대 금융 1분기 기준 ‘역대 최대’ 예상,4대 금융지주는 올해 1분기 기준 역대 최대 실적을 낼 전망이다.,호재,2026-04-19 17:39,27.2,사실형,51.8
https://m.sports.naver.com/golf/article/022/0004121998,KB금융 (금융/밸류업),"“이름도7, 키도 177!” 행운의 숫자로 완성한 ‘김민선7’… ‘노보기...",김민솔이 iM금융오픈에서 우승하며 '슈퍼루키'라는 타이틀을 얻었다.,호재,2026-04-19 18:26,22.8,사실형,99.7
https://n.news.naver.com/mnews/article/014/0005509936?sid=101,KB금융 (금융/밸류업),5대금융 ‘생산적금융’ 1분기만에 54% 달성,5대금융지주가 1·4분기만에 올해 생산적금융 목표액의 절반을 달성했다.,호재,2026-04-19 19:50,48.6,사실형,84.9
https://m.sports.naver.com/golf/article/108/0003428243,KB금융 (금융/밸류업),"'무결점 플레이' 김민선7, '노보기+와이어 투 와이어' 우승... 1년 만에 ...",김민선이 무결점 플레이로 '노보기+와이어 투 와이어' 우승을 차지했다.,호재,2026-04-19 17:28,26.4,사실형,99.7
https://n.news.naver.com/mnews/article/031/0001023197?sid=101,삼성전자 (IT/반도체),믿을 건 반도체뿐?⋯삼전 '빚투' 이달 들어 7.6%↑,삼성전자의 신용거래융자 잔고가 7.6% 증가했다.,호재,2026-04-19 20:31,51.7,사실형,82.0
https://n.news.naver.com/mnews/article/015/0005276831?sid=110,삼성전자 (IT/반도체),[사설] 삼성전자 노조의 파업 위협…국가경제와 국민정서 고려해야,삼성전자 노조와 사측 사이에 성과급 규모에 대한 대립이 극단화되어 파업 위협을 제기하고 있다.,호재,2026-04-20 00:07,41.6,사실형,74.1
https://n.news.naver.com/mnews/article/022/0004122061?sid=110,삼성전자 (IT/반도체),[사설] 삼성전자에 이어 현대차 노조까지 성과급 ‘몽니’,"현대차 노조가 성과급 요구를 통해 3조원을 달성하려는 것에 대해, 집단이주의 사회적 책임을 망각한 것으로 보인다.",악재,2026-04-19 23:23,17.2,사실형,45.9
https://n.news.naver.com/mnews/article/023/0003971748?sid=110,삼성전자 (IT/반도체),"[기고] 삼성전자 노조 파업, K반도체 공급망 신뢰를 흔든다","삼성전자 노조 파업이 K반도체 공급망의 신뢰성을 흔들고 있으며, 고객사의 대응으로 장기적인 공급망 재편의 가능성이 있다.",호재,2026-04-19 23:36,17.2,사실형,62.7
https://n.news.naver.com/mnews/article/030/0003419219?sid=102,삼성바이오로직스 (제약/바이오),"15년 초고속 성장한 삼성바이오로직스, 론자 격차·中 추격 과제 부상","삼성바이오로직스는 창립 15주년을 맞아 대규모 생산능력, 포트폴리오, 글로벌 거점을 바탕으로 글로벌 톱티어 바이오 기업으로 성장하겠다는 방향을 제시했다.",호재,2026-04-19 16:01,24.5,사실형,83.5
https://n.news.naver.com/mnews/article/020/0003713583?sid=101,현대차 (자동차/모빌리티),"현대차-기아, 인도서 올 1분기 역대 최대 실적",현대차와 기아가 인도 시장에서 올해 1분기 역대 최대 실적을 기록했다.,호재,2026-04-20 00:33,5.6,사실형,97.5
https://n.news.naver.com/mnews/article/015/0005276757?sid=101,삼성전자 (IT/반도체),'삼전닉스' 내세운 한국이…'TSMC' 가진 대만에 밀린 까닭 [김익환의 부...,대만의 반도체 산업 성장세로 1인당 GDP가 한국보다 앞서기 시작했다.,호재,2026-04-19 18:05,53.1,사실형,61.5
https://n.news.naver.com/mnews/article/005/0001844103?sid=101,현대차 (자동차/모빌리티),"현대차·기아, 잠재력 ‘무궁무진’ 인도서 1분기 역대 최대 실적","현대차·기아가 인도서 1분기 역대 최대 실적을 기록하며, 인도 시장 공략에 힘을 쏟고 있다.",호재,2026-04-20 00:19,12.7,사실형,85.5
https://n.news.naver.com/mnews/article/025/0003517242?sid=101,삼성전자 (IT/반도체),"양도세 100% 감면 통했나…복귀계좌 14만, 엔비디아 팔고 삼전 샀다",개인투자자들이 양도세 100% 감면 혜택을 받기 위해 RIA 계좌를 가입하여 해외주식을 매도하고 국내 주식에 재투자하는 추세다.,호재,2026-04-19 17:58,4.9,사실형,83.5
https://n.news.naver.com/mnews/article/449/0000342244?sid=115,현대차 (자동차/모빌리티),"현대차 노조 “성과급, 순이익 30% 달라”…3조 원 추정",현대차 노조가 성과급과 순이익이 30% 달라질 것이라고 추정하고 있다.,호재,2026-04-19 18:27,13.2,사실형,99.3
https://n.news.naver.com/mnews/article/009/0005668207?sid=103,현대차 (자동차/모빌리티),"“인도 도로 점유율, 소 다음 노린다”…현대차·기아, 1분기 판매 역대...",현대차와 기아가 인도 시장에서 역대 최고 판매 실적을 달성했다.,호재,2026-04-19 21:00,8.9,사실형,82.3
https://n.news.naver.com/mnews/article/015/0005276770?sid=101,현대차 (자동차/모빌리티),"현대차그룹, 인도서 1분기 역대 최대 실적","현대차그룹, 인도서 1분기 역대 최대 실적을 기록했다.",호재,2026-04-19 18:09,19.1,사실형,88.2
https://n.news.naver.com/mnews/article/119/0003082219?sid=101,현대차 (자동차/모빌리티),하이닉스 10% 합의 후 삼성 15%·현대차 30%...성과급 요구 줄상향,대기업 노조들이 성과급 확대를 요구하며 '성과급 경쟁' 양상이 격화되고 있다.,호재,2026-04-19 17:17,21.6,사실형,84.8
https://n.news.naver.com/mnews/article/018/0006261359?sid=103,현대차 (자동차/모빌리티),"현대차·기아, 인도서 1분기 25만대 판매 돌파…역대 최대 실적",현대차와 기아가 인도 시장에서 1분기 기준 역대 최대 판매 실적을 기록했다.,호재,2026-04-19 18:57,10.4,사실형,89.3
https://n.news.naver.com/mnews/article/009/0005668140?sid=103,현대차 (자동차/모빌리티),"현대차·기아, 1분기 印판매 역대 최다",현대차·기아가 1분기 인도 시장에서 역대 최고 판매 실적을 달성했다.,호재,2026-04-19 17:35,9.9,사실형,90.1
https://n.news.naver.com/mnews/article/014/0005509879?sid=101,현대차 (자동차/모빌리티),'보조금 쇼크' 현대차 美전기차 공장…' HEV 병행' 꺼냈다,"현대차 미국 전기차 공장의 출하량이 500대에 그쳐, 미국 정부가 전기차 보조금을 일괄 폐지한 영향으로 분석된다.",호재,2026-04-19 18:32,21.6,사실형,76.8
https://n.news.naver.com/mnews/article/011/0004612239?sid=102,현대차 (자동차/모빌리티),삼성·현대차·LG 창원 집결...피지컬AI 입힌 창업축제 29일 개막,"GSAT 2026 창업 축제가 29일부터 30일까지 창원컨벤션센터에서 열리며, 대기업·투자사·해외 기관이 연결된 구조로 스타트업의 성장 사다리를 구축한다.",호재,2026-04-19 17:42,36.9,사실형,60.1
https://n.news.naver.com/mnews/article/023/0003971729?sid=101,현대차 (자동차/모빌리티),하닉 10% 성과급 저리 가라... 현대차 노조 “순익 30% 달라”,"현대차 노조가 순이익의 30%를 성과급으로 요구하며, 협력업체 직원까지 적용하겠다고 밝혔다.",호재,2026-04-19 17:41,11.6,사실형,83.0
https://n.news.naver.com/mnews/article/008/0005346172?sid=101,현대차 (자동차/모빌리티),"분기 20만대 벽 뚫은 현대차..""인도의 홈브랜드"" 정의선 뚝심 통했다","현대차그룹의 인도 시장 공략이 성공적으로 끝났으며, 현대차와 기아가 나란히 역대 최대 판매 실적을 달성했다.",호재,2026-04-19 16:05,14.8,사실형,89.8
https://n.news.naver.com/mnews/article/055/0001349699?sid=101,현대차 (자동차/모빌리티),"""3조 넘는다""…하이닉스 성과급 여파, 현대차 노조 결국","현대차 노조가 성과급 인상을 요구하며 3조 원을 넘는 규모를 제시하고 있지만, 재계는 실적 유지에 어려움이 있을 수 있어 부담이 될 것이라고 우려했습니다.",호재,2026-04-19 15:41,24.5,추론형,0.1
https://n.news.naver.com/mnews/article/018/0006253472?sid=101,KB금융 (금융/밸류업),"KB금융, 세계 최대 AI 경진대회 ‘로보컵 2026 인천’ 후원",KB금융은 로보컵 2026 인천에 메인 후원사로 참여하여 AI·로봇공학 분야의 기술력과 창의성을 겨루는 글로벌 기술 축제를 지원한다.,호재,2026-04-09 10:54,30.8,사실형,46.5
https://n.news.naver.com/mnews/article/277/0005747030?sid=101,KB금융 (금융/밸류업),"KB금융, '로보컵 2026 인천' 메인 후원사로 참여",KB금융은 로보컵 2026 인천에 메인 후원사로 참여하여 AI 및 로봇 산업의 발전을 지원한다.,호재,2026-04-09 09:50,23.9,사실형,63.3
https://n.news.naver.com/mnews/article/016/0002626982?sid=101,KB금융 (금융/밸류업),"KB금융, AI·로보틱스 국제대회 ‘로보컵 2026 인천’ 메인 후원",KB금융그룹이 로봇 축구 등 AI 스포츠를 포함한 '로보컵 2026 인천'에 메인 후원사로 참여한다.,호재,2026-04-09 09:20,22.6,사실형,54.7
https://n.news.naver.com/mnews/article/018/0006254398?sid=101,한화에어로스페이스 (방산/우주항공),"풍산홀딩스, 탄약사업부 매각 무산에 17% 급락…한화에어로는 1% 반등[특...","풍산홀딩스의 탄약사업부 매각이 무산되면서 주가가 17% 급락했지만, 한화에어로스페이스는 인수 무산을 호재로 받아들이고 1% 반등했다.",호재,2026-04-10 09:09,40.2,사실형,90.3
https://n.news.naver.com/mnews/article/119/0003079086?sid=101,한화에어로스페이스 (방산/우주항공),"한화에어로스페이스, 핀란드에 K9 추가 수주…9400억 규모",한화에어로스페이스가 핀란드에 K9 자주포 추가 수출 계약을 체결해 유럽 방산 시장에서 입지를 강화했다.,호재,2026-04-10 09:02,15.5,사실형,87.8
https://n.news.naver.com/mnews/article/016/0002627542?sid=100,한화에어로스페이스 (방산/우주항공),"한화에어로스페이스, 핀란드에 9400억원 규모 K9 자주포 추가 공급",한화에어로스페이스가 핀란드에 K9 자주포를 추가 수출하는 계약을 체결했다.,호재,2026-04-10 08:18,26.1,사실형,89.5
https://n.news.naver.com/mnews/article/020/0003711232?sid=101,한화에어로스페이스 (방산/우주항공),한화에어로 “풍산 방산부문 인수 검토 중단”,"한화에어로가 풍산의 방산부문 인수를 중단했으며, 이는 사업 시너지의 기대에 불과했다.",호재,2026-04-10 00:31,13.2,사실형,81.2
https://n.news.naver.com/mnews/article/277/0005747525?sid=101,한화에어로스페이스 (방산/우주항공),한화에어로 'K9 자주포' 핀란드에 재공급…K방산 위력 입증,한화에어로스가 핀란드에 K9 자주포 112문을 추가로 수출하는 계약을 체결했다.,호재,2026-04-10 08:28,15.7,사실형,88.3
https://n.news.naver.com/mnews/article/018/0006254344?sid=101,한화에어로스페이스 (방산/우주항공),"한화에어로, 핀란드에 K9 자주포 추가 수출…9400억원 규모","한화에어로스페이스는 핀란드에 K9 자주포를 추가로 수출하고, 9400억원 규모의 계약을 체결했다.",호재,2026-04-10 08:32,27.4,사실형,99.6
https://n.news.naver.com/mnews/article/014/0005505544?sid=101,한화에어로스페이스 (방산/우주항공),"""K9, 한번 써보면 못 참지""... 한화에어로, 핀란드에 9400억 추가 수출",한화에어로스페이스가 핀란드에 K9 자주포 112문 및 예비부품을 2028년부터 수출하는 계약을 체결했다.,호재,2026-04-10 08:18,23.3,사실형,81.6
https://n.news.naver.com/mnews/article/374/0000503538?sid=101,한화에어로스페이스 (방산/우주항공),"한화에어로, 핀란드에 K9 자주포 9400억원 규모 추가 수출",한화에어로가 핀란드에 K9 자주포 9400억원 규모 추가 수출 계약을 체결했다.,호재,2026-04-10 06:27,51.1,추론형,20
https://m.entertain.naver.com/article/382/0001267374,하이브 (엔터/미디어),"‘아리랑 설계자’ 방시혁 하이브 의장, 빌보드도 감탄한 ‘감다살’",방시혁 하이브 의장은 방탄소년단 복귀 앨범 '아리랑'의 설계자로 호평받고 있다.,호재,2026-04-09 20:21,38.9,사실형,49.8
https://m.entertain.naver.com/article/076/0004393920,하이브 (엔터/미디어),"""하이브 BTS 돈벌이 하려 독창성 희생""…방탄소년단, 英 BBC 디스에 내놓...",하이브와 방탄소년단이 독창성을 희생하면서 서구 시장을 추구한다는 비판,악재,2026-04-09 13:36,48.4,사실형,99.5
https://n.news.naver.com/mnews/article/018/0006254297?sid=101,하이브 (엔터/미디어),"하이브, 1분기 기대 낮추고 2분기 반등 본격화…‘지금은 매수 구간’-...","한화투자증권은 하이브의 1분기 실적 기대치를 낮추지만, 주가는 이미 밴드 하단까지 내려와 2분기부터의 호실적에 대한 가시성이 높아진 만큼 매수 구간이라고 평가했습니다.",호재,2026-04-10 07:47,8.0,사실형,88.8
https://n.news.naver.com/mnews/article/015/0005273209?sid=101,한화에어로스페이스 (방산/우주항공),한화에어로-풍산 탄약사업 단독 M&amp;A 협상 왜 깨졌나,한화솔루션의 유상증자로 인해 한화그룹의 부담이 커져서 풍산 탄약사업 인수 협상이 깨졌습니다.,악재,2026-04-09 21:56,33.4,사실형,87.1
https://n.news.naver.com/mnews/article/215/0001248525?sid=101,하이브 (엔터/미디어),BTS도 못 막은 하이브 주가 추락…목표주가 더 내렸다,"하이브 주가는 2개월새 35% 추락하며 투자자들의 시름이 커지고 있으며, 목표주가 37만~40만원선으로 하향조정되었다.",악재,2026-04-10 06:00,27.2,사실형,73.1
https://n.news.naver.com/mnews/article/014/0005502662?sid=101,현대차 (자동차/모빌리티),"""까다로운 도로서 스포츠카처럼 달린다""... 올해의 고성능차 '현대차 아...",현대차그룹의 아이오닉 6N이 월드카 어워즈의 '세계 올해의 고성능 자동차' 부문에서 수상했다.,호재,2026-04-05 18:38,28.1,사실형,56.7
https://n.news.naver.com/mnews/article/138/0002223332?sid=101,현대차 (자동차/모빌리티),싼타페·쏘나타 최대 300만원 할인…현대차 '이지 스타트' 확대 지원,"현대차가 싼타페, 쏘나타, 포터 LPDi 등 인기 차종에 대해 최대 300만원 할인과 차량반납 유예형 할부 프로그램을 확대 지원한다.",호재,2026-04-05 11:57,13.8,사실형,95.7
https://n.news.naver.com/mnews/article/011/0004607181?sid=101,현대차 (자동차/모빌리티),"현대차, ‘월드카 어워즈’ 고성능차 선정","현대차 아이오닉 6 N이 '월드카 어워즈'에서 '세계 올해의 고성능 자동차'로 선정되며, 고성능 전기차 시장에서 주목을 끌고 있다.",호재,2026-04-05 15:38,20.2,사실형,72.2
https://n.news.naver.com/mnews/article/374/0000502321?sid=101,현대차 (자동차/모빌리티),"현대차 아이오닉 6N, 월드카 어워즈 수상…고성능 시장 주도권","현대차 아이오닉 6N이 월드카 어워즈에서 세계 올해의 고성능 자동차 부문 수상, 프리미엄 브랜드가 주도하던 고성능차 시장에 새로운 경쟁구도를 형성",호재,2026-04-05 09:00,41.0,추론형,20
https://n.news.naver.com/mnews/article/022/0004118343?sid=101,현대차 (자동차/모빌리티),"'3高(고유가·고금리·고환율)' 현실화… 증권가, 현대차 빼고 삼성SDI 등...","중동 전쟁 장기화로 국내 경제지표가 부정적 흐름을 보이고 있으며, 3고 현상이 현실화로 증시 투자 난이도가 높아질 수밖에 없다고 진단했다.",악재,2026-04-05 15:01,12.3,사실형,84.8
https://n.news.naver.com/mnews/article/016/0002624726?sid=101,현대차 (자동차/모빌리티),"[단독] ‘부품공장 화재’ 현대차·기아, 美향 멕시코 밸브로 ‘숨통’...",현대차와 기아가 멕시코에서 엔진 밸브를 급히 조달해 일부 엔진 라인을 재가동할 예정이다.,호재,2026-04-05 07:00,14.1,사실형,80.5
https://n.news.naver.com/mnews/article/031/0001019680?sid=101,현대차 (자동차/모빌리티),"포르쉐 제치고 탈환⋯현대차 아이오닉 6 N, 세계 최고 고성능차 선정",현대차그룹의 아이오닉 6N이 2026 월드카 어워즈 고성능 자동차 부문에서 다른 럭셔리 브랜드를 제치고 수상했다.,호재,2026-04-05 09:01,33.0,사실형,68.1
https://n.news.naver.com/mnews/article/015/0005271087?sid=101,네이버 (IT/플랫폼),디지털자산법 '네이버·두나무 빅딜' 변수로,네이버·두나무의 '빅딜'이 디지털자산기본법 입법과 거래 구조 재조정으로 인해 지연될 가능성이 있다.,호재,2026-04-05 17:46,11.6,사실형,73.3
https://n.news.naver.com/mnews/article/001/0016002679?sid=105,네이버 (IT/플랫폼),"네이버, 검색 넘어 'AI 에이전트 플랫폼' 전환 가속화",네이버가 기존 검색 중심 서비스에서 벗어나 AI를 활용한 추천·실행 기능 중심으로 사업 구조 전환에 속도를 내고 있다.,호재,2026-04-05 06:33,33.7,사실형,73.0
https://n.news.naver.com/mnews/article/374/0000502327?sid=101,네이버 (IT/플랫폼),"네이버, 검색 넘어 'AI 에이전트 플랫폼' 전환 속도낸다","네이버는 AI를 활용한 추천·실행 기능 중심으로 사업 구조 전환에 속도를 내고 있으며, AI 브리핑 도입 이후 이용자들의 추가 질문 경향이 늘어난 것으로 나타났다.",호재,2026-04-05 09:29,41.2,추론형,18.9
https://n.news.naver.com/mnews/article/029/0003020035?sid=105,네이버 (IT/플랫폼),‘AI 에이전트 플랫폼’ 전환 속도내는 네이버…단순 검색과는 ‘안녕’,네이버는 기존 검색 서비스에서 인공지능(AI)을 활용한 추천·실행 기능 중심으로 사업 구조를 빠르게 전환하고 있다.,호재,2026-04-05 19:02,31.7,사실형,80.5
https://n.news.naver.com/mnews/article/421/0008858460?sid=105,네이버 (IT/플랫폼),네이버파이낸셜-두나무 주식교환 일정 3개월 연기,네이버파이낸셜과 두나무의 주식교환 일정은 3개월 연기되었습니다.,호재,2026-03-30 17:49,31.0,사실형,96.5
https://n.news.naver.com/mnews/article/031/0001018079?sid=105,네이버 (IT/플랫폼),"네이버·두나무 주식 교환 일정 3개월 연기⋯8월 주총, 9월 말 종결 계획","네이버와 두나무가 주식 교환 일정 3개월 연기, 8월 주총과 9월 말 종결 계획으로 변경",호재,2026-03-30 18:06,33.9,사실형,96.6
https://n.news.naver.com/mnews/article/030/0003412754?sid=101,네이버 (IT/플랫폼),두나무·네이버파이낸셜 주식교환 9월로 연기…디지털자산기본법 변수...,두나무·네이버파이낸셜 주식교환 일정 9월로 연기,중립,2026-03-30 17:39,45.5,사실형,97.9
https://n.news.naver.com/mnews/article/008/0005337622?sid=101,네이버 (IT/플랫폼),"네이버, 북미 공략 헬스케어 사운더블헬스·누비랩 후속투자",네이버 D2SF가 미국 헬스케어 시장에서 제품-시장 적합성을 입증한 스타트업 사운더블헬스와 누비랩에 후속 투자했다.,호재,2026-03-31 14:00,29.4,사실형,64.0
https://n.news.naver.com/mnews/article/014/0005499912?sid=105,네이버 (IT/플랫폼),"네이버 D2SF, 북미 공략 헬스케어 스타트업 2곳 후속 투자",네이버 D2SF가 헬스케어 스타트업 사운더블헬스와 누비랩에 후속 투자했다.,호재,2026-03-31 10:02,23.4,사실형,77.8
https://n.news.naver.com/mnews/article/003/0013855827?sid=105,네이버 (IT/플랫폼),"우체국소포, 네이버로 간편 예약…""수기로 주소지 기재 안해도 돼""","우체국소포 네이버 예약 서비스가 31일부터 도입되며, 네이버 검색창에서 우체국 창구 등기소포 예약과 결제가 가능해진다.",호재,2026-03-31 09:02,53.6,사실형,76.6
https://n.news.naver.com/mnews/article/079/0004130734?sid=105,네이버 (IT/플랫폼),"네이버-두나무 합병 3개월 연기…""안정적인 거래 위해 조정""","네이버와 두나무의 합병 일정 3개월 연기, 거래 종결은 9월 30일로",호재,2026-03-30 19:05,58.8,사실형,79.2
https://n.news.naver.com/mnews/article/003/0013855371?sid=101,네이버 (IT/플랫폼),"네이버-두나무, 주식교환 3개월 연기…인허가·디지털자산법 변수 겹쳐","네이버와 두나무의 주식교환 일정은 약 3개월 연기되며, 인허가와 법령 정비 상황을 반영하여 안정적인 거래 종결을 위해 일정이 조정되었다.",호재,2026-03-30 17:48,34.8,사실형,99.3
https://n.news.naver.com/mnews/article/123/0002381149?sid=101,현대차 (자동차/모빌리티),부진 딛고 일어선 현대차…아이오닉 앞세워 中시장 재공략,현대차가 중국 시장에 다시 공략하기 위해 아이오닉 브랜드를 앞세워 중국 맞춤형 전략을 발표했다.,호재,2026-04-10 17:34,24.4,사실형,67.1
https://n.news.naver.com/mnews/article/011/0004609552?sid=101,KB금융 (금융/밸류업),"SKT, Arm·리벨리온과 GPU 대체 AI 서버 솔루션 공동 개발",SKT가 Arm과 리벨리온과 함께 CPU와 NPU를 결합한 차세대 AI 서버 솔루션을 개발하고 있다.,호재,2026-04-11 05:33,20.2,사실형,51.5
https://n.news.naver.com/mnews/article/018/0006255958?sid=105,네이버 (IT/플랫폼),"네이버웹툰, 루즌아 작가 팬미팅 개최…창작자·독자 접점 확대",네이버웹툰이 루즌아 작가와 독자 간의 소통을 확대하기 위한 '웹툰위드' 팬미팅을 개최했다.,호재,2026-04-13 08:31,36.2,사실형,57.0
https://n.news.naver.com/mnews/article/241/0003504544?sid=105,네이버 (IT/플랫폼),"네이버웹툰, 루즌아 작가 ‘웹툰위드’ 팬미팅 성료",네이버웹툰은 루즌아 작가와 독자 간의 교감을 위한 '웹툰위드' 팬미팅을 성료했다.,호재,2026-04-13 08:31,40.2,사실형,93.3
https://n.news.naver.com/mnews/article/003/0013881684?sid=101,KB금융 (금융/밸류업),"KB금융, '다시 쓰는 대한이 살았다' 영상 1000만 조회 돌파",KB금융그룹이 진행하는 국민참여 캠페인 '다시 쓰는 대한이 살았다' 공식 영상이 1000만 회 조회를 돌파했다.,호재,2026-04-11 14:00,14.5,사실형,93.2
https://n.news.naver.com/mnews/article/449/0000341448?sid=100,네이버 (IT/플랫폼),이상근 방미통위 위원 “넷플릭스·유튜브·네이버도 방송통신발전기금...,"넷플릭스, 유튜브, 네이버 등 플랫폼 사업자도 방송통신발전기금을 내야 한다는 의견이 나왔습니다.",호재,2026-04-12 19:16,17.6,추론형,100.0
https://n.news.naver.com/mnews/article/008/0005343097?sid=105,네이버 (IT/플랫폼),"""지도 앱 켰더니 벚꽃잎 흩날리네"" 봄바람 살랑대는 '네이버 거리뷰'",네이버 지도는 벚꽃 시즌을 맞아 전국 6대 벚꽃 명소에 벚꽃 특별효과를 적용했다.,호재,2026-04-13 04:00,65.3,사실형,72.8
https://n.news.naver.com/mnews/article/011/0004609553?sid=101,KB금융 (금융/밸류업),상장사 2554곳 전수조사…비업무용 부동산 107조 ‘사상 최대’,"정부가 비업무용 부동산 전방위 과세 강화를 검토하고 있으며, 리츠 시장은 사상 첫 시총 10조를 돌파했다.",호재,2026-04-11 05:33,22.7,사실형,82.0
https://n.news.naver.com/mnews/article/421/0008884986?sid=105,네이버 (IT/플랫폼),"""AI의 종착지는 쇼핑이다"" 쇼핑 에이전트 내세운 네이버",네이버가 판매 실적에 따라 상품 등록 한도를 차등으로 조정하여 AI 쇼핑 에이전트를 강화한다.,호재,2026-04-13 07:03,18.0,사실형,77.2
https://n.news.naver.com/mnews/article/018/0006255916?sid=101,KB금융 (금융/밸류업),1113만명 코인 투자하는데 한국에는 기본법도 없다,"한국은 스테이블코인 입법 공백 상태로 글로벌 스테이블코인 거래 규모가 급증하는 가운데, 지연으로 국익 손해를 입을 수 있다.",악재,2026-04-13 08:07,42.1,사실형,55.5
https://n.news.naver.com/mnews/article/001/0016017095?sid=103,KB금융 (금융/밸류업),"화랑미술제 5만여명 찾아…""중저가 작품 고르게 판매""",화랑미술제는 5만여명이 방문하여 중저가 작품이 많이 판매되며 시장의 회복 기대감을 보여줬다.,호재,2026-04-13 07:31,36.2,사실형,88.0
https://n.news.naver.com/mnews/article/006/0000135208?sid=105,네이버 (IT/플랫폼),"네이버 ""단순 사실 뉴스는 보호 안 돼"" 지상파3사 ""뉴스 가치 폄훼"" 정면...","네이버가 지상파3사의 뉴스를 무단 학습해 저작권을 침해했다는 소송에서, 네이버는 뉴스 기사 전체가 저작권법상 보호받는 저작물이 아니다고 반박했다.",호재,2026-04-12 18:24,57.6,사실형,82.6
https://n.news.naver.com/mnews/article/417/0001138622?sid=101,KB금융 (금융/밸류업),투기 돈줄 막고 '혁신' 혈맥 뚫는다…'생산적 금융' 본궤도,정부는 가계대출 증가율 목표치를 낮추고 150조원 규모의 '국민성장펀드'를 통해 첨단산업으로의 자금 유입을 가속화한다.,호재,2026-04-13 05:00,27.6,사실형,86.1
https://n.news.naver.com/mnews/article/243/0000096153?sid=101,KB금융 (금융/밸류업),"“국민연금 따라 간다”…4대금융, 금융허브로 급부상한 전북에 집결",국민연금이 위치한 전북 전주가 새로운 금융 허브로 급부상하고 있다.,호재,2026-04-11 09:00,70.2,사실형,83.5
https://n.news.naver.com/mnews/article/011/0004609550?sid=101,KB금융 (금융/밸류업),"Z세대 53% “자소서, AI 때문에 변별력 잃었다”…채용 전형 전환 가속","Z세대 53%가 AI로 인해 변별력을 잃은 채용 전형으로 자기소개서를 꼽았고, AI 반도체 스타트업에 대규모 자금 유입이 이어지고 있다.",호재,2026-04-11 05:32,27.0,사실형,64.8
https://n.news.naver.com/mnews/article/011/0004609924?sid=105,KB금융 (금융/밸류업),"ISA ‘중개형 쏠림’ 가속…미래에셋, 신탁형 가입 중단","ISA '중개형 쏠림' 가속, 미래에셋이 신탁형 가입을 중단한다.",호재,2026-04-13 06:48,36.9,사실형,52.7
https://n.news.naver.com/mnews/article/011/0004609902?sid=101,KB금융 (금융/밸류업),"중진공-KB금융, 中企 산업안전 구축지원 50곳 선정",중진공과 KB금융은 중소기업 산업안전 구축 지원사업에 50개 기업을 선정하여 33억의 지원을 약속했다.,호재,2026-04-13 05:57,7.6,사실형,65.5
https://n.news.naver.com/mnews/article/011/0004609548?sid=105,KB금융 (금융/밸류업),앤스로픽도 ‘자체 칩’ 검토…AI 반도체 전쟁 격화,"앤스로픽이 자체 칩 개발을 검토 중인 가운데, 엔비디아 의존도를 낮추기 위한 움직임이 가속되고 있다.",호재,2026-04-11 05:31,27.4,사실형,90.5
https://m.sports.naver.com/golf/article/030/0003416958,KB금융 (금융/밸류업),"삼천리, iM금융오픈 1위 '구단랭킹 2연승'... 챔피언 김민솔 배출한 두산...",삼천리와 iM금융오픈에서 두산이 우승하며 구단랭킹 2연승을 달성했다.,호재,2026-04-12 18:18,40.5,사실형,99.4
https://n.news.naver.com/mnews/article/011/0004609546?sid=105,KB금융 (금융/밸류업),물가 오르고 경기는 둔화…금리 인상 ‘신중 모드’,금리 인상에 대한 한국은행의 신중한 태도는 물가 상승과 경기 둔화에 대한 우려를 반영하는 것으로 보인다.,호재,2026-04-11 05:29,23.4,사실형,84.0
https://n.news.naver.com/mnews/article/018/0006258097?sid=101,KB금융 (금융/밸류업),[미리보는 이데일리 신문]기술보다 땅…中企대출 70% '부동산 담보',"중국 기업 대출 70%가 부동산 담보로 이뤄져 있으며, 기술 투자 대신 땅을 담보로 대출받는 은행들이 많아지고 있다.",호재,2026-04-15 20:57,24.9,사실형,52.6
https://n.news.naver.com/mnews/article/081/0003635819?sid=101,네이버 (IT/플랫폼),"네이버, 달러·유로 ‘그린본드’ 동시 발행 성공… 1.6조원 조달",네이버가 달러화와 유로화로 동시에 그린본드를 발행하며 약 1조 6000억원 규모의 글로벌 자금 조달에 성공했다.,호재,2026-04-16 05:05,27.5,사실형,77.8
https://n.news.naver.com/mnews/article/001/0016024253?sid=102,네이버 (IT/플랫폼),네이버 지식백과 '부시먼' 등 아프리카 차별 표현 70건 수정,네이버 지식백과에 수록된 아프리카 관련 편향 서술과 차별적 표현 70건이 수정됐다.,호재,2026-04-16 07:01,56.6,사실형,75.1
https://n.news.naver.com/mnews/article/081/0003635824?sid=101,KB금융 (금융/밸류업),"KB금융, 금융사기 예방 6억 투입",KB금융이 경찰청과 함께 금융사기 예방 사업에 6억원을 투입한다.,호재,2026-04-16 05:05,15.3,사실형,86.9
https://n.news.naver.com/mnews/article/215/0001249160?sid=101,네이버 (IT/플랫폼),코스피 6천에도…네이버·카카오 눈높이 또 내렸다,네이버와 카카오의 시장 눈높이가 낮아졌다. 두 기업은 본업에서 견조한 실적을 내고 있지만 AI 사업의 실질적인 수익화 속도가 기대에 미치지 못한다.,악재,2026-04-16 06:00,21.1,사실형,73.7
https://n.news.naver.com/mnews/article/032/0003440157?sid=101,KB금융 (금융/밸류업),"KB금융·경찰청, 보이스피싱·고령 운전자 사고 예방 ‘캠페인’",KB금융그룹과 경찰청은 보이스피싱 예방과 고령 운전자 안전을 위한 캠페인을 함께 진행한다.,호재,2026-04-15 20:54,19.0,사실형,92.2
https://n.news.naver.com/mnews/article/421/0008881364?sid=101,삼성전자 (IT/반도체),"삼성전자, 꿈의 영업이익률 43%…빅테크형 '기술 권력' 진입하나",삼성전자 1분기 영업이익률 43%를 기록하며 '기술 권력' 진입을 예상받고 있다.,호재,2026-04-10 06:50,24.5,사실형,86.1
https://n.news.naver.com/mnews/article/056/0012159607?sid=101,현대차 (자동차/모빌리티),현대차 투자 가속화…새만금개발청장 공백 언제까지?,"새만금개발청 수장 공백이 지속되는 가운데, 현대차그룹의 새만금 투자가 속도를 내고 있습니다.",호재,2026-04-10 07:34,52.7,추론형,20
https://n.news.naver.com/mnews/article/056/0012159322?sid=101,현대차 (자동차/모빌리티),현대차 투자 가속화…새만금개발청장 공백 언제까지?,새만금개발청 수장이 공석인 가운데 현대차의 새만금 투자가 속도를 내고 있다.,호재,2026-04-09 21:34,52.7,추론형,20
https://n.news.naver.com/mnews/article/008/0005342379?sid=101,현대차 (자동차/모빌리티),현대차 전기차 67%에 탑재된 SK온 배터리..실적 개선 청신호,"SK온의 올해 실적이 개선될 것으로 보인다. 현대차 전기차 판매량의 67%에 해당되는 차종에 SK온 배터리가 탑재되며, 국내 전기차 판매 증가는 SK온 배터리의 출하 확대와 실적 개선으로 직결된다.",호재,2026-04-10 05:50,17.7,사실형,62.2
https://n.news.naver.com/mnews/article/005/0001842359?sid=101,현대차 (자동차/모빌리티),‘수입차 무덤’ 일본서 韓 현대차·中 BYD ‘소형 EV’ 격돌,현대차와 BYD가 일본 시장에서 소형 전기차 판매 경쟁을 벌이고 있다.,호재,2026-04-10 00:23,19.5,사실형,76.4
https://n.news.naver.com/mnews/article/001/0016013489?sid=101,한화에어로스페이스 (방산/우주항공),"[특징주] 풍산홀딩스, 한화에어로의 방산 인수 검토 중단에 급락",풍산홀딩스 주가는 한화에어로스페이스의 방산 인수 검토 중단 소식으로 급락하고 있다.,악재,2026-04-10 09:12,20.8,사실형,93.6
https://n.news.naver.com/mnews/article/092/0002418197?sid=105,한화에어로스페이스 (방산/우주항공),"한화에어로·풍산, 방산 빅딜 왜 무산됐나",한화에어로스페이스가 풍산 탄약사업부 인수를 중단한 것은 가격 및 독과점 부담이 원인으로 거론된다.,호재,2026-04-10 09:15,35.7,사실형,85.2
https://n.news.naver.com/mnews/article/020/0003711341?sid=101,한화에어로스페이스 (방산/우주항공),"한화에어로스페이스, 핀란드 9400억 규모 ‘K9 자주포’ 추가 수출… “...",한화에어로스페이스가 핀란드에 K9 자주포를 추가로 수출하는 계약을 체결했다.,호재,2026-04-10 09:12,22.5,사실형,67.9
https://n.news.naver.com/mnews/article/366/0001155722?sid=103,현대차 (자동차/모빌리티),"BYD는 전 세계에 파는데… 미국 비중 30%나 되는 현대차, 다변화 통할까","현대차그룹이 미국에 의존하는 한편, 중국 대표 자동차 기업인 BYD는 전 세계에 전방위적으로 진출하고 있다.",호재,2026-04-10 06:01,28.7,사실형,75.5
https://n.news.naver.com/mnews/article/629/0000490110?sid=101,한화에어로스페이스 (방산/우주항공),"한화에어로, 핀란드에 K9 자주포 추가 공급…9400억 규모",한화에어로스페이스는 핀란드에 K9 자주포를 추가 수출한다.,호재,2026-04-10 08:51,31.8,사실형,85.3
https://n.news.naver.com/mnews/article/092/0002418185?sid=105,한화에어로스페이스 (방산/우주항공),"한화에어로스페이스, 핀란드에 K9 112문 추가 공급","한화에어로스페이스는 핀란드에 K9 자주포 112문 추가 공급을 결정, 북유럽 수출 확대 추진한다.",호재,2026-04-10 08:26,23.7,사실형,78.1
https://n.news.naver.com/mnews/article/417/0001138357?sid=101,한화에어로스페이스 (방산/우주항공),"한화에어로스페이스, 핀란드에 9400억원 규모 K9 자주포 추가 공급",한화에어로스페이스가 핀란드에 9400억원 규모의 K9 자주포 추가 공급 계약을 체결했다.,호재,2026-04-10 08:38,22.0,사실형,96.8
https://n.news.naver.com/mnews/article/029/0003022438?sid=101,KB금융 (금융/밸류업),"고환율에 흔들린 자본…4대 금융, CET1 13% 사수 전쟁",고환율과 자본 감소 요인으로 인해 4대 금융지주는 CET1 방어를 위해 주주환원 정책의 속도를 조절해야 한다.,호재,2026-04-19 15:20,29.3,예측형,39.6
https://n.news.naver.com/mnews/article/018/0006261288?sid=101,KB금융 (금융/밸류업),4대 금융지주 사옥 재편…모여서 시너지 내고 실탄도 챙긴다,금융지주들이 계열사를 하나로 모아 효율성을 강화하고 사옥을 재편하고 있다.,호재,2026-04-19 16:43,47.7,사실형,81.8
https://n.news.naver.com/mnews/article/003/0013895887?sid=101,KB금융 (금융/밸류업),공영주차장 5부제 시행 일주일…전국 30% 시행,"공영주차장 5부제 시행 일주일, 전국 30%의 공영주차장에서 시행 중이다.",중립,2026-04-19 12:00,58.5,사실형,77.6
https://m.sports.naver.com/golf/article/144/0001110738,KB금융 (금융/밸류업),"김효주는 목, 최혜진은 무릎 통증…이민지는 식중독으로 기권, 메이저 ...","김효주는 KB금융 스타챔피언십에서 우승하며 상금왕에 오르지만, 최혜진은 무릎 통증으로 어려움을 겪고 있다.",호재,2026-04-19 09:28,17.9,사실형,88.2
https://m.sports.naver.com/golf/article/421/0008897442,KB금융 (금융/밸류업),"김민선7, KLPGA 넥센·세인트나인 마스터즈 2R 단독 선두 도약",방신실이 9언더파 63타를 치고 코스레코드를 달성하며 2라운드 단독 선두로 도약했다.,호재,2026-04-18 18:47,60.6,사실형,99.7
https://n.news.naver.com/mnews/article/448/0000605100?sid=102,하이브 (엔터/미디어),"[단독] 美 대사관, '방시혁 하이브 의장 출국금지 해제' 경찰에 요청",미국 대사관이 방시혁 하이브 의장에 대한 출국금지 조치를 해제하려는 움직임을 보인다.,호재,2026-04-19 20:43,9.0,사실형,94.7
https://m.entertain.naver.com/article/144/0001110621,하이브 (엔터/미디어),"‘하이브 라틴 팝 그룹’ 산토스 브라보스, 빼어난 무대 역량 뽐내 (엠카...",산토스 브라보스는 강렬한 퍼포먼스와 안정적인 라이브 실력을 선보이며 하이브 라틴 팝 그룹의 새로운 얼굴로 떠올랐다.,호재,2026-04-18 00:46,10.7,사실형,97.7
https://n.news.naver.com/mnews/article/001/0016028938?sid=101,KB금융 (금융/밸류업),[반려동물] '병원비 공포'…수의·보험업계 충돌에 펫보험 정체,"반려동물 의료비 부담이 커지면서 펫보험에 대한 관심이 높아졌지만, 이해관계자 간 입장차가 좁혀지지 않아 시장 성장이 제자리걸음을 하고 있다.",호재,2026-04-19 08:01,54.5,사실형,65.0
https://n.news.naver.com/mnews/article/243/0000096605?sid=101,KB금융 (금융/밸류업),스테이블코인 입법 주춤해도…금융권 선점 경쟁 본격화,금융권은 원화 스테이블코인 제도화가 지연되는 사이 시장 선점 경쟁에 나서고 있다.,호재,2026-04-19 08:00,44.1,사실형,83.8
https://n.news.naver.com/mnews/article/421/0008897542?sid=101,KB금융 (금융/밸류업),가계대출 역성장에도…4대 금융 1분기 5.2조 '역대 최대' 실적 예고,4대 금융지주가 1분기 기준 역대 최대 실적을 거둘 것으로預상한다.,호재,2026-04-19 06:10,48.1,사실형,63.8
https://n.news.naver.com/mnews/article/215/0001249695?sid=101,삼성전자 (IT/반도체),'삼전닉스 2배 베팅' 길 열린다…다음 달 출격,삼성전자와 SK하이닉스 등 우량주를 기초로 한 단일종목 레버리지 ETF가 5월 22일부터 거래될 전망이다.,호재,2026-04-21 12:18,21.2,사실형,98.8
https://n.news.naver.com/mnews/article/030/0003419967?sid=101,삼성전자 (IT/반도체),"[WIS 2026] 삼성전자, 무안경 3D부터 갤럭시 XR까지 한자리에","삼성전자, 2026 월드IT쇼에서 차세대 혁신 기술 라인업을 공개한다.",호재,2026-04-21 12:02,29.5,사실형,71.3
https://n.news.naver.com/mnews/article/421/0008902415?sid=100,삼성전자 (IT/반도체),삼전·하닉 단일종목 ETF 가능…자본시장법 시행령 국무회의 의결,"삼성전자, SK하이닉스 등 단일종목 ETF가 국내 증시에서 출시될 수 있게 규제가 완화된다.",호재,2026-04-21 12:01,22.0,사실형,98.1
https://n.news.naver.com/mnews/article/421/0008902418?sid=101,삼성전자 (IT/반도체),"아몬 퀄컴 CEO, 삼성전자·LG전자·SK하이닉스 경영진과 회동","아몬 퀄컴 CEO는 삼성전자, LG전자, SK하이닉스 경영진과 회의를 개최하여 반도체와 인공지능(AI) 분야 협력을 논의한다.",호재,2026-04-21 12:04,17.9,사실형,76.3
https://n.news.naver.com/mnews/article/028/0002801685?sid=101,삼성전자 (IT/반도체),‘삼전·하이닉스 2배’ 레버리지 상품 5월22일 나온다,삼성전자와 SK하이닉스의 주가 변동을 2배로 반영하는 레버리지·인버스 투자상품이 5월 22일부터 국내에서도 직접 살 수 있게 된다.,호재,2026-04-21 12:06,29.1,사실형,80.2
https://n.news.naver.com/mnews/article/023/0003972115?sid=101,삼성전자 (IT/반도체),다음달 삼전·하이닉스 2배 레버리지 ETF 상장된다...위클리옵션도 확대,"삼전·하이닉스 2배 레버리지 ETF가 다음달 상장되며, 위클리 옵션 상품도 확대된다.",호재,2026-04-21 11:53,31.6,사실형,96.7
https://n.news.naver.com/mnews/article/421/0008902389?sid=101,삼성전자 (IT/반도체),삼전·SK하닉 '2배 레버리지' 나온다…이르면 5월 말 출시,삼성전자와 SK하이닉스 등 국내 우량주식을 기초 자산으로 하는 '2배' 레버리지 상품이 출시될 수 있게 됐다.,호재,2026-04-21 11:52,20.2,사실형,87.7
https://n.news.naver.com/mnews/article/001/0016033390?sid=101,삼성전자 (IT/반도체),삼성전자·하이닉스 '2배 ETF' 다음달 22일부터 거래된다,삼성전자와 SK하이닉스의 수익률을 ±2배로 추종하는 상장지수펀드(ETF)가 5월 22일부터 거래될 예정이다.,호재,2026-04-21 11:44,19.1,사실형,79.1
https://n.news.naver.com/mnews/article/014/0005510911?sid=101,삼성전자 (IT/반도체),"삼성전자 ""사람 중심 디자인 제시""","삼성전자, 밀라노 디자인위크 2026에서 사람 중심 디자인 철학과 AI 시대의 미래 라이프스타일을 선보였다.",호재,2026-04-21 11:43,17.7,사실형,88.4
https://n.news.naver.com/mnews/article/008/0005347068?sid=101,삼성전자 (IT/반도체),"""삼전·SK하닉 2배 베팅"" 내달 ETF 출시...강심장 개미 두근두근",삼성전자와 SK하이닉스 단일종목을 기초자산으로 하는 레버리지·인버스 ETF가 다음달 출시될 예정이다.,호재,2026-04-21 11:37,26.1,사실형,84.6
https://n.news.naver.com/mnews/article/011/0004611477?sid=103,하이브 (엔터/미디어),‘한국판 코첼라’ 탄생할까…하이브·YG·SM·JYP “합작법인 추진”,"하이브, SM, YG, JYP가 글로벌 K팝 페스티벌을 개최하기 위한 합작 법인을 추진한다.",호재,2026-04-16 16:28,70.3,사실형,79.2
https://m.entertain.naver.com/article/144/0001110347,하이브 (엔터/미디어),"‘하이브 라틴 팝 그룹’ 산토스 브라보스, 韓 레전드 배철수 만났다!","산토스 브라보스, 방시혁 하이브 의장의 전략 아래 한국 레전드 배철수와 만났다.",호재,2026-04-16 17:17,12.5,사실형,93.9
https://n.news.naver.com/mnews/article/033/0000050602?sid=103,하이브 (엔터/미디어),하이브·YG·SM·JYP “합작 법인 추진”…박진영 “전세계 돌며 페스티...,"하이브와 YG, SM, JYP가 글로벌 K팝 페스티벌 개최를 위한 합작 법인을 설립할 계획이다.",호재,2026-04-16 16:13,30.4,사실형,85.4
https://n.news.naver.com/mnews/article/138/0002225163?sid=101,삼성전자 (IT/반도체),"하이닉스 신고가에도 삼성전자는 약세…코스피, 6200선 지켰다",코스피가 SK하이닉스 신고가 기대감에 소폭 상승했지만 삼성전자는 하락하며 반도체 대형주 사이 온도차가 뚜렷했다.,호재,2026-04-20 16:29,79.5,사실형,90.4
https://n.news.naver.com/mnews/article/018/0006262004?sid=101,삼성전자 (IT/반도체),“삼전닉스 오를텐데 변동성은 불안”…‘반도체 커버드콜’ ETF 나왔다,미래에셋이 'TIGER 반도체TOP10커버드콜액티브' ETF를 출시하여 반도체 대형주 성장세를 따라가면서 손실을 방어하는 전략을 내놨다.,호재,2026-04-20 16:22,20.9,사실형,86.8
https://n.news.naver.com/mnews/article/030/0003419628?sid=101,삼성전자 (IT/반도체),"'AI·HVAC부터 미래고객까지'…삼성전자·LG전자, 인도 공략 가속",삼성전자와 LG전자가 인도 공략을 확대하고 있다.,호재,2026-04-20 16:01,28.2,사실형,82.0
https://n.news.naver.com/mnews/article/014/0005510443?sid=101,삼성전자 (IT/반도체),외인·기관은 '삼전·하닉' 쓸어 담고…개미는 반도체 하락에 베팅,"외국인과 기관이 삼성전자와 SK하이닉스를 사들이며 반도체 대형주에 투자하는 반면, 개인 투자자는 하락에 베팅하고 있다.",호재,2026-04-20 16:25,30.6,사실형,79.8
https://n.news.naver.com/mnews/article/079/0004138637?sid=101,LG에너지솔루션 (2차전지),"벤츠, LG엔솔 등 K-배터리만 30조 넘게 사들인다",벤츠가 LG엔솔 등 K-배터리 공급사와 30조원 이상의 계약을 체결했다.,호재,2026-04-20 15:13,32.0,사실형,73.5
https://n.news.naver.com/mnews/article/050/0000105137?sid=101,LG에너지솔루션 (2차전지),"""LFP는 LG엔솔, 하이니켈은 삼성SDI""…벤츠의 선택은 'K배터리'",메르세데스 벤츠가 한국 주요 배터리 기업들과 파트너십을 확대하는 것으로 보인다.,호재,2026-04-20 15:28,21.5,사실형,77.2
https://n.news.naver.com/mnews/article/016/0002632399?sid=101,LG에너지솔루션 (2차전지),"벤츠 그룹, LG엔솔·삼성SDI와 ‘조 단위’ 배터리 계약…단단해진 ‘K-...",벤츠 그룹이 LG엔솔과 삼성SDI와 함께 '조 단위' 배터리 계약을 체결하여 K-배터리 업체들과의 협력 관계를 단단히 했다.,호재,2026-04-20 15:01,16.3,사실형,99.8
https://n.news.naver.com/mnews/article/015/0005277149?sid=101,LG에너지솔루션 (2차전지),"LG에너지솔루션, 사내 키오스크 눌러서 '터치 기부'…임직원 봉사단 뭉...",LG에너지솔루션 사내 봉사활동을 통해 지역 사회에 도움을 주고 있는 것으로 보인다.,호재,2026-04-20 16:02,21.6,사실형,63.4
https://n.news.naver.com/mnews/article/277/0005752061?sid=101,LG에너지솔루션 (2차전지),"LG엔솔 ""벤츠에 LFP 배터리 공급""",LG엔솔이 메르세데스-벤츠와 LFP 배터리 공급 계약을 체결했다.,호재,2026-04-20 15:56,17.2,사실형,83.0
https://n.news.naver.com/mnews/article/437/0000488158?sid=101,LG에너지솔루션 (2차전지),"벤츠, K배터리 30조 넘게 사들인다...""삼성SDI·LG엔솔 등 한국 파트너십...","삼성SDI와 메르세데스-벤츠가 전기차 배터리 공급 계약을 체결, 10조 원대 공급 예상",호재,2026-04-20 15:54,20.1,추론형,6.9
https://n.news.naver.com/mnews/article/629/0000492968?sid=103,LG에너지솔루션 (2차전지),'전동화' 본격화하는 벤츠…삼성SDI·LG엔솔 등과 협력 확대,메르세데스-벤츠는 한국의 핵심 협력사들과 전동화 및 디지털화의 잠재력을 극대화하기 위한 협력 확대 방안을 논의했다.,호재,2026-04-20 15:01,26.6,사실형,61.1
https://n.news.naver.com/mnews/article/018/0006261731?sid=101,삼성바이오로직스 (제약/바이오),"삼성바이오로직스, 글로벌 최대 암 학회서 'CRDMO' 사업 경쟁력 발표",삼성바이오로직스는 글로벌 최대 암 학회인 미국암연구학회(AACR)에 참가하여 CRDMO 역량을 선보였다.,호재,2026-04-20 11:03,33.7,사실형,71.6
https://n.news.naver.com/mnews/article/020/0003713752?sid=101,삼성바이오로직스 (제약/바이오),"삼성바이오로직스, 미국암연구학회 참가… CRDMO 경쟁력으로 글로벌 고...",삼성바이오로직스는 미국암연구학회(AACR)에 참가하여 CRDMO 사업 경쟁력을 홍보하고 고객사와의 접점을 확대했다.,호재,2026-04-20 14:17,40.2,대화형,44.0
https://n.news.naver.com/mnews/article/117/0004056118?sid=102,삼성바이오로직스 (제약/바이오),"삼성바이오로직스, AACR 첫 참가…CRDMO 역량 소개",삼성바이오로직스는 글로벌 암 학회인 미국암연구학회(AACR)에 참가해 위탁연구개발생산(CRDMO) 역량을 소개했다.,호재,2026-04-20 14:26,23.6,사실형,61.9
https://n.news.naver.com/mnews/article/009/0005668463?sid=105,삼성바이오로직스 (제약/바이오),"삼성바이오로직스, AACR 첫 참가…초기 신약개발 시장 정조준",삼성바이오로직스는 글로벌 최대 암 학회인 AACR에 처음 참가하며 초기 신약개발 시장 공략에 나섰다.,호재,2026-04-20 13:49,16.8,사실형,47.3
https://n.news.naver.com/mnews/article/020/0003713797?sid=103,현대차 (자동차/모빌리티),"현대차, 美 USTR에 ‘이중 관세’ 반대 의견서…“과도한 조치”","현대차그룹이 미국의 무역법 301조 관세 부과에 반대 의견서를 제출하며, 추가 관세 부과는 미국 경제에 긍정적으로 작용하지 않을 것이라고 주장했다.",호재,2026-04-20 16:11,34.4,사실형,83.1
https://n.news.naver.com/mnews/article/018/0006257406?sid=101,현대차 (자동차/모빌리티),"현대차, 1분기 영업이익 컨센서스 하회할 것…지정학 리스크는 일시적-...",현대차가 1분기 영업이익 컨센서스를 하회할 것으로 전망했지만 목표주가 74만원에 투자의견 '매수'를 유지했다.,호재,2026-04-15 07:44,4.9,사실형,87.2
https://n.news.naver.com/mnews/article/014/0005507770?sid=101,현대차 (자동차/모빌리티),"""車 대장주 '현대차'로 쏠림 현상 이어진다"" 키움證",현대차가 1분기 영업이익 2조5900억원 전망하며 투자 쏠림 현상을 이어갈 것이라는 분석이 나왔다.,호재,2026-04-15 06:00,9.3,사실형,82.6
https://n.news.naver.com/mnews/article/366/0001156942?sid=105,네이버 (IT/플랫폼),"네이버웹툰, ‘화산귀환’ 3부 연재 재개… 명패 받고 웹소설 전편 무료...",네이버웹툰의 무협 웹툰 '화산귀환'이 3부 연재로 돌아오며 다양한 이벤트와 협업 콘텐츠를 마련했다.,호재,2026-04-15 09:20,15.4,사실형,64.0
https://n.news.naver.com/mnews/article/366/0001156932?sid=101,네이버 (IT/플랫폼),"LS證 “네이버, AI 고도화로 성장 동력 확보…목표가 28만7000원”",LS증권은 네이버의 AI 고도화로 성장 동력을 확보했다고 분석하며 목표 주가 28만7000원을 신규 제시했다.,호재,2026-04-15 09:03,23.8,사실형,92.6
https://n.news.naver.com/mnews/article/018/0006257480?sid=105,네이버 (IT/플랫폼),"네이버, 패션 큐레이션 ‘노크잇’ 출시…2030 ‘코디 맛집’ 공략",네이버가 2030세대를 겨냥한 패션 큐레이션 서비스 '노크잇'을 출시하며 패션 커머스 경쟁력을 강화했다.,호재,2026-04-15 08:51,13.7,사실형,98.4
https://n.news.naver.com/mnews/article/119/0003080639?sid=101,현대차 (자동차/모빌리티),교섭 요구 80%가 현대차그룹…임단협 전부터 ‘원청 압박’ 현실화,"금속노조가 현대차그룹에 임단협 전부터 교섭을 요구하며, 노란봉투법의 여파로 노사 갈등이 조기 격화되고 있다.",호재,2026-04-15 06:00,55.2,사실형,57.7
https://n.news.naver.com/mnews/article/469/0000925477?sid=105,현대차 (자동차/모빌리티),현대차·바이두 주목받은 딥엑스 상장 추진... K엔비디아 기업들 증시로,"딥엑스, 피지컬 AI 특화 반도체로 주목받아 K엔비디아 기업들 증시로",호재,2026-04-15 04:30,12.2,사실형,70.0
https://n.news.naver.com/mnews/article/003/0013888015?sid=105,네이버 (IT/플랫폼),"네이버, 첫 유로화 채권 발행…달러·유로 동시 1.6조원 조달",네이버가 창사 이래 최초로 유로화 채권을 발행하며 글로벌 그린본드 발행에 성공했다.,호재,2026-04-15 09:19,20.0,사실형,88.2
https://n.news.naver.com/mnews/article/277/0005749580?sid=101,네이버 (IT/플랫폼),"네이버, 컨템포러리 패션 서비스 '노크잇' 출시…""2030 패션 단골 공략""",네이버가 컨템포러리 패션 서비스 '노크잇'을 출시하여 사용자에게 상황과 취향에 맞는 패션 아이템을 추천하는 서비스를 제공한다.,호재,2026-04-15 08:32,5.6,사실형,46.8
https://n.news.naver.com/mnews/article/014/0005507810?sid=105,네이버 (IT/플랫폼),"네이버, 컨템포러리 패션 '노크잇' 출시…2030 취향 저격 나선다",네이버가 컨템포러리 패션 큐레이션 서비스 '노크잇'을 출시하여 2030 세대 공략에 나섰다.,호재,2026-04-15 08:21,7.6,사실형,61.0
https://n.news.naver.com/mnews/article/009/0005666057?sid=101,KB금융 (금융/밸류업),"하나증권 “KB금융, 핵심이익 급증…과징금 경감 모멘텀도 기대”",하나증권은 KB금융의 1분기 순이익이 11.5% 증가할 것으로 예상하며 투자의견을 매수로 유지하고 목표주가를 20만원으로 유지했다.,호재,2026-04-15 08:47,23.0,사실형,60.2
https://n.news.naver.com/mnews/article/081/0003635418?sid=101,KB금융 (금융/밸류업),"“스테이블코인 온다는데… 왜 한국은 못 쓰나요”, 디지털 지갑 대신 ...","스테이블코인은 가격 변동을 최소화한 가상자산으로, 은행 중심으로 발행될 예정이며, 금융 애플리케이션 안에서 자동으로 처리될 것입니다.",중립,2026-04-15 05:04,51.8,추론형,0.0
https://n.news.naver.com/mnews/article/018/0006257363?sid=101,KB금융 (금융/밸류업),"금융지주사 실적 희비 가른 보험사, 초반 비용 감내하면 ROE 반등",금융지주사들은 초반 비용 부담에도 불구하고 보험사를 인수·합병하면 결국 수익성으로 이어진다.,호재,2026-04-15 05:31,35.0,사실형,80.5
https://n.news.naver.com/mnews/article/417/0001139016?sid=101,KB금융 (금융/밸류업),"[아침밥]하나증권 ""KB금융 1분기 추정 순익 1.9조, 목표가 20만""","하나증권이 KB금융의 목표주가를 20만원으로 설정하며, 1분기 순익이 시장 기대치를 웃도는 등 리딩뱅크의 위용과 저력을 다시 보여줄 것이라고 판단했다.",호재,2026-04-15 08:09,25.8,사실형,69.5
https://n.news.naver.com/mnews/article/020/0003712442?sid=101,KB금융 (금융/밸류업),서버 가상화 독자 특허 기술… 클라우드 시장 선도,㈜클라우드시스템즈가 '2026 대한민국 산업대상' 4차산업 신기술 부문 대상을 수상했다.,호재,2026-04-15 04:35,20.6,사실형,70.8
https://n.news.naver.com/mnews/article/123/0002381341?sid=101,KB금융 (금융/밸류업),"집값은 멈칫, 월세는 폭등…전세난 속 임대시장 불안 지속","집값은 멈칫, 월세는 폭등하는 임대시장 불안이 지속된다.",호재,2026-04-15 08:21,78.1,사실형,94.9
https://n.news.naver.com/mnews/article/417/0001138964?sid=102,KB금융 (금융/밸류업),"안양시청소년재단, 공모사업서 9억 확보",안양시청소년재단이 중앙부처와 공공기관의 공모사업을 유치하여 총 9억 3830만원의 사업비를 확보했다.,호재,2026-04-14 15:59,19.8,사실형,68.5
https://n.news.naver.com/mnews/article/011/0004610685?sid=101,KB금융 (금융/밸류업),저평가·방어주로 투자 중심잡은 국민연금…코스닥선 소부장 줍줍,국민연금이 1분기 리밸런싱에서 저평가 종목과 방어주를 중심으로 투자했다.,호재,2026-04-14 17:58,28.7,사실형,87.1
https://m.sports.naver.com/golf/article/382/0001268244,KB금융 (금융/밸류업),재기 노리는 장하나 “내 마음은 아직 배고프다”,장하나가 재기 노리며 2022년 26개 대회에 참여했지만 9번 컷 통과에 그쳤다.,호재,2026-04-15 08:03,9.5,사실형,85.6
https://n.news.naver.com/mnews/article/003/0013867761?sid=101,삼성전자 (IT/반도체),"삼성전자, 7일 1분기 잠정실적 발표…영업익 40조 넘나","삼성전자 1분기 잠정실적 발표, 반도체 호황으로 영업익 40조원 넘나",호재,2026-04-05 10:33,27.2,사실형,68.8
https://n.news.naver.com/mnews/article/018/0006250474?sid=101,삼성전자 (IT/반도체),큰 손들 '삼성전자' 매수 집중한 이유,고액 자산가들이 중동 전쟁 국면에서 원전·방산주를 정리하고 반도체 대표주로 포트폴리오를 재편하면서 삼성전자에 매수 집중한 것으로 나타났다.,호재,2026-04-05 14:12,31.1,사실형,85.4
https://n.news.naver.com/mnews/article/243/0000095760?sid=101,삼성전자 (IT/반도체),"삼성전자 지분 매도 없는 이재용, '상상초월' 상속세 납부 어떻게 가능...","이재용 삼성전자 회장은 지분 매각 없이 상속세를 완납할 것으로 보이며, 삼성전자 개인 최대주주 등극을 하였다.",호재,2026-04-05 14:21,53.3,사실형,78.0
https://n.news.naver.com/mnews/article/138/0002223288?sid=105,LG에너지솔루션 (2차전지),씨앤피신소재 착공 임박…韓 LFP 양극재 찾아나선 LG엔솔 [위클리배터리...,"씨앤피신소재는 포스코퓨처엠과 CNGR이 합작한 전구체·양극재 사업 법인으로, 국내에서 전구체 생산을 시작하기 위한 취지로 설립됐다.",호재,2026-04-04 08:53,57.0,추론형,20
https://n.news.naver.com/mnews/article/082/0001374406?sid=101,삼성전자 (IT/반도체),"삼성전자, 1분기 영업익 40조 전망…‘반도체’가 실적 이끌었다","삼성전자, 반도체 업황 회복에 힘입어 1분기 영업이익 40조 원을 넘어서는 실적을 기록할 것으로 전망된다.",호재,2026-04-05 14:19,23.7,사실형,60.6
https://n.news.naver.com/mnews/article/022/0004118307?sid=101,삼성전자 (IT/반도체),3월 한 달 큰손들 선택은 ‘삼성전자’… 원전·방산은 차익 실현,"고액 자산가들은 3월 한 달 동안 삼성전자에 집중적으로 투자를 하였으며, 원전과 방산에 투자한 자산가들은 이에 반해 팔아 수익을 챙기고 있다.",호재,2026-04-05 10:43,75.7,사실형,80.7
https://n.news.naver.com/mnews/article/029/0003019916?sid=101,삼성전자 (IT/반도체),"삼성전자 영업익 40조 눈앞, LG는 반등…1분기 실적 희비","삼성전자와 LG전자가 1분기 실적을 발표하는 가운데, 삼성전자는 반도체 호황에 힘입어 사상 최대 실적을 노리고, LG전자는 공조와 전장 사업을 중심으로 수익성 회복에 나설 것으로 관측된다.",호재,2026-04-05 10:18,22.7,대화형,34.8
https://n.news.naver.com/mnews/article/052/0002336513?sid=101,삼성전자 (IT/반도체),"삼성전자, 7일 1분기 잠정실적 발표...영업이익 '최대 50조' 전망도","삼성전자가 올해 1분기 잠정실적을 발표할 예정이며, 일부 증권사는 영업이익이 최대 50조 원까지 기록할 수 있다고 전망합니다.",호재,2026-04-05 10:31,31.1,추론형,20
https://n.news.naver.com/mnews/article/009/0005661067?sid=101,삼성전자 (IT/반도체),"영업익 40조 넘을까…삼성전자, 1분기 잠정실적 발표에 쏠린 눈","삼성전자, 1분기 잠정실적 발표에 반도체 호황으로 영업익 40조원 넘을 것으로 기대된다.",호재,2026-04-05 10:49,30.6,사실형,60.9
https://n.news.naver.com/mnews/article/421/0008859022?sid=105,네이버 (IT/플랫폼),"우체국소포, 네이버로 예약 발송 지원…상시 3% 할인","우체국소포 예약·발송 서비스가 네이버를 통해 제공되며, 상시 3% 할인과 오는 5월 말까지 5% 할인 혜택이 제공된다.",호재,2026-03-31 09:00,37.5,사실형,80.3
https://n.news.naver.com/mnews/article/003/0013867946?sid=101,삼성전자 (IT/반도체),"30억 이상 고액자산가, 삼성전자·SK하이닉스 집중 매수",30억 이상 고액자산가들이 삼성전자와 SK하이닉스를 집중 매수하고 있다.,호재,2026-04-05 12:52,31.2,사실형,97.4
https://n.news.naver.com/mnews/article/422/0000851649?sid=101,삼성전자 (IT/반도체),"삼성전자, 영업이익 40조원 시대 연다…LG전자, 세트 둔화에도 선방","삼성전자와 LG전자가 올해 1분기 잠정실적을 발표할 예정으로, 삼성전자는 반도체 호황에 힘입어 분기 영업이익 40조원 시대를 열 것으로 전망됩니다.",호재,2026-04-05 09:36,30.1,추론형,19.7
https://n.news.naver.com/mnews/article/023/0003968908?sid=105,삼성전자 (IT/반도체),삼성전자·SK하이닉스 합쳐 연간 최대 500조원 영업이익 시대 열리나,삼성전자와 SK하이닉스가 올 1분기 영업이익이 역대 최고치를 기록할 것으로 전망된다.,호재,2026-04-05 12:01,23.5,사실형,70.2
https://n.news.naver.com/mnews/article/138/0002223355?sid=101,삼성전자 (IT/반도체),"외국인 '삼성전자' 매도세 멈출까…7일 1분기 잠정실적 발표, 분기 영업...","삼성전자와 LG전자가 7일 1분기 잠정실적 발표, 삼성전자는 반도체 슈퍼사이클에 힘입어 역대급 성적을 기대한다.",호재,2026-04-05 17:06,38.8,사실형,53.0
https://n.news.naver.com/mnews/article/029/0003019895?sid=101,삼성전자 (IT/반도체),"슈퍼리치, 방산 던지고 삼성전자 쓸어 담았다…중동전 돋보인 ‘갈아타...",슈퍼리치들은 중동전 위기 속에서 과감한 포트폴리오 재편을 통해 삼성전자 등 반도체 대표주를 집중적으로 사들였다.,호재,2026-04-05 09:05,64.4,사실형,92.2
https://n.news.naver.com/mnews/article/366/0001154387?sid=105,삼성전자 (IT/반도체),"삼성전자, 갤럭시 Z 폴드8에 ‘와이드’ 모델 추가할 듯… “화면 더 넓...","삼성전자, 갤럭시 Z 폴드8 와이드 모델 출시 예상",호재,2026-04-05 18:07,57.7,사실형,69.5
https://n.news.naver.com/mnews/article/052/0002331007?sid=101,하이브 (엔터/미디어),BTS 광화문 공연에도 하이브 주가 15%대 급락,하이브 주가가 BTS 컴백 공연 이후 15%대 급락했다.,악재,2026-03-23 11:56,17.8,사실형,73.5
https://n.news.naver.com/mnews/article/025/0003513986?sid=101,삼성전자 (IT/반도체),큰손들 ‘반도체 베팅’…원전·방산 팔고 삼성전자 1100억원 샀다,큰손들 '반도체 베팅'으로 원전·방산주 팔고 삼성전자 1100억원 매수,호재,2026-04-05 13:45,58.9,사실형,94.7
https://n.news.naver.com/mnews/article/050/0000104574?sid=101,삼성전자 (IT/반도체),삼성전자 VS SK하이닉스...'부자'들의 선택은?,고액 자산가들은 중동 지역 전쟁 위기에도 불구하고 반도체 종목을 집중 매수했다.,호재,2026-04-05 08:13,73.8,사실형,94.2
https://n.news.naver.com/mnews/article/001/0016002817?sid=101,현대차 (자동차/모빌리티),"현대차, 차량 구매·보유 지원 '이지 스타트 프로그램' 운영",현대차는 고객들의 차량 구매와 보유에 대한 경제적ㆍ심리적 부담을 낮추기 위해 '이지 스타트 프로그램'을 운영한다.,호재,2026-04-05 09:35,14.5,사실형,88.5
https://n.news.naver.com/mnews/article/016/0002623054?sid=103,하이브 (엔터/미디어),"하이브, 글로벌 시장 경쟁력 강화…디즈니 출신 이사 선임",하이브가 글로벌 시장 경쟁력을 강화하기 위해 디즈니 출신 이사들을 선임했다.,호재,2026-04-01 13:54,13.710394641487422,사실형,94.9334554374218
https://n.news.naver.com/mnews/article/277/0005743334?sid=105,하이브 (엔터/미디어),"하이브, 아이작 리·케빈 메이어 이사 선임…글로벌 경영 가속화",하이브가 글로벌 플랫폼과 미디어 분야 전문가를 사내이사로 선임하여 해외 사업 전문성을 강화하고 글로벌 사업 경쟁력을 높일 계획이다.,호재,2026-04-01 11:03,10.892230698419391,사실형,71.20360309878984
https://n.news.naver.com/mnews/article/417/0001136967?sid=105,하이브 (엔터/미디어),"글로벌 경영 속도 내는 하이브, 아이작 리·케빈 메이어 이사 선임","하이브가 글로벌 사업을 강화하기 위해 이사 선임, 아이작 리·케빈 메이어 이사회 합류",호재,2026-04-01 11:10,12.52828072484271,사실형,72.41136434487998
https://n.news.naver.com/mnews/article/123/0002380591?sid=101,하이브 (엔터/미디어),"하이브, 美자회사 1508억 유증 참여…""운영자금 목적"" [공시pick]",하이브가 미국 자회사 하이브 아메리카의 약 1500억원 규모 유상증자에 참여한다.,호재,2026-04-01 17:36,19.78264996243083,사실형,69.78824275235334
https://m.entertain.naver.com/article/009/0005659123,하이브 (엔터/미디어),"‘재계약’ TXT→‘당돌’ 아일릿…하이브, 4월 가요계 ‘융단폭격’ [...",하이브 소속 가수들이 4월 컴백을 확정했다.,호재,2026-04-01 07:21,31.300592121827574,사실형,44.84312832355499
https://n.news.naver.com/mnews/article/018/0006249397?sid=101,삼성전자 (IT/반도체),거버넌스포럼 “삼성전자 밸류업 공시 부실…거버넌스 결합돼야”,한국기업거버넌스포럼은 삼성전자와 삼성생명의 밸류업 공시에 대해 'F학점'이라고 질타했다.,호재,2026-04-03 14:03,31.8,사실형,85.1
https://n.news.naver.com/mnews/article/021/0002782148?sid=101,LG에너지솔루션 (2차전지),LG엔솔 “SDV 시대 대비”… 글로벌車 SW오픈마켓 참가,LG에너지솔루션은 글로벌 차량 소프트웨어 오픈마켓 '에스디버스'에 참가하여 소프트웨어중심차량(SDV) 시장 진출을 가속화했다.,호재,2026-04-03 11:53,11.6,사실형,89.5
https://n.news.naver.com/mnews/article/003/0013900128?sid=101,하이브 (엔터/미디어),'방시혁 구속영장 신청' 하이브 2%대 하락 …1분기 실적 우려 부담도,하이브가 방시혁 하이브 의장에 대한 경찰의 구속영장 신청 소식에 급락세를 보이고 있다.,악재,2026-04-21 11:40,7.9,사실형,90.9
https://n.news.naver.com/mnews/article/666/0000104131?sid=102,하이브 (엔터/미디어),"[속보] 경찰, 방시혁 하이브 의장 구속영장 신청...‘2천억대 부당이득...",방시혁 하이브 의장이 투자자들을 속여 지분을 팔게 한 의혹으로 경찰이 구속영장을 신청했다.,악재,2026-04-21 11:26,23.4,사실형,96.9
https://m.entertain.naver.com/article/076/0004397708,하이브 (엔터/미디어),"방시혁 하이브 의장 구속영장 신청, 美 ""출국금지 해제"" 요청 사실상 거...",방시혁 하이브 의장에 대해 구속영장이 신청되었습니다.,악재,2026-04-21 12:32,14.8,사실형,97.7
https://n.news.naver.com/mnews/article/018/0006262550?sid=101,하이브 (엔터/미디어),"하이브, 방시혁 의장 구속영장 신청에 2%대 하락 전환[특징주]",하이브 주가는 방시혁 의장에 대한 구속영장 신청 소식에 장중 약세로 돌아섰다.,악재,2026-04-21 11:32,25.4,사실형,95.6
https://n.news.naver.com/mnews/article/123/0002381720?sid=100,하이브 (엔터/미디어),"[속보] 경찰, 방시혁 하이브 의장에 구속영장 신청…'2000억 부정거래 혐...",경찰이 방시혁 하이브 의장에 구속영장을 신청해 2000억 부정거래 혐의를 받고 있다.,악재,2026-04-21 11:34,29.6,사실형,97.4
https://n.news.naver.com/mnews/article/079/0004138992?sid=102,하이브 (엔터/미디어),"경찰, '사기적 부정거래' 방시혁 하이브 의장 구속영장 신청",경찰이 방시혁 하이브 의장을 사기적 부정거래 혐의로 구속영장 신청했다.,악재,2026-04-21 11:24,40.2,사실형,59.4
https://m.entertain.naver.com/article/312/0000756607,하이브 (엔터/미디어),방시혁 구속 영장 소식 탓인가…하이브 주가 4% 급락,하이브 주가는 방시혁 의장 구속영장 소식 탓에 4% 급락했다.,악재,2026-04-21 11:51,50.0,사실형,44.9
https://n.news.naver.com/mnews/article/001/0016033294?sid=101,하이브 (엔터/미디어),"[특징주] 하이브, 방시혁 구속영장 신청 소식에 장중 반락",하이브의 방시혁 의장에 대한 구속영장이 신청되어 장중 하락세로 돌아섰다.,악재,2026-04-21 11:25,31.7,사실형,94.1
https://n.news.naver.com/mnews/article/001/0016033285?sid=102,하이브 (엔터/미디어),"경찰, 하이브 방시혁 구속영장 신청…사기적 부정거래 혐의(종합)",경찰이 하이브 방시혁 의장에 대해 사기적 부정거래 혐의로 구속영장을 신청했다.,악재,2026-04-21 11:24,23.6,사실형,96.7
https://n.news.naver.com/mnews/article/009/0005669063?sid=102,하이브 (엔터/미디어),"경찰, 방시혁 하이브 의장에 구속영장 신청…1900억 부당이득 혐의",경찰이 방시혁 하이브 의장에 구속영장을 신청했다.,악재,2026-04-21 11:24,29.1,사실형,96.4
https://n.news.naver.com/mnews/article/021/0002786219?sid=101,하이브 (엔터/미디어),"[속보]경찰, 하이브 방시혁 의장 구속영장 신청…사기적 부정거래 혐의",경찰이 하이브 방시혁 의장에 대해 사기적 부정거래 혐의로 구속영장을 신청했다.,악재,2026-04-21 11:22,11.3,사실형,95.4
https://n.news.naver.com/mnews/article/015/0005277577?sid=101,하이브 (엔터/미디어),"하이브, 방시혁 의장 구속영장 소식 이후 장중 4%대 급락",하이브 주가는 방시혁 의장의 구속영장 소식으로 4%대 급락했다.,악재,2026-04-21 11:19,31.1,사실형,93.7
https://n.news.naver.com/mnews/article/087/0001188347?sid=102,하이브 (엔터/미디어),"[속보] 경찰, 하이브 방시혁에 사기적 부정거래 혐의로 구속영장 신청",방시혁 하이브 의장에 대해 사기적 부정거래 혐의로 구속영장이 신청된 것으로 알려졌다.,악재,2026-04-21 11:22,21.1,사실형,94.2
https://n.news.naver.com/mnews/article/003/0013900044?sid=102,하이브 (엔터/미디어),"경찰, '사기적 부정거래' 방시혁 하이브 의장에 구속영장 신청",경찰은 하이브 의장 방시혁에 대해 자본시장법 위반 혐의로 구속영장을 신청했다.,악재,2026-04-21 11:22,9.4,사실형,98.7
https://m.entertain.naver.com/article/117/0004056394,하이브 (엔터/미디어),"경찰, 방시혁 구속영장 청구…하이브 주가 출렁 [종합]",하이브 방시혁 의장이 투자자들에게 허위 정보를 흘려 지분 매각 의혹으로 경찰에 구속영장 청구,악재,2026-04-21 11:36,26.1,사실형,87.5
https://m.entertain.naver.com/article/415/0000048179,하이브 (엔터/미디어),"[속보] 경찰, 방시혁 하이브 의장에 구속영장…1900억 원 부당이득 혐의",방시혁 하이브 의장에 대해 구속영장이 신청된 것으로 알려졌다.,악재,2026-04-21 11:45,13.4,사실형,96.2
https://m.entertain.naver.com/article/009/0005669077,하이브 (엔터/미디어),"경찰, 하이브 방시혁에 구속영장 신청…사기적 부정거래 혐의",방시혁 하이브 의장에 대해 사기적 부정거래 혐의로 구속영장을 신청했다.,악재,2026-04-21 11:35,7.7,사실형,94.9
https://m.entertain.naver.com/article/477/0000604567,하이브 (엔터/미디어),"경찰, 하이브 방시혁 구속영장 신청…사기적 부정거래 혐의",경찰이 방시혁 하이브 의장에 대해 사기적 부정거래 혐의로 구속영장을 신청했다.,악재,2026-04-21 11:36,21.6,사실형,88.1
https://n.news.naver.com/mnews/article/079/0004138982?sid=102,하이브 (엔터/미디어),"[속보]경찰, 방시혁 하이브 의장 구속영장 신청",경찰이 방시혁 하이브 의장을 구속영장 신청한 것으로 알려졌습니다.,악재,2026-04-21 11:16,71.0,추론형,9.0
https://n.news.naver.com/mnews/article/243/0000096738?sid=101,하이브 (엔터/미디어),"[속보]경찰, '사기적 부정거래' 방시혁 하이브 의장에 구속영장 신청",경찰이 방시혁 하이브 의장에 구속영장 신청을 함에 따라 법적 문제가 발생하고 있습니다.,악재,2026-04-21 11:12,22.1,사실형,99.5
https://n.news.naver.com/mnews/article/660/0000107820?sid=102,하이브 (엔터/미디어),"[속보] 경찰, '부정거래 의혹' 방시혁 하이브 의장 구속영장 신청...1900...",경찰이 하이브 의장 방시혁에 대해 사기적 부정거래 혐의로 구속영장을 신청했습니다.,악재,2026-04-21 11:18,45.3,추론형,0.1
https://n.news.naver.com/mnews/article/374/0000501967?sid=101,한화에어로스페이스 (방산/우주항공),"한화에어로, 육군본부와 'K-MRO' 수출 협력 나선다","한화에어로스페이스는 육군본부와 'K-MRO' 수출 협력에 나서며, 민군 MRO 협력을 위한 한국형 성과기반 군수지원체계를 해외 국가로 수출할 계획이다.",호재,2026-04-02 16:15,71.25912093297822,추론형,19.4
https://n.news.naver.com/mnews/article/029/0003019714?sid=101,한화에어로스페이스 (방산/우주항공),"한화에어로, 육군과 방산수출 ‘2막’ 협력…MRO 공략",한화에어로스페이스가 육군과 방산 수출 2막 협력에 참여하여 MRO 공략을 확대할 것으로 전망된다.,호재,2026-04-02 19:25,31.76808790907273,사실형,83.81623879540712
https://n.news.naver.com/mnews/article/008/0005338772?sid=101,한화에어로스페이스 (방산/우주항공),"한화에어로스페이스, 7% 강세…폴란드 '천무' 수출 본격화",한화에어로스페이스는 폴란드 '천무' 수출 계약이 본격화되면서 7% 이상 강세를 보이고 있다.,호재,2026-04-02 09:52,30.472442351860217,사실형,58.33994150161743
https://n.news.naver.com/mnews/article/031/0001019196?sid=101,한화에어로스페이스 (방산/우주항공),"한화에어로-육군본부, 'K-MRO' 수출 협력 본격화",한화에어로스페이스는 육군과 'K-MRO' 사업의 해외 수출을 위해 협력을 본격화한다.,호재,2026-04-02 15:32,27.87259013868554,사실형,82.50338315963745
https://n.news.naver.com/mnews/article/082/0001374127?sid=101,한화에어로스페이스 (방산/우주항공),"한화에어로, 육군본부와 ‘K-MRO’ 수출 협력 나선다",한화에어로스페이스는 육군본부가 주관한 'MRO 민군 협력 발전을 위한 방산업체 소통 간담회'에 참여하여 한국형 MRO 수출 계획을 공개했다.,호재,2026-04-02 16:16,31.54130285275132,사실형,98.76944839954376
https://n.news.naver.com/mnews/article/277/0005744271?sid=101,한화에어로스페이스 (방산/우주항공),"한화에어로, 육군과 ‘K-MRO’ 수출 협력… 민군 협력 확대",한화에어로스페이스는 육군과 협력해 'K-MRO' 사업 수출에 나선다.,호재,2026-04-02 16:13,22.449950333233627,사실형,96.73281576898363
https://n.news.naver.com/mnews/article/138/0002223132?sid=101,한화에어로스페이스 (방산/우주항공),"한화에어로-육군, K-MRO 수출 협력",한화에어로스페이스는 육군과 'K-MRO' 사업 해외 수출 협력을 본격화한다.,호재,2026-04-02 16:58,22.005266327963557,사실형,91.54060309131941
https://n.news.naver.com/mnews/article/119/0003076493?sid=101,한화에어로스페이스 (방산/우주항공),"한화에어로, 육군과 K-MRO 수출 협력…민군 협력 확대",한화에어로스페이스는 육군과 협력해 군수 정비 사업의 해외 수출 확대에 나선다.,호재,2026-04-02 17:01,17.312976267288715,사실형,98.67625501420763
https://n.news.naver.com/mnews/article/016/0002624236?sid=101,한화에어로스페이스 (방산/우주항공),손재일 한화에어로 대표 “무인기 선점 위해 속도감 있는 개발 시급…상...,"한화에어로스페이스는 무인기 엔진 개발을 위해 속도감 있는 개발을 추진하고, 글로벌 시장에 진출하여 국내 항공엔진 생태계 전반의 동반성장을 이끌어 내겠다는 계획을 발표했다.",호재,2026-04-03 10:32,26.24475223907059,사실형,87.15763688087463
https://n.news.naver.com/mnews/article/014/0005502042?sid=101,한화에어로스페이스 (방산/우주항공),"손재일 한화에어로 대표 ""글로벌 무인기 선점에 속도""",한화에어로스페이스는 글로벌 무인기 시장을 선점하기 위해 항공엔진 기술 자립과 국내 산업생태계 육성을 위한 전략을 발표했다.,호재,2026-04-03 09:38,29.610871480062173,사실형,87.59620862702529
https://n.news.naver.com/mnews/article/277/0005744036?sid=101,한화에어로스페이스 (방산/우주항공),"한화에어로 파트너 코버스, 한-호 비즈니스 어워드 수상",한화에어로스페이스의 호주 사업 파트너사 코버스(Corvus)는 한국-호주 비즈니스 어워드(AKBA)에서 한국-호주 파트너십 부문 특별 공로상을 수상했다.,호재,2026-04-02 11:17,26.641656325193285,사실형,85.1702181994915
https://n.news.naver.com/mnews/article/422/0000850899?sid=101,한화에어로스페이스 (방산/우주항공),"한화에어로, 육군-방산업체 간담회 참가…군수지원체계 수출 추진",한화에어로스페이스가 육군본부 주관 방산업체 소통 간담회에 참가하여 한국형 MRO 수출 계획을 발표했습니다.,호재,2026-04-02 16:19,56.42927148295276,추론형,18.4
https://n.news.naver.com/mnews/article/030/0003414028?sid=101,한화에어로스페이스 (방산/우주항공),"[ET특징주] 한화에어로스페이스, 폴란드에 '천무' 수출 이행 본격화… ...",한화에어로스페이스가 폴란드에 국산 다연장로켓 '천무' 3차 수출 계약 이행을 본격화한다.,호재,2026-04-02 13:07,16.175123975941585,사실형,94.47988768418631
https://n.news.naver.com/mnews/article/138/0002223272?sid=101,한화에어로스페이스 (방산/우주항공),"손재일 한화에어로 대표 ""무인기 시장 선점, 속도감 있는 개발 시급""",한화에어로스페이스 대표는 글로벌 무인기 시장 선점을 위해 발 빠른 대응과 속도감 있는 개발이 시급하다고 밝혔다.,호재,2026-04-03 17:52,45.23636646959718,사실형,89.73157240284813
https://n.news.naver.com/mnews/article/014/0005501691?sid=101,한화에어로스페이스 (방산/우주항공),"한화에어로, 육군과 K-MRO 수출 협력 본격화",한화에어로스페이스는 육군과 'K-MRO' 사업의 해외 수출을 위해 협력을 본격화한다.,호재,2026-04-02 15:18,36.06031994979767,사실형,91.04134291410446
https://n.news.naver.com/mnews/article/082/0001374267?sid=101,한화에어로스페이스 (방산/우주항공),한화에어로 “항공엔진 기술 자립 노력”,한화에어로스페이스는 항공엔진 기술 자립을 위해 정부와 함께 다양한 무인기 엔진을 국내 기술로 개발하고 있다.,호재,2026-04-03 14:33,25.667077192240452,사실형,85.8536981874042
https://n.news.naver.com/mnews/article/421/0008869002?sid=101,한화에어로스페이스 (방산/우주항공),"한화에어로, 항공우주학회 춘계학술대회 참가…""항공엔진 기술 자립""",한화에어로스페이스는 한국항공우주학회 춘계학술대회에서 항공엔진 기술 자립 및 국내 산업생태계 육성을 위한 전략을 발표했다.,호재,2026-04-03 14:43,27.013712885421604,사실형,90.95351323485374
https://n.news.naver.com/mnews/article/031/0001019033?sid=103,현대차 (자동차/모빌리티),"현대차 아이오닉 6N, '세계 올해의 고성능 자동차' 선정",현대차그룹의 고성능 세단 EV 아이오닉 6 N이 '2026 월드카 어워즈'에서 '세계 올해의 고성능 자동차'에 선정되었습니다.,호재,2026-04-02 10:31,26.004333654058122,사실형,86.36332700649896
https://n.news.naver.com/mnews/article/018/0006248248?sid=103,현대차 (자동차/모빌리티),"현대차·기아, 美 1Q 사상 최대 실적…하이브리드차 순항",현대차와 기아가 미국 1분기 판매량에서 역대 최고치를 기록하며 하이브리드차의 인기에 힘입었다.,호재,2026-04-02 10:38,9.138978101877292,사실형,93.91860127449036
https://n.news.naver.com/mnews/article/417/0001137125?sid=103,현대차 (자동차/모빌리티),현대차 아이오닉 6 N '세계 올해의 고성능 자동차'상 수상,현대차 아이오닉 6 N이 '세계 올해의 고성능 자동차'상을 수상했다.,호재,2026-04-02 09:42,18.2149244897709,사실형,61.75154947808811
https://n.news.naver.com/mnews/article/629/0000487626?sid=103,현대차 (자동차/모빌리티),"현대차, 뉴욕 국제 오토쇼서 픽업트럭 '볼더' 콘셉트 공개",현대차는 뉴욕 국제 오토쇼에서 중형 픽업트럭 '볼더' 콘셉트를 공개했다.,호재,2026-04-02 09:33,20.124005689997347,사실형,83.66110655464581
https://n.news.naver.com/mnews/article/144/0001107337?sid=103,현대차 (자동차/모빌리티),현대차 차세대 중형 픽업 트럭 ‘볼더’ 콘셉트 세계 최초 공개,현대차가 미국 뉴욕에서 차세대 중형 픽업 트럭 '볼더' 콘셉트를 전 세계 최초로 공개했다.,호재,2026-04-02 10:16,7.896068823630076,사실형,71.48060318082571
https://n.news.naver.com/mnews/article/629/0000487620?sid=103,현대차 (자동차/모빌리티),"현대차 수소전기버스, 누적 3000대 팔렸다…""수소 생태계 확산 박차""","현대차 수소전기버스 3000대 판매량을 돌파하며, 수소 모빌리티 생태계 확산에 박차를 가하고 있다.",호재,2026-04-02 09:18,18.63199870742731,사실형,69.20298234967049
https://n.news.naver.com/mnews/article/014/0005501603?sid=101,현대차 (자동차/모빌리티),"현대차·기아, 1분기 美 판매 43만대 '역대 최다'…""HEV·SUV가 이끌었다...",현대차와 기아가 미국 시장에서 역대 최다 판매 기록을 달성했다.,호재,2026-04-02 14:03,6.068245014642826,사실형,83.06956498519234
https://n.news.naver.com/mnews/article/018/0006248498?sid=103,현대차 (자동차/모빌리티),"현대차·기아, 美 1Q 사상 최대실적…""북미 특화차 58종으로 물량공세""(...",현대차·기아가 1분기 미국 판매량 43만720대를 기록하며 사상 최대 실적을 달성했다.,호재,2026-04-02 15:19,24.882239444690548,사실형,83.60316604375839
https://n.news.naver.com/mnews/article/014/0005501327?sid=101,현대차 (자동차/모빌리티),"현대차 아이오닉 6 N, 세계 올해의 고성능 자동차 수상",현대차 아이오닉 6 N이 '2026 월드카 어워즈'에서 '세계 올해의 고성능 자동차'를 수상했다.,호재,2026-04-02 08:47,25.662860958609723,사실형,91.63758158683777
https://n.news.naver.com/mnews/article/003/0013865891?sid=101,현대차 (자동차/모빌리티),"국민성장펀드, 현대차 새만금 정조준…'9조 프로젝트' 정책금융도 가세","국민성장펀드는 현대차의 새만금 타운 조성 사업을 지원 검토 중이며, 9조원 규모의 프로젝트에 정책금융기관과 민간 자금을 결합한 인프라 투융자 모델을 가동할 가능성이 있다.",호재,2026-04-03 13:41,13.335501151821505,사실형,92.70005481583732
https://n.news.naver.com/mnews/article/003/0013861643?sid=101,현대차 (자동차/모빌리티),미래차 드라이브 건 현대차…한진칼은 '지배구조' 강조 [2026주총결산②...,"현대차그룹은 미래차에 대한 로드맵을 공개하고, 2030년까지 북미 시장에 현대차 브랜드 신차 36종을 출시할 계획을 발표했다.",호재,2026-04-02 06:30,8.552468336718743,사실형,94.46040391921997
https://n.news.naver.com/mnews/article/032/0003437484?sid=102,현대차 (자동차/모빌리티),현대차 등 완성차 노조 “AI로부터 자동차 산업 노동자 보호를”,"금속노조 현대차·기아, 한국지엠 지부는 인공지능(AI) 도입과 디지털 전환에 따른 공급망과 일자리 보호를 위한 노사정 협의체 구성을 요구했다.",호재,2026-04-02 20:54,19.42196231355823,사실형,82.1990412970384
https://n.news.naver.com/mnews/article/215/0001247590?sid=101,현대차 (자동차/모빌리티),"현대차, 픽업트럭 '볼더' 첫 공개…""미국서 역량 쏟아 경쟁""",현대차가 미국 고객을 위한 중형 픽업트럭 '볼더'를 공개했다.,호재,2026-04-02 10:00,15.665647502107738,사실형,96.8407130241394
https://n.news.naver.com/mnews/article/052/0002335348?sid=101,현대차 (자동차/모빌리티),보란 듯이 '날개 단' 현대차·기아...역대 최고 실적 기록했다 [지금이뉴...,현대차와 기아가 1분기 사상 최고 실적을 기록했다.,호재,2026-04-02 10:53,26.553979383139502,추론형,19.9
https://n.news.naver.com/mnews/article/009/0005659868?sid=103,현대차 (자동차/모빌리티),"“미국 고객 수요에 응답”…현대차, 뉴욕서 중형픽업 ‘볼더’ 콘셉트...",현대차가 2026 뉴욕 국제 오토쇼에서 차세대 중형 픽업트럭 콘셉트 '볼더'를 세계 최초로 공개했다.,호재,2026-04-02 09:29,38.256982456444646,사실형,96.9184832913535
https://n.news.naver.com/mnews/article/277/0005743805?sid=103,현대차 (자동차/모빌리티),'세계 올해의 고성능 자동차'… 현대차 아이오닉 6N,현대차 아이오닉 6N이 2026 월드카 어워즈에서 '세계 올해의 고성능 자동차'로 선정되었습니다.,호재,2026-04-02 08:40,18.88192794227087,사실형,70.76338188988822
https://n.news.naver.com/mnews/article/215/0001247588?sid=101,현대차 (자동차/모빌리티),"현대차 아이오닉6N, '세계 올해의 고성능 자동차' 수상",현대차 아이오닉6N이 '세계 올해의 고성능 자동차'를 수상했다.,호재,2026-04-02 10:00,19.81860108414888,사실형,89.38226401805878
https://n.news.naver.com/mnews/article/366/0001153918?sid=101,네이버 (IT/플랫폼),"NH證 “네이버, 최근 주가 하락 과도…다양한 AI 서비스 출시 예정”",NH투자증권은 네이버의 최근 주가 하락을 과도하다고 평가하며 목표 주가를 38만원에서 32만원으로 내려잡았다.,호재,2026-04-03 08:43,28.85131936619203,사실형,77.44623649244508
https://n.news.naver.com/mnews/article/421/0008875097?sid=101,네이버 (IT/플랫폼),"네이버, EBS와 지식 영상 제작…네이버 홈피드·지식백과에 송출",네이버와 EBS가 지식 영상 콘텐츠를 제작하고 자사 주요 플랫폼에 송출하는 업무 협약을 체결했다.,호재,2026-04-07 14:00,41.6,사실형,95.2
https://n.news.naver.com/mnews/article/018/0006251989?sid=105,네이버 (IT/플랫폼),"네이버, EBS와 MOU...지식 영상 콘텐츠 구축 협업",네이버와 EBS가 지식 영상 콘텐츠 구축을 위한 MOU를 체결하여 대규모 지식·학습 영상 콘텐츠를 함께 제작할 예정입니다.,호재,2026-04-07 14:01,47.0,사실형,83.8
https://n.news.naver.com/mnews/article/001/0016007513?sid=105,네이버 (IT/플랫폼),"네이버·EBS, 지식·학습 영상 콘텐츠 공동 제작한다",네이버와 EBS는 지식·학습 영상 콘텐츠를 공동 제작하여 네이버 플랫폼에서 제공할 예정이다.,호재,2026-04-07 15:33,33.0,사실형,62.4
https://n.news.naver.com/mnews/article/215/0001248163?sid=101,네이버 (IT/플랫폼),"네이버·EBS, '지식 영상 콘텐츠 구축 MOU' 체결",네이버와 EBS가 지식 영상 콘텐츠 구축을 위한 업무 협약(MOU)을 체결했다.,호재,2026-04-07 14:00,13.8,사실형,66.6
https://n.news.naver.com/mnews/article/014/0005503812?sid=105,네이버 (IT/플랫폼),"네이버, EBS와 지식 영상 콘텐츠 구축 맞손",네이버와 EBS가 지식영상 콘텐츠 구축을 위한 업무협약을 체결하여 대규모 지식·학습 영상 콘텐츠를 공동 제작한다.,호재,2026-04-07 14:17,31.2,사실형,54.4
https://n.news.naver.com/mnews/article/277/0005746060?sid=105,네이버 (IT/플랫폼),"네이버-EBS, 신뢰도 높은 지식 영상 콘텐츠 구축 협력",네이버와 EBS는 신뢰도 높은 지식 영상 콘텐츠를 구축하기 위해 전략적 파트너십을 맺었다.,호재,2026-04-07 14:00,32.9,사실형,80.9
https://n.news.naver.com/mnews/article/468/0001231935?sid=101,네이버 (IT/플랫폼),"EBS·네이버 업무협약 체결…“AI시대 경쟁력, 믿을 만한 콘텐츠”",EBS와 네이버가 양질의 지식 분야 콘텐츠 제작을 위해 업무협약을 체결했다.,호재,2026-04-07 18:33,42.5,사실형,87.5
https://n.news.naver.com/mnews/article/003/0013872245?sid=101,네이버 (IT/플랫폼),온라인 가격표까지 손본다…네이버·쿠팡 의무 적용에 플랫폼별 '속도전...,"정부가 온라인 가격 비교 환경을 개선하기 위해 단위가격 표시제를 확대 적용하고 쿠팡, 네이버 플러스 스토어 등 주요 이커머스 업체들이 대응하고 있다.",호재,2026-04-07 11:52,38.3,사실형,66.1
https://n.news.naver.com/mnews/article/015/0005272050?sid=105,네이버 (IT/플랫폼),"네이버, EBS와 업무협약…AI시대 신뢰 콘텐츠 제작",네이버와 EBS가 AI시대 신뢰 콘텐츠 제작을 위해 업무협약을 체결했다.,호재,2026-04-07 17:18,18.9,사실형,71.9
https://n.news.naver.com/mnews/article/008/0005340905?sid=105,네이버 (IT/플랫폼),네이버 AI 기술 EBS의 콘텐츠 만난다…대규모 지식 영상 콘텐츠 구축,네이버와 EBS가 전략적 파트너십을 맺고 대규모 지식 영상 콘텐츠를 구축한다.,호재,2026-04-07 14:00,30.5,사실형,70.1
https://n.news.naver.com/mnews/article/422/0000852517?sid=105,네이버 (IT/플랫폼),네이버 '연관검색어' 이달 말 종료…19년 만에 퇴장,네이버는 19년간 운영한 '연관검색어' 서비스를 이달 말 종료한다.,호재,2026-04-07 17:39,52.9,추론형,19
https://n.news.naver.com/mnews/article/374/0000502805?sid=101,네이버 (IT/플랫폼),"네이버 EBS와 맞손…""실생활·경제·교육 지식 콘텐츠 함께 제작""",네이버와 EBS가 지식 영상 콘텐츠를 함께 제작하기로 하는 업무협약(MOU)을 맺었습니다.,호재,2026-04-07 14:00,49.4,추론형,20
https://n.news.naver.com/mnews/article/011/0004608014?sid=105,네이버 (IT/플랫폼),"“고픔질 데이터는 AI 핵심 경쟁력”…네이버, EBS와 지식 영상 콘텐츠...",네이버와 EBS는 전략적 파트너십을 맺어 지식 영상 콘텐츠를 함께 제작한다.,호재,2026-04-07 14:18,37.0,사실형,71.0
https://n.news.naver.com/mnews/article/030/0003415673?sid=101,네이버 (IT/플랫폼),"라이나생명, 네이버클라우드와 '시니어 헬스케어 서비스' MOU",라이나생명과 네이버클라우드가 시니어 헬스케어 서비스 협력에 대한 MOU를 체결했다.,호재,2026-04-08 09:13,13.7,사실형,46.0
https://n.news.naver.com/mnews/article/031/0001020295?sid=105,네이버 (IT/플랫폼),"네이버, EBS와 맞손⋯지식·학습 영상 콘텐츠 제작 협력",네이버와 EBS는 지식·학습 영상 콘텐츠 구축을 위한 업무협약을 맺고 전략적 협력을 추진한다.,호재,2026-04-07 15:43,37.8,사실형,97.5
https://n.news.naver.com/mnews/article/092/0002417770?sid=105,네이버 (IT/플랫폼),"페이히어 포스, 네이버 멤버십 연동...""단골 마케팅 지원""","페이히어 포스는 네이버 멤버십을 연동하여 단골 고객 확보를 돕고, 고객 관리 프리미엄을 제공한다.",호재,2026-04-07 15:31,24.4,사실형,55.9
https://n.news.naver.com/mnews/article/374/0000503006?sid=101,네이버 (IT/플랫폼),"라이나생명, 네이버클라우드와 '시니어 헬스케어 서비스' 업무협약",라이나생명과 네이버클라우드가 시니어 헬스케어 서비스 협력을 위한 업무협약을 체결했다.,호재,2026-04-08 09:43,31.5,추론형,20
https://n.news.naver.com/mnews/article/079/0004133987?sid=105,네이버 (IT/플랫폼),"네이버, EBS와 신뢰도 높은 지식 영상 콘텐츠 구축 MOU 체결",네이버와 EBS는 신뢰도 높은 지식 영상 콘텐츠 구축을 위한 전략적 파트너십을 맺고 대규모 지식·학습 콘텐츠를 생산할 예정이다.,호재,2026-04-07 17:30,30.8,사실형,63.6
https://m.entertain.naver.com/article/438/0000079193,네이버 (IT/플랫폼),"EBS-네이버, '디지털 지식 생태계 강화' 위해 협력하기로",EBS와 네이버가 디지털 지식 생태계 강화 위해 협력하기로 결정했다.,호재,2026-04-08 07:10,56.9,사실형,78.8
https://n.news.naver.com/mnews/article/421/0008875513?sid=105,네이버 (IT/플랫폼),네이버의 모태 '검색'의 대전환…키워드 대신 AI 분석으로,네이버의 검색 서비스가 키워드 시대에서 AI 시대로 재편되며 연관검색어는 4월 30일부터 사라질 예정이다.,호재,2026-04-07 15:10,39.4,사실형,75.5
https://n.news.naver.com/mnews/article/448/0000604459?sid=101,KB금융 (금융/밸류업),"""증시는 이미 전쟁 끝?""…코스피, 6200선 돌파 '최고치' 눈앞",코스피 지수가 6200선을 돌파하며 최고치를 눈앞에 둔 것으로 분석되었습니다.,호재,2026-04-16 17:06,73.3,사실형,95.7
https://n.news.naver.com/mnews/article/009/0005666890?sid=101,KB금융 (금융/밸류업),칼라일 한국대표에 정익수…김종윤 대표는 한국 총괄대표로,"칼라일이 정익수 신임 매니징 디렉터를 한국 대표로, 김종윤 대표를 한국 총괄 대표로 선임했다.",호재,2026-04-16 13:48,31.8,사실형,84.5
https://n.news.naver.com/mnews/article/421/0008894137?sid=101,KB금융 (금융/밸류업),"칼라일, 정익수 한국 대표 및 김종윤 한국 총괄대표 선임",칼라일은 정익수 신임 대표와 김종윤 총괄대표를 선임하여 한국 사모투자 시장 진출을 강화한다.,호재,2026-04-16 14:48,21.1,사실형,79.8
https://n.news.naver.com/mnews/article/366/0001157421?sid=101,KB금융 (금융/밸류업),"칼라일, 한국 투자조직 수장 교체…정익수 한국대표·김종윤 총괄대표 ...","칼라일이 한국 투자 조직 리더십을 재편해 정익수 매니징 디렉터를 한국 대표로 임명하고, 기존 한국 대표였던 김종윤 대표를 한국 총괄대표로 임명했다.",호재,2026-04-16 14:21,11.8,사실형,85.3
https://n.news.naver.com/mnews/article/011/0004611407?sid=101,KB금융 (금융/밸류업),"6200 도전 코스피, 테마 순환 뚜렷… “네트워크 지고 양자 떴다” [이런...","코스피 지수가 6200선을 탈환할 가능성이 높아지고 있으며, 테마주가 순환하는 모습이 보인다.",호재,2026-04-16 13:49,48.7,사실형,81.2
https://n.news.naver.com/mnews/article/018/0006258463?sid=101,KB금융 (금융/밸류업),"코스피, 6200선 재돌파… 미·이란 전쟁 낙폭 회복 중",코스피가 2% 넘게 오르고 6200선이 재돌파되었습니다.,호재,2026-04-16 11:31,36.7,사실형,97.9
https://n.news.naver.com/mnews/article/023/0003971338?sid=101,현대차 (자동차/모빌리티),"현대차그룹, 삼성동 신사옥에 ‘체험형 과학관’ 짓는다",현대차그룹이 서울 삼성동 글로벌비즈니스콤플렉스(GBC)에 체험형 과학관을 건립할 계획을 발표했습니다.,호재,2026-04-17 00:34,24.3,사실형,61.3
https://n.news.naver.com/mnews/article/008/0005345499?sid=101,현대차 (자동차/모빌리티),피지컬AI 앞세운 현대차그룹 견인… 코스피 6200선 재탈환,"코스피지수 3일 연속 상승, 6200선 재탈환, 현대차그룹 주가 급등",호재,2026-04-17 04:04,19.5,사실형,90.2
https://n.news.naver.com/mnews/article/092/0002419028?sid=103,현대차 (자동차/모빌리티),"현대차 노조, ‘완전월급제’ 카드 꺼냈다…아틀라스 도입 정조준","현대차 노조는 올해 임금협상 요구안에 완전월급제 도입과 상여금 인상, 정년 연장 등을 담아 노동조합 대의원대회에서 확정했다.",호재,2026-04-16 22:28,22.1,사실형,62.3
https://n.news.naver.com/mnews/article/025/0003516777?sid=101,현대차 (자동차/모빌리티),"'현대차그룹'도 뚫렸다 현대제철 사용자성 인정, 한화오션은 급식 위탁...",현대차그룹 계열사인 현대제철과 한화오션은 노란봉투법상 사용자성 인정 판단을 받았다.,호재,2026-04-16 21:10,23.6,사실형,70.6
https://n.news.naver.com/mnews/article/032/0003440435?sid=102,현대차 (자동차/모빌리티),"현대제철 ‘현대차그룹’ 계열사 첫 사용자성 인정 …노동위, 교섭단위...",현대제철은 현대차그룹 계열사 중 처음으로 노동위원회에서 사용자성을 인정받은 사업장이 됐다.,호재,2026-04-16 21:41,50.1,사실형,73.3
https://n.news.naver.com/mnews/article/659/0000042963?sid=102,현대차 (자동차/모빌리티),속도 내는 현대차 투자 지원.. 전북특별법 3차 개정 관건,"현대차 투자 지원을 위한 정부 차원의 후속조치가 속도를 내고, 전북특별법 3차 개정을 통해 미래 신산업을 뒷받침할 규제를 풀어야 한다.",호재,2026-04-16 20:20,60.8,추론형,0.0
https://n.news.naver.com/mnews/article/016/0002632964?sid=101,삼성전자 (IT/반도체),‘7000피’도 꿈 아니다…‘삼전·하닉 레버리지 ETF’로 날개 단 코스피...,"코스피가 6350선까지 돌파하며 장중 사상 최고치를 경신, '7000피' 시대를 목표로 질주하고 있다.",호재,2026-04-21 11:35,24.0,사실형,72.4
https://n.news.naver.com/mnews/article/031/0001023624?sid=101,삼성전자 (IT/반도체),'삼전닉스 2배 ETF·ETN·옵션' 나온다,삼전닉스에 기반한 2배 레버리지·인버스 ETF와 옵션 상품이 국내 시장에 상장할 전망이다.,호재,2026-04-21 11:30,19.0,사실형,88.1
https://n.news.naver.com/mnews/article/003/0013900096?sid=101,삼성전자 (IT/반도체),"""삼전·하이닉스 2배 ETF 나온다""…내달 22일부터 출시",삼성전자와 SK하이닉스 수익률을 2배로 추종하는 ETF가 내달 22일부터 출시될 전망이다.,호재,2026-04-21 11:35,16.9,사실형,79.0
https://n.news.naver.com/mnews/article/092/0002419496?sid=103,현대차 (자동차/모빌리티),"현대차, 인도 '국민 이동수단' 3륜 EV 만든다",현대차는 인도에서 3륜 전기차를 개발하고 생산하기 위해 TVS와 공동 개발 협약을 체결했다.,호재,2026-04-21 12:31,17.0,사실형,77.0
https://n.news.naver.com/mnews/article/011/0004612951?sid=101,LG에너지솔루션 (2차전지),"벤츠 수혜에도 갈렸다…초고수, LG엔솔 매수·삼성SDI 매도 [주식 초고수...",벤츠 수혜에도 갈렸다… 초고수들이 LG엔솔 매수·삼성SDI 매도,호재,2026-04-21 11:54,13.3,사실형,79.7
https://n.news.naver.com/mnews/article/079/0004139005?sid=102,현대차 (자동차/모빌리티),"전북도, 현대차 9조 투자 인센티브 정비…보조금 1천억",전북도는 현대차그룹의 새만금 9조 원 투자를 지원하기 위해 기업 유치 인센티브 제도를 개편하고 투자보조금 지원 한도를 1천억 원으로 끌어올린다.,호재,2026-04-21 11:40,46.7,사실형,63.9
https://n.news.naver.com/mnews/article/016/0002632956?sid=101,삼성전자 (IT/반도체),홍콩 CSOP자산운용 세계 첫 삼전닉스 레버리지 ETF 출시 “韓투자 접근...,"CSOP자산운용은 세계 최초로 삼성전자·SK하이닉스 단일 종목 레버리지 ETF을 출시하고, 코스피200 ETF 상장까지 검토 중이다.",호재,2026-04-21 11:31,9.7,사실형,88.5
https://n.news.naver.com/mnews/article/021/0002786272?sid=101,현대차 (자동차/모빌리티),"정의선, 모디에 ‘8년전 약속’ 지켰다… 현대차, 인도 맞춤형 모빌리티...",현대차가 인도에 맞춤형 모빌리티를 개발하기 위해 TVS 모터 컴퍼니와 협약을 체결했다.,호재,2026-04-21 11:59,13.1,사실형,87.5
https://n.news.naver.com/mnews/article/586/0000127423?sid=101,현대차 (자동차/모빌리티),"현대차가 8년 공들인 '인도 맞춤형 EV' 비전, TVS와 손잡고 본궤도",현대차가 인도 현지 맞춤형 소형 전기차 시장 공략을 위해 TVS와 손을 맞잡았다.,호재,2026-04-21 11:42,19.1,사실형,73.6
https://n.news.naver.com/mnews/article/016/0002632926?sid=101,현대차 (자동차/모빌리티),현대차 ‘아이오닉 3’ 세계 최초 공개,현대차가 이탈리아 밀라노에서 열린 '2026 밀라노 디자인 위크'에서 세계 최초로 전기차 '아이오닉 3'을 공개했다.,호재,2026-04-21 11:24,5.7,사실형,85.9
https://n.news.naver.com/mnews/article/079/0004138999?sid=101,현대차 (자동차/모빌리티),"현대차, 인도 TVS 모터 컴퍼니와 현지 맞춤형 3륜 전기차 만든다",현대차와 인도 TVS 모터 컴퍼니가 3륜 전기차 개발과 상용화를 위해 공동 개발협약을 체결했다.,호재,2026-04-21 11:32,24.6,사실형,51.8
https://n.news.naver.com/mnews/article/079/0004138991?sid=101,현대차 (자동차/모빌리티),"현대차, 아이오닉3로 유럽 노린다…1회 충전시 496km 주행",현대차가 유럽 시장에 전기차 '아이오닉 3'를 출시한다.,호재,2026-04-21 11:23,20.8,사실형,34.8
https://n.news.naver.com/mnews/article/015/0005277573?sid=101,현대차 (자동차/모빌리티),"지엠비코리아, 현대차·기아와 전동식 워터펌프 공급계약",지엠비코리아가 현대차와 기아와 전동식 워터펌프 공급계약을 체결했다.,호재,2026-04-21 11:07,37.0,사실형,61.2
https://n.news.naver.com/mnews/article/011/0004612942?sid=101,현대차 (자동차/모빌리티),"현대차, 인도 TVS와 현지 특화 EV 공동 개발",현대차는 인도에서 현지 시장 맞춤형 3륜 전기차를 공급하기 위해 TVS와 공동개발협약을 체결했다.,호재,2026-04-21 11:21,15.9,사실형,83.4
https://n.news.naver.com/mnews/article/293/0000083133?sid=101,현대차 (자동차/모빌리티),"지엠비코리아, 현대차·기아와 1289억 규모 공급계약",지엠비코리아가 현대차·기아와 1289억원 규모의 전동식 워터펌프 공급계약을 체결했다.,호재,2026-04-21 10:57,7.9,사실형,51.7
https://n.news.naver.com/mnews/article/076/0004397689?sid=101,현대차 (자동차/모빌리티),"현대차, 인도 TVS와 3륜 EV 공동개발…현지 맞춤 모빌리티 공략",현대차는 인도 시장에 맞춤형 마이크로모빌리티를 제공하기 위해 TVS와 3륜 전기차 공동개발 협약을 체결했다.,호재,2026-04-21 11:20,14.0,사실형,72.0
https://n.news.naver.com/mnews/article/008/0005347042?sid=101,현대차 (자동차/모빌리티),인도서 달리는 현대차…'3륜 전기차'에 전기SUV·제네시스도,"현대차는 인도에서 설계·개발한 전기 SUV를 출시하고, 제네시스의 신규 진출도 검토 중이다.",호재,2026-04-21 11:12,19.7,사실형,80.7
https://n.news.naver.com/mnews/article/014/0005510870?sid=101,현대차 (자동차/모빌리티),"현대차, 소형 전기 해치백 '아이오닉3' 공개…""유럽 EV 라인업서 핵심 역...","현대차가 유럽 전용 모델인 소형 전기 해치백 '아이오닉3'를 선보이며, 1회 충전 시 최대 주행거리는 496km에 달한다.",호재,2026-04-21 11:00,4.7,사실형,70.4
https://n.news.naver.com/mnews/article/030/0003419908?sid=103,현대차 (자동차/모빌리티),"현대차, 인도 TVS 모터컴퍼니와 3륜 전기차 공동 개발","현대차와 인도 TVS 모터컴퍼니가 3륜 전기차 공동 개발에 합의하고, 인도에서 직접 부품을 조달·생산하여 가격 경쟁력과 친환경성·안전성을 갖춘 제품을 제공할 계획이다.",호재,2026-04-21 10:56,14.4,사실형,87.8
https://n.news.naver.com/mnews/article/366/0001158452?sid=103,현대차 (자동차/모빌리티),"현대차, 이탈리아서 아이오닉3 세계 최초 공개",현대차가 이탈리아 밀라노에서 차세대 전기차 아이오닉3를 세계 최초로 공개했다.,호재,2026-04-21 10:48,8.2,사실형,73.2
https://n.news.naver.com/mnews/article/015/0005273700?sid=101,삼성전자 (IT/반도체),"삼성전자, 중국 사업 구조조정 시작하나…""반도체 분야 집중"" 전망","삼성전자, 중국 사업 일부를 축소하고 반도체 분야에 집중할 가능성이 있다.",호재,2026-04-11 16:43,42.2,사실형,93.5
https://n.news.naver.com/mnews/article/016/0002629391?sid=101,KB금융 (금융/밸류업),"KB국민은행, 대출 전과정 내부관리기준 강화","KB국민은행은 대출 전 과정의 내부 관리 기준을 강화하여 소비자 보호를 강화하고, 취약계층 대출 관리를 강화한다.",호재,2026-04-14 11:38,18.1,사실형,90.7
https://n.news.naver.com/mnews/article/029/0003021558?sid=101,KB금융 (금융/밸류업),국민연금 국내주식 평가액 224조원 증가…삼성전자·하이닉스가 54%,"국민연금 국내 주식 투자 금액이 224조원 증가했으며, 삼성전자와 SK하이닉스가 54%를 차지했다.",호재,2026-04-14 11:15,40.3,사실형,96.9
https://n.news.naver.com/mnews/article/024/0000104782?sid=101,KB금융 (금융/밸류업),“삼전·닉스 담았더니 1년 만에”…국민연금 평가액 ‘껑충’,"국민연금의 국내 주식 보유 평가액이 최근 1년 간 3배 가까이 늘어난 가운데, 삼성전자와 SK하이닉스에 집중된 것으로 나타났다.",호재,2026-04-14 10:59,54.2,사실형,94.9
https://n.news.naver.com/mnews/article/014/0005507297?sid=101,KB금융 (금융/밸류업),"KB데이타시스템, 마이크로소프트와 함께 청소년 AI 인재 양성 나서",KB데이타시스템과 마이크로소프트는 청소년 AI 인재 양성을 위해 '유스 AI 프로젝트:D' 2기를 시작한다.,호재,2026-04-14 10:37,41.6,사실형,49.3
https://n.news.naver.com/mnews/article/119/0003080433?sid=105,네이버 (IT/플랫폼),"'커머스 힘받은' 네이버, '내실경영' 카카오…1분기 역대급 실적 예고",네이버와 카카오가 1분기 호실적을 거둘 전망이다. 네이버의 실적은 커머스 사업부 성장과 쿠팡 사태 반사 수혜로 인해 견인될 것으로 보인다.,호재,2026-04-14 13:38,19.0,사실형,63.6
https://n.news.naver.com/mnews/article/028/0002800651?sid=101,KB금융 (금융/밸류업),"국민연금, 1년 새 2년치 보험료 벌었다…주식 평가액 224조 늘어",국민연금의 국내 주식 보유 지분 평가액이 1년 3개월 사이에 224조원 늘어난 것으로 집계됐다.,호재,2026-04-14 11:02,32.4,사실형,96.9
https://n.news.naver.com/mnews/article/138/0002224364?sid=101,KB금융 (금융/밸류업),"KB국민은행, 대출 관리 더 죈다…금융소비자보호 전면 강화",KB국민은행이 대출 관리를 강화하고 금융소비자 보호를 위해 다양한 조치를 취한다.,호재,2026-04-14 10:03,20.5,사실형,86.0
https://n.news.naver.com/mnews/article/029/0003021534?sid=101,KB금융 (금융/밸류업),"KB데이타시스템·한국MS, 청소년 ‘AI 인재’ 키운다",KB금융그룹의 IT 전문 계열사인 KB데이타시스템과 한국마이크로소프트가 청소년 인재 육성을 위해 협력한다.,호재,2026-04-14 10:27,18.1,사실형,51.0
https://n.news.naver.com/mnews/article/018/0006256908?sid=101,KB금융 (금융/밸류업),KB국민은행 대출 전 과정에서 '소비자보호' 강화,KB국민은행이 대출 전 과정에서 소비자보호를 강화하여 고객의 상환 능력과 거래 적합성을 보다 면밀히 반영하는 데 목적이 있다.,호재,2026-04-14 10:22,13.8,사실형,84.6
https://m.sports.naver.com/golf/article/421/0008888679,KB금융 (금융/밸류업),"'대형 신인' 김민솔 2연승 도전…""우승 흐름 이번주도 이어간다""",김민솔이 이번 주에 또 한번 우승을 도전할 것으로 보인다.,호재,2026-04-14 13:48,28.8,사실형,99.5
https://m.sports.naver.com/golf/article/011/0004610545,KB금융 (금융/밸류업),"‘슈퍼루키’ 김민솔, 넥센·세인트나인 마스터즈서 2개 대회 연속 우승...",'슈퍼루키' 김민솔이 넥센·세인트나인 마스터즈서 2개 대회 연속 우승했다.,호재,2026-04-14 14:20,20.1,예측형,0.4
https://m.sports.naver.com/golf/article/016/0002629298,KB금융 (금융/밸류업),KLPGA 넥센·세인트나인 마스터스 2026 17~19일 개최,"KLPGA 넥센·세인트나인 마스터스 2026은 17~19일 개최되며, 올 시즌 우승자가 모두 참가한다.",호재,2026-04-14 10:43,45.1,사실형,99.1
https://n.news.naver.com/mnews/article/629/0000491120?sid=101,KB금융 (금융/밸류업),'외환 강자' 하나금융…변동성 장기화에도 자본 방어력 '굳건',하나금융은 변동성 장기화에도 자본 방어력을 유지하고 있어 주목받고 있다.,호재,2026-04-14 10:43,23.1,사실형,70.3
https://m.entertain.naver.com/article/003/0013886489,하이브 (엔터/미디어),"[인터뷰] 박지원 하이브 前 대표 ""'민희진 없으면 어도어 가치 제로' 발...",박지원 전 하이브 대표는 민희진 전 어도어 대표와의 풋옵션 분쟁 판결에 대해 처음 입을 열었다.,호재,2026-04-14 13:00,58.4,사실형,85.7
https://m.entertain.naver.com/article/144/0001109756,하이브 (엔터/미디어),하이브 박지원 “민희진 달래려 했다” 판결 반박,하이브 박지원 전 대표가 민희진 전 어도어 대표와의 풋옵션 분쟁에 대해 반박했다.,호재,2026-04-14 14:04,40.1,사실형,54.7
https://n.news.naver.com/mnews/article/660/0000107365?sid=101,KB금융 (금융/밸류업),국민연금 국내 주식 평가액 1년 새 224조 증가...증가액 절반이 삼성·하...,"국민연금의 국내 주식 보유 평가액 1년 새 224조 증가, 증가액 절반 이상이 삼성·SK하이닉스에 집중",호재,2026-04-14 10:07,57.5,추론형,0.0
https://n.news.naver.com/mnews/article/421/0008890081?sid=101,LG에너지솔루션 (2차전지),"LG엔솔, '최연소·첫 외국인' 연구위원 발탁…역대 최대 규모 기술 인사",LG엔솔이 역대 최대 규모의 연구·전문위원 17명을 선임하여 차세대 기술 경쟁력 강화에 나섰다.,호재,2026-04-15 08:37,24.4,사실형,57.8
https://n.news.naver.com/mnews/article/009/0005666069?sid=103,현대차 (자동차/모빌리티),"현대차 정몽구재단, 아·태 임팩트 스타트업 육성 위해 UNDP와 ‘맞손’","현대차 정몽구재단과 UNDP가 아시아·태평양 지역 임팩트 스타트업 육성을 위해 협력하고, 선발 규모는 연간 20개 팀이다.",호재,2026-04-15 09:04,22.1,사실형,82.2
https://n.news.naver.com/mnews/article/008/0005344001?sid=101,삼성바이오로직스 (제약/바이오),"주주는 무배당 견디는데...""3000만원 격려금·성과급 달라""는 삼바 노조",삼성바이오로직스 노조는 3000만원 격려금과 초과이익 성과급(OPI)을 요구하며 파업을 예고했다.,호재,2026-04-14 15:06,39.8,사실형,65.7
https://n.news.naver.com/mnews/article/016/0002632997?sid=105,네이버 (IT/플랫폼),‘AI추천’ 네이버플러스스토어 777만명…역대 최대 MAU,네이버플러스스토어의 AI 쇼핑 에이전트가 도입되면서 777만명의 월간 활성 이용자 수(MAU)를 기록했다.,호재,2026-04-21 11:43,24.6,사실형,99.7
https://n.news.naver.com/mnews/article/117/0004056373?sid=103,현대차 (자동차/모빌리티),"현대차, ‘아이오닉 3’ 세계 최초 공개…유럽 시장 정조준",현대차가 이탈리아 밀라노에서 열린 '2026 밀라노 디자인 위크'에서 '아이오닉 3'를 세계 최초로 공개했다.,호재,2026-04-21 10:53,9.3,예측형,40.4
https://n.news.naver.com/mnews/article/018/0006262553?sid=105,네이버 (IT/플랫폼),"네이버, GS 풍력발전 지분 투자·PPA 체결…재생에너지 확보 ‘첫 사례’",네이버가 GS풍력발전과 재생에너지 직접 PPA 계약을 체결하여 재생에너지 확보에 나섰다.,호재,2026-04-21 11:34,47.3,사실형,85.5
https://n.news.naver.com/mnews/article/374/0000505706?sid=101,네이버 (IT/플랫폼),"네이버, GS풍력발전 지분 30% 인수…""데이터센터 재생에너지 확보""","네이버는 GS풍력발전과 재생에너지 직접 전력거래 계약을 체결하고, 전력 생산하는 발전소의 30% 지분을 인수했다.",호재,2026-04-21 11:57,72.5,추론형,0.0
https://n.news.naver.com/mnews/article/092/0002419475?sid=103,현대차 (자동차/모빌리티),"""현대차 독점 유도""…전기버스 업계도 ’보조금 과락제' 반발 가세",전기버스 업계는 정부가 발표한 전기차 보조금 지급 사업자 평가 기준을 두고 반발에 가세했다.,호재,2026-04-21 10:56,54.9,사실형,75.1
https://n.news.naver.com/mnews/article/243/0000096730?sid=101,KB금융 (금융/밸류업),"KB금융, ‘정보보호 자율공시’ 시행으로 금융소비자보호 강화",KB금융은 2027년 정보보호산업법 시행을 앞두고 그룹 정보보호 자율공시를 시행하여 금융소비자보호를 강화한다.,호재,2026-04-21 10:58,9.6,사실형,61.5
https://n.news.naver.com/mnews/article/586/0000127418?sid=101,네이버 (IT/플랫폼),"AI 시대, 네이버의 승부수는 풍력발전소 지분 인수",네이버가 데이터센터에 친환경 전력을 공급하기 위해 풍력발전소 지분 30%를 인수하는 승부수를 띄웠다.,호재,2026-04-21 11:23,33.1,사실형,67.2
https://n.news.naver.com/mnews/article/014/0005510789?sid=101,KB금융 (금융/밸류업),"KB금융, '정보보호 자율공시' 시행...소비자보호 강화","KB금융은 정보보호 자율 공시를 시행하여 금융소비자보호를 강화하고, 정보보호를 기업 경영의 핵심 요소로 정착시키기 위한 조치를 취한다.",호재,2026-04-21 09:51,8.5,사실형,74.2
https://n.news.naver.com/mnews/article/215/0001249683?sid=101,KB금융 (금융/밸류업),"KB금융, 'KB착한푸드트럭 시즌2' 장애인 사업주 특별 모집",KB금융은 장애인 사업주 30명을 추가로 모집하여 푸드트럭 운영을 지원한다.,호재,2026-04-21 10:28,22.2,사실형,83.4
https://n.news.naver.com/mnews/article/055/0001350190?sid=102,하이브 (엔터/미디어),"""부당이득 2천억""…경찰, 하이브 방시혁 구속영장 신청",경찰이 하이브 방시혁 의장에 대한 구속영장을 신청했다.,악재,2026-04-21 12:25,38.0,추론형,0.0
https://n.news.naver.com/mnews/article/014/0005510794?sid=101,KB금융 (금융/밸류업),"KB금융, 'KB착한푸드트럭 시즌2' 장애인 사업주 특별 모집",KB금융은 장애인 사업주를 대상으로 'KB착한푸드트럭 시즌2' 특별 모집을 실시한다.,호재,2026-04-21 09:54,13.6,사실형,82.8
https://m.sports.naver.com/golf/article/421/0008902294,KB금융 (금융/밸류업),"KLPGA, '2026년 엘리트 유소년 골프 멘토링' 참가자 모집",KLPGA가 2026년 엘리트 유소년 골프 멘토링 참가자 모집을 시작한다.,호재,2026-04-21 11:25,36.5,사실형,97.6
https://n.news.naver.com/mnews/article/056/0012166489?sid=102,하이브 (엔터/미디어),"경찰, ‘사기적 부정거래’ 방시혁 하이브 의장에 구속영장 신청",경찰이 하이브 방시혁 의장에 대해 구속영장을 신청한 이유는 하이브 상장 과정에서 투자자들을 속여 천억 원이 넘는 부당 이익을 챙겼다는 의혹 때문입니다.,악재,2026-04-21 12:16,43.4,추론형,0.0
https://n.news.naver.com/mnews/article/586/0000127426?sid=102,하이브 (엔터/미디어),"경찰, '1900억 부정거래 혐의' 방시혁 하이브 의장 구속영장 신청",경찰이 방시혁 하이브 의장에 대해 자본시장법 위반 혐의로 구속영장을 신청했다.,악재,2026-04-21 11:47,15.2,사실형,96.1
https://n.news.naver.com/mnews/article/052/0002343674?sid=102,하이브 (엔터/미디어),"경찰, 방시혁 하이브 의장 구속영장 신청...'사기적 부정거래' 혐의",경찰이 방시혁 하이브 의장에 대한 구속영장을 신청했습니다. 방 의장은 하이브 상장 과정에서 천900억 원 규모의 부당이득을 취한 혐의를 받고 있습니다.,악재,2026-04-21 12:19,53.4,추론형,0.0
https://m.sports.naver.com/golf/article/016/0002632814,KB금융 (금융/밸류업),2026년 KLPGA 유소년 골프 멘토링 참가자 모집,"KLPGA 유소년 골프 멘토링 참가자 모집, 현재 KLPGA투어에서 활약중인 선수들이 참여한 프로그램에 참가자 모집한다.",호재,2026-04-21 10:14,45.9,사실형,79.7
https://n.news.naver.com/mnews/article/243/0000096741?sid=101,하이브 (엔터/미디어),"경찰, 방시혁 구속영장 신청…하이브 주가는 '반락'",경찰이 방시혁 하이브 의장에 대한 구속영장을 신청하여 하이브 주가는 약세를 보이고 있다.,악재,2026-04-21 11:47,29.3,사실형,96.5
https://n.news.naver.com/mnews/article/015/0005277591?sid=102,하이브 (엔터/미디어),"경찰, 방시혁 하이브 의장에 구속영장 신청…수사 1년 4개월 만","경찰이 방시혁 하이브 의장에 구속영장을 신청하며, 그는 사기적 부정거래 혐의를 받고 있다.",악재,2026-04-21 11:46,32.9,사실형,97.6
https://n.news.naver.com/mnews/article/119/0003082859?sid=102,하이브 (엔터/미디어),"경찰, 하이브 방시혁 의장 사기적 부정거래 혐의 구속영장 신청",경찰이 하이브 방시혁 의장에 대해 사기적 부정거래 혐의로 구속영장을 신청했다.,악재,2026-04-21 11:40,17.7,사실형,94.2
https://n.news.naver.com/mnews/article/050/0000105165?sid=101,하이브 (엔터/미디어),"[속보]경찰, 방시혁 하이브 의장 구속영장 신청","경찰은 방시혁 하이브 의장에 대한 구속영장을 신청했으며, 사기적 부정거래 혐의로 조사 중이다.",악재,2026-04-21 11:39,5.6,사실형,76.3
https://n.news.naver.com/mnews/article/277/0005743890?sid=101,삼성바이오로직스 (제약/바이오),"[특징주]'호실적·美생산시설 인수' 삼성바이오로직스, 5%대↑",삼성바이오로직스는 미국 메릴랜드에 위치한 GSK 생산 시설 인수를 완료하여 생산 능력을 확대하고 안정적 성장세를 보이며 주가가 오름세를 보이고 있다.,호재,2026-04-02 09:40,7.336027472988016,사실형,65.33240231219679
https://n.news.naver.com/mnews/article/346/0000107276?sid=103,삼성바이오로직스 (제약/바이오),"삼성바이오로직스, 美 록빌 바이오의약품 생산시설 인수 완료",삼성바이오로직스는 미국의 GSK 바이오의약품 생산시설을 인수 완료하여 생산능력을 확대하고 글로벌 고객에 안정적이고 유연한 생산 옵션을 제공할 수 있다.,호재,2026-04-01 15:04,19.499941304022617,사실형,85.32100105658174
https://n.news.naver.com/mnews/article/366/0001153578?sid=101,삼성바이오로직스 (제약/바이오),"[특징주] 삼성바이오로직스, 1분기 호실적 전망에…4% 강세",삼성바이오로직스는 1분기 호실적 전망에 힘입어 4% 강세를 보이고 있다.,호재,2026-04-02 09:36,15.380240852850868,사실형,78.31355345745882
https://n.news.naver.com/mnews/article/215/0001247473?sid=101,삼성바이오로직스 (제약/바이오),"삼성바이오로직스, 美 록빌 바이오의약품 생산시설 인수 완료",삼성바이오로직스가 미국 록빌의 바이오의약품 생산시설을 인수 완료하여 미국 내 첫 생산거점을 확보하고 총 생산능력을 확대했다.,호재,2026-04-01 13:21,9.63006917768171,사실형,80.63989202491939
https://n.news.naver.com/mnews/article/031/0001018631?sid=101,삼성바이오로직스 (제약/바이오),"삼성바이오로직스, 美 록빌 생산시설 인수 완료",삼성바이오로직스가 미국 록빌 생산시설을 인수하여 글로벌 생산능력 총 84.5만L로 확대했다.,호재,2026-04-01 09:58,19.264631937111066,사실형,63.716977718286216
https://n.news.naver.com/mnews/article/011/0004605773?sid=101,삼성바이오로직스 (제약/바이오),"삼성바이오로직스, 美 록빌 인수 완료… 6만L 확대","삼성바이오로직스가 미국 록빌 생산시설을 인수하여 6만리터 규모의 생산능력을 확대하고, 북미 고객 대응 기반을 강화하며 송도와 미국을 잇는 이원화 생산체계를 구축했습니다.",호재,2026-04-01 08:56,12.451548168037341,사실형,69.72017775361354
https://n.news.naver.com/mnews/article/015/0005269456?sid=105,삼성바이오로직스 (제약/바이오),"삼성바이오로직스, 84만5000L 규모 美 록빌 바이오의약품 생산시설 인수...",삼성바이오로직스가 미국 메릴랜드주 록빌의 바이오의약품 생산시설을 인수하여 미국 내 첫 생산거점을 확보했다.,호재,2026-04-01 08:38,12.281516030208605,사실형,87.66569358607134
https://n.news.naver.com/mnews/article/417/0001137085?sid=101,삼성바이오로직스 (제약/바이오),"[아침밥] 유안타 ""안정적 성장세 삼성바이오로직스, 목표가 210만원""",유안타증권이 삼성바이오로직스의 목표주가를 210만원으로 설정하며 안정적 성장세를 예상했다.,호재,2026-04-02 08:16,18.956433116635374,사실형,53.171540999056354
https://n.news.naver.com/mnews/article/366/0001152528?sid=101,삼성바이오로직스 (제약/바이오),"삼성바이오로직스, 창사 첫 파업 위기…노조 95.5% ‘찬성’",삼성바이오로직스 노조가 파업에 돌입할 가능성이 높아지면서 파업이 현실화할 경우 삼성바이오로직스의 공장 가동에 차질이 생길 수 있다.,악재,2026-03-29 19:59,17.78525967323379,사실형,73.56751281768084
https://n.news.naver.com/mnews/article/123/0002380748?sid=004,삼성바이오로직스 (제약/바이오),"삼성바이오로직스, 올해 실적 전망 좋은데...변수는 노사 갈등 [주가동...","DB證은 삼성바이오로직스 목표주가와 투자의견을 유지하며, 실적 상승에 노사 갈등이 변수가 될 수 있다고 밝혔다.",호재,2026-04-03 17:35,13.690935836149576,사실형,71.41961104163985
https://n.news.naver.com/mnews/article/018/0006247018?sid=101,삼성바이오로직스 (제약/바이오),"삼성바이오로직스, 美 록빌 바이오의약품 생산시설 인수 완료","삼성바이오로직스는 미국 메릴랜드주 록빌 바이오의약품 생산시설을 인수하여 글로벌 생산능력을 확대하고, 한국 송도와 미국 록빌을 연결하는 이원화 생산체계를 구축했다.",호재,2026-04-01 08:52,10.821113612266087,사실형,63.14147287979722
https://n.news.naver.com/mnews/article/020/0003708788?sid=105,삼성바이오로직스 (제약/바이오),"삼성바이오로직스, 美록빌 생산시설 인수 완료… 글로벌 생산능력 84만...",삼성바이오로직스가 미국 록빌 바이오의약품 생산시설을 인수 완료하여 글로벌 생산능력 84만5000리터로 늘어났다.,호재,2026-04-01 10:15,12.300061607396206,사실형,59.78878395898002
https://n.news.naver.com/mnews/article/421/0008856149?sid=103,삼성바이오로직스 (제약/바이오),"삼성바이오로직스, 창사 이래 첫 파업 위기…노조 찬성률 95.5%","삼성바이오로직스는 창사 이래 처음으로 파업 위기를 맞고 있으며, 노조는 95.5%의 찬성률로 파업에 찬성했다.",호재,2026-03-29 19:40,18.729520221845554,사실형,53.49199647371279
https://n.news.naver.com/mnews/article/119/0003075593?sid=101,삼성바이오로직스 (제약/바이오),"삼성바이오로직스, 美 록빌 생산시설 인수 완료","삼성바이오로직스는 미국 록빌 공장을 인수하여 미국 내 첫 생산거점을 확보하고, 총 생산능력을 84만5000ℓ로 확대했다.",호재,2026-04-01 08:54,10.53174626829907,사실형,76.25221233814955
https://n.news.naver.com/mnews/article/082/0001373280?sid=101,삼성바이오로직스 (제약/바이오),"삼성바이오로직스, 첫 노조 ‘파업’…찬성률 95% 넘어",삼성바이오로직스 노조가 사상 첫 파업에 돌입한다.,호재,2026-03-29 18:33,6.074902115244141,사실형,83.84758830070496
https://n.news.naver.com/mnews/article/629/0000486239?sid=101,삼성바이오로직스 (제약/바이오),"삼성바이오로직스 노조, 창사 이래 첫 파업 예고…노조 찬성 95%","삼성바이오로직스 노조가 창사 이래 첫 파업을 예고하고, 임금 인상과 성과급에 관한 사측과의 갈등을 이유로 한다.",호재,2026-03-29 19:54,15.187351584157804,사실형,51.77756289474649
https://n.news.naver.com/mnews/article/003/0013865433?sid=101,삼성전자 (IT/반도체),"삼성전자, 美서 2나노 인재채용 확대…올 하반기 신공장 가동 채비","삼성전자가 미국 테일러 공장에서 2나노 공정 인재를 채용하고 있으며, 올 하반기 가동을 앞두고 있다.",호재,2026-04-03 11:14,25.81248824272191,사실형,67.14849153067917
https://n.news.naver.com/mnews/article/015/0005270694?sid=101,삼성전자 (IT/반도체),"전쟁 터지자…""삼전, 지금 팔아도 이득"" 1억주 매도한 외국인",전쟁 터지자 외국인 투자자가 삼성전자 1억2만주를 순매도해 지분율 13년만에 최저 수준으로 내리게 되었다.,호재,2026-04-03 15:21,35.84478814810335,사실형,96.41390442848206
https://n.news.naver.com/mnews/article/417/0001137318?sid=101,삼성전자 (IT/반도체),삼성전자 4%·하이닉스 5%대 급등…환율 1510원,코스피와 코스닥이 장 초반 동반 강세로 출발했다.,호재,2026-04-03 09:23,56.01051445773433,사실형,73.64761726930737
https://n.news.naver.com/mnews/article/031/0001019488?sid=105,삼성전자 (IT/반도체),"삼성전자, ‘AI 통화 기능’ S26만…추가 적용 여부 주목","삼성전자, 갤럭시 S26에만 AI 통화 기능을 적용해 기존 모델 사용자들의 불만이 일고 있다.",호재,2026-04-03 14:39,28.53317114096572,사실형,77.96874636445533
https://n.news.naver.com/mnews/article/003/0013866342?sid=101,삼성전자 (IT/반도체),"삼성전자 DS부문, '상생협력 데이'…""함께 성장하는 생태계 조성""",삼성전자 DS부문이 협력회사와 함께 성장하는 산업 생태계를 조성하기 위해 파트너십을 강화하고 동반성장을 이어가기로 결정했다.,호재,2026-04-03 16:00,44.876165037552305,사실형,91.76967654909406
https://n.news.naver.com/mnews/article/025/0003516460?sid=102,KB금융 (금융/밸류업),"법무법인 세종, 자본시장·금융 전문가 이충연·이동철 고문 영입","법무법인 세종이 자본시장 및 금융 분야 경쟁력을 강화하기 위해 이충연, 이동철 고문을 영입했다.",호재,2026-04-15 18:25,20.7,사실형,98.6
https://n.news.naver.com/mnews/article/011/0004611144?sid=101,KB금융 (금융/밸류업),"KB, 보이스피싱 예방사업 지원",KB금융그룹이 경찰청과 손잡고 보이스피싱 예방과 고령 운전자 지원 사업에 6억 원을 지원한다.,호재,2026-04-15 18:34,22.8,사실형,76.1
https://n.news.naver.com/mnews/article/015/0005275459?sid=101,KB금융 (금융/밸류업),"KB금융, 경찰청과 금융사기 예방 사업",KB금융그룹이 경찰청과 금융사기 예방 사업을 함께 시작한다.,호재,2026-04-15 18:03,23.6,대화형,44.7
https://n.news.naver.com/mnews/article/081/0003635816?sid=101,KB금융 (금융/밸류업),3년 전과 달라진 KB금융… 회장 자격 ‘세부 기준’ 상시 공개 [경제 블...,KB금융은 회장 인선 절차에 투명성을 높이기 위해 회장 자격 요건 세부 기준을 상시 공개하고 있습니다.,호재,2026-04-16 05:05,35.0,추론형,0.0
https://n.news.naver.com/mnews/article/032/0003440060?sid=101,KB금융 (금융/밸류업),"KB금융, 경찰청과 보이스피싱·고령운전자 교통사고 예방",KB금융은 경찰청과 함께 전기통신금융사기 예방과 고령 운전자 페달 오조작 방지 지원 사업을 시작한다.,호재,2026-04-15 16:37,25.3,사실형,92.2
https://n.news.naver.com/mnews/article/277/0005750077?sid=101,KB금융 (금융/밸류업),"""1년 전에만 따라했어도 부자됐다""…1년 만에 '224조' 수익 낸 국민연금",국민연금의 국내 주식 보유 평가액이 1년 동안 224조원 이상 증가했다.,호재,2026-04-15 18:33,26.1,사실형,87.9
https://n.news.naver.com/mnews/article/014/0005508336?sid=101,KB금융 (금융/밸류업),"KB금융 ""금융사기 예방·고령운전자 안전 지원""",KB금융그룹은 6억원 규모의 사회공헌 사업을 추진하여 금융사기 예방 및 고령운전자 안전 지원을 제공한다.,호재,2026-04-15 18:16,17.4,사실형,86.2
https://n.news.naver.com/mnews/article/366/0001157149?sid=101,KB금융 (금융/밸류업),ESG·메타버스 액티브 ETF 왜 올랐나 봤더니…알고보니 삼전닉스 효과,ESG·메타버스 ETF가 반도체 비중을 높인 것은 삼성전자와 SK하이닉스의 역대급 실적에 따른 삼전닉스 효과로 추정된다.,호재,2026-04-15 16:13,22.0,사실형,92.5
https://n.news.naver.com/mnews/article/015/0005275595?sid=101,한화에어로스페이스 (방산/우주항공),"Today's Pick : ""한화에어로, 목표가 20% 상향…하반기 실적 좋을 것"" [마...","한화에어로스페이스의 목표주가는 20% 상향되고, 투자의견은 매수로 유지된다.",호재,2026-04-16 08:39,14.7,사실형,65.2
https://n.news.naver.com/mnews/article/081/0003635690?sid=101,KB금융 (금융/밸류업),"‘회장 기준까지 공개’… KB금융 회추위, 2023년과 달라진 점은 [경제 ...",KB금융은 회장 자격요건 세부기준을 공개하여 투명성을 높이고자 한다.,호재,2026-04-15 17:29,35.3,추론형,0.0
https://n.news.naver.com/mnews/article/003/0013890496?sid=101,한화에어로스페이스 (방산/우주항공),"하나證 ""한화에어로, 1분기 실망 딛고 하반기 개선 기대…목표가↑""","하나증권은 한화에어로스페이스의 목표주가를 146만원에서 175만원으로 상향 조정하고, 하반기 실적 개선에 대한 기대치를 높였다.",호재,2026-04-16 08:21,25.0,사실형,74.8
https://n.news.naver.com/mnews/article/024/0000104817?sid=101,KB금융 (금융/밸류업),“삼전·닉스가 다했네”…190조 기록한 국내 상장사 영업이익,삼성전자가 25년간 지켜오던 당기순이익 1위 자리를 SK하이닉스가 탈환했다.,호재,2026-04-15 15:35,48.0,사실형,97.8
https://n.news.naver.com/mnews/article/018/0006258190?sid=101,한화에어로스페이스 (방산/우주항공),"한화에어로, 지상방산 수주잔고 쌓인다…목표가 20%↑-하나","하나증권은 한화에어로스페이스의 지상방산 수주잔고가 쌓여가고 있다고 보고, 목표주가를 20% 상향 조정했다.",호재,2026-04-16 08:09,26.7,사실형,77.9
https://n.news.naver.com/mnews/article/469/0000925572?sid=101,KB금융 (금융/밸류업),"KB금융, 경찰청과 손잡고 보이스피싱 예방·고령 운전자 지원 사업",KB금융그룹은 경찰청과 손잡고 보이스피싱 예방과 고령 운전자 안전 지원을 위한 6억 원 규모의 사회공헌 사업을 추진한다.,호재,2026-04-15 14:33,15.0,사실형,93.5
https://n.news.naver.com/mnews/article/215/0001248850?sid=101,KB금융 (금융/밸류업),"KB, K아트 신진작가 발굴…""금융·예술 시너지""","KB금융그룹은 젊고 유망한 신진 작가 조이스 진과 송인욱의 특별전을 개최하며, 신진 작가의 도전과 성장을 지원한다.",호재,2026-04-13 17:25,14.3,사실형,86.3
https://m.sports.naver.com/general/article/654/0000175475,KB금융 (금융/밸류업),강릉이 낳은 쇼트트랙 여제 심석희 국가대표 선발전 준우승,심석희가 쇼트트랙 국가대표 선발전 준우승을 차지했다.,호재,2026-04-14 00:07,22.4,사실형,99.7
https://n.news.naver.com/mnews/article/018/0006256517?sid=101,KB금융 (금융/밸류업),국민·하나은행·KB카드 콜센터 노조 ‘사용자성’ 인정에 금융권 셈법...,국민·하나은행·KB카드 콜센터 노조가 사용자성 인정으로 금융권에 큰 영향을 미치는 중이다.,호재,2026-04-13 17:32,52.5,사실형,72.7
https://n.news.naver.com/mnews/article/003/0013884789?sid=101,KB금융 (금융/밸류업),"KB금융, '2026 오픈이노베이션' 참여 유망 스타트업 모집",KB금융그룹은 '2026 KB 오픈이노베이션 프로그램'에 참여할 유망 스타트업을 모집한다.,호재,2026-04-13 16:37,23.2,사실형,84.9
https://n.news.naver.com/mnews/article/081/0003634867?sid=103,KB금융 (금융/밸류업),상반기 미술시장 가늠자 ‘화랑미술제’ 5만명 찾아…“시장 회복 기대...,화랑미술제는 5만여 명이 방문하여 중저가 작품 판매와 고가 작품 거래로 시장 회복에 대한 기대감을 보여줬다.,호재,2026-04-13 18:17,29.6,사실형,75.5
https://n.news.naver.com/mnews/article/215/0001248877?sid=101,하이브 (엔터/미디어),'반토막' SM·YG·하이브 목표주가 또 내렸다,"엔터테인먼트 업종 전반의 주가 하락세와 앨범 판매량 감소, 핵심 아티스트 공백으로 인해 SM·YG·하이브 목표주가 또 내렸다.",악재,2026-04-14 06:00,18.5,사실형,72.1
https://n.news.naver.com/mnews/article/293/0000082670?sid=101,한화에어로스페이스 (방산/우주항공),[한화에어로 줌인] '가장 위험한 축' 김동관 부회장에게 집중된 까닭은,"한화에어로스페이스는 최근 몇 년 사이 한화그룹 내 방산 역량을 단일 법인으로 집결시키고, 사업 범위는 항공기 엔진, 소형위성 및 발사체, K9 자주포를 포함한 지상무기까지 확장했다.",호재,2026-04-13 17:18,26.6,사실형,79.7
https://n.news.naver.com/mnews/article/008/0005343989?sid=101,삼성전자 (IT/반도체),"국내 유턴 서학개미, 엔비디아 팔고 삼전·닉스 샀다",국내 유턴 서학개미들이 엔비디아를 팔고 삼전·닉스 등 국내 주도주와 ETF를 산 것으로 나타났다.,호재,2026-04-14 14:59,20.3,사실형,97.7
https://n.news.naver.com/mnews/article/243/0000096321?sid=101,삼성전자 (IT/반도체),"""삼전닉스, 내 연금 지켜줘서 고마워""...국민연금 주식가치 1년 새 3배 올...",국민연금이 보유한 국내 주식의 평가액이 최근 약 1년 사이 3배 가까이 늘어 224조가 증가했다.,호재,2026-04-14 15:02,45.2,사실형,98.5
https://n.news.naver.com/mnews/article/079/0004136607?sid=102,현대차 (자동차/모빌리티),"김관영 전북지사, 현대차·군산조선소 대규모 투자 현장 점검",김관영 전북지사는 현대차와 군산조선소의 대규모 투자를 지원하기 위해 현장 행정에 나섰다.,호재,2026-04-14 15:18,18.0,사실형,74.6
https://n.news.naver.com/mnews/article/366/0001156741?sid=105,삼성전자 (IT/반도체),"“보급형 스마트폰마저”… 삼성전자, 인도서 갤럭시A·F시리즈 가격 인...","삼성전자, 인도서 보급형 스마트폰 가격 인상... 부품 가격 급등 영향",악재,2026-04-14 14:54,32.7,사실형,90.5
https://n.news.naver.com/mnews/article/028/0002800696?sid=101,현대차 (자동차/모빌리티),"국민성장펀드, 10조원 규모 2차 투자처 6곳 선정…현대차 등 포함",국민성장펀드는 현대차 새만금 프로젝트 등 6개 2차 메가프로젝트를 선정해 약 10조원을 투자한다.,호재,2026-04-14 15:02,23.6,사실형,86.6
https://n.news.naver.com/mnews/article/003/0013886662?sid=101,현대차 (자동차/모빌리티),"[현장] 르노코리아 CEO ""필랑트, 현대차·기아의 대안이 될 SUV""",르노코리아 CEO는 필랑트가 현대차·기아의 대안이 될 수 있는 SUV로 선보였다고 밝혔다.,호재,2026-04-14 14:06,14.9,사실형,76.1
https://n.news.naver.com/mnews/article/016/0002629530?sid=101,현대차 (자동차/모빌리티),국민성장펀드 2차 메가프로젝트로 현대차 새만금 첨단벨트 등 6건 선정,국민성장펀드 2차 메가프로젝트로 현대차 새만금 첨단벨트 등 6건 선정,호재,2026-04-14 15:02,37.4,사실형,63.1
https://n.news.naver.com/mnews/article/277/0005749294?sid=101,KB금융 (금융/밸류업),"KB데이타시스템, 청소년 AI 인재 양성 프로그램 가동",KB데이타시스템이 마이크로소프트와 함께 청소년 AI 교육 프로그램 'Youth AI 프로젝트:D' 2기를 시작한다.,호재,2026-04-14 14:50,22.0,사실형,60.7
https://n.news.naver.com/mnews/article/014/0005507466?sid=101,KB금융 (금융/밸류업),"코스피, 美-이란 재협상 기대에 6000선 돌파...외인·기관 '사자'[fn오후...",코스피가 미국-이란 재협상 기대감에 힘입어 30거래일만에 6000선을 돌파했다.,호재,2026-04-14 14:25,57.4,사실형,91.1
https://n.news.naver.com/mnews/article/030/0003417732?sid=101,KB금융 (금융/밸류업),"KB데이타시스템-MS, 청소년 AI 인재 양성 프로젝트 2기 가동",KB데이타시스템은 한국마이크로소프트와 청소년 인공지능(AI) 인재 육성을 위한 교육 프로그램 'Youth AI 프로젝트:D' 2기를 가동한다.,호재,2026-04-14 14:51,28.3,사실형,59.0
https://n.news.naver.com/mnews/article/025/0003516086?sid=102,현대차 (자동차/모빌리티),현대차 노조간부 44% “완전월급제”…임협 의제로 부상,현대차 노조가 다음달 임금협상에서 기술직의 '완전월급제' 도입을 주요 의제로 논의할 전망이다.,호재,2026-04-14 13:43,14.2,사실형,58.3
https://n.news.naver.com/mnews/article/310/0000135709?sid=103,KB금융 (금융/밸류업),5만 명 찾은 화랑미술제...불황 속에도 억대 거래·완판,2026 화랑미술제는 국제 정세 불안과 경기 불확실성에도 불구하고 약 5만 명이 방문하여 억대 거래와 완판을 기록했다.,호재,2026-04-14 12:34,22.8,사실형,89.7
https://m.sports.naver.com/golf/article/421/0008884657,KB금융 (금융/밸류업),"'루키' 김민솔, KLPGA iM금융오픈 와이어 투 와이어 우승…통산 3승",김민솔이 KLPGA iM금융오픈 와이어 투 와이어 대회에서 통산 3승을 차지했다.,호재,2026-04-12 15:36,24.7,사실형,99.7
https://m.sports.naver.com/general/article/241/0003504484,KB금융 (금융/밸류업),"[IS 목동] '신화' 최민정, 쇼트트랙 2차 선발전 3개 종목 1위·1위·1위…...",최민정은 쇼트트랙 2차 선발전 1000m 결승에서 1위를 차지했다.,호재,2026-04-12 16:30,31.9,사실형,99.7
https://m.sports.naver.com/golf/article/016/0002628347,KB금융 (금융/밸류업),"김민솔, KLPGA iM금융오픈 와이어투와이어 우승…통산 3승","김민솔이 KLPGA iM금융오픈 와이어투와이어 우승, 통산 3승을 달성했습니다.",호재,2026-04-12 16:12,21.2,사실형,98.6
https://n.news.naver.com/mnews/article/015/0005273878?sid=101,KB금융 (금융/밸류업),"KB금융, 호실적에 시총 '톱10' 복귀","KB금융이 1주일 동안 8.8% 상승하며 시총 10위에 올랐고, 은행의 이자 수익과 증권 부문의 수수료 수익이 조화를 이루는 것으로 평가받고 있습니다.",호재,2026-04-12 17:36,36.9,사실형,78.5
https://n.news.naver.com/mnews/article/011/0004609784?sid=101,KB금융 (금융/밸류업),"4대 금융, 올해 법인세만 6.2조…나라곳간 채웠다",4대 금융그룹이 올해 신고하는 법인세액이 전년보다 40% 가까이 늘어난 6조 2000억 원에 달하는 것으로 나타났다.,호재,2026-04-12 17:39,57.8,사실형,56.1
https://n.news.naver.com/mnews/article/108/0003425669?sid=004,한화에어로스페이스 (방산/우주항공),"한화에어로스페이스, 핀란드에 9400억원 규모 K9 공급",한화에어로스페이스가 핀란드에 9400억원 규모의 K9 자주포를 추가로 수출한다.,호재,2026-04-12 14:55,39.1,사실형,88.0
https://n.news.naver.com/mnews/article/003/0013882786?sid=101,한화에어로스페이스 (방산/우주항공),한화에어로 이어 한화솔루션까지…증권신고서 정정이란[금알못],한화솔루션이 유상증자와 관련한 증권신고서를 정정하라고 금융감독원으로부터 요구받았다.,악재,2026-04-13 06:00,40.8,추론형,99.9
https://n.news.naver.com/mnews/article/081/0003634642?sid=101,삼성전자 (IT/반도체),"아산시, 삼성전자 온양사업장에 ‘반도체 투자 유치’ 요청",아산시장이 삼성전자 온양사업장에 후공정 생산시설 확충 투자에 대한 요청을 해 삼성전자 측에서 투자 방안을 검토할 예정이다.,호재,2026-04-13 09:09,43.9,사실형,49.8
https://n.news.naver.com/mnews/article/366/0001156330?sid=101,삼성전자 (IT/반도체),"[특징주] 삼성전자, 美·이란 협상 결렬에 약세… ‘20만전자’ 반납",삼성전자 주가는 미국과 이란의 협상 결렬로 인해 약세를 보이고 있다.,악재,2026-04-13 09:17,21.5,사실형,76.2
https://n.news.naver.com/mnews/article/014/0005506487?sid=101,LG에너지솔루션 (2차전지),"김동명 LG엔솔 CEO ""AX로 '이기는 혁신'...2028년 생산성 50% 높인다""",LG엔솔 CEO 김동명이 2028년까지 전사 생산성을 50% 높이겠다고 발표했다.,호재,2026-04-13 09:16,28.8,사실형,73.1
https://n.news.naver.com/mnews/article/417/0001138667?sid=101,LG에너지솔루션 (2차전지),"김동명 LG엔솔 사장 ""2028년까지 전사 생산성 50% 높일 것""","LG엔솔 사장 김동명은 2028년까지 전사 생산성을 50% 높이고자 AX를 통해 경쟁의 판을 바꿀 절호의 기회를 노리며, 핵심 자산과 인재 중심의 게임 룰을 바꾸겠다고 밝혔다.",호재,2026-04-13 09:08,51.3,사실형,62.2
https://n.news.naver.com/mnews/article/001/0016017228?sid=101,LG에너지솔루션 (2차전지),"LG엔솔 김동명 ""AX로 '이기는 혁신'…2028년 생산성 50%↑""",LG엔솔 CEO 김동명이 전사적 인공지능 전환을 통해 2028년까지 생산성을 50% 개선하겠다고 발표했다.,호재,2026-04-13 09:04,36.1,사실형,61.2
https://n.news.naver.com/mnews/article/018/0006256014?sid=101,LG에너지솔루션 (2차전지),"LG엔솔 김동명 ""전사 AX로 2028년 생산성 50% 확대""",LG엔솔 CEO 김동명이 전사 AX를 통해 2028년까지 생산성을 50% 개선하겠다고 선언했다.,호재,2026-04-13 09:07,31.1,사실형,61.5
https://n.news.naver.com/mnews/article/421/0008885211?sid=101,LG에너지솔루션 (2차전지),"김동명 LG엔솔 사장 ""2028년 생산성 50% 향상…AX로 '이기는 혁신'""",LG엔솔 사장 김동명이 2028년까지 생산성을 50% 향상하고 '이기는 혁신'을 통해 경쟁력을 확보하기 위해 강력한 AI 거버넌스 구축을 발표했다.,호재,2026-04-13 09:05,36.7,사실형,53.0
https://n.news.naver.com/mnews/article/277/0005748410?sid=101,LG에너지솔루션 (2차전지),"LG엔솔, AX로 2028년 생산성 50% 개선…김동명 사장 ""경쟁 판 바꿀 기회...",LG엔솔이 2028년까지 생산성을 50%까지 끌어올리기 위해 전사적 인공지능 전환(AX)을 통해 경쟁의 판을 바꿀 계획을 발표했다.,호재,2026-04-13 08:59,30.0,사실형,76.0
https://n.news.naver.com/mnews/article/031/0001021565?sid=101,LG에너지솔루션 (2차전지),"김동명 ""AX는 생존 문제""…LG엔솔, 2028년 생산성 50% 상향",LG엔솔이 2030년 30%에서 2028년 50%로 생산성 목표를 앞당겨 AI 전환을 강화한다.,호재,2026-04-13 08:58,47.8,사실형,51.9
https://n.news.naver.com/mnews/article/092/0002418390?sid=105,LG에너지솔루션 (2차전지),"김동명 LG엔솔 ""AI로 2028년까지 생산성 50% 개선""",LG엔솔 CEO 김동명이 2028년까지 생산성을 50% 개선하기 위한 목표를 제시했다.,호재,2026-04-13 08:58,32.8,사실형,59.2
https://n.news.naver.com/mnews/article/119/0003079739?sid=101,LG에너지솔루션 (2차전지),"""AX로 이기는 혁신""…LG엔솔 김동명, 2028년 생산성 50% 승부","LG엔솔 최고경영자 김동명은 2028년까지 전사 생산성을 50% 개선하는 목표를 제시하며, 인공지능 전환(AI Transformation)으로 경쟁의 판을 바꿀 계획이다.",호재,2026-04-13 08:55,27.5,사실형,56.3
https://n.news.naver.com/mnews/article/008/0005343169?sid=101,LG에너지솔루션 (2차전지),"김동명 LG엔솔 CEO ""AX로 2028년 생산성 50% 개선""",LG엔솔 CEO 김동명이 2028년까지 전사 생산성을 50% 개선하는 목표를 제시했다.,호재,2026-04-13 09:01,47.0,사실형,65.9
https://n.news.naver.com/mnews/article/009/0005664863?sid=101,현대차 (자동차/모빌리티),"“현대차, 로보틱스 도입 가시화”…상상인증권, 목표주가 70만원 유지",상상인증권은 현대차의 로보틱스 도입 가시화와 목표주가 70만원 유지로 투자의견을 유지했다.,호재,2026-04-13 08:56,3.6,사실형,53.1
https://n.news.naver.com/mnews/article/029/0003019996?sid=101,삼성전자 (IT/반도체),삼성생명도 삼성전자 ‘매수’…‘영업익 50조’ 기대감 고조,삼성생명이 변액펀드에 삼성전자 주식을 매수해 영업익 50조원 기대감을 고조시켰다.,호재,2026-04-05 16:07,40.7,사실형,78.3
https://n.news.naver.com/mnews/article/082/0001374393?sid=101,LG에너지솔루션 (2차전지),"LG엔솔, 볼보 상대 특허 소송…中 배터리사 겨냥 압박 확대",LG엔솔이 볼보와 중국 배터리사에 대한 특허 소송을 확대하고 있다.,호재,2026-04-05 13:18,26.9,사실형,71.4
https://n.news.naver.com/mnews/article/421/0008870868?sid=103,LG에너지솔루션 (2차전지),"르노 회장 ""중·대형 전기차, 韓서 개발·생산…LG엔솔 협력 지속""",르노그룹 회장 프랑수아 프로보가 르노코리아가 중·대형 전기차 개발 및 생산을 주도할 것이라고 발표했다.,호재,2026-04-05 15:00,18.2,사실형,99.9
https://n.news.naver.com/mnews/article/001/0016002675?sid=101,LG에너지솔루션 (2차전지),"LG엔솔, 볼보 상대로 특허 소송…中 배터리 겨냥 공세 확대","LG엔솔이 볼보와 닛산을 상대로 특허 소송을 제기하고, 중국 배터리 업체 신왕다의 각형 배터리 기술에 대해 압박을 가하고 있다.",호재,2026-04-05 06:30,37.8,사실형,63.9
https://n.news.naver.com/mnews/article/020/0003709845?sid=101,LG에너지솔루션 (2차전지),"LG엔솔, 볼보에 특허침해 가처분…中배터리업체 신왕다 겨냥",LG엔솔이 볼보의 전기차에 탑재된 중국 신왕다 배터리 사용을 금지 조치에 나선다.,호재,2026-04-05 17:01,39.0,사실형,62.6
https://n.news.naver.com/mnews/article/009/0005661189?sid=101,LG에너지솔루션 (2차전지),"LG엔솔, 볼보에 특허 소송…中 배터리 겨냥 공세 확대",LG엔솔이 볼보에 특허 소송을 제기하여 배터리 기술 침해를 주장했다.,호재,2026-04-05 17:20,32.4,사실형,98.3
https://n.news.naver.com/mnews/article/031/0001019712?sid=101,LG에너지솔루션 (2차전지),"LG엔솔, 볼보 상대 특허 소송…中 배터리 적용 차량 대상",LG엔솔이 볼보 상대 특허 소송에 나서며 중국 배터리를 탑재한 완성차를 상대로 공세 수위를 끌어올리고 있다.,호재,2026-04-05 16:00,29.8,사실형,64.5
https://n.news.naver.com/mnews/article/421/0008871157?sid=101,LG에너지솔루션 (2차전지),"LG엔솔, 볼보코리아 상대로 특허 소송…""中 배터리업체 겨냥 압박""",LG엔솔이 볼보코리아를 상대로 특허 침해 소송을 제기하며 중국 배터리업체 신왕다를 압박하고 있다.,호재,2026-04-05 19:23,33.0,사실형,58.0
https://n.news.naver.com/mnews/article/050/0000104573?sid=101,LG에너지솔루션 (2차전지),"""더는 안 참아"" LG엔솔, 배터리 특허 전쟁 볼보 등 완성차로 확대",LG엔솔이 중국 배터리 업체의 특허 침해에 대응해 완성차 업체로 소송 대상을 확대했다.,호재,2026-04-05 07:46,41.2,사실형,67.6
https://n.news.naver.com/mnews/article/011/0004607170?sid=101,LG에너지솔루션 (2차전지),"LG엔솔, 中배터리 탑재한 볼보에 특허 소송",LG엔솔이 중국 배터리업체 신왕다의 볼보자동차를 상대로 특허 소송에 나섰다고 밝혔다.,악재,2026-04-05 14:52,29.1,사실형,59.5
https://n.news.naver.com/mnews/article/029/0003019920?sid=101,LG에너지솔루션 (2차전지),"LG엔솔, 볼보 상대로 특허 소송…中 배터리 압박","LG엔솔, 볼보 상대로 특허 소송을 제기하여 중국 배터리 업체의 기술 훔치기에 강력하게 대응한다.",호재,2026-04-05 10:39,24.0,사실형,59.8
https://n.news.naver.com/mnews/article/014/0005502582?sid=103,삼성바이오로직스 (제약/바이오),"삼성바이오로직스, 노조 상대 가처분 배경은 '연속공정 특수성'","삼성바이오로직스는 노조와의 갈등으로 인해 가처분을 신청하여, 연속공정 특수성에 기반한 위탁개발생산(CDMO) 사업을 보호하기를 원한다.",호재,2026-04-05 15:26,33.8,사실형,60.7
https://n.news.naver.com/mnews/article/009/0005661239?sid=105,삼성바이오로직스 (제약/바이오),의약품 관세 또 꺼낸 트럼프…삼성바이오로직스 '이상 무',삼성바이오로직스는 미국의 관세 적용으로 인한 영향이 제한적일 수 있다.,중립,2026-04-05 17:47,25.5,사실형,73.8
https://n.news.naver.com/mnews/article/001/0015989060?sid=101,삼성바이오로직스 (제약/바이오),"[바이오스냅] 삼성바이오로직스, 'CDMO 리더십 어워즈' 수상",삼성바이오로직스는 'CDMO 리더십 어워즈'에서 '지속가능성 리더십' 부문을 수상하며 국내 기업 최초 13년 연속 수상을 기록했다.,호재,2026-03-30 09:20,16.2,사실형,36.6
https://n.news.naver.com/mnews/article/666/0000101047?sid=101,삼성바이오로직스 (제약/바이오),"삼성바이오로직스 노조, 첫 파업 초읽기…찬성 95% 넘겨",삼성바이오로직스 노조가 첫 파업에 나설 가능성이 높아지면서 노사 갈등이 고조되고 있다.,호재,2026-03-29 21:11,11.1,사실형,68.9
https://n.news.naver.com/mnews/article/421/0008856495?sid=103,삼성바이오로직스 (제약/바이오),"삼성바이오로직스, 'CDMO 리더십 어워즈' 수상…""지속가능경영 선도""",삼성바이오로직스는 'CDMO 리더십 어워즈'에서 '지속가능성 리더십' 부문을 수상하여 글로벌 지속가능경영 선도기업으로서의 위상을 공고히 함과 동시에 국내 기업 최초 13년 연속 수상이라는 기록을 달성했다.,호재,2026-03-30 08:58,15.1,사실형,80.3
https://n.news.naver.com/mnews/article/015/0005270958?sid=103,현대차 (자동차/모빌리티),현대차 '아이오닉6 N' 결국 일냈다…'포르쉐까지 잡을 줄은',현대차 아이오닉6 N이 '2026 월드카 어워즈'에서 최고상을 수상하며 전기차 고성능 시장에서 새로운 경쟁력을 형성했다.,호재,2026-04-05 09:01,24.9,사실형,80.5
https://n.news.naver.com/mnews/article/011/0004607182?sid=101,현대차 (자동차/모빌리티),"[단독] 현대차, 유럽 전기차 판매 28% 늘린다…인도엔 ‘베이온’ 첫선",현대차가 올해 유럽 전기차 판매 목표를 27.5% 늘려 유럽 전기차 시장에서 입지를 강화한다.,호재,2026-04-05 15:42,10.2,사실형,66.4
https://n.news.naver.com/mnews/article/016/0002624917?sid=101,현대차 (자동차/모빌리티),"현대차 ‘아이오닉 6 N’, 포르쉐·맥라렌·BMW 주름잡던 무대서 주인공...",현대차 아이오닉 6 N이 '2026 월드카 어워즈'에서 고성능 차 부문 '최고상'을 수상했다.,호재,2026-04-05 18:43,30.8,사실형,66.5
https://n.news.naver.com/mnews/article/018/0006249408?sid=101,LG에너지솔루션 (2차전지),"LG엔솔, 캐나다 단독공장 인수 완료…북미 'ESS 5대 거점' 완성",LG엔솔이 캐나다 단독공장 인수 완료로 북미 'ESS 5대 거점' 체제를 완성했다.,호재,2026-04-03 14:29,18.16354505070168,사실형,89.97630987848554
https://n.news.naver.com/mnews/article/050/0000104486?sid=101,LG에너지솔루션 (2차전지),"LG엔솔 美 ESS 버테크 찾은 구광모…""통합 솔루션 앞세워 시장 선도""",LG에너지솔루션은 ESS를 핵심 인프라로 재정의하고 솔루션 중심 사업으로 전환하는 전략을 내세우고 있다.,호재,2026-04-02 14:26,19.039620656849554,사실형,68.52148364890705
https://n.news.naver.com/mnews/article/018/0006248193?sid=101,LG에너지솔루션 (2차전지),"LG엔솔 美 거점 찾은 구광모 ""압도적 지위로 ESS 시장 선도해야""",LG에너지솔루션의 미국 자회사 버테크를 방문한 구광모 LG그룹 회장은 ESS 시장에서 압도적인 지위를 구축해야 한다고 강조했다.,호재,2026-04-02 10:02,22.82943120737456,사실형,74.14754761589897
https://n.news.naver.com/mnews/article/448/0000601266?sid=101,LG에너지솔루션 (2차전지),"LG엔솔, 배터리 제조사 최초로 '에스디버스' 합류",LG엔솔은 에스디버스 플랫폼에 배터리 제조사로는 처음으로 합류하여 소프트웨어 중심 차량(SDV) 시장 진출을 가속화한다.,호재,2026-04-03 15:06,12.38603274970178,사실형,87.4909944832325
https://n.news.naver.com/mnews/article/022/0004118008?sid=101,삼성바이오로직스 (제약/바이오),"“24시간 멈추면 끝”…삼성바이오로직스 파업 예고, 생산 중단 우려 커...","삼성바이오로직스 노사 갈등이 파업 국면으로 번져, 생산 차질 우려가 커지고 있다.",악재,2026-04-03 10:58,7.480128716174073,사실형,72.08931935685021
https://n.news.naver.com/mnews/article/366/0001153876?sid=101,삼성바이오로직스 (제약/바이오),"삼성바이오로직스, 파업 앞두고 가처분 신청…노조 “단체행동권 제한...",삼성바이오로직스가 노조의 파업 움직임에 대응해 쟁의행위 금지 가처분을 신청했다.,악재,2026-04-02 19:00,4.090951156018219,사실형,70.68768796976656
https://n.news.naver.com/mnews/article/014/0005501745?sid=103,삼성바이오로직스 (제약/바이오),"삼성바이오로직스, 노조에 '쟁의행위금지' 가처분 신청",삼성바이오로직스는 노조에 쟁의행위금지 가처분을 신청하여 파업으로 인한 손해를 막으려는 것 appears.,악재,2026-04-02 16:16,71.13730531951182,사실형,49.776350617758
https://n.news.naver.com/mnews/article/629/0000487961?sid=101,삼성바이오로직스 (제약/바이오),"삼성바이오로직스, 노조 첫 파업 앞두고 '쟁의행위 금지' 가처분 신청",삼성바이오로직스가 노조의 파업을 앞두고 법원에 쟁의행위 금지 가처분 신청을 냈습니다.,악재,2026-04-02 19:34,20.912231416832938,사실형,60.32715740359642
https://n.news.naver.com/mnews/article/022/0004117818?sid=101,삼성바이오로직스 (제약/바이오),"“조 단위 손해 입을 수도”… 삼성바이오로직스, 노조에 ‘쟁의행위금...","삼성바이오로직스가 노조에 쟁의행위금지 가처분을 신청했으며, 파업으로 인해 수천억에서 조단위의 손해를 입을 수도 있다.",악재,2026-04-02 17:48,57.38664455790372,사실형,67.33492260557666
https://n.news.naver.com/mnews/article/025/0003513676?sid=101,삼성바이오로직스 (제약/바이오),"노조 파업 앞둔 삼성바이오로직스, 쟁의행위 가처분 신청",삼성바이오로직스는 다음 달 노조의 파업을 앞두고 법원에 쟁의행위 금지 가처분을 신청했다.,악재,2026-04-03 00:02,18.59768960452405,사실형,77.91678321082145
https://n.news.naver.com/mnews/article/469/0000923282?sid=105,삼성바이오로직스 (제약/바이오),"삼성바이오로직스, 노조 파업 앞두고 '쟁의행위 금지' 가처분 신청","삼성바이오로직스 노조가 파업을 예고한데 반해, 사측은 법원에 쟁의행위 금지 가처분 신청을 제기했다.",호재,2026-04-02 17:50,12.887634117744096,사실형,62.160370058634065
https://n.news.naver.com/mnews/article/421/0008862015?sid=103,삼성바이오로직스 (제약/바이오),"삼성바이오로직스, 美 록빌 바이오의약품 생산시설 인수 완료",삼성바이오로직스는 미국 록빌의 바이오의약품 생산시설을 인수 완료하여 미국 내 첫 생산 거점을 확보하고 총 생산능력을 확대했다.,호재,2026-04-01 08:40,11.241022422936652,사실형,70.36333121359348
https://n.news.naver.com/mnews/article/018/0006248213?sid=101,삼성바이오로직스 (제약/바이오),美 첫 생산거점 확보…삼성바이오로직스 이틀 연속 강세[특징주],삼성바이오로직스는 미국 내 첫 생산거점을 확보하여 이틀 연속 강세를 보이고 있다.,호재,2026-04-02 10:17,31.760021434221308,사실형,80.67408121294446
https://n.news.naver.com/mnews/article/005/0001840587?sid=101,삼성바이오로직스 (제약/바이오),"삼성바이오로직스, 미국 첫 생산거점 확보…록빌 공장 인수 완료",삼성바이오로직스가 미국 메릴랜드주 록빌 소재 바이오의약품 생산시설을 인수 완료했다.,호재,2026-04-01 15:28,8.207753619478275,사실형,87.12962508201599
https://n.news.naver.com/mnews/article/008/0005338737?sid=101,삼성바이오로직스 (제약/바이오),"삼성바이오로직스, 실적 성장 전망에 장 초반 상승",삼성바이오로직스가 실적 성장에 대한 증권가 전망에 따라 장 초반에 상승하고 있다.,호재,2026-04-02 09:12,12.620483277489269,사실형,97.00930714607239
https://n.news.naver.com/mnews/article/666/0000101753?sid=101,삼성바이오로직스 (제약/바이오),"삼성바이오로직스, 파업 앞두고 쟁의행위 금지 가처분 신청…노조, 법무...",삼성바이오로직스는 노동조합의 파업을 막기 위해 법원에 쟁의행위 금지 가처분 신청을 했지만 노조는 파업을 계획대로 진행할 계획이라고 밝혔다.,호재,2026-04-02 19:07,32.67901876556544,사실형,67.384769421603
https://n.news.naver.com/mnews/article/092/0002417469?sid=103,현대차 (자동차/모빌리티),유류비 지원에 최대 300만원 할인까지…현대차 '이지 스타트' 실시,"현대차가 차량 구매 및 보유 과정에서 발생하는 경제적, 심리적 부담을 줄이기 위해 '이지 스타트' 프로그램을 운영한다.",호재,2026-04-05 11:32,13.4,사실형,79.6
https://n.news.naver.com/mnews/article/030/0003414650?sid=103,현대차 (자동차/모빌리티),"“포르쉐·아우디·BMW 비켜”...현대차, 고성능차 시장 '지각변동'","현대차그룹이 고성능차 시장에 지각변동을 일으키고 있으며, 월드카 어워즈의 세계 올해의 고성능 자동차 부문을 수상했다.",호재,2026-04-05 11:17,29.4,사실형,63.0
https://n.news.naver.com/mnews/article/003/0013867921?sid=103,현대차 (자동차/모빌리티),"현대차, 신차 구매 부담 낮춘다…""싼타페·쏘나타 최대 300만원 할인""",현대차가 고객들의 차량 구매 부담을 낮추기 위해 현대 이지 스타트 프로그램을 운영한다.,호재,2026-04-05 12:15,11.8,사실형,81.0
https://n.news.naver.com/mnews/article/014/0005502459?sid=101,현대차 (자동차/모빌리티),"""안 비싼데 정통 스포츠카""..현대차, 고성능차 시장 판 뒤집었다",현대차그룹의 아이오닉 6 N이 '월드카 어워즈'에서 '세계 올해의 고성능 자동차' 부문에서 수상하며 고성능차 시장 판도를 바꾸고 있다.,호재,2026-04-05 09:01,36.4,사실형,66.2
https://n.news.naver.com/mnews/article/011/0004607167?sid=101,현대차 (자동차/모빌리티),"“현대차·기아, 이제 포르쉐랑 동급” 이 말 진짜?…‘아이오닉6 N’ 대...",현대차그룹의 아이오닉6 N이 월드카 어워즈에서 고성능차 부문 최고상을 수상했다.,호재,2026-04-05 14:41,20.2,사실형,67.4
https://n.news.naver.com/mnews/article/003/0013867874?sid=101,현대차 (자동차/모빌리티),"현대차 아이오닉 6 N, 월드카 어워즈 석권…""고성능차 게임 체인저""","현대차 아이오닉 6 N이 월드카 어워즈에서 세계 올해의 고성능 자동차 부문 석권, 전동화 기술로 고성능차 게임 체인저로 부상",호재,2026-04-05 11:37,30.6,사실형,90.6
https://n.news.naver.com/mnews/article/021/0002782370?sid=101,현대차 (자동차/모빌리티),"현대차, 차량 구매·보유 지원 ‘이지 스타트 프로그램’ 운영",현대차는 고객들의 차량 구매와 보유에 대한 경제적ㆍ심리적 부담을 낮추기 위해 '현대 이지 스타트 프로그램'을 운영한다.,호재,2026-04-05 16:40,10.2,사실형,89.7
https://n.news.naver.com/mnews/article/016/0002624912?sid=101,현대차 (자동차/모빌리티),"현대차, ‘이지 스타트 프로그램’ 전개…“車 보유 전 과정 지원”",현대차가 고객들의 차량 구매 및 보유에 대한 경제적·심리적 부담을 낮추기 위해 '현대 이지 스타트 프로그램'을 운영한다.,호재,2026-04-05 18:23,7.5,사실형,85.2
https://n.news.naver.com/mnews/article/215/0001247911?sid=101,현대차 (자동차/모빌리티),"현대차, '최대 300만원+연료비' 지원…'이지 스타트' 운영",현대차가 최대 300만원+연료비 지원 혜택을 제공하는 '이지 스타트 프로그램'을 운영한다.,호재,2026-04-05 11:19,9.2,사실형,70.1
https://n.news.naver.com/mnews/article/009/0005661050?sid=103,현대차 (자동차/모빌리티),"“현대차·기아, 포르쉐와 ‘진짜 동급’ 됐다”…한국보다 해외서 더 ...","현대차그룹의 고성능 전기차가 세계 각국에서 호평을 받으며, 포르쉐, 아우디 등 프리미엄 브랜드와 동급으로 떠오르기 시작했다.",호재,2026-04-05 09:01,24.0,사실형,61.1
https://n.news.naver.com/mnews/article/014/0005502477?sid=101,현대차 (자동차/모빌리티),"현대차, ‘이지 스타트 프로그램’ 운영...""차량 구매·보유 지원""",현대차는 고객들의 차량 구매와 보유에 대한 경제적ㆍ심리적 부담을 낮추기 위해 '현대 이지 스타트 프로그램'을 운영한다.,호재,2026-04-05 10:14,10.0,사실형,87.1
https://n.news.naver.com/mnews/article/018/0006250359?sid=103,현대차 (자동차/모빌리티),"현대차, 인기 승용·상용차 구매부담 줄인다…전방위 할인 프로그램",현대차가 인기 승용 및 상용차 구매 부담을 줄이기 위한 전방위 할인 프로그램을 운영한다.,호재,2026-04-05 09:19,8.2,사실형,74.0
https://n.news.naver.com/mnews/article/277/0005745078?sid=103,현대차 (자동차/모빌리티),싼타페·쏘나타 300만원 할인…현대차 내수 반등 카드 꺼낸다,"현대차가 고객의 차량 구매 및 보유에 대한 경제적, 심리적 부담을 낮추기 위해 '현대 이지 스타트 프로그램'을 운영한다.",호재,2026-04-05 09:31,9.8,사실형,76.7
https://n.news.naver.com/mnews/article/030/0003414649?sid=103,현대차 (자동차/모빌리티),"현대차, 구매·보유 지원 '이지 스타트 프로그램' 전개",현대차가 차량 구매와 보유에 따른 경제적 부담을 덜어주는 '현대 이지 스타트(Easy Start) 프로그램'을 시행한다.,호재,2026-04-05 11:17,16.5,사실형,74.2
https://n.news.naver.com/mnews/article/629/0000488381?sid=103,현대차 (자동차/모빌리티),"현대차, 고유가 부담 덜어준다…'이지 스타트'로 구매·보유 지원",현대차는 차량 구매 및 보유 부담을 낮추기 위한 '이지 스타트' 프로그램을 운영한다.,호재,2026-04-05 10:31,9.9,추론형,48.0
https://n.news.naver.com/mnews/article/015/0005270967?sid=103,현대차 (자동차/모빌리티),싼타페·쏘나타 '300만원 할인'…현대차 신차구매 부담 낮췄다,현대차는 고객의 차량 구매와 보유 부담을 낮추기 위해 '현대 이지 스타트 프로그램'을 운영한다.,호재,2026-04-05 10:13,13.0,사실형,76.0
https://n.news.naver.com/mnews/article/023/0003968932?sid=101,현대차 (자동차/모빌리티),"현대차·기아, 월드카 어워즈 고성능차 3연패...고성능차 시장 지각 변동...","현대차그룹의 아이오닉 6 N이 '세계 올해의 고성능 자동차'로 선정되며, 고성능차 시장에서 친환경차의 존재감이 커지고 있다.",호재,2026-04-05 15:04,20.6,사실형,75.9
https://n.news.naver.com/mnews/article/001/0016004382?sid=101,삼성전자 (IT/반도체),작년 1천대 상장사 매출합계 2천조 돌파…삼성전자 부동의 1위,"한국CXO연구소 조사에 따르면, 지난해 국내 1천대 상장사의 개별 기준 합산 매출액이 처음으로 2천조원을 넘어섰으며, 삼성전자는 역대 최고 매출을 기록하며 24년째 1위 자리를 지켰다.",호재,2026-04-06 11:00,37.8,사실형,96.9
https://n.news.naver.com/mnews/article/003/0013871209?sid=101,삼성전자 (IT/반도체),삼성전자 오늘 잠정실적 발표…올 1Q 영업익 40조 넘어 '역대최고' 기록...,삼성전자와 LG전자가 2026년 1분기 잠정실적을 발표한다.,중립,2026-04-07 05:00,20.8,사실형,90.0
https://n.news.naver.com/mnews/article/437/0000486247?sid=101,삼성전자 (IT/반도체),삼성전자 1분기 영업익 57조…역대 최대 실적 경신,"삼성전자 1분기 영업익 57조, 역대 최대 실적 경신",호재,2026-04-07 09:28,23.0,추론형,16.2
https://n.news.naver.com/mnews/article/032/0003438225?sid=101,삼성전자 (IT/반도체),[속보] 삼성전자 1분기 잠정 영업이익 57조2000억 ‘역대 최고치’···...,삼성전자는 1분기 잠정 영업이익이 역대 최고치인 57조2000억원으로 집계됐다.,호재,2026-04-07 07:49,12.4,사실형,96.2
https://n.news.naver.com/mnews/article/629/0000488592?sid=101,삼성전자 (IT/반도체),작년 상장사 상위 1000곳 매출 2000조 돌파…삼성전자 24년째 1위,"삼성전자, 작년 별도 기준 매출이 역대 최고치인 238조원을 돌파하며 24년 연속 1위에 오른 것으로 나타났다.",호재,2026-04-06 11:00,39.4,사실형,94.4
https://n.news.naver.com/mnews/article/421/0008874322?sid=101,삼성전자 (IT/반도체),삼성전자 1분기 '사상 최대'…매출 133조·영업익 57조 돌파,"삼성전자 1분기 매출 133조원, 영업익 57조2000억원으로 사상 최대 기록",호재,2026-04-07 09:54,17.6,사실형,98.5
https://n.news.naver.com/mnews/article/421/0008874325?sid=101,삼성전자 (IT/반도체),삼성전자 1분기 '사상 최대'…매출 133조·영업익 57조 돌파,"삼성전자가 1분기 매출 133조원, 영업이익 57조2000억원으로 사상 최대 기록했다.",호재,2026-04-07 09:54,17.6,사실형,98.5
https://n.news.naver.com/mnews/article/421/0008874323?sid=101,삼성전자 (IT/반도체),삼성전자 1분기 '사상 최대'…매출 133조·영업익 57조 돌파,"삼성전자 1분기 매출 133조원, 영업익 57조2000억원으로 사상 최대 기록했다.",호재,2026-04-07 09:54,17.6,사실형,98.5
https://n.news.naver.com/mnews/article/421/0008874393?sid=101,삼성전자 (IT/반도체),"삼성전자 1Q 성적표, 애플·엔비디아 이어 톱3…TSMC의 2배 벌었다",삼성전자 1분기 성적표가 글로벌 톱3 수준으로 분석되었습니다.,호재,2026-04-07 10:09,23.6,사실형,90.7
https://n.news.naver.com/mnews/article/011/0004607322?sid=101,LG에너지솔루션 (2차전지),프로보 르노 회장 “LG엔솔·포스코와 긴밀 협력…韓서 전기차 생산”,"프랑수아 프로보 르노그룹 회장이 한국 전기차 시장 진출을 공식화하고 LG엔솔, 포스코와 긴밀한 협력을 강조했다.",호재,2026-04-06 06:01,24.0,사실형,88.2
https://n.news.naver.com/mnews/article/421/0008871369?sid=101,네이버 (IT/플랫폼),"하림 더미식, '골든퀸 백미밥' 네이버 단독 출시",식품기업 하림이 '골든퀸 백미밥'을 네이버 단독 상품으로 출시한다.,호재,2026-04-06 08:17,9.2,사실형,32.2
https://n.news.naver.com/mnews/article/020/0003709912?sid=101,LG에너지솔루션 (2차전지),"LG엔솔, 볼보 상대로 특허침해 가처분 신청",LG엔솔이 볼보의 일부 차량에 판매 금지 조치에 나서 신왕다 배터리 사용 고객사에 대한 조치,호재,2026-04-06 00:32,23.3,사실형,92.1
https://n.news.naver.com/mnews/article/421/0008871406?sid=101,네이버 (IT/플랫폼),"한투證 ""네이버, 쿠팡 반사수혜로 커머스 기대…신사업 청사진 보여줘야...","한국투자증권은 네이버의 커머스 사업 확장이 반사 수혜로 거래액 성장률이 상승했으며, 장기적으로 AI 신사업에 대한 구체적인 청사진을 제시해야한다고 분석했다.",호재,2026-04-06 08:34,35.2,사실형,72.7
https://n.news.naver.com/mnews/article/092/0002417677?sid=103,현대차 (자동차/모빌리티),"기본 트림 49만원 인하…현대차, 코나 연식변경 출시",현대차가 2027 코나를 출시하여 가솔린 트림을 개편하고 가격을 인하했다.,호재,2026-04-07 09:36,41.6,사실형,98.8
https://n.news.naver.com/mnews/article/108/0003423918?sid=004,현대차 (자동차/모빌리티),현대차 코나 2027년식으로 돌아왔다 '2429만 원부터',현대차가 상품성과 경제성을 강화한 소형 SUV '2027 코나'를 출시하고 판매를 시작했다.,호재,2026-04-07 09:09,29.1,사실형,84.8
https://n.news.naver.com/mnews/article/003/0013871448?sid=101,현대차 (자동차/모빌리티),"현대차, '2027 코나' 출시…""선택은 넓히고 가격은 낮추고""",현대차는 2027 코나의 본격 판매에 돌입하며 고객 선호도 높은 사양을 기본으로 적용하고 가격을 낮췄다.,호재,2026-04-07 08:55,29.8,사실형,78.2
https://n.news.naver.com/mnews/article/374/0000502715?sid=101,현대차 (자동차/모빌리티),"현대차, 소형 SUV '2027 코나' 출시…2429만원부터","현대차가 소형 SUV '2027 코나'를 출시하여 고객 선호도 높은 사양을 기본 적용하고, 가격을 조정했습니다.",호재,2026-04-07 09:34,47.3,추론형,20
https://n.news.naver.com/mnews/article/008/0005340749?sid=101,현대차 (자동차/모빌리티),삼성·현대차·SK 등 차량 5부제 동참…석유 3.3% 절감 계획도,대기업과 경제단체 등 50개사가 차량 5부제에 자율 동참하고 석유 사용량을 3.3% 감축할 계획이다.,호재,2026-04-07 10:17,29.6,사실형,99.8
https://n.news.naver.com/mnews/article/081/0003632621?sid=101,네이버 (IT/플랫폼),"네이버, 검색 넘어 ‘AI 에이전트 플랫폼’ 전환 가속화",네이버가 기존 검색 중심 서비스에서 AI 기반의 추천과 실행 기능을 결합한 'AI 에이전트 플랫폼'으로의 사업 구조 전환에 속도를 내고 있다.,호재,2026-04-06 05:04,18.8,사실형,65.8
https://n.news.naver.com/mnews/article/277/0005741394?sid=105,하이브 (엔터/미디어),"BTS 월드투어 '아리랑', 갤럭시로 찍는다…삼성, 하이브와 파트너십",삼성전자와 하이브가 파트너십을 맺어 BTS 월드투어 '아리랑'의 콘서트 현장을 갤럭시 S26 울트라로 촬영하고 다양한 이벤트를 제공한다.,호재,2026-03-27 23:00,12.7,사실형,74.0
https://n.news.naver.com/mnews/article/277/0005746302?sid=101,LG에너지솔루션 (2차전지),"[클릭 e종목] ""적자 지속 LG엔솔, ESS에 기대야""",LG에너지솔루션은 적자 지속에도 매출이 확대되고 에너지저장장치(ESS) 성장 여력이 남아있다는 점을 기대할 지점으로 꼽혔다.,호재,2026-04-08 08:16,6.5,사실형,57.4
https://n.news.naver.com/mnews/article/016/0002626096?sid=101,LG에너지솔루션 (2차전지),"LG엔솔, 1분기 매출액 6.5조…“상반기 저점, ESS 사업으로 반등”","LG엔솔이 1분기 매출액 6조5000억원, 영업적자 2078억원으로 집계됐으며, 데이터센터 ESS 수요·매출 3배 성장 목표를 제시했다.",호재,2026-04-07 16:56,18.7,사실형,76.3
https://n.news.naver.com/mnews/article/021/0002783039?sid=101,LG에너지솔루션 (2차전지),"LG에너지솔루션, 올해 1분기 영업손실 2078억 원···1년 새 ‘적자전환...",LG에너지솔루션은 올해 1분기 영업손실 2078억 원을 기록하며 1년 새 적자전환했다.,악재,2026-04-08 06:10,14.5,사실형,93.6
https://n.news.naver.com/mnews/article/001/0016008298?sid=101,현대차 (자동차/모빌리티),"삼성증권 ""현대차, 1분기 실적 예상치 하회 전망…목표가↓""",삼성증권은 현대차의 1분기 실적이 컨센서스를 하회할 것으로 전망하며 목표주가를 하향 조정했다.,악재,2026-04-08 08:46,14.1,사실형,75.3
https://n.news.naver.com/mnews/article/092/0002417801?sid=105,현대차 (자동차/모빌리티),"삼성·SK·현대차 등 대기업집단, 정부 에너지 절약 요청 속속 동참",대기업과 경제단체가 정부의 에너지 절약 요청에 속속 동참하고 있다.,호재,2026-04-07 17:37,24.8,사실형,87.4
https://n.news.naver.com/mnews/article/243/0000095921?sid=103,현대차 (자동차/모빌리티),"가격 낮추고 선택폭 넓혔다…현대차, 2027 코나 출시",현대차가 2027 코나를 출시하고 본격 판매에 돌입한다. 고객 선호 사양을 기본 적용하고 가격을 낮추어 선택 폭을 넓혔다.,호재,2026-04-07 17:55,20.6,사실형,61.3
https://n.news.naver.com/mnews/article/008/0005340932?sid=101,현대차 (자동차/모빌리티),"현대차, '2027 코나' 출시…""실용성 극대화""",현대차가 '2027 코나'를 출시하여 실용성을 극대화했다.,호재,2026-04-07 14:32,12.9,사실형,61.7
https://n.news.naver.com/mnews/article/020/0003710529?sid=103,현대차 (자동차/모빌리티),"불필요한 구성 덜어낸 실용주의… 현대차, ‘2027 코나’ 공개","현대차가 2027 코나를 공개하였으며, 불필요한 구성 덜어내고 실질적인 이용 가치를 높이는 데 주력했다.",호재,2026-04-07 17:47,14.6,사실형,71.9
https://n.news.naver.com/mnews/article/092/0002417869?sid=103,현대차 (자동차/모빌리티),"현대차, 2·3열 전동 시트 끼임사고 '팰리세이드' 판매 재개",현대차가 2·3열 전동 시트 오작동으로 중단했던 팰리세이드 판매를 재개한다.,호재,2026-04-08 10:14,27.3,사실형,95.4
https://n.news.naver.com/mnews/article/366/0001155034?sid=101,현대차 (자동차/모빌리티),"신영證 “현대차, 미래 신사업 기대감 유효하지만…약한 판매는 아쉬워...",신영증권은 현대차의 약한 판매로 인해 1분기 영업이익이 감소할 것으로 예상했다.,악재,2026-04-08 08:30,21.6,사실형,79.1
https://n.news.naver.com/mnews/article/014/0005504250?sid=105,현대차 (자동차/모빌리티),현대차·벤츠·BMW…'티맵 오토' 탑재 車 100만대 돌파,티맵모빌리티의 차량용 내비게이션 '티맵 오토'가 100만대 돌파했다.,호재,2026-04-08 09:39,7.4,사실형,49.2
https://n.news.naver.com/mnews/article/030/0003415435?sid=103,현대차 (자동차/모빌리티),"현대차, 가치 높이고 가격 합리화 '2027 코나' 출시","현대차가 가치와 가격을 동시에 합리화한 2027 코나를 출시, 고객 선호도 높은 사양을 기본 적용하고 기본 사양을 최적화해 진입 가격을 낮췄다.",호재,2026-04-07 13:39,13.2,사실형,76.2
https://n.news.naver.com/mnews/article/003/0013874243?sid=100,현대차 (자동차/모빌리티),"정부, 새만금 2호 투자진흥지구 지정…현대차 9조 투자 뒷받침",정부가 현대차그룹의 9조원 규모 새만금 투자 프로젝트를 지원하기 위한 제2호 투자진흥지구를 지정했다.,호재,2026-04-08 09:41,11.1,사실형,98.8
https://n.news.naver.com/mnews/article/016/0002626123?sid=100,네이버 (IT/플랫폼),8일부터 공영주차장 5부제…네이버·카카오 지도 반영 늦어져 혼란 우려,"8일부터 공영주차장 5부제가 시행되며, 정기권 보유자는 유효 기간까지 면제되나, 미시행 주차장도 있는 경우 임산부 차량 등은 비표가 필요할 수 있다.",호재,2026-04-07 18:36,30.5,사실형,68.2
https://n.news.naver.com/mnews/article/022/0004118912?sid=101,네이버 (IT/플랫폼),"네이버, EBS와 지식 영상 콘텐츠 구축 MOU 체결",네이버와 EBS가 지식 영상 콘텐츠를 공동으로 제작하고 신뢰할 수 있는 콘텐츠 생태계를 확장할 계획이다.,호재,2026-04-07 14:10,33.1,사실형,77.1
https://n.news.naver.com/mnews/article/629/0000489211?sid=101,네이버 (IT/플랫폼),"네이버, EBS와 '지식 영상 콘텐츠' 구축한다",네이버와 EBS는 지식 영상 콘텐츠 구축을 위한 업무협약을 체결하여 대규모 지식·학습 영상 콘텐츠를 공동 제작할 계획입니다.,호재,2026-04-07 17:04,25.2,사실형,54.2
https://n.news.naver.com/mnews/article/092/0002417743?sid=105,네이버 (IT/플랫폼),"네이버, EBS와 협력…지식 영상 콘텐츠 구축","네이버와 EBS는 지식 영상 콘텐츠를 함께 제작하고, 다양한 지식 콘텐츠를 발굴해 지식영상 아카이브 확장에 협력한다.",호재,2026-04-07 14:01,31.8,사실형,94.7
https://n.news.naver.com/mnews/article/003/0013873346?sid=105,네이버 (IT/플랫폼),네이버 '연관검색어' 20년 만에 종료…AI 검색 시대 전환 '신호탄',"네이버는 20년 동안 유지해온 '연관검색어' 서비스를 종료하고, 인공지능(AI) 기반 검색 체계로 전환한다.",호재,2026-04-07 16:38,59.3,사실형,97.7
https://n.news.naver.com/mnews/article/003/0013872723?sid=105,네이버 (IT/플랫폼),"""AI 시대 신뢰도 높은 콘텐츠 늘린다""…네이버·EBS 맞손","네이버와 EBS가 지식 영상 콘텐츠 구축을 위한 업무 협약을 체결하여, 건강, 교육, 금융 등 실생활과 밀접한 정보성 콘텐츠를 공동 제작한다.",호재,2026-04-07 14:00,40.7,사실형,60.8
https://n.news.naver.com/mnews/article/366/0001155776?sid=101,삼성전자 (IT/반도체),"우미건설, 삼성전자 평택캠퍼스 인근 ‘고덕 우미린 프레스트지’ 분양",우미건설이 평택 고덕 우미린 프레스티지를 분양한다.,호재,2026-04-10 09:53,46.1,사실형,83.8
https://n.news.naver.com/mnews/article/008/0005342445?sid=101,삼성전자 (IT/반도체),삼전·하이닉스 나란히 강세…코스피 상승 출발,삼성전자와 SK하이닉스의 상승에 힘입어 코스피가 좋은 흐름을 보이고 있다.,호재,2026-04-10 09:49,67.6,사실형,69.5
https://n.news.naver.com/mnews/article/138/0002223998?sid=101,삼성전자 (IT/반도체),"“삼성전자 배후 주거지 품었다”…우미건설, ‘평택 고덕 우미린 프레...",우미건설이 삼성전자 평택캠퍼스 배후 주거지로 꼽히는 고덕국제화계획지구에서 '평택 고덕 우미린 프레스티지'를 분양한다.,호재,2026-04-10 09:42,25.3,사실형,90.7
https://n.news.naver.com/mnews/article/003/0013879545?sid=101,삼성전자 (IT/반도체),"""휴전 훈풍에…"" 외국인, 이틀간 삼전닉스 3.3조 폭풍매수",휴전 직후 외국인 투자자들이 삼성전자·SK하이닉스 주식을 집중 매수하고 있다.,호재,2026-04-10 09:43,18.4,사실형,96.2
https://n.news.naver.com/mnews/article/421/0008881776?sid=102,현대차 (자동차/모빌리티),"부산은행, 현대차 제휴 적금 첫선…최고 연 9% 금리",부산은행이 현대차와 제휴로 최고 연 9% 금리를 제공하는 '챌린지 적금 with 현대자동차'를 출시했다.,호재,2026-04-10 10:01,24.2,사실형,81.3
https://n.news.naver.com/mnews/article/243/0000096095?sid=101,삼성전자 (IT/반도체),"휴전 훈풍에 SK하이닉스, 장 초반 100만원선 재돌파…삼전 2%↑",SK하이닉스와 삼성전자가 휴전 훈풍에 힘입어 장 초반 100만원선 재돌파를 보이며 2% 이상 상승했다.,호재,2026-04-10 09:27,11.8,사실형,81.4
https://n.news.naver.com/mnews/article/374/0000503576?sid=101,현대차 (자동차/모빌리티),현대차 손잡은 부산은행…최고 연 9% '챌린지 적금' 출시,부산은행이 현대차와 제휴해 최고 연 9% 금리를 제공하는 '챌린지 적금 with 현대자동차'를 출시했다.,호재,2026-04-10 09:55,44.3,추론형,20
https://n.news.naver.com/mnews/article/001/0016013666?sid=101,현대차 (자동차/모빌리티),"부산은행, 현대차와 친환경·포용금융 적용 최고 9% 적금 출시",부산은행이 현대차와 제휴해 최고 연리 9%를 제공하는 '챌린지 적금 위드(with) 현대자동차'를 출시했다.,호재,2026-04-10 09:58,22.2,사실형,77.5
https://n.news.naver.com/mnews/article/014/0005505620?sid=101,현대차 (자동차/모빌리티),"부산은행, 현대차 제휴 적금 출시...최대 年 9% 금리",부산은행이 현대차와 제휴해 최고 연 9% 금리를 제공하는 '챌린지 적금 with 현대자동차'를 출시했다.,호재,2026-04-10 09:47,11.9,사실형,77.4
https://n.news.naver.com/mnews/article/079/0004135185?sid=102,현대차 (자동차/모빌리티),""" ESG·포용금융 녹인 '연 9%' 적금 출시"" 부산은행-현대차 '맞손'",BNK 부산은행이 현대자동차와 함께 자산 형성 지원과 친환경 소비를 결합한 금융상품 '챌린지 적금 with 현대자동차'를 출시했다.,호재,2026-04-10 09:42,20.3,사실형,82.8
https://n.news.naver.com/mnews/article/366/0001155777?sid=101,KB금융 (금융/밸류업),[특징주] 금리 상승에 1분기 실적 긍정 전망…금융株 상승,금리 상승에 국내 금융지주의 1분기 실적이 긍정적으로 전망되어 금융株가 상승하는 양상이다.,호재,2026-04-10 09:54,23.6,사실형,79.8
https://n.news.naver.com/mnews/article/014/0005505630?sid=101,KB금융 (금융/밸류업),"KB금융, '다시 쓰는 대한이 살았다' 영상 조회수 1000만 돌파",KB금융그룹의 '다시 쓰는 대한이 살았다' 영상이 조회수 1000만회를 돌파했다.,호재,2026-04-10 09:53,18.1,사실형,92.5
https://n.news.naver.com/mnews/article/293/0000082506?sid=101,KB금융 (금융/밸류업),"하나금융, 환율리스크 방어력 시현…NIM '최대 상승' 이끈 동인은",하나금융은 환율리스크를 방어하며 NIM이 최대 상승한 것으로 분석된다.,호재,2026-04-10 09:52,43.0,사실형,57.9
https://n.news.naver.com/mnews/article/277/0005747476?sid=101,KB금융 (금융/밸류업),환율 1500원에 자본비율 '흔들'…우리 '웃고' 하나 '긴장',우리금융만 CET1 소폭 상승 전망,호재,2026-04-10 06:05,38.9,사실형,75.8
https://n.news.naver.com/mnews/article/021/0002783956?sid=101,삼성전자 (IT/반도체),"삼전·하닉, 高실적·高인센티브덕에…‘삼성·SK고시’ 교재 불티",삼성전자와 SK하이닉스의 좋은 실적과 인센티브로 인해 관련 채용시험 교재 시장도 활황을 보이고 있다.,호재,2026-04-11 23:20,11.7,사실형,62.1
https://n.news.naver.com/mnews/article/092/0002418332?sid=105,삼성전자 (IT/반도체),"동진쎄미켐, ""美신너 공장 하반기 양산 가동""...삼성전자와 특허 공동 출...","동진쎄미켐이 미국 텍사스 신너 공장을 양산 가동할 예정이며, 이는 삼성전자 테일러 팹에 대응할 예정이다.",호재,2026-04-11 22:23,44.1,예측형,34.9
https://n.news.naver.com/mnews/article/011/0004609669?sid=105,삼성전자 (IT/반도체),"가격 올려도 살 사람은 다 샀다...삼성전자, 또 일냈다는데",삼성전자가 애플을 앞서 1분기 스마트폰 시장 1위 자리를 탈환했다.,호재,2026-04-11 22:03,30.4,사실형,74.6
https://n.news.naver.com/mnews/article/016/0002628185?sid=101,KB금융 (금융/밸류업),‘500조 퇴직연금’ 기금화 논의 속도전…은행권 시장 재편 ‘촉각’,정부가 퇴직연금 제도 개편을 속도내고 있음에 따라 금융지주들은 플랫폼과 운용 경쟁을 벌이고 있다.,호재,2026-04-11 18:49,21.3,사실형,82.8
https://n.news.naver.com/mnews/article/215/0001248885?sid=101,삼성전자 (IT/반도체),'국장 큰 손' 1년간 평가액 3배...삼전닉스가 효자,"국민연금 국내 주식 보유 평가액이 1년간 3배 가까이 늘어났으며, 삼성전자와 SK하이닉스가 큰 역할을 했다.",호재,2026-04-14 07:47,23.2,사실형,98.9
https://n.news.naver.com/mnews/article/011/0004609180?sid=101,KB금융 (금융/밸류업),"경영개선계획 시한 1달 남은 롯데손보… 당국 협의, 성장 로드맵 매각 ...","롯데손해보험의 경영개선계획 시한이 1달 남아 있으며, 당국의 협의와 성장 로드맵 매각에 대한 우려가 높아지고 있습니다.",악재,2026-04-10 06:00,25.0,사실형,74.3
https://n.news.naver.com/mnews/article/001/0015997588?sid=101,한화에어로스페이스 (방산/우주항공),"한화에어로 호주법인 파트너사, '한-호 비즈니스 어워드' 수상",한화에어로스페이스의 호주법인 파트너사 코버스가 '한국-호주 비즈니스 어워드'에서 양국 파트너십 부문 특별 공로상을 수상했다.,호재,2026-04-02 10:24,29.86080647472337,사실형,83.11609987701688
https://n.news.naver.com/mnews/article/119/0003076978?sid=101,한화에어로스페이스 (방산/우주항공),"한화에어로, '풍산 탄약' 인수 추진…최종제안서 제출",한화에어로스가 풍산 탄약사업부 인수전에 뛰어들어 방산 밸류체인 확대에 나섰다.,호재,2026-04-03 20:34,23.87558689203204,사실형,79.51061153784394
https://n.news.naver.com/mnews/article/366/0001153579?sid=101,한화에어로스페이스 (방산/우주항공),"[특징주] 한화에어로, ‘천무’ 폴란드 수출계약 이행 착수… 7% 급등",한화에어로스페이스 주가는 폴란드 수출계약 이행 소식에 7% 급등했다.,호재,2026-04-02 09:36,12.060890708645122,사실형,96.02207839488983
https://n.news.naver.com/mnews/article/277/0005743896?sid=101,한화에어로스페이스 (방산/우주항공),"[특징주]한화에어로, 폴란드에 '천무' 수출 이행…8%↑",한화에어로스페이스는 국산 다연장로켓 '천무' 수출 계약 이행으로 주가가 8% 상승했다.,호재,2026-04-02 09:42,12.83157684699674,사실형,97.47538566589355
https://n.news.naver.com/mnews/article/011/0004606873?sid=101,한화에어로스페이스 (방산/우주항공),"한화에어로, 무인기 엔진 개발 전략 발표...항공엔진 기술 자립 속도",한화에어로스페이스는 47년간 축적한 항공엔진 기술 역량과 자체 투자를 통해 무인기 엔진을 신속히 개발하고 국내 항공엔진 생태계 전반의 동반성장을 이끌겠다는 전략을 발표했다.,호재,2026-04-03 15:37,46.303707574290954,사실형,81.45528453091781
https://n.news.naver.com/mnews/article/031/0001019321?sid=101,한화에어로스페이스 (방산/우주항공),"한화에어로, K9 자주포로 세계 최대 시장 미국 진출 추진","한화에어로스페이스는 K9 자주포를 기반으로 한 'K9MH'를 미국 육군의 현대화 사업에 제안하며, 미국 시장 진출에 나선다.",호재,2026-04-02 22:34,36.03403439283112,사실형,89.48615955955842
https://n.news.naver.com/mnews/article/277/0005744710?sid=101,한화에어로스페이스 (방산/우주항공),"한화에어로 ""항공엔진 기술 자립…글로벌 무인기 선점 속도""",한화에어로스는 항공엔진 기술 자립과 국내 산업생태계 육성을 위해 다양한 무인기 엔진을 국내 기술로 개발할 계획이다.,호재,2026-04-03 11:50,27.021737809241408,사실형,88.38171988725662
https://n.news.naver.com/mnews/article/421/0008865200?sid=101,한화에어로스페이스 (방산/우주항공),"한화에어로 호주 파트너사 코버스, 한-호주 비즈니스 어워드 수상",한화에어로스페이스와 호주 파트너사 코버스가 한국-호주 비즈니스 어워드에서 특별 공로상을 수상했다.,호재,2026-04-02 10:12,31.540830863127145,사실형,94.61986720561981
https://n.news.naver.com/mnews/article/119/0003076802?sid=101,한화에어로스페이스 (방산/우주항공),"한화에어로, 무인기 엔진으로 승부…항공엔진 자립 속도",한화에어로스페이스는 무인기 엔진 개발을 통해 항공엔진 기술 자립과 글로벌 시장 진출을 본격화한다.,호재,2026-04-03 13:38,31.036801375068578,사실형,89.15144895965402
https://n.news.naver.com/mnews/article/366/0001154146?sid=101,하이브 (엔터/미디어),"하이브, BTS 가짜뉴스 확산에 ‘경고’…“스트리밍 급락 사실무근”",하이브가 소속 아이돌 그룹 BTS를 겨냥한 가짜뉴스가 확산되고 있다.,악재,2026-04-03 17:47,31.870866831914913,사실형,92.62348413467407
https://n.news.naver.com/mnews/article/055/0001344971?sid=101,하이브 (엔터/미디어),"하이브, 글로벌 플랫폼·미디어 전문가 이사 선임",하이브가 글로벌 플랫폼·미디어 분야 전문가를 이사로 선임하여 글로벌 사업 경쟁력을 강화하기 위한 전략을 triển khai한다.,호재,2026-04-01 11:52,19.48986855220165,추론형,20
https://n.news.naver.com/mnews/article/009/0005659308?sid=103,하이브 (엔터/미디어),"하이브, ‘디즈니 출신’ 케빈 메이어 영입…글로벌 경영 가속화",하이브가 케빈 메이어 전 월트디즈니컴퍼니 선임 부사장을 기타비상무이사로 선임하여 글로벌 사업 전문성 강화에 나섰다.,호재,2026-04-01 11:09,17.687995842008597,사실형,82.57946866667933
https://m.sports.naver.com/general/article/139/0002245738,KB금융 (금융/밸류업),"""김연아 언니·알리사 리우가 롤모델"" 시니어 무대 나서는 ""피겨 쌍둥이...",피겨 쌍둥이 선수들은 부모님과 KB금융그룹에게 감사 인사를 전했다.,호재,2026-04-17 07:00,18.6,사실형,49.8
https://n.news.naver.com/mnews/article/011/0004611400?sid=101,KB금융 (금융/밸류업),"칼라일, 정익수 대표 선임…김종윤 대표는 한국법인 총괄대표로",칼라일은 정익수 대표를 한국 대표로 선임하고 김종윤 대표를 한국 총괄대표로 임명했다.,호재,2026-04-16 13:37,32.5,사실형,84.1
https://n.news.naver.com/mnews/article/008/0005345176?sid=101,KB금융 (금융/밸류업),"RISE 대형고배당10TR ETF, 순자산 5000억 돌파…대형주 효과","RISE 대형고배당10TR ETF의 순자산이 5000억원 돌파하며, 대형주 효과를 나타내고 있다.",호재,2026-04-16 14:06,25.0,사실형,86.5
https://m.sports.naver.com/golf/article/382/0001268700,KB금융 (금융/밸류업),"국가대표 출신 홍수민, KLPGA 제주공항렌트카·백제CC 점프투어 2차전 정...",홍수민이 KLPGA 2026 제주공항렌트카·백제CC 점프투어 2차전에서 우승했다.,호재,2026-04-16 17:14,64.3,사실형,98.9
https://m.sports.naver.com/golf/article/450/0000150981,KB금융 (금융/밸류업),"연장 끝 '7m 파 퍼트 승부'…홍수민, 점프투어 첫 정상",홍수민이 KLPGA 점프투어 2차전에서 우승했다.,호재,2026-04-16 18:01,61.1,사실형,99.6
https://m.sports.naver.com/golf/article/450/0000150998,KB금융 (금융/밸류업),"연장서 7m 파 퍼트 '쾅'... 홍수민, 점프투어 2차전서 짜릿한 첫 승",홍수민이 7미터 파 퍼스트를 성공하며 점프투어 2차전에서 첫 승을 거두었다.,호재,2026-04-16 22:32,26.8,사실형,83.9
https://n.news.naver.com/mnews/article/015/0005275788?sid=101,KB금융 (금융/밸류업),"칼라일, 한국 리더십 재편…'어피니티 출신' 정익수 대표 韓 수장으로",칼라일은 한국 리더십을 재편하고 정익수 대표를 한국 대표로 선임했다.,호재,2026-04-16 13:45,15.2,사실형,78.2
https://n.news.naver.com/mnews/article/008/0005345322?sid=101,한화에어로스페이스 (방산/우주항공),"바라이노베이션, 한화에어로스페이스와 방산 분야 기술용역 계약",바라이노베이션은 한화에어로스페이스와 기술용역 계약을 체결하여 방산 분야에 진출한다.,호재,2026-04-16 16:54,33.9,대화형,41.8
https://n.news.naver.com/mnews/article/018/0006258511?sid=101,KB금융 (금융/밸류업),"[마켓인] 칼라일, 정익수 한국 대표·김종윤 한국 총괄대표 선임",칼라일이 정익수 신임 대표와 김종윤 총괄대표를 선임하여 한국 시장에 대한 투자 확대를 위한 노력을 강화한다.,호재,2026-04-16 12:22,24.7,사실형,72.8
https://n.news.naver.com/mnews/article/018/0006259060?sid=101,하이브 (엔터/미디어),"하이브, 글로벌 프로모션 확대 등 수익성 둔화…목표가↓-메리츠",메리츠증권은 하이브 목표주가 45만원에서 39만원으로 하향 조정했다.,호재,2026-04-17 07:54,25.6,사실형,86.4
https://n.news.naver.com/mnews/article/015/0005276138?sid=101,하이브 (엔터/미디어),"""하이브, 올 1분기 실적 예상치 밑돌 전망…목표가↓""-메리츠",메리츠증권은 하이브의 올 1분기 실적이 컨센서스 밑돌 것으로 예상하며 목표주가를 하향 조정했다.,악재,2026-04-17 08:29,31.8,사실형,71.1
https://n.news.naver.com/mnews/article/011/0004611346?sid=101,KB금융 (금융/밸류업),반도체 깔고 자동차·방산 ‘바통터치’… 순환매에 코스피 6200 복귀 [이...,코스피가 6200선을 회복하며 '중동 사태' 이후 낙폭 만회를 시도하고 있다.,호재,2026-04-16 11:01,29.7,사실형,89.2
https://n.news.naver.com/mnews/article/018/0006258997?sid=101,하이브 (엔터/미디어),“BGF·농심·하이브까지 빠질라”...대기업 지정 ‘GDP 연동’ 백지화[...,윤석열 정부가 추진한 대기업 지정 기준의 GDP 연동 방안이 사실상 백지화된 것으로 파악되었다.,악재,2026-04-17 05:01,51.5,사실형,95.1
https://n.news.naver.com/mnews/article/028/0002801093?sid=103,하이브 (엔터/미디어),‘한국판 코첼라’ 탄생하나…‘빅4’ 하이브·SM·YG·JYP 뭉친다,한국판 코첼라'를 만들기 위해 '빅4' 기획사들이 합작법인을 설립하는 추진 중이다.,호재,2026-04-16 17:22,32.3,사실형,82.9
https://n.news.naver.com/mnews/article/028/0002800289?sid=101,삼성전자 (IT/반도체),"“삼성전자, 1분기 스마트폰 선두 탈환…아이폰 제쳐”","삼성전자, 스마트폰 시장에서 애플을 앞서 1위 자리를 되찾았다.",호재,2026-04-11 15:18,20.4,사실형,83.1
https://n.news.naver.com/mnews/article/015/0005271399?sid=101,삼성전자 (IT/반도체),"""32만전자 간다""…삼성전자, 역대급 잭팟 예고에 주가 '들썩'","삼성전자 1분기 매출 118조원, 영업이익 39조원 전망으로 역대급 실적을 예상하고 있다.",호재,2026-04-06 13:48,31.4,사실형,66.6
https://n.news.naver.com/mnews/article/586/0000126136?sid=101,삼성전자 (IT/반도체),"국내 1000대 상장사, 매출 2000조원 첫 돌파…삼성전자 24년 연속 1위","국내 1000대 상장사 합산 매출이 사상 처음으로 2000조원을 넘었으며, 삼성전자 24년 연속 매출 1위를 차지했다.",호재,2026-04-06 13:45,37.3,사실형,98.7
https://n.news.naver.com/mnews/article/658/0000140186?sid=101,삼성전자 (IT/반도체),삼성전자 국내 1000대 상장사 매출 비중 11.4%…SK하이닉스 매출 31조 늘...,삼성전자 국내 1000대 상장사 매출 비중 11.4%를 차지하며 역대 최고 매출 기록을 경신했다.,호재,2026-04-06 14:02,23.1,사실형,97.1
https://n.news.naver.com/mnews/article/421/0008874381?sid=101,삼성전자 (IT/반도체),"삼성전자, 20만전자 탈환",삼성전자가 1분기 매출 영업익 57조를 발표하며 '20만전자'를 탈환했다.,호재,2026-04-07 10:05,35.4,사실형,97.6
https://n.news.naver.com/mnews/article/003/0013870011?sid=101,현대차 (자동차/모빌리티),'현대차 새만금 9조 투자' 정책금융 지원…국민성장펀드 결합 검토,정부와 정책금융기관이 현대차그룹의 새만금 투자 프로젝트에 금융 지원을 제공하기 위한 MOU를 체결했다.,호재,2026-04-06 14:08,11.6,사실형,92.6
https://n.news.naver.com/mnews/article/421/0008874276?sid=101,삼성전자 (IT/반도체),"삼성전자, 20만전자 탈환",삼성전자가 20만전자 탈환을 성공했다.,호재,2026-04-07 09:41,35.4,사실형,97.6
https://n.news.naver.com/mnews/article/030/0003414881?sid=101,네이버 (IT/플랫폼),"하림, 네이버와 손잡고 '더미식 골든퀸 백미밥' 단독 출시",하림이 네이버와 함께 개발한 '더미식 골든퀸 백미밥'을 단독 출시했다.,호재,2026-04-06 10:44,5.6,사실형,67.2
https://n.news.naver.com/mnews/article/016/0002625406?sid=101,삼성전자 (IT/반도체),떠난 외국인도 돌아올까…역대급 실적 발표 앞둔 삼성전자에 기대감↑...,삼성전자가 역대급 실적을 달성할 것으로 예상되어 시장에서 기대감이 높아지고 있다.,호재,2026-04-06 14:07,36.3,사실형,85.0
https://n.news.naver.com/mnews/article/277/0005745853?sid=101,삼성전자 (IT/반도체),삼성전자 '깜짝 실적' 1분기 영업익 57조2000억…작년 동기 대비 755%↑,"삼성전자, 1분기 수익이 사상 최고치를 기록했다.",호재,2026-04-07 08:23,19.1,사실형,98.5
https://n.news.naver.com/mnews/article/001/0016006243?sid=101,삼성전자 (IT/반도체),"삼성전자, 1분기 매출 역대 최대 실적…주가 상승하나","삼성전자, 1분기 매출 역대 최대 실적을 기록했다.",호재,2026-04-07 09:22,17.9,사실형,87.0
https://n.news.naver.com/mnews/article/001/0016006235?sid=101,삼성전자 (IT/반도체),"삼성전자, 1분기 매출 역대 최대 실적…주가 상승하나",삼성전자 1분기 매출 역대 최대 실적을 기록했다.,호재,2026-04-07 09:21,17.9,사실형,87.0
https://n.news.naver.com/mnews/article/015/0005271359?sid=101,삼성전자 (IT/반도체),韓 상장사 매출 2000조 시대 열렸다…삼성전자 '독보적 1위',"삼성전자, 역대 최고 매출 238조430억원 기록",호재,2026-04-06 11:01,21.7,사실형,98.4
https://n.news.naver.com/mnews/article/001/0016006245?sid=101,삼성전자 (IT/반도체),"삼성전자, 1분기 매출 역대 최대 실적…주가 상승하나","삼성전자, 1분기 매출 역대 최대 실적을 기록했다.",호재,2026-04-07 09:22,17.9,사실형,87.0
https://n.news.naver.com/mnews/article/001/0016006237?sid=101,삼성전자 (IT/반도체),"삼성전자, 1분기 매출 역대 최대 실적…주가 상승하나",삼성전자 1분기 매출 역대 최대 실적을 기록했다.,호재,2026-04-07 09:21,16.2,사실형,47.1
https://n.news.naver.com/mnews/article/001/0016006244?sid=101,삼성전자 (IT/반도체),"삼성전자, 1분기 매출 역대 최대 실적…주가 상승하나","삼성전자, 1분기 매출 역대 최대 실적을 기록했다.",호재,2026-04-07 09:22,16.2,사실형,47.1
https://n.news.naver.com/mnews/article/029/0003020296?sid=101,삼성전자 (IT/반도체),"[속보] 삼성전자, 1분기 영업익 57.2조원…매출도 역대 최대 경신","삼성전자, 1분기 영업익 57.2조원으로 역대 최대 경신",호재,2026-04-07 07:45,35.9,사실형,96.7
https://n.news.naver.com/mnews/article/001/0016006233?sid=101,삼성전자 (IT/반도체),"삼성전자, 1분기 매출 역대 최대 실적…주가 상승하나","삼성전자, 1분기 매출 역대 최대 실적을 기록했다.",호재,2026-04-07 09:21,17.9,사실형,87.0
https://n.news.naver.com/mnews/article/020/0003710362?sid=101,삼성전자 (IT/반도체),"삼성전자, 영업이익 ‘50조’ 돌파…한국 기업史 새로 썼다","삼성전자, 단일 분기 영업이익 57조 원을 돌파하며 국내 기업 역사상 분기 기준 역대 최고 실적을 달성했다.",호재,2026-04-07 08:11,18.5,사실형,97.5
https://n.news.naver.com/mnews/article/422/0000852281?sid=101,삼성전자 (IT/반도체),"삼성전자, 1분기 매출 133조·영업이익 57조…'실적 신기록'","삼성전자가 1분기 영업이익 57조원, 매출 133조원을 기록하면서 역대 최대의 실적을 달성했습니다.",호재,2026-04-07 07:44,12.2,추론형,20
https://n.news.naver.com/mnews/article/374/0000502662?sid=101,삼성전자 (IT/반도체),삼성전자 지금이라도 살까?…영업익 40조냐 50조냐,"삼성전자 1분기 성적표 공개, 분기 매출액 120조원, 영업이익 50조원 전망",호재,2026-04-07 05:54,26.9,추론형,20
https://n.news.naver.com/mnews/article/055/0001346456?sid=101,삼성전자 (IT/반도체),"1분기 매출 133조·영업익 57조…삼성전자, 한국 기업사 '신기원'","삼성전자, 1분기 매출 133조 원, 영업익 57조 2천억 원을 기록하며 역대 최대 실적을 달성했습니다.",호재,2026-04-07 08:02,27.6,추론형,50.0
https://n.news.naver.com/mnews/article/449/0000340798?sid=101,삼성전자 (IT/반도체),삼성전자 1분기 영업익 57.2조…작년 전체 영업익 뛰어넘어,"삼성전자 1분기 영업익 57.2조원, 작년 전체 영업익을 뛰어넘어",호재,2026-04-07 07:49,13.4,추론형,49.9
https://n.news.naver.com/mnews/article/421/0008873950?sid=101,삼성전자 (IT/반도체),삼성전자 1Q 영업이익 57.2조 '755% 증가'…韓 기업 사상 최대(상보),삼성전자 1Q 영업이익 57.2조 '755% 증가'…韓 기업 사상 최대,호재,2026-04-07 07:49,14.1,사실형,99.5
https://n.news.naver.com/mnews/article/001/0016005997?sid=101,삼성전자 (IT/반도체),"삼성전자, 오늘 1분기 실적공개…영업익 50조 돌파할까","삼성전자가 1분기 실적을 공개할 예정이며, 역대 최대 분기 이익을 기록할 가능성이 높아지고 있다.",호재,2026-04-07 05:00,16.7,사실형,42.4
https://n.news.naver.com/mnews/article/025/0003514465?sid=101,삼성전자 (IT/반도체),삼성전자 꿈의 ‘50조’ 돌파…1분기 영업이익 57.2조 ‘사상 최대’,"삼성전자 1분기 영업이익 50조원 돌파, 분기 사상 최대 실적 기록",호재,2026-04-07 07:56,24.5,사실형,91.3
https://n.news.naver.com/mnews/article/047/0002511058?sid=101,삼성전자 (IT/반도체),"'어닝서프라이즈' 삼성전자, 세계1위 '엔비디아'와 어깨 나란히 할까","삼성전자, 차세대 메모리 기술력과 솔루션 공개하며 미국 엔비디아와 경쟁력을 높였다.",호재,2026-04-07 11:36,22.4,사실형,97.2
https://n.news.naver.com/mnews/article/024/0000104626?sid=101,삼성전자 (IT/반도체),“엔비디아 넘어설 수”…삼성전자 1분기 영업이익 57조,삼성전자 1분기 영업이익이 사상 최대인 57조2000억원으로 기록되었습니다.,호재,2026-04-07 07:52,22.0,사실형,48.9
https://n.news.naver.com/mnews/article/011/0004607840?sid=101,삼성전자 (IT/반도체),"분기 50조 벽 깬 韓 최초 기업…삼성전자, AI 반도체로 새 역사","삼성전자, AI 반도체로 분기 영업이익 50조 원을 기록하며 사상 최초 기록을 세웠습니다.",호재,2026-04-07 08:14,37.2,사실형,98.1
https://n.news.naver.com/mnews/article/448/0000602003?sid=101,삼성전자 (IT/반도체),슈퍼사이클 타고 韓기업사 새로 쓴 삼성전자…엔비디아 뛰어넘나,"삼성전자가 한국 기업사를 새로 썼고, 올해 1분기 매출과 영업이익이 역대 최대 실적을 기록했다.",호재,2026-04-07 10:14,12.0,사실형,99.4
https://n.news.naver.com/mnews/article/001/0016006422?sid=101,삼성전자 (IT/반도체),삼성전자 1분기 최대 실적,삼성전자가 1분기 최대 실적을 기록했다.,호재,2026-04-07 10:11,17.9,사실형,97.6
https://n.news.naver.com/mnews/article/053/0000057270?sid=101,삼성전자 (IT/반도체),삼성전자 1분기 영업익 '57조'…작년 연간 이익을 한 분기에,삼성전자 1분기 영업익 '57조'…작년 연간 이익을 한 분기에,호재,2026-04-07 08:11,18.0,사실형,98.1
https://n.news.naver.com/mnews/article/081/0003632618?sid=101,KB금융 (금융/밸류업),"KB금융, 상권 데이터로 소상공인 돕는다",KB금융그룹이 데이터 기반 분석을 통해 소상공인 지원과 지역경제 활성화에 앞장서고 있다.,호재,2026-04-06 05:04,24.3,사실형,94.6
https://n.news.naver.com/mnews/article/020/0003709896?sid=101,KB금융 (금융/밸류업),KB금융 지역상권지수 개발… “고객 동향-매출패턴 등 한눈에”,KB금융그룹은 지역상권 현황을 한눈에 파악할 수 있는 'KB상권활성화지수'를 개발했다.,호재,2026-04-06 00:31,41.7,사실형,96.2
https://n.news.naver.com/mnews/article/020/0003710097?sid=101,삼성전자 (IT/반도체),"[단독]삼성전자, 15일 TV 신작 발표….라인업 다변화로 세계 1위 수성 나...","삼성전자, 15일 TV 신작 발표하며 글로벌 TV 시장 21년 연속 1위 수성을 위한 방어선 구축에 나섰다.",호재,2026-04-06 14:27,14.9,사실형,72.0
https://n.news.naver.com/mnews/article/001/0016006423?sid=101,삼성전자 (IT/반도체),삼성전자 1분기 최대 실적,"삼성전자 1분기 매출액 133조원, 영업이익 57조2천억원으로 역대 최대 실적을 기록했다.",호재,2026-04-07 10:11,17.9,사실형,97.6
https://n.news.naver.com/mnews/article/001/0016006415?sid=101,삼성전자 (IT/반도체),삼성전자 1분기 최대 실적,"삼성전자 1분기 실적이 역대 최대 실적인 133조원 매출, 57조2천억원 영업이익을 기록했다.",호재,2026-04-07 10:10,17.9,사실형,97.6
https://n.news.naver.com/mnews/article/055/0001346486?sid=101,삼성전자 (IT/반도체),"삼성전자, 반도체로만 50조 영업익…내년 엔비디아 넘어 세계 1위 전망도","삼성전자, 올해 1분기 57조 2천억 원의 영업이익을 기록하며 반도체로만 50조 영업익을 달성했다.",호재,2026-04-07 09:15,33.8,추론형,20
https://n.news.naver.com/mnews/article/001/0016006421?sid=101,삼성전자 (IT/반도체),삼성전자 1분기 최대 실적,삼성전자 1분기 최대 실적을 기록했다.,호재,2026-04-07 10:11,17.9,사실형,97.6
https://n.news.naver.com/mnews/article/277/0005745909?sid=101,삼성전자 (IT/반도체),"삼성운용, 'KODEX 삼성전자SK하이닉스채권혼합50' 상장",삼성자산운용이 'KODEX 삼성전자SK하이닉스채권혼합50' ETF를 신규 상장한다.,호재,2026-04-07 09:31,16.3,사실형,99.8
https://n.news.naver.com/mnews/article/001/0016006145?sid=101,삼성전자 (IT/반도체),"삼성전자, 반도체로만 50조 영업익…내년 엔비디아 넘어 세계 1위 전망도","삼성전자, 1분기 57조2천억원의 영업익을 기록하며 한국 기업사를 새로 쓴 실적을 거두었고, 내년 엔비디아를 넘어 세계 1위 전망도 나온다.",호재,2026-04-07 08:40,15.5,사실형,97.9
https://n.news.naver.com/mnews/article/055/0001346448?sid=101,삼성전자 (IT/반도체),"1분기 매출 133조·영업익 57조..삼성전자, 한국 기업사 '신기원'","삼성전자, 1분기 매출 133조 원, 영업익 57조 2천억 원으로 역대 최대 실적을 기록했다.",호재,2026-04-07 07:53,25.2,추론형,50.0
https://n.news.naver.com/mnews/article/023/0003969287?sid=105,삼성전자 (IT/반도체),삼성전자 1분기 잠정 영업이익 57.2조원...한국 기업史 새로 썼다,삼성전자 1분기 영업이익이 작년 한해 이익을 넘어서 국내 기업 역사상 분기 기준 역대 최고 실적을 기록했다.,호재,2026-04-07 07:42,17.2,사실형,98.6
https://n.news.naver.com/mnews/article/057/0001943433?sid=101,삼성전자 (IT/반도체),"삼성전자 1분기 영업이익 57조 2,000억 원⋯지난해보다 755% 올라","삼성전자, 1분기 영업이익 57조 2000억 원으로 역대 최대 실적을 기록했다.",호재,2026-04-07 07:52,27.6,사실형,49.8
https://n.news.naver.com/mnews/article/052/0002337308?sid=101,삼성전자 (IT/반도체),"삼성전자, 매출 133조·영업이익 57조...한국기업 '새 역사'",삼성전자 1분기 영업이익 57조 원을 기록하며 사상 최대 실적을 달성했다.,호재,2026-04-07 09:52,30.5,추론형,20
https://n.news.naver.com/mnews/article/009/0005664270?sid=101,KB금융 (금융/밸류업),"KT 2.7조, 포스코홀딩스 1.7조 … 투자용 부동산 매물로 나오나","코스피 상장사들이 보유한 투자부동산 규모가 80조원에 달하는 것으로 나타났으며, 일부 기업이 세금 부담 강화로 인해 매각 대신 업무용 전환할 가능성이 높다.",호재,2026-04-10 17:42,70.8,사실형,93.6
https://n.news.naver.com/mnews/article/008/0005342674?sid=101,KB금융 (금융/밸류업),"주말 종전 '희소식' 들릴까…또 한번 출렁일 증시, 이 '업종' 주목","코스피는 외국인의 순매수세에 힘입어 강세로 마감했으며, 종전 합의를 기점으로 증시 등락이 결정될 것으로 보고 전술적 대응이 필요하다고 당부했다.",호재,2026-04-10 17:08,57.2,사실형,78.4
https://n.news.naver.com/mnews/article/243/0000096147?sid=101,KB금융 (금융/밸류업),"고개 드는 코스피, 종전 기대감 속 '5850선 회복'",코스피가 중동 정세 완화 기대감 속에 반등하며 5850선을 회복했다.,호재,2026-04-10 18:01,53.3,사실형,90.1
https://n.news.naver.com/mnews/article/029/0003021211?sid=101,KB금융 (금융/밸류업),"KB금융, 중진공과 中企 ‘안전 사각지대’ 지운다…33억 밀착 지원",KB금융그룹이 중소기업의 산업안전 사각지대를 해소하기 위해 중소벤처기업진흥공단과 함께 33억원의 재원을 투입하는 지원사업을 추진한다.,호재,2026-04-12 18:13,13.4,사실형,42.2
https://m.sports.naver.com/golf/article/014/0005506346,KB금융 (금융/밸류업),"적수 없었다…'괴물 루키’ 김민솔, 와이어 투 와이어 시즌 첫승",김민솔이 와이어 투 와이어 시즌 첫승을 차지했다.,호재,2026-04-12 18:55,18.0,사실형,91.7
https://m.sports.naver.com/general/article/241/0003504505,KB금융 (금융/밸류업),태극마크 조기 확정에도 1위 레이스…최민정 “팬 응원에 보답하기 위해...,최민정은 KB금융 전국남녀 종합선수권대회에서 여자 1000m 결승에서 1분32초026의 기록으로 1위를 차지했다.,호재,2026-04-12 18:46,28.6,사실형,99.8
https://n.news.naver.com/mnews/article/011/0004609454?sid=101,KB금융 (금융/밸류업),KB금융 한달 반만에 시총 10위권 재진입...주가 상승 흐름 탄력,KB금융이 한달 반 만에 코스피 시가총액 상위 10위권에 재진입했다.,호재,2026-04-10 17:47,24.7,사실형,82.9
https://n.news.naver.com/mnews/article/417/0001138623?sid=101,KB금융 (금융/밸류업),'얼마나' 보다 '어디에'…은행 핵심평가지표 판 뒤집혔다,금융당국이 은행의 핵심평가지표를 전면 개편하여 생산적 금융과 포용 금융 중심으로 바꾸고 있다.,호재,2026-04-13 05:05,16.7,사실형,86.7
https://n.news.naver.com/mnews/article/005/0001842492?sid=101,KB금융 (금융/밸류업),"코스피, 종전 기대에 5850대 회복… 외국인 1조 순매수",코스피가 5850대 선을 회복하며 1.40% 오른 5858.87에 마감했다.,호재,2026-04-10 16:34,67.9,사실형,89.2
https://n.news.naver.com/mnews/article/081/0003634299?sid=101,KB금융 (금융/밸류업),"코스피, 외인 1조 순매수에 5850대 마감… 美·이란 협상 기대 반영",코스피는 외국인 1조원 넘는 순매수에 힘입어 5850대에서 상승 마감했다.,호재,2026-04-10 16:55,54.0,사실형,97.0
https://m.sports.naver.com/golf/article/445/0000401282,KB금융 (금융/밸류업),"[mhn포토] 방신실, 앙 다문 입",방신실이 시즌 첫 우승과 함께 통산 3승을 이끌었다.,호재,2026-04-12 23:09,46.4,사실형,98.6
https://m.sports.naver.com/golf/article/445/0000401277,KB금융 (금융/밸류업),"[mhn포토] 방신실, 이미지 스윙의 스윙 점검",방신실이 시즌 첫 우승과 함께 통산 3승을 이뤘다.,호재,2026-04-12 23:09,43.7,사실형,98.6
https://n.news.naver.com/mnews/article/011/0004609900?sid=101,KB금융 (금융/밸류업),KB·신한·하나·우리금융...올해 법인세수 6% 책임진다,4대 금융그룹(KB·신한·하나·우리)이 올해 국내외 법인세액 6조2000억 원을 신고할 것으로 예상된다.,호재,2026-04-13 05:31,51.8,사실형,59.9
https://m.sports.naver.com/golf/article/445/0000401276,KB금융 (금융/밸류업),"[mhn포토] 방신실, 최종라운드 출발 준비",방신실이 통산 3승을 거두며 시즌 첫 우승을 차지했다.,호재,2026-04-12 23:09,42.1,사실형,98.6
https://n.news.naver.com/mnews/article/056/0012160197?sid=100,한화에어로스페이스 (방산/우주항공),"한화에어로, 핀란드에 K9 자주포 112문 수출 계약",한화에어로스페이스가 핀란드 국방부와 K9 자주포 112문 수출 계약을 체결했다.,호재,2026-04-10 21:55,47.4,추론형,0.1
https://n.news.naver.com/mnews/article/353/0000055124?sid=102,KB금융 (금융/밸류업),5월 이후 집값?…전문가 64% “3% 이상 오를 것”,전문가 64%가 5월 이후 서울 집값 3% 이상 상승을 예상했다.,호재,2026-04-11 01:27,55.1,사실형,58.4
https://n.news.naver.com/mnews/article/021/0002783923?sid=101,하이브 (엔터/미디어),‘BTS 흥행 아니었나? 그런데 하이브는 왜?’…목표 주가 하향 잇따라,하이브의 목표 주가가 하향 조정되면서 BTS의 월드투어가 본격 시작되는 시점에서 의외의 소식이다.,악재,2026-04-11 11:00,49.7,사실형,83.6
https://n.news.naver.com/mnews/article/277/0005748020?sid=101,하이브 (엔터/미디어),"""BTS 월드투어에 400만 온다""…하이브, 지금이 진짜 매수 타이밍?[주末머...",하이브가 1분기 수익성 부진에도 불구하고 2분기부터 실적 반등이 본격화될 것이라는 분석이 나왔다.,호재,2026-04-11 09:37,14.4,사실형,90.5
https://n.news.naver.com/mnews/article/011/0004609557?sid=103,하이브 (엔터/미디어),산토스 브라보스 “하이브의 ‘K팝 방법론’으로 성실함 배워…글로벌...,하이브의 라틴 팝그룹 산토스 브라보스가 글로벌 팬들에게 인상을 남겼다.,호재,2026-04-11 06:01,78.2,사실형,55.7
https://m.entertain.naver.com/article/003/0013881114,하이브 (엔터/미디어),"하이브 라틴그룹 산토스 브라보스 ""K-팝 방법론 덕에 인간적인 성장""",하이브 라틴그룹 산토스 브라보스가 K-팝 방법론으로 인간적인 성장을 경험한다.,호재,2026-04-10 19:37,11.1,사실형,96.0
https://m.sports.naver.com/general/article/241/0003504526,KB금융 (금융/밸류업),[IS 목동] 남자부 제패한 ‘올림픽 신스틸러’ 이정민 “개인전에서도 ...,"이정민이 쇼트트랙 남자 1000m 결승전에서 1분27초090을 기록, 개인전에서도 우수한 성적을 냈다.",호재,2026-04-13 00:01,32.3,사실형,99.8
https://n.news.naver.com/mnews/article/029/0003021492?sid=105,삼성전자 (IT/반도체),"“협상은 결국 타결된다”…삼전·SK하닉, 프리마켓 3% 급등","삼성전자와 SK하이닉스가 프리마켓 3% 급등, 미-이란 2차 후소협상 기대감에 국내 증시가 상승하고 있다.",호재,2026-04-14 08:13,66.6,사실형,78.4
https://n.news.naver.com/mnews/article/022/0004120639?sid=101,LG에너지솔루션 (2차전지),"LG엔솔, AX 통해 2028년까지 생산성 50% 향상",LG엔솔 사장 김동명은 2028년까지 생산성을 50% 향상하기 위해 AX를 통해 독보적 경쟁력을 확보하고자 한다.,호재,2026-04-14 06:02,48.0,사실형,57.6
https://n.news.naver.com/mnews/article/081/0003634989?sid=101,LG에너지솔루션 (2차전지),"“LG엔솔, AX로 이기는 혁신… 2028년 생산성 50% 높일 것”",LG엔솔 사장 김동명이 2028년까지 생산성을 50% 높이겠다는 목표를 제시했다.,호재,2026-04-14 05:04,33.9,사실형,56.7
https://n.news.naver.com/mnews/article/022/0004120643?sid=101,LG에너지솔루션 (2차전지),"LG엔솔, 삼성SDI, SK온 배터리 3사 1분기 동반적자 예고","LG엔솔, 삼성SDI, SK온 배터리 3사 1분기 동반적자 예고, 하반기부터 ESS 호조 예상",호재,2026-04-14 06:02,20.1,사실형,60.4
https://n.news.naver.com/mnews/article/020/0003712014?sid=101,LG에너지솔루션 (2차전지),김동명 LG엔솔 사장 “AX 도입해 배터리시장 판도 바꿔야”,LG엔솔 사장 김동명은 2028년까지 생산성을 50% 상향하고 배터리 시장에서 경쟁력을 강화하기 위해 인공지능 전환(AX)을 도입한다고 밝혔다.,호재,2026-04-14 00:31,31.4,사실형,77.5
https://n.news.naver.com/mnews/article/005/0001842998?sid=101,LG에너지솔루션 (2차전지),LG엔솔 김동명 “양적 경쟁 한계… AX로 생산성 50% ↑”,LG엔솔 CEO 김동명은 인공지능 전환(AX)을 통해 2028년까지 전사 생산성을 50% 개선하겠다는 목표를 내놨다.,호재,2026-04-14 00:30,38.8,사실형,59.7
https://n.news.naver.com/mnews/article/014/0005507019?sid=101,LG에너지솔루션 (2차전지),"""LG엔솔, AX로 생산성 50% 개선""",LG엔솔이 전사 생산성을 50%까지 개선하기 위해 '이기는 혁신'을 통해 AX를 강력하게推진한다.,호재,2026-04-13 18:24,50.7,사실형,93.2
https://n.news.naver.com/mnews/article/009/0005665271?sid=101,LG에너지솔루션 (2차전지),"LG엔솔 ""2년내 생산성 50% 높일 것""",LG엔솔은 2028년까지 생산성을 50% 올리겠다고 발표했다.,호재,2026-04-13 17:24,27.3,사실형,66.1
https://n.news.naver.com/mnews/article/050/0000104899?sid=101,LG에너지솔루션 (2차전지),"LG엔솔 김동명 ""2028년 생산성 50% 향상""…AX로 '게임의 룰' 바꾼다",LG엔솔이 인공지능 전환(AX)을 통해 2028년까지 전사 생산성을 50% 끌어올리겠다는 목표를 세웠다.,호재,2026-04-13 17:57,57.4,사실형,66.8
https://n.news.naver.com/mnews/article/015/0005274449?sid=101,LG에너지솔루션 (2차전지),"LG엔솔 ""2028년 생산성 50% 개선""",LG엔솔이 2028년까지 전사 생산성을 50% 이상 개선하기로 내년부터 인공지능(AI) 기술을 제품·소재 개발 등 핵심 영역에 적용할 계획이다.,호재,2026-04-13 18:34,40.0,사실형,55.2
https://n.news.naver.com/mnews/article/366/0001156567?sid=101,현대차 (자동차/모빌리티),"현대차證 “현대제철, 철강 가격 상승에 실적 개선 기대…목표가 4만680...",현대차증권은 현대제철이 철강 가격 상승에 따른 실적 개선과 수익성 강화를 전망했다.,호재,2026-04-14 08:40,9.5,사실형,88.8
https://n.news.naver.com/mnews/article/469/0000925172?sid=101,LG에너지솔루션 (2차전지),"김동명 LG엔솔 사장 ""AX 통한 혁신으로 2028년까지 생산성 50% 개선""",LG엔솔 사장 김동명은 인공지능 전환(AX)으로 2028년까지 생산성을 50% 개선하겠다는 목표를 제시했다.,호재,2026-04-13 17:08,33.4,예측형,43.1
https://n.news.naver.com/mnews/article/277/0005747646?sid=101,KB금융 (금융/밸류업),"독립운동 계승 KB '다시쓰는 대한이살았다' 캠페인, 조회수 1000만회 돌파",KB금융그룹의 '다시 쓰는 대한이 살았다' 캠페인이 조회수 1000만회를 돌파했다.,호재,2026-04-10 10:03,18.5,사실형,74.1
https://n.news.naver.com/mnews/article/382/0001268013?sid=103,현대차 (자동차/모빌리티),"정의선 현대차 회장의 승부수, “경쟁은 혁신의 촉매제… 로봇·AI로 미...",정의선 현대차 회장은 미래 모빌리티 시장을 선점하기 위한 파괴적 혁신 비전을 전격 선포했다.,호재,2026-04-14 08:55,19.8,사실형,70.4
https://n.news.naver.com/mnews/article/022/0004120642?sid=101,현대차 (자동차/모빌리티),로보틱스·AI 장착… 현대차그룹 ‘테크 기업’ 전환 가속,"현대차그룹이 로보틱스와 AI를 앞세워 기술 기업으로의 전환에 속도를 내고 있으며, 미국에 대규모 투자를 약속했다.",호재,2026-04-14 06:02,15.1,사실형,86.5
https://n.news.naver.com/mnews/article/011/0004610391?sid=104,현대차 (자동차/모빌리티),정의선 “경쟁은 혁신 자극 요소...현대차는 경쟁 환영한다”,정의선 현대차그룹 회장은 변화하는 환경에 따른 경쟁이 혁신을 자극하는 요소라고 밝히고 현대차는 경쟁을 환영한다고 말했다.,호재,2026-04-14 08:41,12.1,사실형,76.2
https://n.news.naver.com/mnews/article/001/0016019376?sid=101,현대차 (자동차/모빌리티),"정의선 현대차 회장, 美 워싱턴서 열린 경제행사 참석",정의선 현대차 회장이 미국 워싱턴DC에서 열린 경제 행사에 참석했다.,호재,2026-04-14 05:52,42.3,사실형,87.0
https://n.news.naver.com/mnews/article/009/0005660612?sid=101,삼성전자 (IT/반도체),터보퀀트 해프닝이 일깨워주는 삼성전자의 진짜 강점 [기자24시],삼성전자는 새로운 기술변화에 적응하고 협력으로 장기성장을 위한 방안을 찾고 있다.,호재,2026-04-03 14:15,59.08387998778869,사실형,72.75619716965593
https://n.news.naver.com/mnews/article/009/0005660405?sid=101,삼성전자 (IT/반도체),"“삼전 주가, 이제 절반 정도 올랐다”...올해 영업익 322조 전망 [오늘...","삼성전자의 실적이 사상 최대 실적을 갈아치울 것이라는 분석으로, 메리츠증권은 목표주가를 25만원으로 상향 조정했다.",호재,2026-04-03 08:28,39.70807234888382,사실형,77.57892974398352
https://n.news.naver.com/mnews/article/001/0016000168?sid=101,삼성전자 (IT/반도체),"[특징주] 삼성전자, 장초반 4.4% 급반등…SK하이닉스도 5.5%↑","삼성전자와 SK하이닉스가 장초반 각각 4.4%와 5.5%의 상승률을 보이며, 반도체주 주가가 이란 전쟁 우려가 잦아들고 저가매수세가 유입되면서 상승 전환하는 흐름이 나타나고 있다.",호재,2026-04-03 09:18,63.064316420406286,사실형,76.15304032806307
https://n.news.naver.com/mnews/article/243/0000095692?sid=105,삼성전자 (IT/반도체),"삼성전자 DS부문, 협력사 '반도체 혈맹' 강화…전영현 ""기술 혁신 뿌리...",삼성전자 DS부문은 반도체 협력사들과의 동반성장 생태계 구축에 힘을 실었다.,호재,2026-04-03 16:01,26.103630092806075,사실형,79.79956914981207
https://n.news.naver.com/mnews/article/119/0003076875?sid=101,삼성전자 (IT/반도체),"삼성전자, 'DS부문 상생협력 DAY' 개최…""동반성장 이어간다""",삼성전자 DS부문은 64개 협력회사 대표 등 90여명이 참석한 '2026년 상생협력 DAY' 행사를 개최했다.,호재,2026-04-03 16:02,32.113858157888274,사실형,81.3978461992173
https://n.news.naver.com/mnews/article/015/0005270777?sid=101,삼성전자 (IT/반도체),"삼성전자, 1분기 사상 첫 '영업익 50兆' 예고","삼성전자가 올해 1분기 처음으로 분기 기준 영업이익 50조원 시대를 열 것으로 전망되며, 실적의 일등 공신인 반도체 부문에서 폭발적 성장을 예상하고 있다.",호재,2026-04-03 17:40,17.957377290538368,사실형,76.37765793239369
https://n.news.naver.com/mnews/article/011/0004606894?sid=101,삼성전자 (IT/반도체),"“잘 있어라 개미들아”…전쟁 한 달, 외국인들은 삼성전자 ‘1억주’ ...",미·이란 전쟁 이후 외국인 투자자가 삼성전자 주식을 대규모로 매도하여 지분율이 13년 만에 최저 수준으로 추락했다.,악재,2026-04-03 16:49,24.950659256608365,사실형,93.60046237707138
https://n.news.naver.com/mnews/article/003/0013861881?sid=102,삼성전자 (IT/반도체),"삼성전자 온양캠퍼스 찾은 아산시장의 요청…""투자확대""",충남 아산시장이 삼성전자 온양캠퍼스에 투자 확대를 요청했다.,호재,2026-04-02 09:14,73.36941368913556,사실형,70.73622296253839
https://n.news.naver.com/mnews/article/123/0002380745?sid=101,삼성전자 (IT/반도체),"삼성전자, 협력사에 8000억 인센티브…반도체 생태계 결속 강화",삼성전자 DS부문은 8000억원의 인센티브를 협력사에 지급해 반도체 공급망 안정성과 생태계 경쟁력 강화를 위한 지원 전략을 본격화하고 있다.,호재,2026-04-03 16:24,18.01376183592004,사실형,91.8112453960237
https://n.news.naver.com/mnews/article/020/0003709312?sid=101,삼성전자 (IT/반도체),"삼성전자, 게이밍모니터 글로벌 점유율 1위 수성 “기술력 우위로 승부...","삼성전자, 7년 연속 글로벌 게이밍 모니터 시장 1위에 올라 기술력 우위로 승부수를 뽑고 있다.",호재,2026-04-02 15:46,12.522716985600024,사실형,74.08520681783557
https://n.news.naver.com/mnews/article/014/0005502243?sid=101,삼성전자 (IT/반도체),"삼성전자, DS부문 '2026년 상생협력 DAY' 개최",삼성전자 DS부문이 협력회사와의 상생협력 DAY를 개최하여 우수 협력사 시상과 사업 전략 소개 등을 진행했다.,호재,2026-04-03 16:01,19.457031677126746,사실형,81.03090789582994
https://n.news.naver.com/mnews/article/011/0004606148?sid=105,삼성전자 (IT/반도체),"삼성전자도 못 버텼다…하루아침에 ‘최대 19만원’ 비싸진 스마트폰, ...",삼성전자가 일부 고용량 스마트폰의 출고가를 인상했다.,호재,2026-04-01 19:05,45.617664207225815,사실형,76.92899402265019
https://n.news.naver.com/mnews/article/008/0005338817?sid=101,삼성전자 (IT/반도체),"한투운용, 삼성전자·SK하이닉스에 집중 투자하는 펀드 출시",한투운용이 삼성전자와 SK하이닉스에 집중 투자하는 펀드를 출시한다.,호재,2026-04-02 10:20,12.887582203925174,사실형,87.47979365289211
https://n.news.naver.com/mnews/article/138/0002223652?sid=105,네이버 (IT/플랫폼),"네이버, 연관검색어 4월 종료…'AI 검색 시대' 포문 여나",네이버가 연관검색어 서비스를 4월 30일 종료하고 AI 기반 검색 경험을 강화할 예정이다.,호재,2026-04-07 18:16,43.2,사실형,56.1
https://n.news.naver.com/mnews/article/092/0002417800?sid=105,네이버 (IT/플랫폼),"라인게임즈 '창세기전모바일', 네이버웹툰 '투신전생기'와 협업",라인게임즈 '창세기전모바일'이 네이버웹툰 '투신전생기'와 협업하여 신규 캐릭터와 전용 무기를 출시했다.,호재,2026-04-07 17:27,16.4,사실형,67.1
https://n.news.naver.com/mnews/article/138/0002223601?sid=105,네이버 (IT/플랫폼),"네이버·EBS 맞손…""AI·지식 영상 더해 콘텐츠 시너지 낸다""",네이버와 EBS는 인공지능 기술 노하우와 지식 영상 제작 역량을 더해 콘텐츠 경쟁력을 제고하기 위한 협약을 체결했다.,호재,2026-04-07 14:01,39.5,사실형,74.9
https://n.news.naver.com/mnews/article/030/0003415455?sid=101,네이버 (IT/플랫폼),"네이버·EBS, 지식·학습 영상 콘텐츠 구축 MOU",네이버와 EBS가 지식·학습 영상 콘텐츠를 공동 제작하는 업무협약을 체결했다.,호재,2026-04-07 14:01,28.4,사실형,75.3
https://n.news.naver.com/mnews/article/119/0003077906?sid=105,네이버 (IT/플랫폼),"네이버 최수연 ""AI시대 경쟁력은 고품질 데이터""…EBS와 지식영상 아카...",네이버와 EBS가 지식 영상 콘텐츠 구축을 위한 업무협약을 체결하여 대규모 지식·학습 영상 콘텐츠를 함께 제작한다.,호재,2026-04-07 14:00,29.3,사실형,75.0
https://n.news.naver.com/mnews/article/629/0000489082?sid=101,네이버 (IT/플랫폼),"구글 진출에 불붙는 '지도 전쟁'…네이버·카카오, 서비스 고도화로 맞...",네이버와 카카오가 자사의 지도 서비스 고도화에 나서 구글의 국내 서비스에 반발하고 있다.,호재,2026-04-07 14:23,66.4,사실형,70.9
https://n.news.naver.com/mnews/article/014/0005504235?sid=101,네이버 (IT/플랫폼),"제일기획 ""AI가 네이버·카카오 양식 맞춰 이미지 제작""","제일기획이 인공지능 기술을 접목한 배너 이미지 변형 자동화 솔루션 '베리에이드'를 도입하여 온라인 배너 광고 제작을 자동화하고, 평균 제작비를 90% 이상 절감할 계획이다.",호재,2026-04-08 09:32,28.0,사실형,32.2
https://n.news.naver.com/mnews/article/003/0013873078?sid=105,네이버 (IT/플랫폼),"라인게임즈 '창세기전 모바일', 네이버 웹툰 '투신전생기'와 협업",라인게임즈의 모바일 전략 시뮬레이션 게임 '창세기전 모바일'이 네이버웹툰 인기작 '투신전생기'와 협업을 진행한다.,호재,2026-04-07 15:19,25.0,사실형,45.4
https://n.news.naver.com/mnews/article/008/0005341333?sid=105,네이버 (IT/플랫폼),"네이버·카카오 지도, '길찾기' 넘어 소통·리뷰 경쟁…구글 공세 긴장...","네이버, 카카오, 당근이 지도 서비스 경쟁을 격화시키고 있다.",호재,2026-04-08 10:17,43.3,사실형,62.9
https://n.news.naver.com/mnews/article/119/0003077891?sid=102,하이브 (엔터/미디어),"“아일릿이 뉴진스 표절” 주장한 유튜버, 하이브에 1500만원 배상","유튜버 A씨가 아일릿이 뉴진스의 안무를 표절했다는 의혹을 제기한 영상을 올렸지만, 진위 여부를 확인하지 않은 채 게시했다는 이유로 하이브에 1500만원 배상하라고 판결했다.",호재,2026-04-07 13:16,54.3,사실형,77.2
https://n.news.naver.com/mnews/article/417/0001137867?sid=102,하이브 (엔터/미디어),"""아일릿이 뉴진스 표절"" 주장한 유튜버 결국…하이브에 1500만원 배상",법원이 아일릿의 안무 표절 의혹을 제기한 유튜버에게 1500만원 배상판결을 내렸다.,호재,2026-04-07 13:52,39.6,사실형,94.2
https://m.entertain.naver.com/article/144/0001108465,하이브 (엔터/미디어),"BTS 컴백에도 24% 빠진 하이브 주가, 전망도 갈림길",BTS 컴백에도 불구하고 하이브 주가가 약세를 보이며 증권가의 전망이 엇갈렸다.,악재,2026-04-08 10:15,40.4,사실형,99.2
https://m.entertain.naver.com/article/477/0000601856,하이브 (엔터/미디어),"""아일릿이 뉴진스 표절"" 주장 유튜버, 하이브에 1500만원 배상 '확정'",유튜버 A씨가 아일릿의 안무 표절 의혹을 제기한 판결이 나와 하이브 측에 1500만 원 배상하라는 결정이 내려졌다.,악재,2026-04-07 16:15,49.6,사실형,46.4
https://n.news.naver.com/mnews/article/014/0005503831?sid=102,하이브 (엔터/미디어),"""아일릿, 뉴진스 표절했다"" 주장했는데…유튜버, 하이브에 1500만원 배상",유튜버는 하이브 측에 1500만원을 배상하라는 법원의 결정이 나왔다.,호재,2026-04-07 14:31,48.3,사실형,91.8
https://n.news.naver.com/mnews/article/123/0002381105?sid=101,한화에어로스페이스 (방산/우주항공),"한화에어로, 핀란드에 9414억 규모 K9 자주포 공급 [공시pick]",한화에어로스페이스는 핀란드에 9414억원 규모 K9 자주포를 공급하는 계약을 체결했다.,호재,2026-04-10 09:40,10.4,사실형,99.1
https://n.news.naver.com/mnews/article/119/0003079110?sid=101,한화에어로스페이스 (방산/우주항공),"한화에어로의 인수 '불발'…풍산홀딩스, 18% 하락세 [특징주]",한화에어로가 풍산홀딩스를 인수하려는 계획을 철회해 관련 주가가 급락했다.,악재,2026-04-10 09:38,42.2,사실형,62.0
https://n.news.naver.com/mnews/article/215/0001248550?sid=101,한화에어로스페이스 (방산/우주항공),"한화에어로, 핀란드에 9400억 중고 K9A1 자주포 추가 수출",한화에어로스페이스는 핀란드에 중고 K9A1 자주포를 추가로 수출한다.,호재,2026-04-10 09:27,25.0,사실형,99.2
https://n.news.naver.com/mnews/article/050/0000104792?sid=101,한화에어로스페이스 (방산/우주항공),한화에어로에 매각 중단 통보한 풍산홀딩스…장 열리자마자 18% 폭락,풍산홀딩스의 주가가 급락세를 보인다,악재,2026-04-10 09:25,31.4,사실형,79.8
https://n.news.naver.com/mnews/article/015/0005273313?sid=101,한화에어로스페이스 (방산/우주항공),"풍산홀딩스, 한화에어로의 방산 인수 검토 중단 소식에 '급락'",풍산홀딩스 주가가 한화에어로가 방산 인수 검토를 중단한 소식으로 급락했다.,악재,2026-04-10 09:22,21.6,사실형,49.8
https://n.news.naver.com/mnews/article/009/0005657399?sid=105,하이브 (엔터/미디어),갤럭시로 담는 BTS 월드투어 ‘아리랑’...삼성전자·하이브 협업,삼성전자와 하이브가 협업해 BTS 월드 투어 '아리랑'에 참여하며 전 세계 팬들에게 아리랑의 감동을 전달할 예정이다.,호재,2026-03-28 08:09,15.7,사실형,65.9
https://n.news.naver.com/mnews/article/008/0005337398?sid=101,하이브 (엔터/미디어),"하이브, 첫 비디오 팟캐스트 '블러드 다이어리' 공개",하이브가 스포티파이 내 공식 비디오 팟캐스트 채널 STAN:A를 통해 '블러드 다이어리'를 공개했다.,호재,2026-03-31 09:48,2.9,사실형,66.5
https://n.news.naver.com/mnews/article/001/0016007419?sid=101,삼성전자 (IT/반도체),역대 최대 실적 기록한 삼성전자,요약 오류,중립,2026-04-07 15:04,18.9,사실형,98.4
https://n.news.naver.com/mnews/article/001/0016007417?sid=101,삼성전자 (IT/반도체),역대 최대 실적 기록한 삼성전자,요약 오류,중립,2026-04-07 15:04,18.9,사실형,98.4
https://n.news.naver.com/mnews/article/001/0016007415?sid=101,삼성전자 (IT/반도체),역대 최대 실적 기록한 삼성전자,요약 오류,중립,2026-04-07 15:04,18.9,사실형,98.4
https://n.news.naver.com/mnews/article/001/0016007416?sid=101,삼성전자 (IT/반도체),역대 최대 실적 기록한 삼성전자,"삼성전자, 올해 1분기 매출액 133조원, 영업이익 57조2천억원으로 역대 최대 실적을 기록했다.",호재,2026-04-07 15:04,18.9,사실형,98.4
https://n.news.naver.com/mnews/article/001/0016007413?sid=101,삼성전자 (IT/반도체),역대 최대 실적 기록한 삼성전자,"삼성전자, 올해 1분기 역대 최대 실적 기록",호재,2026-04-07 15:04,18.9,사실형,98.4
https://n.news.naver.com/mnews/article/001/0016007414?sid=101,삼성전자 (IT/반도체),역대 최대 실적 기록한 삼성전자,"삼성전자가 올해 1분기 매출액 133조원, 영업이익 57조2천억원으로 역대 최대 실적을 기록했다.",호재,2026-04-07 15:04,18.9,사실형,98.4
https://n.news.naver.com/mnews/article/001/0016007409?sid=101,삼성전자 (IT/반도체),삼성전자 1분기 매출 133조·영업익 57조,"삼성전자 1분기 매출이 역대 최대인 133조원, 영업익이 57조2천억원으로 기록되었습니다.",호재,2026-04-07 15:03,21.7,사실형,98.4
https://n.news.naver.com/mnews/article/001/0016007412?sid=101,삼성전자 (IT/반도체),삼성전자 1분기 매출 133조·영업익 57조,"삼성전자 1분기 매출 133조·영업익 57조, 역대 최대 실적 기록",호재,2026-04-07 15:04,21.7,사실형,98.4
https://n.news.naver.com/mnews/article/437/0000486353?sid=101,삼성전자 (IT/반도체),"""삼성전자, 이대로면 엔비디아 넘어 세계 1위"" 전망","삼성전자 1분기 영업이익 57조원, 작년 한 해 영업익 넘어 세간의 관심을 끌며 내년엔 엔비디아를 넘어 세계 1위에 오를 전망",호재,2026-04-07 19:14,37.4,추론형,20
https://n.news.naver.com/mnews/article/001/0016007407?sid=101,삼성전자 (IT/반도체),삼성전자 1분기 매출 133조·영업익 57조,"삼성전자 1분기 매출 133조원, 영업익 57조2천억원으로 역대 최대 실적을 기록했다.",호재,2026-04-07 15:03,21.7,사실형,98.4
https://n.news.naver.com/mnews/article/001/0016007410?sid=101,삼성전자 (IT/반도체),삼성전자 1분기 매출 133조·영업익 57조,"삼성전자 1분기 매출 133조원, 영업익 57조2천억원으로 역대 최대 실적을 기록했다.",호재,2026-04-07 15:03,21.7,사실형,98.4
https://n.news.naver.com/mnews/article/001/0016007408?sid=101,삼성전자 (IT/반도체),삼성전자 1분기 매출 133조·영업익 57조,"삼성전자가 올해 1분기 매출 133조원, 영업익 57조2천억원으로 역대 최대 실적을 기록했다.",호재,2026-04-07 15:03,21.7,사실형,98.4
https://n.news.naver.com/mnews/article/001/0016007402?sid=101,삼성전자 (IT/반도체),삼성전자 1분기 매출 133조·영업익 57조,"삼성전자가 1분기 매출 133조원, 영업익 57조2천억원으로 역대 최대 실적을 기록했다.",호재,2026-04-07 15:03,21.7,사실형,98.4
https://n.news.naver.com/mnews/article/052/0002337272?sid=101,삼성전자 (IT/반도체),삼성전자 1분기 매출 133조·영업익 57조 원...사상 최대 기록,삼성전자 1분기 매출 133조·영업익 57조 원으로 사상 최대 기록을 세웠습니다.,호재,2026-04-07 08:17,54.6,추론형,20
https://n.news.naver.com/mnews/article/052/0002337266?sid=101,삼성전자 (IT/반도체),[속보] 삼성전자 1분기 영업익 57조 원...전년 동기 대비 755%↑,삼성전자가 1분기 영업익 57조 원으로 사상 최대 기록을 경신했습니다.,호재,2026-04-07 08:07,57.0,추론형,20
https://n.news.naver.com/mnews/article/050/0000104663?sid=101,삼성전자 (IT/반도체),"삼성전자, '세계 1위'도 가능…곳곳서 ""파격 전망""","삼성전자 1분기 영업이익 57조원, 2분기 영업익 73.4조원 전망",호재,2026-04-07 13:04,21.9,사실형,78.1
https://n.news.naver.com/mnews/article/003/0013873016?sid=102,삼성전자 (IT/반도체),삼성전자 1분기 매출 133조·영업익 57조,삼성전자 1분기 매출 133조·영업익 57조2000억원으로 사상 최대 실적을 기록했다.,호재,2026-04-07 15:05,25.4,사실형,98.1
https://n.news.naver.com/mnews/article/003/0013873006?sid=102,삼성전자 (IT/반도체),삼성전자 1분기 매출 133조·영업익 57조,"삼성전자 1분기 매출 133조, 영업익 57조2000억으로 사상 최대 실적을 기록했다.",호재,2026-04-07 15:05,25.4,사실형,98.1
https://n.news.naver.com/mnews/article/003/0013873007?sid=102,삼성전자 (IT/반도체),삼성전자 1분기 매출 133조·영업익 57조,"삼성전자가 올해 1분기 매출액 133조 원, 영업익 57조2000억원으로 사상 최대 실적을 기록했다.",호재,2026-04-07 15:05,25.4,사실형,98.1
https://n.news.naver.com/mnews/article/057/0001943561?sid=101,삼성전자 (IT/반도체),삼성전자 1분기 영업익 57조…한국 기업 역사 새로 썼다,"삼성전자 1분기 영업익 57조 원, 역대 최고 기록을 세웠다.",호재,2026-04-07 19:26,38.7,추론형,18.2
https://n.news.naver.com/mnews/article/003/0013873864?sid=101,삼성전자 (IT/반도체),최대 실적인데 '관망'…삼전 나간 외국인 언제 돌아오나,삼성전자의 역대급 실적에도 불구하고 외국인 투자자는 여전히 관망세를 유지하며 매수에 나서지 않고 있다.,호재,2026-04-08 06:00,9.0,사실형,93.8
https://n.news.naver.com/mnews/article/031/0001020141?sid=101,삼성전자 (IT/반도체),삼성전자 연간 영업익 세계 1위 가능성도...분기 57조 신기원,"삼성전자 1분기 영업익 57조2000억원, 연간 영업익 세계 1위 가능성 제기",호재,2026-04-07 09:54,57.9,사실형,80.1
https://n.news.naver.com/mnews/article/469/0000924130?sid=105,삼성전자 (IT/반도체),"기업史 새로 쓴 삼성전자, 매출 133조·영업이익 57.2조","삼성전자, 올해 1분기 사상 최고 영업이익 57조 원 기록",호재,2026-04-07 19:00,22.9,사실형,80.3
https://n.news.naver.com/mnews/article/003/0013872477?sid=101,삼성전자 (IT/반도체),"삼성전자, 57조2천억원으로 역대 최대 실적",삼성전자가 올해 1분기 사상 최대 실적을 달성했다.,호재,2026-04-07 13:09,14.2,사실형,98.0
https://n.news.naver.com/mnews/article/003/0013872465?sid=101,삼성전자 (IT/반도체),"삼성전자, 57조2천억원으로 역대 최대 실적","삼성전자, 57조2천억원으로 역대 최대 실적 달성",호재,2026-04-07 13:09,14.2,사실형,98.0
https://n.news.naver.com/mnews/article/003/0013872470?sid=101,삼성전자 (IT/반도체),"삼성전자, 57조2천억원으로 역대 최대 실적","삼성전자, 역대 최대 실적 57조2천억원 달성",호재,2026-04-07 13:09,13.6,사실형,98.2
https://n.news.naver.com/mnews/article/003/0013872479?sid=101,삼성전자 (IT/반도체),"삼성전자, 57조2천억원으로 역대 최대 실적","삼성전자, 역대 최대 실적 달성해 매출 133조원, 영업이익 57조2000억원 기록",호재,2026-04-07 13:09,14.2,사실형,97.8
https://n.news.naver.com/mnews/article/003/0013872467?sid=101,삼성전자 (IT/반도체),"삼성전자, 57조2천억원으로 역대 최대 실적","삼성전자, 57조2천억원으로 역대 최대 실적을 달성했다.",호재,2026-04-07 13:09,14.2,사실형,98.0
https://n.news.naver.com/mnews/article/003/0013872472?sid=101,삼성전자 (IT/반도체),"삼성전자, 57조2천억원으로 역대 최대 실적",삼성전자가 올해 1분기 사상 최대 실적을 달성했다.,호재,2026-04-07 13:09,14.2,사실형,97.8
https://n.news.naver.com/mnews/article/003/0013872475?sid=101,삼성전자 (IT/반도체),"삼성전자, 57조2천억원으로 역대 최대 실적","삼성전자, 올해 1분기 사상 최대 실적을 달성했다.",호재,2026-04-07 13:09,14.2,사실형,98.0
https://n.news.naver.com/mnews/article/003/0013872464?sid=101,삼성전자 (IT/반도체),"삼성전자, 57조2천억원으로 역대 최대 실적","삼성전자, 올해 1분기 사상 최대 실적 달성",호재,2026-04-07 13:09,14.2,사실형,98.0
https://n.news.naver.com/mnews/article/003/0013872466?sid=101,삼성전자 (IT/반도체),"삼성전자, 57조2천억원으로 역대 최대 실적","삼성전자, 올해 1분기 사상 최대 실적 달성",호재,2026-04-07 13:09,14.2,사실형,98.0
https://n.news.naver.com/mnews/article/003/0013872480?sid=101,삼성전자 (IT/반도체),"삼성전자, 57조2천억원으로 역대 최대 실적","삼성전자, 2026년 1분기 매출 133조원, 영업이익 57조2000억원으로 역대 최대 실적을 달성했다.",호재,2026-04-07 13:09,13.6,사실형,98.0
https://n.news.naver.com/mnews/article/243/0000095865?sid=101,삼성전자 (IT/반도체),"새 역사 쓴 삼성전자, 분기 영업익 57조원 사상 최대","삼성전자 1분기 영업익 57조2000억원, 사상 최대 기록",호재,2026-04-07 08:29,34.5,사실형,88.8
https://n.news.naver.com/mnews/article/003/0013871815?sid=101,삼성전자 (IT/반도체),"역대급 실적 삼성전자, 올 1분기 '영업이익률'도 43%로 '사상 최고'","삼성전자, 올 1분기 역대급 실적을 기록하며 영업이익률 43.01%를 달성했다.",호재,2026-04-07 10:19,27.1,사실형,93.5
https://n.news.naver.com/mnews/article/052/0002337601?sid=101,삼성전자 (IT/반도체),삼성전자 영업이익 '57조'...반도체로 신기원 열었다,"삼성전자 1분기 영업이익 57조 원, 한국 기업 최초의 기록을 새로 썼습니다.",호재,2026-04-07 19:04,56.3,추론형,20
https://n.news.naver.com/mnews/article/003/0013872474?sid=101,삼성전자 (IT/반도체),"삼성전자, 57조2천억원으로 역대 최대 실적","삼성전자, 1분기 사상 최대 실적 달성",호재,2026-04-07 13:09,10.2,사실형,93.7
https://n.news.naver.com/mnews/article/011/0004608118?sid=101,삼성전자 (IT/반도체),"삼성전자 영업익, 구글도 넘어섰다","삼성전자 1분기 매출액 133조 원, 영업이익 57조 원을 기록하며 한국 기업사신기원을 열었다.",호재,2026-04-07 17:37,31.3,사실형,78.1
https://n.news.naver.com/mnews/article/003/0013874119?sid=101,삼성전자 (IT/반도체),"삼성전자, 메모리 호황 속 비메모리도 적자 줄여…""파운드리·LSI 동반 회...","삼성전자 비메모리 부문은 메모리 호황 속에서도 적자를 줄여나가고 있으며, 올해 말 흑자전환 가능성이 제기되고 있다.",호재,2026-04-08 09:10,25.7,사실형,82.9
https://n.news.naver.com/mnews/article/092/0002417786?sid=105,LG에너지솔루션 (2차전지),"[1보] LG엔솔, 1Q 영업손실 2078억…적자전환","LG엔솔이 1분기 매출 6조 5550억원, 영업손실 2078억원을 기록하며 적자전환했다.",악재,2026-04-07 16:28,13.9,사실형,94.8
https://n.news.naver.com/mnews/article/056/0012156984?sid=101,삼성전자 (IT/반도체),삼성전자 1분기 영업이익 57.2조원…‘전대미문’의 실적,삼성전자 1분기 영업이익 57.2조원으로 전대미문의 실적을 기록했다.,호재,2026-04-07 07:52,60.8,추론형,20
https://n.news.naver.com/mnews/article/015/0005272005?sid=103,LG에너지솔루션 (2차전지),"LG에너지솔루션, 올해 1분기 영업손실 2078억원…적자 전환","LG에너지솔루션은 올해 1분기 영업손실 2078억원, 매출 6조5550억원으로 적자전환했다.",악재,2026-04-07 16:36,20.0,사실형,94.2
https://n.news.naver.com/mnews/article/018/0006252182?sid=101,LG에너지솔루션 (2차전지),"캐즘·ESS 전환 비용 부담에…LG엔솔, 1분기 2000억대 적자(상보)",LG엔솔이 1분기 2000억대 적자를 기록했다.,호재,2026-04-07 16:40,12.0,사실형,92.1
https://n.news.naver.com/mnews/article/629/0000489200?sid=101,LG에너지솔루션 (2차전지),"LG에너지솔루션, 1분기 영업손실 2078억원…적자전환","LG에너지솔루션은 1분기 영업손실 2078억원, 매출액 6조5550억원으로 적자 전환했다.",악재,2026-04-07 16:44,18.6,사실형,70.3
https://n.news.naver.com/mnews/article/029/0003020436?sid=101,LG에너지솔루션 (2차전지),LG에너지솔루션 1분기 영업손실 2078억원…적자 전환,"LG에너지솔루션은 1분기 영업손실 2078억원, 매출 6조5550억원으로 발표했다.",악재,2026-04-07 16:55,10.1,사실형,99.0
https://n.news.naver.com/mnews/article/022/0004118869?sid=101,삼성전자 (IT/반도체),삼성전자 분기 영업이익 50조원 돌파...증권가 목표주가 ‘36만원’ 제시,"삼성전자 1분기 매출액 133조원, 영업이익 57조2000억원 기록, 역대 최대 매출액 달성",호재,2026-04-07 09:14,6.3,사실형,99.0
https://n.news.naver.com/mnews/article/079/0004133577?sid=101,삼성전자 (IT/반도체),삼성전자 1분기 영업이익 57.2조…한국 기업 사상 최대 기록,삼성전자 1분기 영업이익 57.2조...한국 기업 사상 최대 기록,호재,2026-04-07 08:07,23.1,사실형,98.4
https://n.news.naver.com/mnews/article/243/0000095809?sid=101,삼성전자 (IT/반도체),삼성전자 외 '100조 클럽' 어떤 기업이 차지할까?,"국내 1000대 상장사의 합산 매출액이 처음으로 2000조원을 넘어섰고, 삼성전자와 SK하이닉스가 매출 상승을 기록했다.",호재,2026-04-06 12:00,41.8,사실형,94.0
https://n.news.naver.com/mnews/article/009/0005661809?sid=101,삼성전자 (IT/반도체),내일 ‘역대급 성적표’ 갖고 올까…삼성전자 1분기 잠정실적 발표,삼성전자 1분기 잠정실적 발표로 역대급 성적표를 내놓을 가능성이 높아지고 있다.,호재,2026-04-06 17:08,26.0,사실형,72.9
https://n.news.naver.com/mnews/article/015/0005271513?sid=101,현대차 (자동차/모빌리티),"박상진 회장 ""현대차 새만금 프로젝트에 금융지원 추진""",박상진 산업은행 회장은 현대차그룹의 새만금 프로젝트에 정책금융기관 차원의 금융지원을 추진하겠다고 밝혔다.,호재,2026-04-06 17:06,29.5,사실형,78.5
https://n.news.naver.com/mnews/article/215/0001248035?sid=101,현대차 (자동차/모빌리티),"'현대차 새만금 프로젝트' 정책금융 1호 지원…""국민성장펀드도 기여""","현대차 새만금 프로젝트가 정책금융 1호 지원을 받았으며, 국민성장펀드도 민간투자와 정책금융을 연결하는 축으로 기여할 예정입니다.",호재,2026-04-06 15:10,18.3,사실형,90.8
https://n.news.naver.com/mnews/article/092/0002417616?sid=103,현대차 (자동차/모빌리티),"장재훈 현대차 부회장 ""새만금 9조 투자, 내년부터 본궤도""",현대차그룹이 정책금융기관과 손잡고 새만금 프로젝트에 9조원 규모 자금을 조달한다.,호재,2026-04-06 15:31,13.4,사실형,81.2
https://n.news.naver.com/mnews/article/123/0002380845?sid=101,현대차 (자동차/모빌리티),현대차 '9조 새만금'에 정책금융 뭉쳤다…첨단산업 거점 본격화,현대차그룹이 산업은행 등 4개 주요 정책금융기관과 손잡고 9조원 규모 '새만금 첨단산업 거점' 조성을 위해 협약을 체결했다.,호재,2026-04-06 16:09,17.3,사실형,62.3
https://n.news.naver.com/mnews/article/030/0003414918?sid=101,네이버 (IT/플랫폼),"네이버, 버티컬 패션몰 '노크잇' 출격…무신사와 '패션 패권' 경쟁","네이버가 새로운 버티컬 패션몰 '노크잇'을 출시하여 온라인 패션 시장에 진출하고, 무신사와 '패션 패권' 경쟁을 예상한다.",호재,2026-04-06 11:35,18.4,사실형,44.9
https://n.news.naver.com/mnews/article/031/0001020005?sid=105,네이버 (IT/플랫폼),커머스 '승승장구' 이유 있었네...네이버 쇼핑 앱 이용자 '역대 최다' [I...,네이버 쇼핑 앱의 이용자 수는 3월에 역대 최다인 777만명으로 증가했다.,호재,2026-04-06 16:56,38.8,사실형,98.6
https://n.news.naver.com/mnews/article/293/0000082230?sid=101,한화에어로스페이스 (방산/우주항공),"한화에어로스페이스 ""풍산 탄약사업 인수, 세부사항 미정""",한화에어로스페이스는 풍산 탄약사업 인수에 대한 세부사항을 확정하지 않았다고 밝혔다.,중립,2026-04-06 11:24,39.9,사실형,49.9
https://n.news.naver.com/mnews/article/417/0001137635?sid=101,한화에어로스페이스 (방산/우주항공),"한화에어로스페이스, 풍산 '탄약사업' 인수 검토","한화에어로스페이스가 풍산의 탄약사업 인수를 검토 중이며, 이는 방산 경쟁력 강화와 기업가치 제고를 위한 목적으로 진행되고 있다.",호재,2026-04-06 11:06,31.4,사실형,73.8
https://n.news.naver.com/mnews/article/374/0000502570?sid=101,한화에어로스페이스 (방산/우주항공),"한화에어로스페이스, 풍산 탄약사업 인수 ""검토 중""",한화에어로스페이스가 풍산의 탄약사업 인수를 검토 중이라고 밝혔습니다.,호재,2026-04-06 15:51,67.6,추론형,20
https://n.news.naver.com/mnews/article/666/0000102248?sid=101,삼성전자 (IT/반도체),"삼성전자, 1분기 영업이익 57.2조 '755% 증가'…韓 기업 사상 최대","삼성전자, 1분기 영업이익 57.2조원 '755% 증가'로 역대 최대 실적을 기록했다.",호재,2026-04-07 07:47,21.1,사실형,98.0
https://n.news.naver.com/mnews/article/214/0001491120?sid=101,삼성전자 (IT/반도체),삼성전자 1분기 영업익 57조 '신기록'‥매출도 100조 돌파,"삼성전자 1분기 영업익 57조 '신기록', 매출도 100조 돌파",호재,2026-04-07 09:35,28.5,추론형,20
https://n.news.naver.com/mnews/article/029/0003020124?sid=101,삼성전자 (IT/반도체),1000대 상장사 매출 2000조 첫 돌파…삼성전자 24년째 1위,삼성전자 24년 연속 국내 1000대 상장사 매출 1위에 올랐다.,호재,2026-04-06 11:00,13.9,사실형,98.6
https://n.news.naver.com/mnews/article/277/0005745500?sid=101,삼성전자 (IT/반도체),작년 1000대 상장사 매출 첫 2000조 돌파…삼성전자 24년째 1위,"삼성전자, 작년 매출 1위 기록하며 역대 최고치를 달성",호재,2026-04-06 11:00,11.7,사실형,94.8
https://n.news.naver.com/mnews/article/014/0005503472?sid=101,삼성전자 (IT/반도체),"삼성전자 1Q 매출 '133조', 영업이익 '57.2조'…韓 기업 최대 실적(2보)",삼성전자가 올해 1·4분기 사상 최대 실적을 달성했다.,호재,2026-04-07 08:12,33.6,사실형,94.2
https://n.news.naver.com/mnews/article/448/0000601981?sid=101,삼성전자 (IT/반도체),韓기업사 새로 쓴 삼성전자…1분기 잠정 영업이익 57조,삼성전자는 1분기 영업이익 57조2천억원으로 기대 이상의 성적을 기록했다.,호재,2026-04-07 09:49,12.9,사실형,98.6
https://n.news.naver.com/mnews/article/018/0006247243?sid=101,하이브 (엔터/미디어),"하이브, 디즈니 출신 케빈 메이어 영입… 글로벌 경영 가속",하이브가 글로벌 사업 전문성을 강화하기 위해 케빈 메이어 전 디즈니 선임 부사장을 이사로 선임했다.,호재,2026-04-01 10:54,9.339698141122598,사실형,68.98521411543092
https://n.news.naver.com/mnews/article/018/0006246088?sid=101,하이브 (엔터/미디어),"BTS 빌보드 핫100 1위에...하이브, 급락장서 강세[특징주]",하이브 주가는 BTS의 '아리랑' 타이틀곡 '스윔'이 빌보드 메인 싱글 차트 '핫 100' 1위에 오른 것에 힘입어 강세를 보이고 있다.,호재,2026-03-31 09:38,41.716807507961505,사실형,93.8818547460768
https://n.news.naver.com/mnews/article/092/0002417179?sid=105,하이브 (엔터/미디어),"하이브, 아이작 리·케빈 메이어 이사 선임",하이브가 정기 주주총회를 통해 아이작 리와 케빈 메이어를 사내이사로 선임했다.,호재,2026-04-01 18:25,10.380588402122958,사실형,67.70370528101921
https://n.news.naver.com/mnews/article/014/0005500769?sid=103,하이브 (엔터/미디어),"하이브, 디즈니 출신 '전략통' 케빈 메이어 영입[엔터, WHY]",하이브가 글로벌 플랫폼·미디어 분야 핵심 인사를 이사회에 합류시켜 해외 사업 경쟁력을 강화하기 위해 케빈 메이어와 아이작 리를 사내이사와 기타비상무이사로 선임했다.,호재,2026-04-01 10:43,10.633723585224896,사실형,86.49424320707718
https://n.news.naver.com/mnews/article/014/0005501798?sid=101,한화에어로스페이스 (방산/우주항공),"한화에어로, 육군과 손잡고 군수지원체계 수출 추진",한화에어로스페이스가 육군과 협력해 'K-MRO' 사업의 해외 수출을 추진한다.,호재,2026-04-02 18:04,27.33472962265119,사실형,97.7983795106411
https://n.news.naver.com/mnews/article/003/0013876935?sid=101,삼성전자 (IT/반도체),"홍라희, 3.1조원 규모 삼성전자 주식 처분…상속세 납부 마무리",홍라희 전 리움미술관장이 3조원대 규모의 삼성전자 주식을 처분했다.,호재,2026-04-09 09:49,30.6,사실형,82.8
https://n.news.naver.com/mnews/article/366/0001155387?sid=101,LG에너지솔루션 (2차전지),"유안타證 “LG에너지솔루션, 가동률 하락과 고정비 부담으로 영업손실…...",유안타증권은 LG에너지솔루션의 1분기 영업손실을 낸 실적을 가동률 하락과 고정비 부담으로 인한 것으로 평가했다.,악재,2026-04-09 09:02,17.1,사실형,82.6
https://n.news.naver.com/mnews/article/117/0004052270?sid=103,삼성전자 (IT/반도체),"홍라희, 삼성전자 지분 3.1조 매각…상속세 납부 마침표",홍라희가 삼성전자 1500만주를 매각하며 12조원대 상속세 납부를 마감했다.,호재,2026-04-09 09:55,29.3,사실형,96.1
https://n.news.naver.com/mnews/article/421/0008879150?sid=103,삼성바이오로직스 (제약/바이오),"""면접 꿀팁 풀었다""…'연봉 1억' 삼성바이오로직스, 유튜브로 Z세대 공략","삼성바이오로직스는 유튜브를 통해 Z세대 취업 준비생들과 접점을 확대하고 있으며, 취업에 도움이 되는 정보를 제공하고 있다.",호재,2026-04-09 09:10,20.8,사실형,93.0
https://n.news.naver.com/mnews/article/011/0004608713?sid=101,LG에너지솔루션 (2차전지),정책자금 찾는 LG엔솔...“ESS 투자 확대”[biz-플러스],LG엔솔이 정책자금 '공급망기금'을 통해 원자재 조달 비용을 줄이고자 저리 대출을 받았다.,호재,2026-04-09 05:31,19.6,사실형,70.3
https://n.news.naver.com/mnews/article/015/0005272844?sid=103,현대차 (자동차/모빌리티),"현대차 ""호르무즈 대신 아프리카 희망봉""…'현지화' 박차 가하나",현대차 사장은 이란 전쟁의 여파로 호르무즈 해협 통행이 어려워지자 아프리카 희망봉으로 우회 항로를 택했다고 밝혔다.,호재,2026-04-09 10:09,12.7,사실형,83.7
https://n.news.naver.com/mnews/article/119/0003078723?sid=101,현대차 (자동차/모빌리티),현대차 ST1 활용하면 '폐기물 수거' 손쉽게…매연도 저감,현대차가 ST1 전기차를 이용해 스마트 수거차를 개발하여 폐기물 수거를 효율적으로 처리하고 매연도 저감할 수 있는 방법을 시연했다.,호재,2026-04-09 10:04,33.8,대화형,30.3
https://n.news.naver.com/mnews/article/015/0005272556?sid=101,삼성바이오로직스 (제약/바이오),"""의약품 폐기 사태 올 수도"" 삼성바이오로직스 비상",삼성바이오로직스 노사 임금인상률 논의가 교착 상태에 빠져서 노조가 파업을 선언하고 법원에 가처분 신청서를 제출했다.,악재,2026-04-08 17:15,17.5,사실형,59.1
https://n.news.naver.com/mnews/article/138/0002223856?sid=101,현대차 (자동차/모빌리티),"현대차, 호르무즈 막히자 ‘희망봉 우회’…공급망 재편 본격화",현대차가 호르무즈 막히자 희망봉 우회로 공급망 재편 본격화,호재,2026-04-09 10:08,16.7,사실형,71.2
https://n.news.naver.com/mnews/article/586/0000126418?sid=101,현대차 (자동차/모빌리티),"현대차, 전쟁 여파로 물류 경로 변경… 무뇨스 ""세계화 시대 끝났다""",현대차는 이란 전쟁의 여파로 호르무즈 해협 통행이 차단되면서 부품 조달 경로를 아프리카 희망봉으로 우회하는 고육책을 선택했다.,호재,2026-04-09 09:43,13.7,사실형,86.3
https://n.news.naver.com/mnews/article/014/0005504932?sid=101,현대차 (자동차/모빌리티),"현대차, 호르무즈 사태로 유럽 조달 늦어져 ""희망봉 우회""","현대차는 호르무즈 해협 정체로 인해 한국 부품 조달이 어려워지면서 아프리카 남단 희망봉을 우회하고, 장기적으로 유럽 자체 조달을 늘리기 위한 계획을 검토 중이다.",호재,2026-04-09 09:33,31.7,사실형,51.7
https://n.news.naver.com/mnews/article/018/0006253277?sid=105,삼성바이오로직스 (제약/바이오),창사 후 첫 파업 위기 직면한 삼성바이오로직스...영향은?,삼성바이오로직스는 창사 이래 첫 파업 위기에 직면하여 글로벌 빅파마 고객사에 대한 공급망에 타격을 입을 가능성이 높다.,악재,2026-04-09 08:32,11.8,사실형,66.5
https://n.news.naver.com/mnews/article/092/0002418026?sid=105,현대차 (자동차/모빌리티),"현대차 ""호르무즈 피해 아프리카 우회…매주 공급망 회의""",현대차가 이란 전쟁 여파로 호르무즈 해협 통항 리스크가 커지자 선박 항로를 아프리카 경유로 전환했다.,호재,2026-04-09 09:15,17.6,사실형,70.0
https://n.news.naver.com/mnews/article/001/0016010978?sid=101,하이브 (엔터/미디어),"SK증권 ""하이브, 1분기 실적 기대치 밑돌 것…목표가↓""",SK증권은 하이브의 1분기 실적이 기대치를 밑돌 것이라며 목표주가를 48만원에서 40만원으로 내렸다.,악재,2026-04-09 08:36,27.9,사실형,98.5
https://n.news.naver.com/mnews/article/008/0005341836?sid=101,하이브 (엔터/미디어),"""BTS 컴백했는데 왜"" 하이브 주가 뚝뚝뚝...목표가도 낮췄다",SK증권은 하이브의 1분기 실적이 시장 컨센서스를 하회할 것이라고 전망했다.,악재,2026-04-09 08:52,13.6,사실형,98.7
https://n.news.naver.com/mnews/article/018/0006253237?sid=101,하이브 (엔터/미디어),"하이브, 목표가 17%↓…2Q부터 실적 모멘텀 본격화-SK","SK증권은 하이브의 목표주가를 16.7% 하향 조정했지만, 2분기부터 실적 모멘텀이 살아날 것으로 예상했다.",호재,2026-04-09 07:58,8.9,사실형,95.3
https://n.news.naver.com/mnews/article/088/0001004845?sid=101,하이브 (엔터/미디어),BTS 빌보드 1위했는데 하이브 주가 왜 이래?…주가와 실적이 엇갈린 이...,"BTS의 빌보드 1위는 하이브 주가가 반등하지 못하는 이유 중 하나지만, 실제로는 수익성 둔화와 비용 증가로 인한 주가 하락이 더 큰 영향을 미치고 있다.",악재,2026-04-09 10:09,22.6,사실형,70.6
https://m.entertain.naver.com/article/382/0001267561,하이브 (엔터/미디어),"산토스 브라보스, 하이브가 가르쳐준 K팝 성공 비급 ‘근면성실’","산토스 브라보스, 하이브가 가르친 K팝 성공 비급 '근면성실'의 대표 그룹으로 성장했다.",호재,2026-04-10 19:25,35.5,사실형,93.4
https://m.entertain.naver.com/article/311/0001997464,하이브 (엔터/미디어),"산토스 브라보스, ""최고의 훈련"" K팝 방법론 이식 '하이브표 라틴 그룹...","산토스 브라보스, K팝 방법론을 라틴 음악에 이식하는 방안을 논의했다.",호재,2026-04-10 17:58,17.6,사실형,88.1
https://m.entertain.naver.com/article/609/0001112857,하이브 (엔터/미디어),"“K팝 방법론으로 성장” 하이브 라틴 그룹 산토스 브라보스, 韓 넘어 글...",하이브의 라틴 그룹 산토스 브라보스가 4월 10일 미디어 데이를 열어 K팝 방법론으로 성장하는 것을 발표했다.,호재,2026-04-10 17:44,11.4,사실형,91.5
https://n.news.naver.com/mnews/article/001/0016015029?sid=103,하이브 (엔터/미디어),"산토스 브라보스 ""하이브의 'K팝 방법론'으로 성실함 배웠죠""","산토스 브라보스는 하이브의 'K팝 방법론'을 통해 성실함을 배웠으며, 한국의 문화와 음악에 감사한다.",호재,2026-04-10 18:26,33.8,사실형,85.1
https://n.news.naver.com/mnews/article/023/0003970105?sid=103,하이브 (엔터/미디어),하이브 첫 라틴 그룹 산토스 브라보스 “K팝에서 배운 건 근면성실함”,하이브의 라틴 그룹 산토스 브라보스는 K팝 시스템을 통해 근면성실함을 배웠다.,호재,2026-04-10 18:44,36.9,사실형,73.4
https://m.sports.naver.com/golf/article/445/0000401285,KB금융 (금융/밸류업),"[mhn포토] 방신실, 최선을 다하고 올게요",방신실이 시즌 첫 우승과 함께 통산 3승을 이뤘다.,호재,2026-04-12 23:09,42.2,사실형,98.6
https://m.sports.naver.com/golf/article/445/0000401283,KB금융 (금융/밸류업),"[mhn포토] 방신실, 최종라운드 출발합니다",방신실이 시즌 첫 우승과 함께 통산 3승을 이뤘다.,호재,2026-04-12 23:09,46.4,사실형,98.6
https://m.sports.naver.com/golf/article/445/0000401281,KB금융 (금융/밸류업),"[mhn포토] 방신실, 목표 방향 바라보며",방신실이 통산 3승을 이뤘다.,호재,2026-04-12 23:09,45.8,사실형,98.6
https://n.news.naver.com/mnews/article/015/0005273913?sid=102,KB금융 (금융/밸류업),"세종, IPO·금융·방산 전문가 영입",법무법인 세종이 IPO·금융·방산 전문가 3명을 고문으로 영입하여 자문 역량을 강화한다.,호재,2026-04-12 18:07,22.4,사실형,92.9
https://m.sports.naver.com/general/article/241/0003504509,KB금융 (금융/밸류업),[IS 목동] ‘선발전 2위’→김길리·최민정과 개인전 나서는 심석희 “...,심석희가 쇼트트랙 여자 1000m 결승B조에서 3위를 기록했다.,중립,2026-04-12 19:07,39.3,사실형,99.7
https://m.sports.naver.com/golf/article/445/0000401278,KB금융 (금융/밸류업),"[mhn포토] 방신실, 장타여왕의 루틴",방신실이 시즌 첫 우승과 함께 통산 3승을 이끌었다.,호재,2026-04-12 23:09,46.4,사실형,98.6
https://m.sports.naver.com/golf/article/445/0000401222,KB금융 (금융/밸류업),"[mhn포토] 박예지, 컨디션 좋은 출발",박예지는 시즌 두 번째 와이어 투 와이어 우승을 차지했다.,호재,2026-04-12 21:52,43.3,사실형,81.2
https://m.sports.naver.com/golf/article/445/0000401221,KB금융 (금융/밸류업),"[mhn포토] 박예지, 마지막까지 최선을 다해 날린다",박예지는 시즌 두 번째 와이어 투 와이어 우승을 차지했다.,호재,2026-04-12 21:52,42.1,사실형,81.2
https://m.sports.naver.com/golf/article/445/0000401219,KB금융 (금융/밸류업),"[mhn포토] 박예지, 조용히 준비 한다",박예지는 시즌 두 번째 와이어 투 와이어 우승을 차지했다.,호재,2026-04-12 21:52,46.3,사실형,81.2
https://m.sports.naver.com/golf/article/445/0000401280,KB금융 (금융/밸류업),"[mhn포토] 방신실, 긴장감 제로 만드는 루틴",방신실이 시즌 첫 우승과 함께 통산 3승을 이끌었다.,호재,2026-04-12 23:09,54.0,사실형,98.6
https://m.sports.naver.com/golf/article/445/0000401220,KB금융 (금융/밸류업),"[mhn포토] 박예지, 우승 정조준",박예지는 시즌 두 번째 와이어 투 와이어 우승을 차지했다.,호재,2026-04-12 21:52,48.8,사실형,81.2
https://m.sports.naver.com/golf/article/445/0000401279,KB금융 (금융/밸류업),"[mhn포토] 방신실, 단디해라",방신실이 시즌 첫 우승과 함께 통산 3승을 이끌었다.,호재,2026-04-12 23:09,46.4,사실형,98.6
https://m.sports.naver.com/golf/article/445/0000401284,KB금융 (금융/밸류업),"[mhn포토] 방신실, 강하게 날리는 장타여왕",방신실이 시즌 첫 우승과 함께 통산 3승을 이뤘다.,호재,2026-04-12 23:09,46.4,사실형,98.6
https://m.sports.naver.com/golf/article/001/0016016827,KB금융 (금융/밸류업),"'슈퍼 루키' 김민솔, KLPGA 투어 iM금융오픈 우승…통산 3승째(종합)",KLPGA 투어 iM금융오픈에서 '슈퍼 루키' 김민솔이 통산 3승째 우승했다.,호재,2026-04-12 16:45,26.3,사실형,99.4
https://m.sports.naver.com/golf/article/014/0005506254,KB금융 (금융/밸류업),"""선배님들 다 비켜주세요!"" 178cm 18세 소녀의 샷에 KLPGA가 발칵 뒤집혔...",KLPGA 정규 투어 신인상 자격 선수가 우승한 것은 2024년 9월 이후 처음이다.,호재,2026-04-12 16:32,23.0,사실형,91.7
https://m.sports.naver.com/golf/article/005/0001842688,KB금융 (금융/밸류업),"‘괴물 신인’김민솔,iM금융오픈 와이어투와이어 우승…“다승왕이 목...",김민솔이 iM금융오픈 와이어투와이어 우승하며 다승왕 경쟁에 불을 지폈다.,호재,2026-04-12 15:58,17.1,사실형,96.4
https://m.sports.naver.com/golf/article/666/0000102934,KB금융 (금융/밸류업),"'슈퍼 루키' 김민솔, KLPGA 투어 통산 3승 달성",KLPGA 투어 통산 3승을 달성한 '슈퍼 루키' 김민솔,호재,2026-04-12 16:02,26.0,사실형,99.5
https://n.news.naver.com/mnews/article/015/0005273889?sid=101,KB금융 (금융/밸류업),"증권사, 금융지주내 '실적 효자'로 급부상","증권사가 금융지주 내에서 급부상하고 있으며, 은행의 위상이 낮아지고 있다.",호재,2026-04-12 17:44,18.7,사실형,91.4
https://m.sports.naver.com/golf/article/001/0016016683,KB금융 (금융/밸류업),"'슈퍼 루키' 김민솔, KLPGA 투어 iM금융오픈 우승…통산 3승째",김민솔이 KLPGA 투어 iM금융오픈에서 우승하여 통산 3승째를 달성했다.,호재,2026-04-12 15:28,24.9,사실형,99.5
https://n.news.naver.com/mnews/article/015/0005271301?sid=101,현대차 (자동차/모빌리티),"한투운용, 현대차·로보티즈 등 '휴머노이드' 투자 ETF 내일 상장","한투운용의 'ACE K휴머노이드로봇산업TOP2+' ETF가 7일 상장, 현대차와 로보티즈 등 휴머노이드 로봇 산업에 집중 투자한다.",호재,2026-04-06 09:49,27.5,사실형,68.9
https://n.news.naver.com/mnews/article/009/0005662070?sid=103,현대차 (자동차/모빌리티),"현대차 ‘2027 코나’ 출시…“기본 트림 가격 인하, ‘H-픽’ 트림 추가...",현대차가 소형 스포츠유틸리티차량 코나의 연식변경 모델 '2027 코나'를 출시하고 판매에 돌입한다.,호재,2026-04-07 10:04,30.2,사실형,87.1
https://n.news.naver.com/mnews/article/138/0002223486?sid=101,현대차 (자동차/모빌리티),"현대차, '새만금' 9조 투자 속도전…장재훈 부회장 “빠른 속도로 민관...",현대차그룹이 새만금 프로젝트를 통해 미래 사업 전환에 속도를 내고 있다.,호재,2026-04-06 17:02,18.1,사실형,67.8
https://n.news.naver.com/mnews/article/016/0002625688?sid=101,현대차 (자동차/모빌리티),"현대차, 2027년형 코나 출시…“기본 트림 가격 49만원↓”",현대차가 2027년형 코나를 출시하고 기본 트림 가격을 49만원 낮췄다.,호재,2026-04-07 08:54,27.2,사실형,79.3
https://n.news.naver.com/mnews/article/092/0002417544?sid=103,현대차 (자동차/모빌리티),[신간] 현대차 피지컬 AI 혁명,"현대차그룹이 로보틱스, 수소 에너지, 소프트웨어 중심 차량을 아우르는 '피지컬 AI' 기업으로 변모하는 과정을 정리한 신간이다.",호재,2026-04-06 10:14,10.0,사실형,65.4
https://n.news.naver.com/mnews/article/629/0000488884?sid=103,현대차 (자동차/모빌리티),"""상품성·경제성 끌어올렸다""…현대차, '2027 코나' 출시",현대차가 고객 선호도 높은 사양을 기본 적용하고 가격을 낮춘 2027 코나를 출시했다.,호재,2026-04-07 08:49,34.2,사실형,68.6
https://n.news.naver.com/mnews/article/014/0005503506?sid=101,현대차 (자동차/모빌리티),"""가격 낮추고 사양 올렸다""...현대차, 연식변경 모델 '2027 코나' 출시","현대차가 소형 스포츠유틸리티차 연식변경 모델 '2027 코나'를 출시하며, 고객 선호 사양을 기본으로 적용하고 가격을 낮췄다.",호재,2026-04-07 09:12,16.8,사실형,64.1
https://n.news.naver.com/mnews/article/031/0001020121?sid=103,현대차 (자동차/모빌리티),"현대차, '2027 코나' 출시⋯""상품성·경제성 개선""",현대차가 '2027 코나'를 출시하여 상품성과 경제성을 동시에 끌어올렸다.,호재,2026-04-07 09:28,38.1,사실형,58.8
https://n.news.naver.com/mnews/article/014/0005503625?sid=101,네이버 (IT/플랫폼),"TS '오늘도 무사고' 온라인 캠페인…""네이버에 댓글 달고 기부콩 받자""",한국교통안전공단과 네이버 해피빈이 함께하는 '오늘도 무사고 교통안전 실천 서약 온라인 캠페인'이 7월 2일까지 진행된다.,중립,2026-04-07 10:43,24.3,대화형,17.7
https://n.news.naver.com/mnews/article/009/0005662103?sid=105,네이버 (IT/플랫폼),[단독] 크래프톤·네이버 ‘오버데어’ 올해 출격…초통령게임 왕좌 노...,크래프톤과 네이버가 합작한 메타버스 게임 플랫폼 '오버데어'가 올해 글로벌 무대에서 정식 출시한다.,호재,2026-04-07 10:49,22.8,사실형,96.1
https://n.news.naver.com/mnews/article/001/0016006445?sid=102,네이버 (IT/플랫폼),"교통안전공단, 네이버 해피빈과 '오늘도 무사고' 기부 캠페인",교통안전공단은 네이버 해피빈과 함께 '오늘도 무사고' 교통안전 실천 서약 기부 캠페인을 진행한다.,호재,2026-04-07 10:17,32.5,사실형,45.7
https://n.news.naver.com/mnews/article/015/0005271794?sid=101,네이버 (IT/플랫폼),'대륙의 선물' 쏟아진다…네이버 상륙한 샤오미 '가격 전쟁',샤오미코리아가 네이버 브랜드스토어에 입점하여 '샤오미 창립 기념 대규모 할인 혜택'을 제공한다.,호재,2026-04-07 10:03,10.2,사실형,69.7
https://n.news.naver.com/mnews/article/003/0013868818?sid=101,네이버 (IT/플랫폼),"메리츠證 ""네이버, 소프트웨어 부진과 두나무 합병 지연…목표가↓""",네이버의 목표주가가 41만원에서 33만원으로 하향되면서 메리츠증권은 목표주가 하향을 발표했다.,악재,2026-04-06 08:40,21.3,사실형,82.8
https://n.news.naver.com/mnews/article/018/0006251719?sid=105,네이버 (IT/플랫폼),"샤오미, 네이버 브랜드스토어 공식 오픈…韓시장 공략 가속","샤오미가 국내 이커머스 시장 공략을 가속화하고, 네이버 브랜드스토어를 공식 오픈하며 소비자 접점을 확대한다.",호재,2026-04-07 09:14,7.8,사실형,72.2
https://n.news.naver.com/mnews/article/092/0002417720?sid=105,네이버 (IT/플랫폼),"페이히어 포스, 네이버지도서 가맹점 포인트·쿠폰 등 설정 가능",페이히어 포스는 네이버 지도에 가맹점 포인트·쿠폰 등을 실시간으로 반영할 수 있는 기능을 제공한다.,호재,2026-04-07 10:55,21.9,사실형,85.2
https://n.news.naver.com/mnews/article/014/0005502769?sid=101,네이버 (IT/플랫폼),"네이버, 두나무 합병 미뤄져...목표가↓-메리츠증권",메리츠증권은 네이버의 1·4분기 실적이 양호하겠지만 인프라 비용이 30% 증가하며 부담이 커졌다고 평가했다.,악재,2026-04-06 08:20,10.9,사실형,97.5
https://n.news.naver.com/mnews/article/293/0000082286?sid=101,네이버 (IT/플랫폼),"[증권사 지분투자]② 미래에셋, 포트폴리오 휩쓴 네이버 '혈맹'",미래에셋증권은 네이버에 대규모 자금을 투자하여 전략적 동맹을 맺고 있다.,호재,2026-04-07 08:55,14.3,사실형,89.6
https://n.news.naver.com/mnews/article/008/0005340071?sid=101,네이버 (IT/플랫폼),"""네이버, 커머스·AI 투자로 이익률 하락 불가피…목표가↓""-DB","DB증권은 네이버의 커머스 분야 매출액이 성장했지만, 집중적인 투자로 인한 이익률 하락이 아쉽다고 분석했다.",호재,2026-04-06 08:15,20.5,사실형,87.8
https://n.news.naver.com/mnews/article/015/0005271226?sid=101,네이버 (IT/플랫폼),"하림 더미식, 네이버와 두 번째 협업 즉석밥…'골든퀸 백미밥' 출시",하림이 네이버와 협업해 즉석밥 신제품 '더미식 골든퀸 백미밥'을 출시한다.,호재,2026-04-06 08:06,28.5,사실형,95.0
https://n.news.naver.com/mnews/article/029/0003022147?sid=101,현대차 (자동차/모빌리티),"현대차 노조, 임협서 “아틀라스 허락받고 써라”","현대차 노조가 임금 및 단체협약 요구안을 확정하여 협상에 본격 돌입하고, 성과급 지급과 고용 보장을 주요 의제로 내세웠다.",호재,2026-04-16 18:34,10.4,사실형,63.9
https://n.news.naver.com/mnews/article/138/0002224784?sid=101,현대차 (자동차/모빌리티),"아틀라스 겨냥한 현대차 노조, 완전월급제·상여금 800% 인상 요구","현대차 노조가 2026년 임금협상에서 완전 월급제와 상여금 800% 인상을 요구하며, 로봇이 인간 업무를 대체하는 것을 대비하고 있다.",호재,2026-04-16 18:21,15.9,사실형,59.5
https://n.news.naver.com/mnews/article/277/0005750703?sid=103,현대차 (자동차/모빌리티),"""삼전 노조보다 더 세게 불렀다"" 현대차 노조 성과급 요구안, 어느 정도...",현대차 노조가 올해 임금 협상에서 전 종업원과 협력업체 직원들에도 순이익의 30%를 성과급으로 지급해 달라고 요구했다.,호재,2026-04-16 18:02,14.9,사실형,80.5
https://n.news.naver.com/mnews/article/119/0003081559?sid=101,현대차 (자동차/모빌리티),"현대차 노조, 완전 월급제 요구…아틀라스 투입 본격 대응",현대차 노조가 올해 임금협상에서 상여금 800%와 완전 월급제를 요구한다.,호재,2026-04-16 18:10,12.2,사실형,44.4
https://n.news.naver.com/mnews/article/023/0003971334?sid=105,네이버 (IT/플랫폼),美 8700조원 의료 시장에 네이버식 ‘수퍼 플랫폼’ 심는다,"네이버가 커머스, 결제, 금융 플랫폼으로 확장한 구조에서 영감을 얻은 미국 스타트업 나이트라가 미국 의료 시장에 '수퍼 플랫폼'을 출시한다.",호재,2026-04-17 00:33,13.2,사실형,88.3
https://n.news.naver.com/mnews/article/037/0000038009?sid=101,네이버 (IT/플랫폼),"네이버·KT·삼성·쿠팡·엘리스, 2조 원 정부 GPU 사업에 도전장",네이버·KT·삼성·쿠팡·엘리스가 2조 원 규모 정부 GPU 사업에 도전장을 냈다.,호재,2026-04-17 07:02,20.5,사실형,49.5
https://n.news.naver.com/mnews/article/001/0016026651?sid=105,네이버 (IT/플랫폼),큐웬 걷어낸 네이버…자사 모델에 '자체 비전 인코더' 입힌다,"네이버가 자사 모델에 자체 개발한 비전 인코더를 적용하기로 함, 중국 오픈소스 인코더 논란 해소",호재,2026-04-17 06:33,44.3,사실형,65.5
https://n.news.naver.com/mnews/article/032/0003440423?sid=105,네이버 (IT/플랫폼),"네이버, 검색 점유율 60%대 유지 왜?",네이버는 생성형 AI의 위기에 대응하기 위해 AI 브리핑 서비스를 도입하고 점유율을 유지하고 있다.,호재,2026-04-16 21:11,49.8,사실형,86.1
https://n.news.naver.com/mnews/article/015/0005276091?sid=110,네이버 (IT/플랫폼),[사설] 삼성SDS·네이버의 'AI 승부수'…이런 기업 더 많아져야,"삼성SDS와 네이버가 AI 분야에 투자하고 성장하는 모습을 보이며, 더 많은 기업이 이런 경향을 보일 수 있도록 지원해야 한다.",호재,2026-04-17 00:07,17.3,사실형,68.2
https://n.news.naver.com/mnews/article/020/0003713090?sid=101,네이버 (IT/플랫폼),"[단독]네이버, AI 학습용 데이터 직접 만든다… EBS-두산백과와 협력",네이버가 AI 학습용 데이터 직접 만든다... EBS-두산백과와 협력,호재,2026-04-17 00:31,27.8,사실형,60.2
https://n.news.naver.com/mnews/article/020/0003713190?sid=101,KB금융 (금융/밸류업),"전북에 모여든 금융사들, 지역사업-창업가 육성 공들여",금융사들은 전북에 모여 지역사업-창업가 육성을 위해 교육체계와 인력 양성에 힘쓰고 있다.,호재,2026-04-17 04:35,52.0,사실형,87.6
https://n.news.naver.com/mnews/article/277/0005750766?sid=101,KB금융 (금융/밸류업),"[이슈인터뷰]정신동 KB경영연구소장 ""韓 경제 공급충격 직면…에너지·...","한국 경제는 성장 둔화와 물가 불안에 직면해 있으며, 고환율과 고유가가 큰 부담 요인이 되고 있다.",호재,2026-04-17 06:10,27.5,사실형,85.9
https://n.news.naver.com/mnews/article/001/0016026303?sid=102,KB금융 (금융/밸류업),"전북도, '2차 공공기관' 유치 총력…기관들 방문해 설득","전북도는 정부의 2차 공공기관 이전에 앞서 유치 희망 기관을 방문, 전북의 강점을 설명하며 총력전을 펴고 있다.",호재,2026-04-16 17:19,39.3,사실형,87.1
https://n.news.naver.com/mnews/article/008/0005345531?sid=101,KB금융 (금융/밸류업),"""40분 걸어서 회사로""…고유가에 '뚜벅이 출근' 자처한 금융 CEO","금융 CEO들이 고유가 비상 사태로 인해 에너지 절약을 위해 자율적으로 차량 5·2부제를 시행하고, 다수의 CEO들이 택시, 카풀, 지하철, 도보 등 대중교통을 이용하거나 걸어 출근하고 있다.",호재,2026-04-17 06:10,17.4,사실형,97.1
https://n.news.naver.com/mnews/article/014/0005508869?sid=101,KB금융 (금융/밸류업),"KB금융지주, 다음달 최대 6000억원 영구채 발행 [fn마켓워치]",KB금융지주는 다음달 최대 6000억원 규모의 영구채를 발행할 계획이다.,호재,2026-04-16 15:18,24.1,사실형,76.9
https://n.news.naver.com/mnews/article/277/0005750620?sid=101,KB금융 (금융/밸류업),"칼라일, 정익수 한국 대표·김종윤 한국 총괄 대표 선임","칼라일은 정익수 신임 매니징 디렉터를 한국 대표로, 김종윤 대표를 한국 총괄 대표로 선임하여 한국 시장에서의 투자 확대를 위한 조치로 보도했다.",호재,2026-04-16 15:27,18.0,사실형,80.5
https://n.news.naver.com/mnews/article/374/0000504892?sid=101,KB금융 (금융/밸류업),"칼라일, 정익수 한국 대표·김종윤 한국 총괄 대표 선임",칼라일은 어피니티에쿼티파트너스 출신 정익수 신임 매니징디렉터를 한국대표로 선임했다.,호재,2026-04-16 15:31,36.0,추론형,0.7
https://n.news.naver.com/mnews/article/011/0004611466?sid=101,KB금융 (금융/밸류업),코스피 6200 축포에 하닉 신고가… 삼전은 “500원이 모자라” [이런국장...,"코스피가 6200선을 탈환하고, SK하이닉스가 이틀 연속 신고가를 기록했다.",호재,2026-04-16 16:01,63.9,사실형,87.6
https://n.news.naver.com/mnews/article/469/0000925954?sid=101,KB금융 (금융/밸류업),"노후 생활비 350만 원 시대…국민연금만으로 부족, '연금 3층' 쌓아야","노후 생활비 350만 원 시대, 국민연금만으로 부족하여 '연금 3층' 쌓아야 함",호재,2026-04-17 04:30,67.3,추론형,3.4
https://n.news.naver.com/mnews/article/018/0006249069?sid=101,네이버 (IT/플랫폼),"네이버, 글로벌 빅테크 기업들과 AI 경쟁 우려…목표가↓-NH",NH투자증권이 네이버의 목표주가 38만원에서 32만원으로 하향 조정했다.,악재,2026-04-03 07:44,21.28167554839684,사실형,67.79813826084137
https://n.news.naver.com/mnews/article/001/0015998442?sid=103,네이버 (IT/플랫폼),네이버 지식백과서 인종차별적 '니그로' 빠졌다,"네이버 지식백과에서 인종차별적 표현 '니그로'를 삭제하고, 아프리카 인종에 대한 편향적인 서술을 시정했다.",호재,2026-04-02 14:10,37.63183218512616,사실형,78.8536998960707
https://n.news.naver.com/mnews/article/018/0006248298?sid=101,네이버 (IT/플랫폼),"케이뱅크·네이버, 모바일 신분증 연계 기념 이벤트",케이뱅크와 네이버가 협업하여 신규 고객 대상 최대 1만원의 혜택을 제공하는 이벤트를 진행한다.,호재,2026-04-02 11:11,19.648690245647803,사실형,75.42245450119177
https://n.news.naver.com/mnews/article/014/0005501740?sid=101,네이버 (IT/플랫폼),"""실물 신분증 없이 간편하게""...케이뱅크·네이버, 모바일 신분증 연계",케이뱅크와 네이버가 모바일 신분증 연계 서비스를 오픈하며 신규 고객 대상 혜택을 제공한다.,호재,2026-04-02 16:12,25.66857094911923,사실형,70.31251850227514
https://n.news.naver.com/mnews/article/030/0003414063?sid=101,네이버 (IT/플랫폼),"케이뱅크, 네이버 모바일 신분증 연계 “최대 1만원 증정”",케이뱅크는 네이버 모바일 신분증 연계 서비스를 통해 신규 고객에게 최대 1만원의 현금 혜택을 제공하는 이벤트를 진행한다.,호재,2026-04-02 13:48,25.629574489307227,사실형,65.79230044569287
https://n.news.naver.com/mnews/article/448/0000600953?sid=100,네이버 (IT/플랫폼),네이버 지식백과서 '니그로' 빠졌다,네이버 지식백과에서 '니그로' 관련 편향적인 표현을 수정했다.,호재,2026-04-02 14:19,33.305655390758936,사실형,80.05734017262091
https://n.news.naver.com/mnews/article/018/0006249519?sid=101,네이버 (IT/플랫폼),"금감원, 두나무·네이버파이낸셜 주식교환 공시 정정명령 부과","금감원, 두나무에 포괄적 주식교환 공시 정정명령을 부과했다.",악재,2026-04-03 16:32,48.857572763731525,사실형,89.25729623207678
https://n.news.naver.com/mnews/article/119/0003076497?sid=101,네이버 (IT/플랫폼),케이뱅크-네이버 모바일 신분증 연계…신규 고객 최대 1만원 지급,케이뱅크는 네이버 모바일 신분증 연계 서비스 오픈을 기념해 최초 가입 고객을 대상으로 최대 1만원의 현금 혜택을 제공하는 이벤트를 12월 말까지 진행한다.,호재,2026-04-02 17:07,14.532882290372884,사실형,70.80558314919472
https://n.news.naver.com/mnews/article/009/0005659659?sid=105,삼성바이오로직스 (제약/바이오),"삼성바이오로직스, 美 록빌 생산시설 인수 완료…“글로벌 생산체계 이...","삼성바이오로직스가 미국 록빌 바이오의약품 생산시설을 인수하여 글로벌 생산 네트워크를 확대하고, 전체 생산능력을 84만5000리터까지 확대했다.",호재,2026-04-01 17:46,8.75213442357815,사실형,57.04453606158495
https://n.news.naver.com/mnews/article/119/0003075951?sid=105,삼성전자 (IT/반도체),"부품값·환율 압박에 결국… 삼성전자, S25·Z7 시리즈 일부 가격 인상","삼성전자, 갤럭시 S25 엣지와 폴더블 스마트폰 가격을 인상했다.",호재,2026-04-01 17:29,27.7766931217418,사실형,85.64892738359049
https://n.news.naver.com/mnews/article/031/0001019522?sid=101,삼성전자 (IT/반도체),"삼성전자 전영현 ""협력사와 함께 기술 혁신""",삼성전자 전영현 부회장은 협력사와의 기술 혁신에 대해 협력회사와의 긴밀한 협력을 강조했다.,호재,2026-04-03 16:01,55.45041796012855,사실형,94.7625776131948
https://n.news.naver.com/mnews/article/015/0005270792?sid=101,삼성전자 (IT/반도체),중동戰후 19조 매도…삼전 외국인 지분 '뚝',삼성전자 외국인 지분이 13년 만에 최저 수준으로 내려간다.,악재,2026-04-03 17:49,24.08181656003666,사실형,95.69341987371445
https://n.news.naver.com/mnews/article/008/0005339564?sid=101,삼성전자 (IT/반도체),"전영현 삼성전자 부회장 ""기술 혁신, 협력사 덕분""…동반성장 확대",삼성전자 부회장 전영현은 기술 혁신과 협력사 덕분에 가능하다고 말했다.,호재,2026-04-03 16:00,21.716214385774922,사실형,85.35722028464079
https://n.news.naver.com/mnews/article/001/0016000113?sid=101,LG에너지솔루션 (2차전지),"LG에너지솔루션, '배터리 SW'도 판다…글로벌 오픈마켓 진출",LG에너지솔루션이 글로벌 오픈마켓 플랫폼 '에스디버스'에 합류하여 소프트웨어 중심 차량(SDV) 시장 진출을 가속한다.,호재,2026-04-03 08:52,12.058063991553647,사실형,89.0519231557846
https://n.news.naver.com/mnews/article/003/0013864810?sid=101,LG에너지솔루션 (2차전지),"LG에너지솔루션, 배터리 소프트웨어 5종 공개…""SDV 본격 대응""","LG에너지솔루션은 소프트웨어 중심 차량(SDV) 시대에 맞춰 배터리 사업의 영역을 확장하고, 배터리 제조사 최초로 SW 오픈마켓 플랫폼 '에스디버스(SDVerse)'에 합류했다.",호재,2026-04-03 09:20,11.838331974413085,사실형,73.9339608166899
https://n.news.naver.com/mnews/article/421/0008868103?sid=101,LG에너지솔루션 (2차전지),"LG에너지솔루션, 배터리 SW도 판다…글로벌 車 SW 오픈마켓 합류",LG에너지솔루션이 글로벌 차량용 소프트웨어 오픈마켓 플랫폼 '에스디버스'에 합류해 배터리 제조사 최초로 소프트웨어를 공개했다.,호재,2026-04-03 10:06,12.122916170794385,사실형,91.60306006669998
https://n.news.naver.com/mnews/article/092/0002417399?sid=105,LG에너지솔루션 (2차전지),"LG엔솔, SDV 시장 진출 가속…글로벌 車 SW 오픈마켓 합류","LG엔솔이 소프트웨어 중심 차량(SDV) 시장 진출을 가속화하고, 에스디버스 소프트웨어 오픈마켓에 배터리 제조사 최초로 합류했다.",호재,2026-04-03 09:07,17.886994614336427,사실형,75.85243871435523
https://n.news.naver.com/mnews/article/008/0005339450?sid=101,LG에너지솔루션 (2차전지),"LG에너지솔루션, 글로벌 車 SW 오픈마켓 '에스디버스' 합류",LG에너지솔루션은 차량용 소프트웨어 오픈마켓 플랫폼 '에스디버스'에 배터리 제조사 최초로 합류했다.,호재,2026-04-03 11:02,14.819275431427636,사실형,93.10696025689444
https://n.news.naver.com/mnews/article/629/0000488012?sid=101,LG에너지솔루션 (2차전지),"LG에너지솔루션, 업계 최초 SW 오픈마켓 '에스디버스' 합류",LG에너지솔루션이 차량용 소프트웨어 오픈마켓 '에스디버스'에 합류하여 배터리 소프트웨어 5종을 공개했다.,호재,2026-04-03 09:00,16.782051190569202,사실형,53.95903497264953
https://n.news.naver.com/mnews/article/016/0002624300?sid=101,LG에너지솔루션 (2차전지),"LG엔솔, 차량용 SW 오픈마켓 합류","LG엔솔, 차량용 SW 오픈마켓 '에스디버스'에 배터리 솔루션 5종 공개",호재,2026-04-03 11:19,15.998699259388193,사실형,99.77717995643616
https://n.news.naver.com/mnews/article/215/0001247752?sid=101,LG에너지솔루션 (2차전지),"LG에너지솔루션, 배터리 넘어 'SW' 판매…SDV 환경 최적","LG에너지솔루션, 배터리 제조사 최초로 'SW' 판매에 합류",호재,2026-04-03 09:35,12.244563155726052,사실형,62.36785186144213
https://n.news.naver.com/mnews/article/030/0003414392?sid=105,LG에너지솔루션 (2차전지),"LG에너지솔루션, 글로벌 車 SW 오픈마켓 '에스디버스' 합류",LG에너지솔루션은 글로벌 차량용 SW 오픈마켓 '에스디버스'에 합류하여 5종의 배터리 관리 SW를 공개했다.,호재,2026-04-03 10:50,18.108175464201224,사실형,72.54808731377125
https://n.news.naver.com/mnews/article/005/0001841020?sid=101,LG에너지솔루션 (2차전지),"LG엔솔, 베터리 관련 소프트웨어도 판다…SDV 시장 진출 가속",LG엔솔이 소프트웨어 중심 차량(SDV) 시장에 진출한다.,호재,2026-04-03 10:29,9.40734538612179,사실형,87.6457691192627
https://n.news.naver.com/mnews/article/374/0000502084?sid=101,LG에너지솔루션 (2차전지),"LG에너지솔루션, '배터리 SW' 판매…글로벌 오픈마켓 진출",LG에너지솔루션이 글로벌 오픈마켓 플랫폼 '에스디버스'에 합류해 차량용 소프트웨어 시장에 진출합니다.,호재,2026-04-03 08:57,21.975586214385835,추론형,20
https://n.news.naver.com/mnews/article/079/0004132495?sid=101,LG에너지솔루션 (2차전지),"LG엔솔 배터리 관리 SW, 글로벌 SDV 핵심 시장 처음 뚫었다",LG엔솔이 글로벌 SDV 핵심 시장에서 배터리 관리 SW로 첫 입지를 확보했다.,호재,2026-04-03 10:36,15.456288122508322,사실형,60.207797589343194
https://n.news.naver.com/mnews/article/014/0005501998?sid=101,LG에너지솔루션 (2차전지),"LG에너지솔루션, 차량용 SW 오픈마켓 ‘에스디버스’ 합류...""배터리 기...","LG에너지솔루션, 차량용 SW 오픈마켓 '에스디버스'에 합류, 배터리 소프트웨어 5종 공개",호재,2026-04-03 08:42,12.298752970640548,사실형,95.8282858133316
https://n.news.naver.com/mnews/article/018/0006249111?sid=101,LG에너지솔루션 (2차전지),"LG엔솔, 배터리 넘어 SW로 확장…'SDV 플랫폼' 본격 진출",LG엔솔이 배터리 제조를 넘어 차량용 소프트웨어 시장으로 사업을 확대하며 '소프트웨어 중심 차량(SDV)' 시대 대응에 속도를 냈다.,호재,2026-04-03 08:33,14.529461053685344,사실형,98.37902983029684
https://n.news.naver.com/mnews/article/020/0003709531?sid=101,LG에너지솔루션 (2차전지),"LG에너지솔루션, 배터리 기업 최초 車 소프트웨어 장터 참여… “배터리...","LG에너지솔루션, 배터리 기업 최초로 차량용 소프트웨어 장터 '에스디버스'에 참여했다.",호재,2026-04-03 10:10,12.222110088130178,사실형,89.56765929857889
https://n.news.naver.com/mnews/article/031/0001019360?sid=101,LG에너지솔루션 (2차전지),"LG엔솔, SDV 플랫폼 진출…배터리 SW 공개","LG엔솔이 SDVerse 플랫폼에 배터리 SW를 공개하여 차량 데이터 기반 사업을 확대하고, 소프트웨어 중심 차량(SDV) 시장에 진출했다.",호재,2026-04-03 09:34,15.254546335815233,사실형,97.57750034332275
https://n.news.naver.com/mnews/article/081/0003632143?sid=101,LG에너지솔루션 (2차전지),"LG엔솔, 배터리 넘어 소프트웨어도 판매…글로벌 SDV 시장 진출 가속",LG엔솔이 차량용 소프트웨어 시장에 진출하여 배터리 기술력을 기반으로 소프트웨어 솔루션을 판매하기 시작했다.,호재,2026-04-03 10:02,9.90605784686508,사실형,77.26108233133951
https://n.news.naver.com/mnews/article/422/0000851130?sid=101,LG에너지솔루션 (2차전지),"LG에너지솔루션, SDV 시장 공략…배터리 기업 최초 '에스디버스' 합류","LG에너지솔루션은 독보적 배터리 기술력을 바탕으로 소프트웨어 중심 차량(SDV) 시장 진출에 속도를 내고 있으며, 배터리 제조사 최초로 '에스디버스'에 합류했다.",호재,2026-04-03 09:07,16.422965865277483,추론형,20
https://n.news.naver.com/mnews/article/023/0003968650?sid=101,LG에너지솔루션 (2차전지),"LG엔솔, 배터리 넘어 SW로 확장... 업계 최초로 글로벌 車 SW 오픈마켓 ‘...",LG엔솔이 글로벌 자동차 소프트웨어 장터 에스디버스에 입점하여 배터리 관리 소프트웨어를 판매한다.,호재,2026-04-03 10:36,13.215715278153839,사실형,85.11059816394534
https://n.news.naver.com/mnews/article/277/0005744473?sid=101,LG에너지솔루션 (2차전지),"LG엔솔, 차량용 SW 오픈마켓 ‘에스디버스’ 합류…배터리사 최초",LG엔솔이 차량용 SW 오픈마켓 '에스디버스'에 배터리 제조사 최초로 합류했다.,호재,2026-04-03 08:34,10.396394476106796,사실형,94.70471918582916
https://n.news.naver.com/mnews/article/119/0003076642?sid=101,LG에너지솔루션 (2차전지),"LG에너지솔루션, 배터리사 최초 글로벌 車 SW 오픈마켓 '에스디버스' 합...","LG에너지솔루션이 배터리 기술을 기반으로 소프트웨어 중심 차량(SDV) 시장에 본격 나섰으며, 배터리 제조사 최초로 SDV 소프트웨어 플랫폼 '에스디버스'에 합류했다.",호재,2026-04-03 08:58,11.593282929587456,사실형,80.83603251725435
https://n.news.naver.com/mnews/article/032/0003437505?sid=101,LG에너지솔루션 (2차전지),"구광모 회장, LG엔솔 미 자회사 찾아 “ESS 역량 강화”","구광모 LG그룹 회장은 브라질을 방문하여 중남미 시장 전략을 논의하고, LG에너지솔루션의 에너지저장장치 통합 솔루션 역량 강화를 약속했다.",호재,2026-04-02 21:14,22.80203351074276,사실형,70.36430040995279
https://n.news.naver.com/mnews/article/016/0002624080?sid=101,LG에너지솔루션 (2차전지),"LG엔솔, 車용 소프트웨어 오픈마켓 ‘에스디버스’ 합류…“배터리 기업...","LG엔솔, 차량용 소프트웨어 오픈마켓 '에스디버스'에 합류하여 배터리 소프트웨어 5종을 공개한다.",호재,2026-04-03 08:28,14.555688321892013,사실형,98.2355535030365
https://n.news.naver.com/mnews/article/025/0003513682?sid=101,LG에너지솔루션 (2차전지),"구광모, LG엔솔 특명…‘배터리 통솔력’ 키워라","LG그룹 회장 구광모가 배터리 사업의 축을 '제품'에서 '에너지 인프라'로 옮기고, 에너지저장장치(ESS)를 앞세워 전력 운영을 아우르는 '통합 솔루션' 사업자로 전환하겠다는 구상이다.",호재,2026-04-03 00:02,25.15697247264429,사실형,77.99915770689645
https://n.news.naver.com/mnews/article/417/0001137275?sid=101,LG에너지솔루션 (2차전지),"ESS로 핵심축 옮기는 LG엔솔, 1분기 저점 찍고 실적 반등 나서",LG엔솔이 북미 ESS 생산기지 바탕으로 수주 성과 확대 계획을 통해 실적 반등에 속도를 냈다.,호재,2026-04-03 05:55,19.263257063343953,사실형,67.3006022095003
https://n.news.naver.com/mnews/article/138/0002223194?sid=105,LG에너지솔루션 (2차전지),"LG엔솔, 배터리사 최초 에스디버스 합류…SDV 시장 공략 가속","LG엔솔, 배터리사 최초로 에스디버스에 합류하여 소프트웨어중심차량(SDV) 시장 진출을 가속화한다.",호재,2026-04-03 10:15,15.86569112562335,사실형,81.92963053782782
https://n.news.naver.com/mnews/article/011/0004606770?sid=101,LG에너지솔루션 (2차전지),"LG에너지솔루션, 車 소프트웨어 오픈마켓 참여...“배터리 관리 프로그...",LG에너지솔루션은 차량용 소프트웨어 오픈마켓 '에스디버스'에 합류해 배터리 관리 프로그램을 판매한다.,호재,2026-04-03 10:44,8.365470562642873,사실형,91.0543143749237
https://n.news.naver.com/mnews/article/366/0001153990?sid=101,LG에너지솔루션 (2차전지),"LG엔솔, 차량용 SW 오픈마켓 합류…“ 배터리 제조 넘어 서비스 리더십...",LG엔솔이 차량용 SW 오픈마켓 '에스디버스'에 합류하여 배터리 제조사 최초로 서비스 리더십을 선언했다.,호재,2026-04-03 11:04,11.05282941739808,사실형,96.55510253376431
https://n.news.naver.com/mnews/article/417/0001137310?sid=101,LG에너지솔루션 (2차전지),"LG엔솔, 배터리 기업 최초 글로벌 차량 SW 오픈마켓 '에스디버스' 합류",LG엔솔이 차량용 소프트웨어 플랫폼 '에스디버스'에 합류해 배터리 소프트웨어 5종을 공개했다.,호재,2026-04-03 09:04,16.594621507373596,사실형,97.05446243286133
https://n.news.naver.com/mnews/article/015/0005270774?sid=101,LG에너지솔루션 (2차전지),LG엔솔 '차량용 SW 오픈마켓' 합류,LG엔솔이 차량용 소프트웨어 거래 플랫폼 '에스디버스'에 합류하여 배터리 소프트웨어 기술을 SDV 시장에 선보일 계획이다.,호재,2026-04-03 17:39,17.679501992567047,사실형,95.63986659049988
https://n.news.naver.com/mnews/article/469/0000923423?sid=101,LG에너지솔루션 (2차전지),"LG에너지솔루션, 차량용 SW 판다… 배터리사 최초 '에스디버스' 합류",LG에너지솔루션은 차량용 소프트웨어 오픈마켓 플랫폼 '에스디버스'에 합류해 소프트웨어중심차량(SDV) 시장 진출에 속도를 낼 계획이다.,호재,2026-04-03 13:52,13.514205865438667,사실형,76.38009819719527
https://n.news.naver.com/mnews/article/009/0005666667?sid=101,삼성전자 (IT/반도체),"삼전·닉스 시총 2000조 돌파…돌아온 외국인, 이달 삼전 1.9조·닉스 2.5...","삼전·닉스 시총 2000조 돌파, 반도체 슈퍼사이클로 향후 추가 상승 여력이 충분하다는 증권가 분석이 나왔다.",호재,2026-04-16 08:40,13.0,추론형,0.1
https://n.news.naver.com/mnews/article/011/0004611256?sid=101,삼성전자 (IT/반도체),"美 메모리 약세 속 삼전·닉스, 코스피 6200선 복귀 이끌까 [이런국장 저...",미국과 이란 간의 종전 협상 낙관론이 국내 증시를 반도체 투톱인 삼성전자와 SK하이닉스를 중심으로 상승으로 이끄는 중이다.,호재,2026-04-16 08:26,30.6,사실형,75.9
https://n.news.naver.com/mnews/article/119/0003081163?sid=105,삼성전자 (IT/반도체),"사파리에서 뛰는 '갤럭시 워치런'…삼성전자, 에버랜드서 러닝 이벤트","삼성전자, 에버랜드 사파리에서 러닝 이벤트 '갤럭시 워치런 @사파리'를 개최한다.",호재,2026-04-16 08:37,24.5,사실형,79.9
https://n.news.naver.com/mnews/article/366/0001157259?sid=105,삼성전자 (IT/반도체),"‘션’도 달린다… 삼성전자, 에버랜드서 ‘갤럭시 워치런 사파리’ 개...","삼성전자, 에버랜드서 '갤럭시 워치런 사파리' 개최",호재,2026-04-16 08:37,36.3,사실형,78.4
https://n.news.naver.com/mnews/article/001/0016024301?sid=103,삼성전자 (IT/반도체),"삼성전자, '갤럭시 워치런 @사파리' 진행","삼성전자, '갤럭시 워치런 @사파리' 참가자 모집",호재,2026-04-16 08:14,24.2,사실형,79.3
https://n.news.naver.com/mnews/article/052/0002341490?sid=104,삼성전자 (IT/반도체),"테슬라 AI 칩 속 선명한 글자...머스크 ""삼성전자에 감사"" [굿모닝경제]",테슬라의 차세대 AI 칩 개발에 삼성전자와 TSMC가 협력한 점에 감사한다는 머스크의 발언,호재,2026-04-16 07:33,40.3,사실형,48.3
https://n.news.naver.com/mnews/article/214/0001493063?sid=104,LG에너지솔루션 (2차전지),"""현대차-LG엔솔 美 배터리 공장 이달 가동 준비""",현대차그룹-LG에너지솔루션 합작 배터리 공장이 미국 조지아주의 가동을 준비 중이다.,호재,2026-04-15 17:02,8.7,추론형,0.0
https://n.news.naver.com/mnews/article/022/0004121103?sid=101,LG에너지솔루션 (2차전지),"LG에너지솔루션, '역대 최대규모' 연구 전문위원 선임","LG에너지솔루션, 역대 최대규모 연구 전문위원 17명 선임",호재,2026-04-15 17:07,19.9,사실형,80.8
https://n.news.naver.com/mnews/article/014/0005508330?sid=105,삼성바이오로직스 (제약/바이오),노조 성과급 요구에 삼바 주주들 '끓는다 끓어',삼성바이오로직스 주주들이 노조의 성과급 요구를 비판하고 있다.,호재,2026-04-15 18:15,24.8,사실형,94.5
https://n.news.naver.com/mnews/article/005/0001843471?sid=101,현대차 (자동차/모빌리티),칠판 읽고 집안 일·반려견 산책… ‘AI 두뇌’ 품은 현대차 보행로봇,현대차그룹은 로보틱스와 피지컬 AI를 통해 새로운 기술을 개발하고 있다.,호재,2026-04-16 00:03,20.8,사실형,93.5
https://n.news.naver.com/mnews/article/082/0001376230?sid=101,LG에너지솔루션 (2차전지),"‘美 단속’ 현대차-LG엔솔 조지아 공장 ""이달 중 가동 준비""",현대차-LG엔솔 조지아 공장 이달 중 가동 준비,호재,2026-04-15 16:59,11.2,사실형,99.0
https://n.news.naver.com/mnews/article/001/0016024300?sid=103,삼성전자 (IT/반도체),"삼성전자, '갤럭시 워치런 @사파리' 진행","삼성전자, '갤럭시 워치런 @사파리' 참가자 모집 시작",호재,2026-04-16 08:13,24.2,사실형,79.3
https://n.news.naver.com/mnews/article/056/0012163150?sid=101,현대차 (자동차/모빌리티),국민성장펀드 ‘새만금 벨트’ 자금 공급…현대차 투자 ‘탄력’,국민성장펀드가 '새만금 벨트'에 자금을 지원하며 현대차 투자의 사업 추진 속도가 빨라질 전망입니다.,호재,2026-04-15 21:41,14.6,사실형,39.4
https://n.news.naver.com/mnews/article/031/0001022537?sid=105,네이버 (IT/플랫폼),"김준구가 끌고, 김용수가 밀고⋯네이버 웹툰엔터 전열 정비 [IT돋보기]",네이버웹툰엔터가 최고경영자와 프레지던트를 선임하여 전략과 운영을 통합하는 방식으로 리더십을 재편했다.,호재,2026-04-16 07:07,59.1,사실형,74.4
https://n.news.naver.com/mnews/article/011/0004611073?sid=101,LG에너지솔루션 (2차전지),"“美 단속으로 멈췄던 현대차-LG엔솔 배터리 공장, 이달 말 가동”",현대차-LG엔솔 배터리 공장은 미국 단속으로 멈췄던 가동을 이달 말에 다시 시작할 예정이다.,호재,2026-04-15 17:31,20.6,사실형,82.5
https://n.news.naver.com/mnews/article/056/0012162976?sid=101,현대차 (자동차/모빌리티),국민성장펀드 ‘새만금 벨트’ 자금 공급…현대차 투자 ‘탄력’,국민성장펀드가 '새만금 벨트'에 1조원 이상의 자금을 지원하고 현대차 투자와도 관련되어 사업 추진 속도가 붙을 것으로 전망됩니다.,호재,2026-04-15 19:10,14.6,사실형,39.4
https://n.news.naver.com/mnews/article/056/0012163366?sid=101,현대차 (자동차/모빌리티),국민성장펀드 ‘새만금 벨트’ 자금 공급…현대차 투자 ‘탄력’,국민성장펀드 2차 프로젝트에서 새만금 벨트가 선정되어 현대차 투자에 긍정적인 영향을 미칠 전망입니다.,호재,2026-04-16 07:34,18.3,추론형,0.0
https://n.news.naver.com/mnews/article/031/0001022536?sid=105,네이버 (IT/플랫폼),"네이버, 두나무와 주식 교환 후 네이버파이낸셜 상장 추진",네이버는 두나무와 주식 교환 후 네이버파이낸셜의 기업공개(IPO)를 추진한다.,호재,2026-04-16 07:04,41.9,사실형,97.7
https://n.news.naver.com/mnews/article/020/0003712712?sid=101,네이버 (IT/플랫폼),"국민성장펀드, 네이버 AI데이터센터에 4000억 저리 대출",국민성장펀드는 네이버의 AI 데이터센터 증설 및 GPU 서버 도입 사업에 4000억 원을 저리 대출로 공급한다.,호재,2026-04-16 00:31,33.5,사실형,72.9
https://n.news.naver.com/mnews/article/421/0008892558?sid=105,네이버 (IT/플랫폼),유튜브 이용자 4800만인데 구글 법인세 283억…네이버의 5% 그쳐,네이버 법인세가 구글 법인세의 5%에 불과하다는 뉴스가 나면서 구글이 한국에서 실제 매출 규모가 얼마인지 궁금증을 불러일으키고 있다.,호재,2026-04-16 06:01,31.9,사실형,91.8
https://n.news.naver.com/mnews/article/366/0001152777?sid=101,네이버 (IT/플랫폼),네이버·두나무 주식교환 3개월 연기… 9월 거래 종결,네이버와 두나무의 주식교환 일정은 약 3개월 연기되어 9월 거래 종결 예정입니다.,중립,2026-03-30 17:38,42.9,사실형,98.8
https://n.news.naver.com/mnews/article/009/0005658537?sid=105,네이버 (IT/플랫폼),"네이버 D2SF, 헬스케어 스타트업 ‘사운더블헬스’ ‘누비랩’에 후속 ...",네이버 D2SF가 헬스케어 스타트업 사운더블헬스와 누비랩에 후속 투자를 발표했다.,호재,2026-03-31 09:54,21.9,사실형,61.4
https://n.news.naver.com/mnews/article/009/0005661102?sid=101,KB금융 (금융/밸류업),KB금융 ‘상권활성화지수’ 개발…“동네 상권 한 눈에”,KB금융그룹이 지역별 상권 현황을 한눈에 파악할 수 있는 'KB상권활성화지수'를 개발하고 설명회를 개최했다.,호재,2026-04-05 13:14,38.5,사실형,91.4
https://n.news.naver.com/mnews/article/014/0005502467?sid=101,KB금융 (금융/밸류업),"KB금융 '상권활성화지수' 개발, 설명회 개최","KB금융그룹은 지역경제 활성화와 소상공인 지원을 위해 'KB상권활성화지수'를 개발하고, 설명회를 개최했다.",호재,2026-04-05 09:44,36.6,사실형,85.7
https://n.news.naver.com/mnews/article/003/0013867723?sid=101,KB금융 (금융/밸류업),"KB금융, 'KB상권활성화지수' 설명회 개최",KB금융그룹은 지역경제 활성화와 소상공인 지원을 위해 'KB상권활성화지수' 설명회를 개최했다.,호재,2026-04-05 10:08,27.9,사실형,96.4
https://n.news.naver.com/mnews/article/001/0016002775?sid=101,KB금융 (금융/밸류업),"KB금융 '상권활성화지수' 개발…""소상공인 지원""",KB금융그룹은 'KB상권활성화지수'를 개발하여 소상공인 지원에 도움을 주고자 함,호재,2026-04-05 09:00,53.5,사실형,98.7
https://n.news.naver.com/mnews/article/018/0006250469?sid=101,KB금융 (금융/밸류업),"KB금융, 'KB상권활성화지수' 설명회…금융데이터 활용 상권 분석",KB금융그룹이 'KB상권활성화지수'를 출시하여 지역경제 활성화와 소상공인 지원 강화를 위해 금융데이터를 활용한 상권 분석을 제공하고 있다.,호재,2026-04-05 13:46,45.1,사실형,82.6
https://n.news.naver.com/mnews/article/421/0008870406?sid=101,KB금융 (금융/밸류업),"KB금융, 지방 발전·지역 상권 살리기 앞장…'상권활성화지수' 설명회 연...","KB금융그룹은 지역경제 활성화와 소상공인 지원을 위해 'KB상권활성화지수'를 개발하고, 지역별 상권 현황을 분석하는 설명회를 개최했다.",호재,2026-04-05 09:29,48.3,사실형,88.1
https://n.news.naver.com/mnews/article/008/0005339842?sid=101,KB금융 (금융/밸류업),"KB금융, 'KB상권활성화지수' 설명회 개최…지역경제 살리기 앞장",KB금융그룹이 'KB상권활성화지수' 설명회를 개최하여 지역경제 활성화와 소상공인 지원 강화를 위한 분석 모델을 소개했다.,호재,2026-04-05 09:14,31.8,사실형,86.4
https://n.news.naver.com/mnews/article/029/0003019897?sid=101,KB금융 (금융/밸류업),금융데이터로 상권 읽는다…KB금융 ‘상권활성화지수’ 개발,KB금융그룹이 금융데이터를 기반으로 지역 상권을 진단하는 분석 지수를 공개하며 소상공인 지원과 지역경제 활성화 전략을 강화하고 있다.,호재,2026-04-05 09:07,38.0,사실형,89.2
https://n.news.naver.com/mnews/article/366/0001154307?sid=101,KB금융 (금융/밸류업),"KB금융, 소상공인지원 ‘상권활성화지수’ 개발",KB금융그룹이 소상공인 지원을 위한 '상권활성화지수'를 개발했다.,호재,2026-04-05 09:37,47.2,사실형,98.6
https://n.news.naver.com/mnews/article/030/0003414618?sid=101,KB금융 (금융/밸류업),"KB금융, 50개 금융데이터 결합 '상권활성화지수' 개발…지역경제 살린다",KB금융그룹은 금융데이터를 활용해 지역 경제 상황을 분석하고 소상공인 지원을 강화하는 'KB상권활성화지수'를 개발했다.,호재,2026-04-05 09:49,53.2,사실형,76.8
https://n.news.naver.com/mnews/article/448/0000601524?sid=101,KB금융 (금융/밸류업),"KB금융, 'KB상권활성화지수' 설명회",KB금융그룹이 지역경제 활성화와 소상공인 지원을 위해 'KB상권활성화지수'를 개발하고 설명회를 개최했다.,호재,2026-04-05 12:27,32.1,사실형,96.4
https://n.news.naver.com/mnews/article/469/0000923620?sid=101,KB금융 (금융/밸류업),"KB금융, 'KB상권활성화지수' 개발… 지역 상권 살리기에 앞장",KB금융그룹이 'KB상권활성화지수'를 개발하여 지역 상권 살리기에 앞장섰다.,호재,2026-04-05 13:01,28.7,사실형,98.8
https://n.news.naver.com/mnews/article/138/0002223313?sid=101,KB금융 (금융/밸류업),"KB금융, 금융데이터로 상권 분석…상권활성화지수 설명회 개최",KB금융그룹은 'KB상권활성화지수' 설명회를 개최하여 금융데이터를 활용한 상권 분석을 소개했다.,호재,2026-04-05 09:46,37.0,사실형,93.2
https://n.news.naver.com/mnews/article/015/0005271049?sid=101,KB금융 (금융/밸류업),KB금융 '상권활성화지수' 개발,KB금융그룹이 'KB상권활성화지수'를 개발하여 상권을 방문하는 고객 흐름과 소상공인 경영 현황을 분석할 수 있는 모델로 출시했다.,호재,2026-04-05 17:17,17.2,사실형,95.1
https://n.news.naver.com/mnews/article/421/0008870284?sid=101,한화에어로스페이스 (방산/우주항공),삼전닉스 '샀다 팔았다' 개인 -23%…한화에어로 담은 외국인 -7%,개인 투자자들은 반도체주에 투자해 큰 손실을 보았지만 외국인과 기관은 방산주와 경기 방어주에 투자해 수익률을 방어했다.,호재,2026-04-05 06:02,55.5,사실형,88.3
https://n.news.naver.com/mnews/article/008/0005339678?sid=101,한화에어로스페이스 (방산/우주항공),"한화에어로, '풍산 탄약사업' 인수 추진…방산 시너지 기대",한화에어로스페이스가 풍산 탄약사업부문을 인수하기 위해 입찰에 참여했다.,호재,2026-04-03 18:13,25.8,사실형,63.8
https://n.news.naver.com/mnews/article/138/0002223553?sid=103,현대차 (자동차/모빌리티),"현대차, 2027 코나 출시…옵션 늘리고 가격 낮췄다",현대차가 코나 신형을 출시하고 가격을 낮췄다.,호재,2026-04-07 09:58,20.7,사실형,99.1
https://n.news.naver.com/mnews/article/001/0016003945?sid=101,현대차 (자동차/모빌리티),"한투운용, '휴머노이드' 현대차·로보티즈 집중 ETF 내일 상장",한투운용이 '휴머노이드' 현대차·로보티즈 집중 ETF를 내일 상장한다.,호재,2026-04-06 09:12,18.7,사실형,83.8
https://n.news.naver.com/mnews/article/366/0001154732?sid=103,현대차 (자동차/모빌리티),"현대차, 연식변경 모델 2027 코나 출시… 2429만원부터",현대차가 소형 SUV 코나의 연식변경 모델 '2027 코나'를 출시하며 다양한 트림 옵션을 제공한다.,호재,2026-04-07 09:50,13.9,사실형,99.5
https://n.news.naver.com/mnews/article/079/0004133635?sid=101,현대차 (자동차/모빌리티),"현대차, 가성비 끝판왕 '2027 코나' 출시","현대차가 2027 코나를 출시하고, 고객 선호 사양을 기본 적용하여 가격을 낮췄다.",호재,2026-04-07 10:07,33.9,사실형,66.0
https://n.news.naver.com/mnews/article/011/0004607854?sid=101,현대차 (자동차/모빌리티),"현대차, 대표 소형 SUV 코나 2027 출시",현대차가 대표 소형 SUV '2027 코나'를 출시하고 본격 판매에 들어간다고 밝혔다.,호재,2026-04-07 08:55,38.9,사실형,99.4
https://n.news.naver.com/mnews/article/421/0008874056?sid=103,현대차 (자동차/모빌리티),"현대차, '2027 코나' 출시…사양 최적화로 가격 59만 원 낮췄다",현대차가 '2027 코나'를 출시하여 사양 최적화로 가격을 59만 원 낮췄다.,호재,2026-04-07 08:52,46.3,사실형,68.7
https://n.news.naver.com/mnews/article/215/0001248117?sid=101,현대차 (자동차/모빌리티),"현대차, '2027 코나' 출시…""상품성·경제성 높였다""",현대차가 소형 스포츠유틸리티차량 '2027 코나'를 출시한다.,호재,2026-04-07 09:44,20.6,사실형,98.4
https://n.news.naver.com/mnews/article/293/0000082236?sid=101,현대차 (자동차/모빌리티),"현대차 '자사주 소각', 삼성·SK와 다른 포인트는",현대차는 자사주 소각을 통해 주주환원 효과를 강화하고 배당 정책도 확대했다.,호재,2026-04-06 13:34,25.2,사실형,70.8
https://n.news.naver.com/mnews/article/421/0008872612?sid=101,현대차 (자동차/모빌리티),"현대차 9조 새만금 투자, 정책금융 1호 지원…""국민성장펀드도 기여""","현대차그룹의 새만금 프로젝트가 정책금융기관의 1호 협력 사업으로 선정되어, 150조 원 규모의 국민성장펀드와 연결하는 축으로 기여할 예정이다.",호재,2026-04-06 13:38,14.8,사실형,84.5
https://n.news.naver.com/mnews/article/417/0001137779?sid=103,현대차 (자동차/모빌리티),"현대차, 상품성·경제성 높인 '2027 코나' 출시",현대차가 상품성과 경제성을 높인 '2027 코나'를 출시하고 본격적인 판매에 들어간다.,호재,2026-04-07 08:43,22.4,사실형,99.4
https://n.news.naver.com/mnews/article/011/0004607364?sid=101,삼성전자 (IT/반도체),한은 7연속 동결 유력…삼성전자 1분기 영업익 40조 전망,"삼성전자 1분기 영업익 40조 원 전망, 한은 7연속 동결 유력",호재,2026-04-06 07:42,15.8,사실형,79.8
https://n.news.naver.com/mnews/article/009/0005661460?sid=101,삼성전자 (IT/반도체),삼성전자 1분기 영업익 50조 전망 나왔다…한투證 “목표가 33만원”,삼성전자 1분기 영업익 50조 전망에 한투증권이 목표가 33만원을 예측했다.,호재,2026-04-06 10:32,22.8,추론형,49.4
https://n.news.naver.com/mnews/article/014/0005502748?sid=101,삼성전자 (IT/반도체),"'현금 30억' 초부자, ""전쟁 끝물"" 종목 싹 바꿨다...삼성전자만 1300억 쓸...",금융자산 30억 원 이상 고객이 삼성전자와 SK하이닉스를 주력으로 하는 반도체 대장주에 집중 투자한다.,호재,2026-04-06 07:02,45.0,사실형,98.7
https://n.news.naver.com/mnews/article/053/0000057236?sid=101,삼성전자 (IT/반도체),"초유의 총파업 예고한 삼성전자 노조...""하이닉스 부러워서?""","삼성전자 노조가 초유의 총파업을 예고하며, 회사에 대한 부정적 인식과 실망감이 누적된 것으로 분석됩니다.",악재,2026-04-06 05:01,20.7,추론형,20
https://n.news.naver.com/mnews/article/469/0000923977?sid=105,삼성전자 (IT/반도체),삼성전자 1분기 영업익 57.2조·매출 133조…사상 최대 실적,삼성전자가 1분기 매출액과 영업이익이 사상 최고치를 기록했다.,호재,2026-04-07 07:46,31.0,사실형,98.6
https://n.news.naver.com/mnews/article/092/0002417658?sid=105,삼성전자 (IT/반도체),"[1보] 삼성전자, 1분기 영업익 57.2조원 '사상 최대'","삼성전자, 1분기 영업익 57.2조원 '사상 최대'로 성장했다.",호재,2026-04-07 07:48,19.9,사실형,92.6
https://n.news.naver.com/mnews/article/008/0005343160?sid=101,현대차 (자동차/모빌리티),"""삼성SDI, ESS·전기차 수요 증가에 수혜 전망… 목표가↑-현대차",현대차증권은 삼성SDI가 ESS·전기차 수요 증가에 수혜를 받을 것으로 전망했다.,호재,2026-04-13 08:57,7.3,사실형,87.0
https://n.news.naver.com/mnews/article/421/0008885225?sid=105,네이버 (IT/플랫폼),"네이버웹툰, 작가 루즌아 '웹툰위드' 팬미팅…작가·독자 소통 지원","네이버웹툰이 웹툰 작가 루즌아와 독자들이 함께하는 '웹툰위드' 팬미팅을 성공적으로 개최했으며, 작가와 독자의 소통을 지원하는 방침이다.",호재,2026-04-13 09:07,24.5,사실형,89.4
https://n.news.naver.com/mnews/article/003/0013883044?sid=105,네이버 (IT/플랫폼),"네이버웹툰, 루즌아 작가 '웹툰위드' 팬미팅 개최",네이버웹툰이 웹툰 작가 루즌아와 독자들이 함께하는 '웹툰위드' 팬미팅을 개최했다.,호재,2026-04-13 09:15,47.5,사실형,82.3
https://n.news.naver.com/mnews/article/001/0016017240?sid=105,네이버 (IT/플랫폼),"[AI픽] 네이버클라우드, AI 보안 '컨트롤타워' 신설",네이버클라우드가 AI 보안 위기 상황을 타개하기 위해 보안 전담 조직을 신설한다.,호재,2026-04-13 09:10,19.8,사실형,94.6
https://n.news.naver.com/mnews/article/277/0005748440?sid=101,KB금융 (금융/밸류업),"KB금융, '2026 KB 오픈이노베이션 프로그램' 참여 스타트업 모집",KB금융그룹은 혁신 기술을 보유한 스타트업과 함께 새로운 사업 기회를 만드는 '2026 KB 오픈이노베이션 프로그램'에 참여 기업을 모집하고 있습니다.,호재,2026-04-13 09:12,14.3,사실형,54.6
https://n.news.naver.com/mnews/article/417/0001138666?sid=101,KB금융 (금융/밸류업),"KB금융, 실증 기회 제공 '오픈이노베이션' 참여 스타트업 모집",KB금융은 '2026 KB 오픈이노베이션 프로그램'에 참여할 스타트업을 모집한다.,호재,2026-04-13 09:07,24.7,사실형,72.7
https://n.news.naver.com/mnews/article/030/0003417004?sid=101,KB금융 (금융/밸류업),"KB금융, '2026 KB 오픈이노베이션' 모집…8개 계열사 AI·로봇 실증 지원",KB금융그룹이 스타트업과 주요 계열사가 협업하는 '2026 KB 오픈이노베이션 프로그램'을 모집한다.,호재,2026-04-13 09:07,33.1,사실형,86.8
https://n.news.naver.com/mnews/article/417/0001138829?sid=101,현대차 (자동차/모빌리티),"[아침밥]키움증권 ""현대차 목표가 65만, 불확실성에도 대장주 유지""","키움증권은 현대차의 목표주가를 65만원으로 설정했으며, 중동 전쟁 장기화에 따른 충격 여파에도 불확실성이 확대된 상황에서도 현대차의 대장주 지위는 흔들리지 않을 것이라고 분석했다.",호재,2026-04-14 08:11,32.3,사실형,82.7
https://n.news.naver.com/mnews/article/008/0005343652?sid=101,현대차 (자동차/모빌리티),"""로보틱스·피지컬AI 중심 성장"" 현대차, 美에 260억달러 투자","현대차그룹은 로보틱스와 피지컬 AI를 중심으로 성장하고, 2028년까지 아틀라스 로봇을 미국 현장에 배치할 계획이다.",호재,2026-04-14 04:00,27.5,사실형,99.7
https://n.news.naver.com/mnews/article/029/0003021483?sid=101,현대차 (자동차/모빌리티),"“인도만을 위한 車”…현대차, 전략차 늘려 판 키운다",현대차는 인도 시장 공략을 위해 인도 전용차를 앞세워 라인업을 확대하고 성장 동력을 확보하겠다는 전략을 발표했다.,호재,2026-04-14 05:35,15.9,사실형,81.5
https://n.news.naver.com/mnews/article/005/0001842995?sid=101,현대차 (자동차/모빌리티),정의선 현대차 회장 “미래 성장 핵심축은 로보틱스와 AI”,"정의선 현대차 회장은 로보틱스와 AI를 미래 성장 핵심 축으로 꼽았으며, 글로벌 시장이 분절화하는 불확실성을 극복하기 위해 글로벌 확장과 지역별 민첩성을 결합하는 것이라고 말했다.",호재,2026-04-14 00:26,16.3,사실형,97.6
https://n.news.naver.com/mnews/article/138/0002224329?sid=101,현대차 (자동차/모빌리티),현대차 팰리세이드 리콜 결정에 국내 차주 분통…왜?,"현대차가 팰리세이드 리콜을 시행했지만, 국내 차주들은 기능 저하를 지적하며 불만이 확산되고 있다.",악재,2026-04-14 05:01,50.0,사실형,73.8
https://n.news.naver.com/mnews/article/025/0003515925?sid=101,현대차 (자동차/모빌리티),"정의선 “로보틱스·피지컬AI, 현대차그룹 진화의 중심”",정의선 현대차그룹 회장은 미국을 핵심 시장으로 꼽고 현대차그룹의 비전으로 로보틱스와 피지컬 AI를 재확인했다.,호재,2026-04-14 00:01,32.1,사실형,78.0
https://n.news.naver.com/mnews/article/648/0000046209?sid=101,현대차 (자동차/모빌리티),"현대차 새만금 9조 투자에…국토장관 ""성심성의"" 약속","현대차그룹이 새만금에 9조원 투자하는 데, 정부는 지원을 약속하고 새만금이 첨단산업의 거점으로 도약하는 전환점이 될 것이라고 밝혔다.",호재,2026-04-13 18:36,36.0,사실형,84.3
https://n.news.naver.com/mnews/article/366/0001156562?sid=105,네이버 (IT/플랫폼),"네이버·KT·삼성·쿠팡·엘리스, 2조원 정부 GPU 사업에 도전장",네이버·KT·삼성·쿠팡·엘리스가 2조원 규모의 정부 GPU 사업에 참여한다.,호재,2026-04-14 08:14,13.5,사실형,79.5
https://n.news.naver.com/mnews/article/015/0005274461?sid=101,현대차 (자동차/모빌리티),"정의선 ""로보틱스·피지컬AI, 현대차그룹 성장의 핵심축""",정의선 현대자동차그룹 회장은 로보틱스와 피지컬 AI가 그룹 성장의 핵심 축이라고 밝혔다.,호재,2026-04-13 18:37,27.7,사실형,90.0
https://n.news.naver.com/mnews/article/009/0005665457?sid=101,네이버 (IT/플랫폼),"“커머스는 성장, 수익성은 부담”…네이버 목표가↓·투자의견↑","신한투자증권은 네이버의 커머스 성장 전략은 유효하지만, 투자 확대에 따른 수익성 부담이 지속될 것이라며 목표주가를 하향 조정했다.",악재,2026-04-14 08:41,26.9,사실형,68.4
https://n.news.naver.com/mnews/article/277/0005748908?sid=101,네이버 (IT/플랫폼),"[클릭 e종목]DS ""가상자산 입법 지연…NAVER 목표가 하향""",DS투자증권은 NAVER의 목표주가를 30만원으로 하향조정했지만 투자의견은 매수 유지한다.,악재,2026-04-14 07:56,16.5,사실형,91.0
https://n.news.naver.com/mnews/article/005/0001842992?sid=101,네이버 (IT/플랫폼),"네이버, AI 보안 사령탑 신설… ‘국정원 17년’ 경력 베테랑 영입","네이버가 AI 보안 리스크 대응을 위해 보안 전담 조직을 신설하고, 국정원 출신 베테랑을 선임했다.",호재,2026-04-14 00:22,15.1,사실형,74.4
https://n.news.naver.com/mnews/article/009/0005663281?sid=101,하이브 (엔터/미디어),"“목표가 낮췄지만”…하이브, BTS 효과에 2분기 실적 모멘텀 기대",SK증권은 하이브의 2분기 실적이 본격적인 성장 구간에 진입할 것이라며 목표주가를 40만원으로 하향 조정했다.,호재,2026-04-09 08:39,19.4,사실형,61.4
https://n.news.naver.com/mnews/article/422/0000853565?sid=101,하이브 (엔터/미디어),"BTS 귀환에도…삼성증권 ""하이브 목표가 하향""",삼성증권은 하이브의 목표주가를 하향 조정한다고 밝혔습니다.,악재,2026-04-10 09:52,28.2,사실형,55.8
https://n.news.naver.com/mnews/article/003/0013879478?sid=101,한화에어로스페이스 (방산/우주항공),"한화에어로, 핀란드에 K9 추가 수출…""나토와 협력 더욱 강화""",한화에어로스페이스가 핀란드와 K9 자주포 수출 계약을 체결했다.,호재,2026-04-10 09:30,12.8,사실형,99.3
https://n.news.naver.com/mnews/article/003/0013880760?sid=101,삼성전자 (IT/반도체),"SK하이닉스, 3% 상승 100만원선 재돌파…삼전 1%↑[핫스탁](종합)",SK하이닉스는 전날 종가 기준 100만원선을 내준 뒤 하루 만에 재차 주가 100만원대를 넘어섰다.,호재,2026-04-10 15:38,34.9,사실형,99.4
https://n.news.naver.com/mnews/article/138/0002224073?sid=105,삼성전자 (IT/반도체),삼성전자 테일러 2㎚·평택 1c D램 '쌍끌이' 가동…2027년 승부수,"삼성전자, 차세대 반도체 패권 탈환을 위한 투트랙 전략을 펼치고 있다.",호재,2026-04-10 15:50,25.1,사실형,48.1
https://n.news.naver.com/mnews/article/023/0003970084?sid=101,현대차 (자동차/모빌리티),"금성과 지구? 현대차, 중국 전용 전기 콘셉트카 공개","현대차, 중국 전용 전기 콘셉트카를 공개했지만 중국 시장에서의 판매량이 최근 감소하고 있다.",악재,2026-04-10 15:52,12.7,사실형,87.6
https://n.news.naver.com/mnews/article/277/0005747839?sid=103,현대차 (자동차/모빌리티),[이 책 어때]현대차가 만드는 것은 정말 자동차일까,현대차는 자동차 회사로서의 정의를 넘어서서 시스템과 산업의 기반으로 진화하고 있다.,호재,2026-04-10 14:37,22.8,예측형,49.9
https://n.news.naver.com/mnews/article/366/0001155917?sid=103,현대차 (자동차/모빌리티),"현대차, 전기차 ‘아이오닉’ 中 공략… 콘셉트카 2종 공개",현대차가 전기차 브랜드 아이오닉을 앞세워 중국 시장 공략에 속도를 냈다.,호재,2026-04-10 15:40,17.5,사실형,30.3
https://n.news.naver.com/mnews/article/030/0003416770?sid=103,현대차 (자동차/모빌리티),"현대차, 中 겨냥 아이오닉 론칭…콘셉트카 첫 공개",현대차가 중국 시장에 맞춰 전용 전기차 브랜드 '아이오닉'을 공식 론칭했다.,호재,2026-04-10 14:37,9.8,사실형,54.9
https://n.news.naver.com/mnews/article/277/0005747843?sid=101,네이버 (IT/플랫폼),"우진아이엔에스, 249억원 규모 네이버 세종 데이터센터 공사 수주",우진아이엔에스는 약 249억원 규모의 네이버 세종 데이터센터 기계설비 공사를 수주했다.,호재,2026-04-10 14:48,50.4,사실형,96.3
https://n.news.naver.com/mnews/article/011/0004609394?sid=101,한화에어로스페이스 (방산/우주항공),"한화에어로, K9 자주포 수출 14조 원 돌파…서방 표준 노린다",한화에어로스페이스의 K9 자주포 수출액이 14조 원을 돌파했다.,호재,2026-04-10 15:04,9.9,사실형,96.2
https://n.news.naver.com/mnews/article/109/0005511472?sid=101,KB금융 (금융/밸류업),"""35년 상조 노하우의 결실""…보람상조 스카이펫, 3년 연속 명품브랜드 ...",'스카이펫'이 3년 연속 명품 브랜드로 선정되며 반려동물 상조 시장 선도,호재,2026-04-10 10:12,16.7,예측형,31.5
https://n.news.naver.com/mnews/article/293/0000082539?sid=101,네이버 (IT/플랫폼),"네이버, 이달 30일 1분기 실적 발표 IR 개최",네이버는 30일 1분기 실적 발표를 위한 기업설명회를 개최한다.,호재,2026-04-10 15:12,15.5,사실형,43.5
https://n.news.naver.com/mnews/article/016/0002627817?sid=101,KB금융 (금융/밸류업),"KB금융, ‘대한이 살았다’ 영상 조회수 1000만회 돌파",KB금융그룹의 캠페인 영상 '다시 쓰는 대한이 살았다'가 조회수 1000만회를 돌파했다.,호재,2026-04-10 11:42,27.2,사실형,99.8
https://n.news.naver.com/mnews/article/016/0002627661?sid=101,KB금융 (금융/밸류업),"KB금융, ‘다시 쓰는 대한이 살았다’ 캠페인 영상 조회수 1000만회 돌파",KB금융그룹이 '다시 쓰는 대한이 살았다' 캠페인 영상이 1000만회 돌파했다.,호재,2026-04-10 10:18,16.3,사실형,73.8
https://n.news.naver.com/mnews/article/018/0006254635?sid=105,네이버 (IT/플랫폼),"“스니커즈 넘어 금·테크까지”…네이버 계열 크림, 매출 4천억 육박",크림이 매출 4천억을 기록하며 네이버 계열사로 성장하고 있다.,호재,2026-04-10 14:42,31.5,사실형,49.7
https://n.news.naver.com/mnews/article/079/0004135362?sid=101,한화에어로스페이스 (방산/우주항공),"한화에어로, 핀란드에 K9자주포 추가 수출 계약 성사",한화에어로스페이스는 핀란드에 K9 자주포를 추가로 수출하는 계약을 체결했다.,호재,2026-04-10 14:25,39.9,사실형,74.2
https://n.news.naver.com/mnews/article/030/0003416754?sid=101,한화에어로스페이스 (방산/우주항공),"[ET특징주] 한화에어로, 풍산 탄약사업부 인수 검토 중단…풍산홀딩스 ...",한화에어로스페이스가 풍산홀딩스 탄약사업부 인수를 검토 중단함으로써 주가가 급락했다.,악재,2026-04-10 13:34,22.1,사실형,82.8
https://n.news.naver.com/mnews/article/293/0000082530?sid=101,한화에어로스페이스 (방산/우주항공),풍산이 매각협상 먼저 접었다…한화에어로 '당혹',풍산이 한화에어로와의 탄약사업부 매각 협상에서 일방적으로 중단 통보를 내어 인수는 무산됐다.,악재,2026-04-10 13:54,17.9,사실형,74.3
https://n.news.naver.com/mnews/article/030/0003416704?sid=101,한화에어로스페이스 (방산/우주항공),"한화에어로스페이스, 핀란드에 9400억원 규모 K9 자주포 추가 공급",한화에어로스페이스가 핀란드 국방부와 K9 자주포 수출 계약을 체결했다.,호재,2026-04-10 11:00,9.5,사실형,98.0
https://n.news.naver.com/mnews/article/003/0013880713?sid=101,한화에어로스페이스 (방산/우주항공),"금감원, 한화솔루션 유상증자 반려 왜…한화에어로 전철 밟나","금감원은 한화솔루션의 2.4조 유상증자에 정정 요구를 내렸고, 이에 따라 유증 규모가 축소될 가능성이 있다.",호재,2026-04-10 15:25,16.8,사실형,79.2
https://n.news.naver.com/mnews/article/009/0005663940?sid=101,한화에어로스페이스 (방산/우주항공),"풍산홀딩스, 한화에어로스페이스 방산 인수 백지화에 17%대 급락",풍산홀딩스 주가가 17% 넘게 급락한데 이는 한화에어로스페이스가 풍산 방산 부문 인수 검토를 중단한데 따른 영향으로 풀이된다.,호재,2026-04-10 09:43,22.5,사실형,94.0
https://n.news.naver.com/mnews/article/014/0005505358?sid=101,KB금융 (금융/밸류업),조직 뜯어고치고 KPI 개편… 금융권'생산적 금융' 키운다 [미리보는 2026...,금융권이 생산적 금융 확대를 위한 내부 체질개선에 본격 나서고 있다.,호재,2026-04-09 18:14,18.4,사실형,96.2
https://n.news.naver.com/mnews/article/031/0001021201?sid=101,한화에어로스페이스 (방산/우주항공),"한화에어로, 핀란드에 K9 자주포 추가 공급⋯9400억원 규모",한화에어로스페이스가 핀란드에 K9 자주포 추가 공급을 이뤄냈다.,호재,2026-04-10 10:08,20.9,사실형,97.8
https://n.news.naver.com/mnews/article/015/0005277598?sid=101,삼성전자 (IT/반도체),서학개미 돌아올까…삼전·SK하닉 2배 ETF 내달 22일 나온다,삼성전자와 SK하이닉스 등 단일종목을 기초자산으로 하는 레버리지·인버스 ETF가 다음 달 22일 출시될 예정이다.,호재,2026-04-21 12:45,21.8,사실형,98.0
https://n.news.naver.com/mnews/article/079/0004139027?sid=102,하이브 (엔터/미디어),"경찰, 하이브 방시혁 의장 구속영장 신청…수사 1년 4개월만(종합)",경찰이 하이브 의장 방시혁에 대해 사기적 부정거래 혐의로 구속영장을 신청했다.,악재,2026-04-21 12:51,55.6,사실형,65.4
https://n.news.naver.com/mnews/article/310/0000135932?sid=102,하이브 (엔터/미디어),"경찰, 하이브 방시혁 구속영장…""사기적 부정거래, 1900억원 부당이득""",경찰이 하이브 방시혁 의장을 사기적 부정거래 혐의로 구속영장 신청했다.,악재,2026-04-21 12:45,13.1,사실형,96.7
https://n.news.naver.com/mnews/article/031/0001023643?sid=102,하이브 (엔터/미디어),"[속보] 경찰, 방시혁 하이브 의장 구속영장 신청⋯사기적 부정거래 혐의",방시혁 하이브 의장에 대해 경찰이 사기적 부정거래 혐의로 구속영장을 신청했다.,악재,2026-04-21 12:49,57.2,사실형,86.4
https://n.news.naver.com/mnews/article/277/0005743106?sid=101,삼성바이오로직스 (제약/바이오),"삼성바이오로직스, 美 록빌 공장 인수 완료…첫 해외 생산거점 확보","삼성바이오로직스가 미국 메릴랜드주 록빌 소재 바이오의약품 생산시설을 인수하여 총 생산능력을 84.5만ℓ로 확대하고, 미국 내 첫 생산거점을 확보했다.",호재,2026-04-01 08:56,11.625278892585001,사실형,68.8852890394628
https://n.news.naver.com/mnews/article/016/0002622665?sid=101,삼성바이오로직스 (제약/바이오),"삼성바이오로직스, 美 록빌 생산시설 인수 완료…첫 해외 거점 확보",삼성바이오로직스는 미국 내 첫 생산 거점을 확보하며 글로벌 영토 확장에 속도를 냈다.,호재,2026-04-01 08:38,7.741005474842444,사실형,67.24600014700131
https://n.news.naver.com/mnews/article/031/0001017709?sid=101,삼성바이오로직스 (제약/바이오),삼성바이오로직스 노조 파업 가결⋯찬성률 95% 돌파 (종합),삼성바이오로직스 노조가 파업 찬반투표를 마감해 95.52%의 찬성이 나와 파업을 가결했다.,호재,2026-03-29 18:48,14.072411746697266,사실형,62.67802226357162
https://n.news.naver.com/mnews/article/009/0005659830?sid=101,삼성바이오로직스 (제약/바이오),"“삼성바이오로직스, 목표주가 205만원 제시…매출 성장은 유지”","하나증권은 삼성바이오로직스에 대한 목표주가를 205만원으로 높였으며, 매출 성장은 유지할 것으로 전망했다.",호재,2026-04-02 08:42,11.127558105048474,사실형,79.68198083914243
https://n.news.naver.com/mnews/article/366/0001153831?sid=103,현대차 (자동차/모빌리티),"현대차·기아, 美 1분기 신기록… 하이브리드 판매량 53% 급증",현대차와 기아가 1분기 미국 시장에서 역대 최대 판매량을 기록했다.,호재,2026-04-02 17:11,15.153614305638019,사실형,88.7068772315979
https://n.news.naver.com/mnews/article/022/0004117948?sid=101,현대차 (자동차/모빌리티),"현대차, 차세대 중형 픽업 승부수… 북미시장 입지 넓힌다",현대차는 차세대 중형 픽업트럭 '볼더' 콘셉트를 공개하며 미국 시장 입지를 넓힐 계획을 밝혔다.,호재,2026-04-03 06:04,10.8862278179772,사실형,85.40626887012931
https://n.news.naver.com/mnews/article/092/0002417286?sid=103,현대차 (자동차/모빌리티),"현대차, 수소전기버스 누적 판매 3천대 돌파",현대차가 수소전기버스 시장에서 누적 판매 3천 대를 돌파하며 친환경 상용차 경쟁력을 강화하고 있다.,호재,2026-04-02 12:33,6.802433928113838,사실형,91.5602830323306
https://n.news.naver.com/mnews/article/009/0005660383?sid=103,현대차 (자동차/모빌리티),“미국냄새 진동하는데 한국차?”…우락부락 픽업트럭 내놓은 현대차,"현대차는 미국 뉴욕 오토쇼에서 '볼더'라는 중형 픽업트럭 콘셉트 모델을 공개했으며, 미국 시장을 맞춤 공략한 신모델을 대거 선보였다.",호재,2026-04-03 06:08,25.82443078545158,사실형,88.25888496178848
https://n.news.naver.com/mnews/article/001/0015997448?sid=101,현대차 (자동차/모빌리티),현대차 수소전기버스 국내 누적 판매량 3천대 달성,"현대차 수소전기버스 국내 누적 판매량 3천대 달성, 55대 추가 도입 예정",호재,2026-04-02 09:50,5.976184397211181,사실형,88.17577974663841
https://n.news.naver.com/mnews/article/003/0013861831?sid=101,현대차 (자동차/모빌리티),"현대차, 수소전기버스, 국내 누적 판매 3000대 돌파",현대차의 친환경 수소전기버스 판매량이 국내에서 3000대를 돌파했다.,호재,2026-04-02 09:02,5.603798671157589,사실형,96.22770895560583
https://n.news.naver.com/mnews/article/293/0000082160?sid=101,현대차 (자동차/모빌리티),"20조 재고 쌓인 현대차, '가벼워진 충당금' 역설","현대차의 재고자산이 20조원을 넘기며 사상 최대를 기록했지만, 판매로 소화되는 속도가 둔화되면서 재고 관련 부담은 오히려 확대되는 양상이다.",악재,2026-04-03 16:14,6.154055296754423,사실형,79.3961200743168
https://n.news.naver.com/mnews/article/032/0003437353?sid=103,현대차 (자동차/모빌리티),현대차 수소전기버스 국내 누적 판매 3000대 돌파,현대차가 자사 친환경 수소전기버스의 국내 누적 판매량이 3000대를 돌파했다.,호재,2026-04-02 14:41,5.255412264566139,사실형,87.21498579464175
https://n.news.naver.com/mnews/article/079/0004132141?sid=101,현대차 (자동차/모빌리티),"현대차, 수소전기버스 누적 판매 3천 대 달성",현대차가 3월 말 기준으로 수소전기버스 누적 판매량이 3062대를 기록했다.,호재,2026-04-02 14:49,5.21906104270522,사실형,85.74773734480914
https://n.news.naver.com/mnews/article/001/0015997520?sid=101,현대차 (자동차/모빌리티),"현대차, 뉴욕 오토쇼서 콘셉트카 '볼더' 공개…美픽업시장 공략",현대차는 뉴욕 오토쇼에서 '볼더' 콘셉트카를 공개하여 미국 픽업 트럭 시장에 진입했다.,호재,2026-04-02 10:03,19.858506370776485,사실형,82.30465084314346
https://n.news.naver.com/mnews/article/001/0015997286?sid=101,현대차 (자동차/모빌리티),"현대차 아이오닉6N, '세계 올해의 고성능 자동차' 선정",현대차그룹의 전기차 아이오닉6N이 '세계 올해의 고성능 자동차'를 수상했다.,호재,2026-04-02 09:13,21.25903829448268,사실형,82.61557202786207
https://n.news.naver.com/mnews/article/014/0005501822?sid=101,현대차 (자동차/모빌리티),"현대차·기아, 美서 나란히 역대 최대 실적",현대차그룹과 기아가 미국에서 1·4분기 나란히 역대 최대 실적을 기록했다.,호재,2026-04-02 18:16,7.397497833427735,사실형,85.54432874216754
https://n.news.naver.com/mnews/article/421/0008864968?sid=103,현대차 (자동차/모빌리티),"현대차, 수소전기버스 국내 누적 판매 3000대 달성","현대차, 수소전기버스 국내 누적 판매 3000대 달성",호재,2026-04-02 09:15,5.47371966486695,사실형,95.92706163724264
https://n.news.naver.com/mnews/article/003/0013860945?sid=101,현대차 (자동차/모빌리티),"현대차, 3월 36만대 판매 전년비 2%↓…친환경차는 1분기 역대 최대","현대차는 3월 36만대 판매로 전년비 2% 감소했지만, 친환경차는 1분기 역대 최대 판매 실적을 달성했다.",호재,2026-04-01 16:22,17.142857318790973,사실형,98.05969834327698
https://n.news.naver.com/mnews/article/092/0002417272?sid=103,현대차 (자동차/모빌리티),"현대차, 북미 픽업 시장 공략한다…콘셉트카 '볼더' 첫 공개",현대차가 북미 픽업 시장 공략을 본격화했다는 점에서 의미가 크다.,호재,2026-04-02 11:12,33.20842951087851,사실형,67.9297226946801
https://n.news.naver.com/mnews/article/421/0008871303?sid=105,네이버 (IT/플랫폼),"5년만에 부활한 네이버 별점…""2점 이하 리뷰 테러 막는다""","네이버가 5년만에 부활한 별점 리뷰 시스템을 재개하고, 무분별하게 3점 미만 별점을 남기는 행위를 금지한다.",호재,2026-04-06 06:40,63.5,사실형,61.3
https://n.news.naver.com/mnews/article/031/0001019772?sid=110,네이버 (IT/플랫폼),"하림, 네이버 전용 '더미식 골든퀸 백미밥' 출시","하림이 네이버와 함께 '더미식 골든퀸 백미밥'을 출시하여, 고객들의 높은 선호도를 입증했다.",호재,2026-04-06 09:23,28.4,사실형,54.5
https://n.news.naver.com/mnews/article/119/0003077292?sid=101,네이버 (IT/플랫폼),"하림 더미식, '골든퀸 백미밥' 출시…네이버 두 번째 협업작",하림이 네이버와 협력하여 '골든퀸 백미밥'이라는 신제품을 출시했다.,호재,2026-04-06 09:23,21.5,사실형,95.3
https://n.news.naver.com/mnews/article/011/0004607673?sid=105,네이버 (IT/플랫폼),[단독] 행동하는 AI 온다…네이버 ‘오픈클로 에이전트’로 판 키우나,네이버가 오픈클로를 활용한 AI 에이전트 개발을 검토 중이다.,호재,2026-04-06 17:48,26.5,사실형,75.2
https://n.news.naver.com/mnews/article/011/0004607823?sid=101,네이버 (IT/플랫폼),"네이버클라우드, 오픈클로 활용 AI 에이전트 개발 검토…B2B 중심",네이버클라우드가 오픈소스 AI 에이전트 플랫폼 '오픈클로'를 활용해 AI 에이전트 개발 경쟁에 뛰어들어 가고 있다.,호재,2026-04-07 07:06,16.8,사실형,79.2
https://n.news.naver.com/mnews/article/629/0000488466?sid=101,네이버 (IT/플랫폼),"사령탑 정비한 네이버웹툰·카카오엔터, 글로벌 시장 '정조준'",네이버웹툰과 카카오엔터테인먼트가 경영진 재정비를 마치고 글로벌 시장 공략에 나선다.,호재,2026-04-06 00:01,46.7,대화형,33.8
https://n.news.naver.com/mnews/article/293/0000082301?sid=101,KB금융 (금융/밸류업),"캐피탈 리서치, KB금융 지분율 8.27%서 6.82%로 감소",캐피탈 리서치 앤 매니지먼트 컴퍼니가 KB금융의 지분율을 8.27%에서 6.82%로 감소시켰다.,악재,2026-04-07 11:22,17.9,사실형,99.6
https://n.news.naver.com/mnews/article/366/0001154686?sid=101,한화에어로스페이스 (방산/우주항공),"SK證 “한화에어로스페이스, 연내 유럽·중동 수출 확대 기대…목표가 ...","SK증권은 한화에어로스페이스의 수출 확대 가능성을 예상하고, 투자 의견 '매수'와 목표 주가 190만원을 신규 제시했다.",호재,2026-04-07 08:40,22.4,사실형,74.8
https://n.news.naver.com/mnews/article/029/0003020323?sid=101,한화에어로스페이스 (방산/우주항공),"수은, 한화에어로 등 방산 5사와 상생 협약…중소·중견 협력사 지원",수은은 국내 대표 방산기업 5개사와 함께 중소·중견 협력사에 대한 자금 공급을 지원하기 위해 상생 협약을 체결했다.,호재,2026-04-07 09:27,18.5,사실형,85.6
https://n.news.naver.com/mnews/article/031/0001020040?sid=101,한화에어로스페이스 (방산/우주항공),"한화에어로, 풍산 탄약사업부 인수 추진⋯포·탄 패키지 전략",한화에어로스페이스는 풍산의 탄약사업부 인수를 추진하며 포와 탄을 하나로 묶는 수직계열화 전략에 속도를 내고 있다.,호재,2026-04-06 18:25,43.8,사실형,78.7
https://n.news.naver.com/mnews/article/018/0006251611?sid=101,한화에어로스페이스 (방산/우주항공),"한화에어로스페이스, K9 이어 천무도 베스트셀러 될 것...선제적 매수시...","SK증권 연구원에 따르면 한화에어로스페이스는 미국 지상방산 시장 진출 가능성과 함께 K9 이어 천무도 베스트셀러 될 것으로 예상되며, 선제적 매수 의견이 나왔다.",호재,2026-04-07 07:46,31.5,사실형,95.6
https://n.news.naver.com/mnews/article/648/0000046018?sid=101,한화에어로스페이스 (방산/우주항공),"한화에어로, 풍산 탄약 '겨냥'…현금 4.2조 넉넉",한화에어로스페이스가 풍산의 탄약사업부문을 인수할 가능성이 높아지고 있다.,호재,2026-04-06 18:02,29.9,사실형,74.7
https://n.news.naver.com/mnews/article/003/0013871522?sid=101,하이브 (엔터/미디어),"신한證 ""하이브, BTS 컴백에도 1분기 실적 무난…목표가 40만원으로 하향...","신한證은 하이브의 1분기 실적이 시장 기대에 부합하는 수준에 머무를 것으로 보이며, 본격적인 실적 개선은 2분기부터 시작될 것으로 전망했다.",중립,2026-04-07 09:12,19.7,사실형,85.3
https://n.news.naver.com/mnews/article/009/0005662163?sid=102,하이브 (엔터/미디어),"“아일릿이 뉴진스 표절” 주장한 유튜버, 하이브에 1500만원 배상 판결",아일릿이 뉴진스의 안무를 표절했다는 의혹을 제기한 유튜버가 하이브 측에 1500만원을 배상하게 됐다.,호재,2026-04-07 11:36,38.3,사실형,90.2
https://n.news.naver.com/mnews/article/293/0000082188?sid=101,하이브 (엔터/미디어),"방시혁의 '멀티 홈·멀티 장르' 전략…하이브, 매출 73% 해외서 벌었다",하이브가 지난해 매출의 73%를 해외에서 거두며 글로벌 엔터테인먼트 기업으로서의 위상을 과시했다.,호재,2026-04-05 07:00,31.6,사실형,67.0
https://m.entertain.naver.com/article/311/0001995712,하이브 (엔터/미디어),"""아일릿, 뉴진스 표절"" 주장한 유튜버…하이브에 1500만원 배상 판결",하이브 측에 1500만원 배상하라는 판결이 나왔다.,악재,2026-04-07 11:45,18.5,사실형,94.7
https://m.entertain.naver.com/article/108/0003423962,하이브 (엔터/미디어),"""아일릿, 뉴진스 안무 표절"" 주장한 유튜버, 하이브에 1500만원 배상 판...",유튜버 A씨가 아일릿의 안무 표절 의혹을 제기한 후 하이브 측에 1500만원 배상 판결을 받았다.,호재,2026-04-07 11:24,42.3,사실형,94.9
https://n.news.naver.com/mnews/article/016/0002625597?sid=102,하이브 (엔터/미디어),"[단독] ‘아일릿이 뉴진스 따라했다!’ 의혹 제기 유튜버, 하이브에 150...",하이브 측이 유튜버에 1500만원 배상하라는 판결을 받았다.,악재,2026-04-07 06:46,37.2,사실형,93.2
https://m.entertain.naver.com/article/117/0004051509,하이브 (엔터/미디어),"""'아일릿이 뉴진스 따라했다' 주장한 유튜버, 1500만원 하이브에 배상하...",유튜버가 아일릿의 안무 표절 의혹을 제기한 후 하이브 측에 배상하기로 판결,호재,2026-04-07 08:27,38.6,사실형,96.2
https://n.news.naver.com/mnews/article/011/0004609549?sid=101,KB금융 (금융/밸류업),허태수 GS 회장 “AI 잘 만드는 나라 넘어 잘 쓰는 나라로 도약해야”,허태수 GS 회장은 AI를 잘 만드는 나라에서 잘 쓰는 나라로 도약할 때를 역설했다.,호재,2026-04-11 05:32,33.8,사실형,65.7
https://n.news.naver.com/mnews/article/009/0005666403?sid=101,KB금융 (금융/밸류업),달러스테이블코인 발행사 대표는 한국은행의 CBDC를 어떻게 평가했나? ...,서클의 제레미 알레어 CEO는 원화 스테이블코인을 직접 발행하지 않을 것이라고 밝혔다.,호재,2026-04-15 15:56,65.6,추론형,0.0
https://n.news.naver.com/mnews/article/056/0012163228?sid=101,한화에어로스페이스 (방산/우주항공),한화에어로 NATO 대사단 초청…“K-방산 현지화”,"한화에어로스페이스는 나토의 30개국 대사단을 서울 본사로 초청해, 주력 무기 체계를 선보였다.",호재,2026-04-15 21:53,12.9,추론형,0.0
https://m.entertain.naver.com/article/609/0001114621,하이브 (엔터/미디어),하이브의 봄은 쉴 틈이 없다… ‘멀티 레이블’이 쏘아 올린 무한 컴백...,하이브의 '멀티 레이블' 체제로 인해 매주 새 음악이 쏟아져나오고 있다.,호재,2026-04-16 06:10,25.5,사실형,87.2
https://n.news.naver.com/mnews/article/417/0001139195?sid=101,한화에어로스페이스 (방산/우주항공),"[아침밥]하나증권 ""한화에어로 목표가 175만, 지상방산 수출 차곡차곡""",하나증권이 한화에어로스페이스의 목표주가를 175만원으로 상향했다.,호재,2026-04-16 08:01,47.8,사실형,67.8
https://n.news.naver.com/mnews/article/003/0013889563?sid=102,하이브 (엔터/미디어),"""하이브랑 친분, BTS 의류사업하자""…13억 편취 작곡가 2심도 실형",13억원 편취한 작곡가가 항소심에서 실형을 선고받았다.,악재,2026-04-15 15:24,40.1,사실형,81.0
https://n.news.naver.com/mnews/article/018/0006258180?sid=101,하이브 (엔터/미디어),"하이브, 2분기가 실적 모멘텀 초입…목표가 16%↓-흥국","흥국증권은 하이브의 2분기 실적 모멘텀이 시작될 것으로 전망하고, 목표주가는 16% 하향 조정했다.",호재,2026-04-16 08:01,26.7,사실형,79.0
https://n.news.naver.com/mnews/article/092/0002418780?sid=105,하이브 (엔터/미디어),하이브 위콘페 트리뷰트 아티스트 ‘비’...라인업 최종 확정,"하이브는 2026 위콘페 라인업을 최종 확정하여, 총 30팀 규모의 대규모 페스티벌을 개최한다.",호재,2026-04-15 14:04,35.5,사실형,69.4
https://n.news.naver.com/mnews/article/001/0016024365?sid=101,삼성전자 (IT/반도체),"[테크스냅] 삼성전자, '갤럭시 워치런 @사파리' 개최한다","삼성전자가 '갤럭시 워치런 @사파리'라는 러닝 이벤트를 개최하고, LG유플러스는 시각장애인 가구의 긴급 의료비를 500만원 지원한다.",호재,2026-04-16 09:00,50.2,사실형,69.7
https://n.news.naver.com/mnews/article/421/0008892844?sid=105,삼성전자 (IT/반도체),"삼성전자 ""갤럭시워치 차고 에버랜드서 러닝해요""","삼성전자, 에버랜드서 '갤럭시워치런 @사파리' 개최, 1000명 참가",호재,2026-04-16 09:08,31.9,사실형,53.3
https://n.news.naver.com/mnews/article/138/0002224653?sid=105,삼성전자 (IT/반도체),"""사파리를 직접 달린다"" 삼성전자, 1000명 규모 갤럭시 워치런 개최","삼성전자, 1000명 규모의 러닝 이벤트 '갤럭시 워치런 @사파리'를 개최한다.",호재,2026-04-16 09:08,42.5,사실형,60.4
https://n.news.naver.com/mnews/article/016/0002630479?sid=105,삼성전자 (IT/반도체),"삼성전자, 에버랜드서 ‘갤럭시 워치런’ 개최…총 1000명 모집",삼성전자가 에버랜드에서 '갤럭시 워치런' 행사를 개최한다.,호재,2026-04-16 09:03,28.2,사실형,68.1
https://n.news.naver.com/mnews/article/029/0003021973?sid=101,삼성전자 (IT/반도체),"삼성전자, 스마트싱스 ‘페밀리 케어’ 업데이트…가족 돌봄 기능 강화",삼성전자는 스마트싱스 플랫폼 업데이트를 통해 가족 돌봄과 주거 관리 기능을 강화했다.,호재,2026-04-16 08:49,17.1,사실형,66.0
https://n.news.naver.com/mnews/article/421/0008892745?sid=101,삼성전자 (IT/반도체),"삼성전자, 스마트싱스 업데이트…'패밀리 케어' 기능 강화",삼성전자 스마트싱스 '패밀리 케어' 서비스에 신규 기능이 도입되어 편의성이 높아졌습니다.,호재,2026-04-16 08:41,13.3,사실형,67.3
https://n.news.naver.com/mnews/article/018/0006258225?sid=101,삼성전자 (IT/반도체),"삼성전자, 스마트싱스 업데이트…'패밀리케어' 강화",삼성전자가 스마트싱스 업데이트를 통해 패밀리케어 서비스를 강화했다.,호재,2026-04-16 08:42,21.7,사실형,58.9
https://n.news.naver.com/mnews/article/001/0016024341?sid=101,삼성전자 (IT/반도체),"삼성전자, 스마트싱스 업데이트…가족 돌봄 기능 강화","삼성전자, 스마트싱스 업데이트 통해 가족 돌봄 기능 강화",호재,2026-04-16 08:41,26.1,사실형,71.7
https://n.news.naver.com/mnews/article/009/0005666483?sid=101,LG에너지솔루션 (2차전지),"LG엔솔, 37세 최연소 연구위원 임준호 발탁","LG엔솔, 역대 최다 17명의 연구·전문위원을 선임해 미래 기술 경쟁력을 강화하기 위해 노력한다.",호재,2026-04-15 17:32,32.2,사실형,75.3
https://n.news.naver.com/mnews/article/421/0008892823?sid=101,현대차 (자동차/모빌리티),"LS證 ""현대차, 1분기 실적 부진·2분기 개선…목표가 63만원""","LS證은 현대차 1분기 실적 부진을 예상하지만, 2분기부터 HEV 판매로 이익과 시장 점유율이 개선될 것이라고 전망했다.",호재,2026-04-16 09:00,9.3,사실형,99.6
https://n.news.naver.com/mnews/article/018/0006258170?sid=101,현대차 (자동차/모빌리티),휴머노이드가 만든 기적?…현대차 깜짝 전망,현대차가 스마트카 및 휴머노이드 생산 본격화로 목표주가 50% 상향 조정했다.,호재,2026-04-16 07:45,6.1,사실형,99.8
https://n.news.naver.com/mnews/article/008/0005344930?sid=101,현대차 (자동차/모빌리티),"현대차, 1Q 영업익 전년비 32%↓ 추정…""쉬어가는 분기""-LS","현대차 1Q 영업익 전년비 32%↓ 추정, LS 증권은 매수 투자의견을 유지했다.",호재,2026-04-16 08:53,12.5,사실형,86.2
https://m.entertain.naver.com/article/433/0000126745,하이브 (엔터/미디어),"BTS, '아리랑' 유출 피해…하이브, ""해당 네티즌 법적 조치""",BTS의 '아리랑' 유출로 하이브가 네티즌에게 법적 조치를 취한다.,악재,2026-04-16 08:54,22.7,사실형,97.7
https://m.entertain.naver.com/article/421/0008892842,하이브 (엔터/미디어),"'하이브 라틴 팝 그룹' 산토스 브라보스, 레전드 배철수 만났다",하이브의 라틴 팝 그룹 산토스 브라보스가 배철수의 음악캠프에 출연했다.,호재,2026-04-16 09:07,20.8,사실형,97.5
https://n.news.naver.com/mnews/article/008/0005339543?sid=101,네이버 (IT/플랫폼),"금감원, 두나무에 정정명령…네이버파이낸셜 주식교환 공시 대상","금감원이 두나무에게 정정명령을 부과했으며, 네이버파이낸셜 주식교환 공시 대상에 대해 중요한 누락 또는 허위기재가 있다고 밝혔다.",악재,2026-04-03 15:31,31.132616025757553,사실형,89.7205725312233
https://n.news.naver.com/mnews/article/011/0004606659?sid=101,네이버 (IT/플랫폼),"브랜드, 네이버로 고객 모으고 면세점서 소비 이끈다","네이버를 통해 고객을 모으고, 면세점에서 소비를 이끌고 있는 국내 패션·라이프스타일 브랜드들의 새로운 유통 전략이 강화되고 있다.",호재,2026-04-03 06:01,20.699068334422787,사실형,81.55537683230179
https://n.news.naver.com/mnews/article/382/0001265956?sid=102,네이버 (IT/플랫폼),"반크, 네이버 지식백과 ‘아프리카 인종’ 편향 서술 바로잡았다",네이버 지식백과 '아프리카 인종' 항목의 편향 서술을 시정하는 성과를 거두었다.,호재,2026-04-02 16:06,29.716878773756395,사실형,62.16865570014832
https://n.news.naver.com/mnews/article/092/0002416822?sid=105,네이버 (IT/플랫폼),"네이버 D2SF, 사운더블·누비랩 후속 투자",네이버 D2SF는 미국 헬스케어 시장에서 제품-시장 적합성을 입증한 스타트업 사운더블헬스와 누비랩에 후속 투자를 결정했다.,호재,2026-03-31 10:15,23.35954733562514,사실형,74.5822895501208
https://n.news.naver.com/mnews/article/003/0013859067?sid=105,네이버 (IT/플랫폼),"""최애 캐릭터가 인스타 한다면?""…네이버웹툰, 만우절 기념 깜짝 변신",네이버웹툰이 만우절을 맞아 서비스 내 연재 작품 썸네일을 'SNS 탐색 탭' 콘셉트로 바꿨다.,중립,2026-04-01 09:46,16.580441897003162,사실형,68.14863650749126
https://n.news.naver.com/mnews/article/031/0001018751?sid=105,네이버 (IT/플랫폼),"네이버 치지직, LoL 공식 중계에 실시간 전략 우위 정보 제공",네이버 치지직이 리그 오브 레전드 공식 중계와 실시간 전략 우위 정보 제공을 시작했다.,호재,2026-04-01 13:34,16.76163917745369,사실형,70.22195383906364
https://n.news.naver.com/mnews/article/293/0000082000?sid=101,네이버 (IT/플랫폼),"LG CNS, 네이버클라우드와 데이터센터 공급계약",LG CNS가 네이버클라우드와 데이터센터 공급계약을 체결했다.,호재,2026-04-01 14:28,7.638338548734646,사실형,76.27384861310324
https://n.news.naver.com/mnews/article/031/0001018225?sid=101,네이버 (IT/플랫폼),네이버파이낸셜·두나무 합병 연기,네이버파이낸셜과 두나무의 합병이 3개월 연기되었습니다.,호재,2026-03-31 10:02,29.570417888812393,사실형,98.92946283022562
https://n.news.naver.com/mnews/article/421/0008864275?sid=105,네이버 (IT/플랫폼),"LG CNS, 죽전 이어 삼송 데이터센터에도 네이버 입주",네이버클라우드가 LG CNS의 삼송 데이터센터에 입주하여 최대 규모의 데이터센터 임대 계약을 체결했다.,호재,2026-04-01 17:41,23.305276015571142,사실형,86.02216866883364
https://n.news.naver.com/mnews/article/011/0004606523?sid=101,네이버 (IT/플랫폼),신규 고객 유치는 네이버…즉흥 구매 유도할 땐 면세점,네이버가 국내 패션 브랜드들의 신규 고객 유출을 도모하는 새로운 유통망 전략을 적용하고 있다.,호재,2026-04-02 17:25,18.73872655625981,사실형,83.61052051186562
https://n.news.naver.com/mnews/article/001/0015995655?sid=105,네이버 (IT/플랫폼),LG CNS 삼송 데이터센터에 네이버클라우드 입주한다(종합),LG CNS는 네이버클라우드와 삼송 데이터센터 코로케이션 서비스 계약을 체결했다.,호재,2026-04-01 14:17,27.490792465201253,사실형,79.9712210893631
https://n.news.naver.com/mnews/article/024/0000104615?sid=101,삼성전자 (IT/반도체),"‘깜짝 실적’ 앞둔 삼전닉스…목표가 ‘쑥’ [오늘, 이 종목]",삼성전자와 SK하이닉스의 목표주가가 상향 조정되었습니다. 이는 반도체 슈퍼사이클이 지속되면서 역대급 실적을 거둘 것이라는 판단에서 비롯됩니다.,호재,2026-04-06 13:20,14.8,사실형,87.1
https://n.news.naver.com/mnews/article/009/0005661592?sid=101,삼성전자 (IT/반도체),국내 1000대 상장사 매출 첫 2000조 돌파…삼성전자 24년 연속 1위,"삼성전자, 24년 연속 국내 1000대 상장사 매출 1위 기록",호재,2026-04-06 13:33,14.9,사실형,95.1
https://n.news.naver.com/mnews/article/050/0000104620?sid=101,삼성전자 (IT/반도체),"“삼성전자, 50조 터진다”...투자 고수들 ‘싹쓸이’",투자 고수들은 삼성전자 등 실적이 예상보다 좋을 것으로 기대되는 종목들을 대거 매수했다.,호재,2026-04-06 13:30,28.1,사실형,91.8
https://n.news.naver.com/mnews/article/243/0000095816?sid=101,삼성전자 (IT/반도체),삼성전자 내일 잠정실적 발표…영업이익 6배 증가 전망,"삼성전자가 올 1분기 잠정실적 발표, 영업이익 6배 증가 전망",호재,2026-04-06 13:35,27.5,사실형,79.9
https://n.news.naver.com/mnews/article/366/0001154564?sid=105,삼성전자 (IT/반도체),"삼성전자, 1분기 실적 발표 D-1… 영업익 40조원 돌파 유력, 50조원 전망...","삼성전자, 1분기 실적 발표 전망은 영업익 40조원 돌파",호재,2026-04-06 14:28,15.3,사실형,48.9
https://n.news.naver.com/mnews/article/001/0016004904?sid=101,삼성전자 (IT/반도체),"""삼성전자 1분기 영업익 50조 가능""…증권가, 목표가 줄상향",삼성전자 1분기 영업익 50조 가능해져 목표가가 줄어들면서 상향 조정될 가능성이 높다.,호재,2026-04-06 13:55,38.9,사실형,84.4
https://n.news.naver.com/mnews/article/374/0000502538?sid=101,삼성전자 (IT/반도체),"""내일 영업이익 50조 가능""…증권가, 삼성전자 목표가 줄줄이 상향",증권가에서 삼성전자 목표주가 잇달아 상향 조정,호재,2026-04-06 14:13,29.7,추론형,50.0
https://n.news.naver.com/mnews/article/009/0005662073?sid=101,삼성전자 (IT/반도체),‘단군이래 최대 실적’ 삼성전자…‘반도체 왕좌’ 굳힐 남은 과제는,삼성전자 2026년 1분기 실적이 국내 기업 역사상 분기 기준 최대 기록을 달성했다.,호재,2026-04-07 10:10,13.1,사실형,97.6
https://n.news.naver.com/mnews/article/629/0000488895?sid=101,삼성전자 (IT/반도체),"삼성전자, '분기 영업익 57조' 기업史 새로 썼다…'年 300조' 기대감↑",삼성전자가 국내 기업 역사상 분기 기준 역대 최대 실적을 달성했다.,호재,2026-04-07 09:20,29.4,사실형,97.4
https://n.news.naver.com/mnews/article/214/0001491110?sid=101,삼성전자 (IT/반도체),삼성전자 1분기 영업이익 57.2조‥작년 전체 영업익 넘어,삼성전자 1분기 영업이익 57조 2천억 원으로 사상 최대 기록,호재,2026-04-07 07:48,32.0,추론형,20
https://n.news.naver.com/mnews/article/003/0013871491?sid=101,삼성전자 (IT/반도체),"삼성전자, 역대 최대 실적에 장 초반 4%↑…'20만전자' 탈환[핫스탁]","삼성전자, 1분기 역대 최대 실적을 기록하면서 장 초반 4% 가량 오른다.",호재,2026-04-07 09:08,14.9,사실형,95.9
https://n.news.naver.com/mnews/article/015/0005271729?sid=101,삼성전자 (IT/반도체),"[속보] 삼성전자, 1분기 영업이익 57조2000억원…사상 최대",삼성전자가 1분기 영업이익이 사상 최고치인 57조2000억원으로 급증했다.,호재,2026-04-07 07:41,13.5,사실형,98.4
https://n.news.naver.com/mnews/article/005/0001841677?sid=101,삼성전자 (IT/반도체),삼성전자 1분기 영업이익 57조2000억… 사상 최대,삼성전자 1분기 영업이익 사상 최대 57조2000억원 기록,호재,2026-04-07 07:45,16.3,사실형,88.0
https://n.news.naver.com/mnews/article/001/0016006430?sid=101,삼성전자 (IT/반도체),역대 최대 실적 기록한 삼성전자,"삼성전자, 올해 1분기 매출액 133조원, 영업이익 57조2천억원으로 역대 최대 실적을 기록했다.",호재,2026-04-07 10:14,17.3,사실형,97.6
https://n.news.naver.com/mnews/article/003/0013871348?sid=101,삼성전자 (IT/반도체),"삼성전자, 올 1Q 영업익 57.2조 '사상 최대'…""어닝서프라이즈, 반도체 ...","삼성전자, 올 1Q 영업익 57.2조 '사상 최대'...",호재,2026-04-07 07:50,17.4,사실형,88.0
https://n.news.naver.com/mnews/article/366/0001154675?sid=105,삼성전자 (IT/반도체),"삼성전자, 1분기 영업이익 57.2조… 국내 기업 사상 최대","삼성전자, 1분기 영업이익 57.2조... 국내 기업 사상 최대",호재,2026-04-07 07:43,33.4,사실형,95.9
https://n.news.naver.com/mnews/article/033/0000050550?sid=101,삼성전자 (IT/반도체),반도체로만 50조 번 삼성전자…분기 영업이익 ‘빅테크 톱5’ 입성,삼성전자가 메모리 반도체 슈퍼 사이클과 고환율로 1분기 57조원대의 영업이익을 기록했다.,호재,2026-04-07 11:23,20.5,추론형,48.5
https://n.news.naver.com/mnews/article/001/0016006427?sid=101,삼성전자 (IT/반도체),역대 최대 실적 기록한 삼성전자,"삼성전자, 올해 1분기 매출액 133조원으로 역대 최대 실적 기록",호재,2026-04-07 10:12,17.3,사실형,97.6
https://n.news.naver.com/mnews/article/082/0001374724?sid=101,삼성전자 (IT/반도체),"삼성전자, 분기 영업익 57조 ‘신기원’… 내년엔 '세계 1위 기업' 간다","삼성전자, 사상 최대 실적을 기록하며 글로벌 1위 기업 도약 기대감을 높였다.",호재,2026-04-07 09:32,16.5,사실형,81.1
https://n.news.naver.com/mnews/article/003/0013871468?sid=101,삼성전자 (IT/반도체),"""1Q부터 어닝서프라이즈"" 삼성전자, 올해 첫 '年영업익 300조' 시대 여나","삼성전자, 1분기 역대급 실적을 기록하며 올해 연간 영업이익 300조원 넘어설 가능성이 커졌다.",호재,2026-04-07 09:00,7.2,사실형,93.3
https://n.news.naver.com/mnews/article/001/0016006418?sid=101,삼성전자 (IT/반도체),역대 최대 실적 기록한 삼성전자,"삼성전자가 역대 최대 실적 기록, 매출액 133조원, 영업이익 57조2천억원",호재,2026-04-07 10:11,17.3,사실형,97.6
https://n.news.naver.com/mnews/article/021/0002782757?sid=101,삼성전자 (IT/반도체),"[속보] 삼성전자, 1분기 매출 133조·영업익 57조…‘사상 최대’ 어닝서...","삼성전자, 1분기 매출 133조·영업익 57조... 사상 최대 어닝서프라이즈",호재,2026-04-07 08:12,31.1,사실형,98.4
https://n.news.naver.com/mnews/article/008/0005340102?sid=101,삼성전자 (IT/반도체),삼성전자 영업익 40조 훌쩍?…장밋빛 리포트 쏟아지자 3% 강세,"삼성전자 1분기 잠정실적 발표 전 강세, 메모리 반도체 영향으로 풀이된다.",호재,2026-04-06 09:13,25.3,사실형,75.6
https://n.news.naver.com/mnews/article/421/0008871519?sid=101,삼성전자 (IT/반도체),"삼성전자, 실적 기대감에 '19만전자' 회복[핫종목]",삼성전자가 '19만전자'를 회복하며 강세를 보이고 있다.,호재,2026-04-06 09:07,27.9,사실형,98.1
https://n.news.naver.com/mnews/article/003/0013869319?sid=101,삼성전자 (IT/반도체),'유럽판 챗GPT' 미스트랄 AI CEO까지…삼성전자 찾는 글로벌 빅테크 거물...,글로벌 빅테크 수장들이 삼성전자의 현지 공장을 찾고 비즈니스 접점을 넓히고 있다.,호재,2026-04-06 10:46,33.2,사실형,93.5
https://n.news.naver.com/mnews/article/031/0001019776?sid=105,삼성전자 (IT/반도체),"삼성전자·SK하이닉스, 1분기 '슈퍼실적'…합산 영업이익 80조원 전망",삼성전자와 SK하이닉스의 1분기 실적이 메모리 반도체 초호황으로 큰 폭으로 증가할 것으로 전망된다.,호재,2026-04-06 09:30,21.4,사실형,49.8
https://n.news.naver.com/mnews/article/417/0001137554?sid=101,삼성전자 (IT/반도체),"[주간경제전망]'영업이익 36조' 예측, 삼성전자 1분기 잠정실적 나온다",삼성전자와 LG전자·LG에너지솔루션의 올 1분기 잠정실적 발표 예고,중립,2026-04-06 05:00,42.1,대화형,47.7
https://n.news.naver.com/mnews/article/009/0005660855?sid=101,삼성전자 (IT/반도체),‘작년 영업이익 43조’ 삼성전자…올해 1분기에만 50조 넘길수도,"삼성전자, 올 1분기 영업이익이 작년 연간 전체보다 많을 것으로 예상된다.",호재,2026-04-03 18:27,24.1,사실형,97.0
https://n.news.naver.com/mnews/article/032/0003437838?sid=101,삼성전자 (IT/반도체),삼성전자 1분기 최대 실적 전망…‘영업이익 40조원대’ 달성하나,삼성전자가 1분기 최대 실적을 기록할 것으로 예상된다.,호재,2026-04-05 15:28,16.7,사실형,48.6
