age,job_type,risk_preference,current_asset,monthly_income,monthly_expense,monthly_cashflow,goal_amount,goal_months,expected_return,future_asset,shortage_amount,achievable
31,employee,low,18893020,1901321,824378,1076943,580000,57,0.0164,84217280,0,1
40,employee,medium,26494825,4247620,2457878,1789742,46000,77,0.0485,197428579,0,1
36,self_employed,medium,0,0,0,0,10000,49,0.0303,0,10000,0
30,employee,low,15612535,3585508,2644487,941021,10000,43,0.022,58953440,0,1
46,professional,high,29712217,5246100,3382138,1863962,10000,1,0.0981,31819076,0,1
26,freelancer,medium,8773922,969526,667858,301668,403000,51,0.0406,27184605,0,1
20,student,medium,1314671,0,123531,-123531,1293000,29,0.0469,0,1293000,0
20,student,low,1201379,934401,424989,509412,10000,70,0.0122,38228840,0,1
34,employee,low,33978534,3192169,2047196,1144973,102000,4,0.023,38832862,0,1
24,student,low,0,1355756,915115,440641,485000,56,0.0273,26284851,0,1
44,self_employed,medium,0,7524272,4150507,3373765,1314000,45,0.0332,161437505,0,1
22,student,low,5727589,0,1593915,-1593915,10000,62,0.0118,0,10000,0
37,self_employed,high,46954486,3653218,2375650,1277568,2090000,74,0.0647,185703272,0,1
36,employee,low,12664532,3630912,1740485,1890427,60000,23,0.026,57842899,0,1
22,employee,medium,23169580,4473178,3001380,1471798,10000,74,0.0499,158720600,0,1
19,student,low,0,43881,32552,11329,996000,40,0.024,471289,524711,0
22,employee,low,26007673,4715798,3244207,1471591,1875000,1,0.0179,27518059,0,1
23,student,low,0,300205,269930,30275,1662000,34,0.0275,1069241,592759,0
28,employee,medium,9015372,2898406,2043343,855063,10000,74,0.0468,85211359,0,1
26,freelancer,high,0,2936518,2353167,583351,1351000,10,0.088,6029829,0,1
35,professional,medium,41050198,3913080,2453042,1460038,1606000,21,0.0384,75560978,0,1
39,freelancer,medium,0,0,0,0,1010000,47,0.051,0,1010000,0
44,freelancer,low,28703686,0,10808527,-10808527,10000,61,0.0274,0,10000,0
26,freelancer,medium,9690933,0,3332258,-3332258,10000,45,0.0346,0,10000,0
26,self_employed,low,38167999,7228805,5027283,2201522,1665000,61,0.0259,186902009,0,1
27,employee,high,18589813,5054394,2895857,2158537,599000,40,0.0863,124390665,0,1
26,student,medium,0,112329,78156,34173,1731000,44,0.036,1604797,126203,0
39,freelancer,low,23179754,3245390,1775465,1469925,1808000,47,0.0259,98281505,0,1
24,student,low,2629416,0,393057,-393057,10000,53,0.0125,0,10000,0
48,self_employed,low,10356552,3549856,2175337,1374519,299000,61,0.0126,97583400,0,1
23,employee,low,24778763,3008343,2129008,879335,523000,83,0.0148,104249316,0,1
38,self_employed,high,10446236,0,4344553,-4344553,10000,28,0.0866,0,10000,0
34,employee,medium,14458177,5432439,3424190,2008249,624000,76,0.0388,191178505,0,1
25,employee,low,20722524,3036253,1887728,1148525,10000,52,0.019,84698932,0,1
40,employee,medium,28383886,3388284,1813577,1574707,2921000,79,0.0375,177173063,0,1
23,student,medium,3517192,0,1024446,-1024446,1626000,74,0.0482,0,1626000,0
36,employee,low,22090007,0,6301886,-6301886,1325000,60,0.024,0,1325000,0
37,freelancer,high,0,0,0,0,10000,66,0.0813,0,10000,0
23,student,medium,0,822665,642445,180220,1982000,50,0.0453,9897055,0,1
20,student,high,2158711,0,461703,-461703,10000,50,0.0645,0,10000,0
22,employee,medium,42841759,3003311,2056360,946951,155000,70,0.0365,126737729,0,1
29,employee,low,4371268,3995379,1986780,2008599,1559000,43,0.0138,93081480,0,1
21,student,low,0,0,0,0,1433000,64,0.0248,0,1433000,0
28,employee,low,8250646,2537454,1185998,1351456,787000,71,0.0194,110843608,0,1
19,student,low,531574,0,144007,-144007,1160000,59,0.02,0,1160000,0
31,freelancer,high,8864655,0,1407705,-1407705,10000,52,0.066,0,10000,0
22,student,medium,923499,0,87154,-87154,94000,74,0.0464,0,94000,0
52,freelancer,medium,27656352,2290344,1514237,776107,1075000,53,0.0375,77290161,0,1
42,freelancer,medium,0,0,0,0,599000,46,0.0331,0,599000,0
31,freelancer,medium,0,2499043,2227822,271221,234000,69,0.0501,21636464,0,1
24,student,high,2435374,0,1133755,-1133755,10000,33,0.0913,0,10000,0
41,employee,low,9435410,3172149,1915444,1256705,10000,23,0.0188,39189160,0,1
46,employee,medium,29232800,4546568,1999149,2547419,723000,59,0.0461,204986692,0,1
22,employee,medium,0,3800203,2277808,1522395,2272000,8,0.0598,12393715,0,1
34,employee,medium,0,1901518,1060216,841302,341000,52,0.0477,48490727,0,1
47,employee,medium,20300346,3884103,2186756,1697347,266000,40,0.0485,97383889,0,1
35,employee,low,25170717,0,13665244,-13665244,10000,56,0.021,0,10000,0
28,employee,high,15379856,3555393,2287530,1267863,1560000,56,0.0755,106651987,0,1
42,employee,medium,0,3249235,1706042,1543193,440000,91,0.0436,166076848,0,1
24,student,low,2141918,0,457135,-457135,786000,45,0.0166,0,786000,0
43,self_employed,medium,42763024,5020564,3449243,1571321,39000,85,0.0513,222099677,0,1
31,professional,medium,42904208,0,8205779,-8205779,1740000,87,0.0597,0,1740000,0
24,student,high,4229671,0,696376,-696376,10000,90,0.0659,0,10000,0
24,student,low,1944154,0,201882,-201882,10000,38,0.0141,0,10000,0
24,student,medium,4172900,1435512,1027809,407703,892000,40,0.0428,22306900,0,1
33,employee,low,17035572,1928526,1136955,791571,10000,12,0.0286,27153588,0,1
42,employee,high,54821278,2771841,2119566,652275,13000,40,0.0947,105614854,0,1
19,student,low,0,0,0,0,354000,25,0.0233,0,354000,0
32,freelancer,low,25666005,2109473,1223025,886448,2412000,51,0.0184,74738054,0,1
32,professional,high,47686470,4966912,2486847,2480065,427000,43,0.0896,190868008,0,1
24,student,low,53623,0,44797,-44797,10000,66,0.0158,0,10000,0
40,freelancer,medium,23163052,0,3708726,-3708726,900000,43,0.0305,0,900000,0
24,student,low,2615353,0,639576,-639576,10000,65,0.0166,0,10000,0
39,self_employed,high,42588000,7031433,5796917,1234516,221000,55,0.0652,136260969,0,1
40,self_employed,low,5684274,0,1771529,-1771529,636000,89,0.012,0,636000,0
21,student,medium,0,957185,771928,185257,123000,85,0.0591,19496539,0,1
21,student,low,1438053,510148,306052,204096,1723000,29,0.0197,7564962,0,1
27,employee,low,1638976,4324336,2796413,1527923,10000,96,0.0274,165830723,0,1
42,professional,medium,20410480,7268711,3424575,3844136,10000,44,0.0343,203106577,0,1
39,employee,low,32200301,3772609,1637654,2134955,301000,41,0.0201,125017773,0,1
28,employee,high,8959010,3985971,2188368,1797603,809000,23,0.0885,55487267,0,1
22,student,high,2560348,126468,71582,54886,3437000,62,0.0873,8293805,0,1
26,student,low,0,0,0,0,10000,36,0.0127,0,10000,0
29,professional,low,0,1988860,1021386,967474,985000,33,0.0242,32978604,0,1
31,self_employed,low,46713126,4041248,3185215,856033,1262000,59,0.0128,101846153,0,1
38,freelancer,high,0,0,0,0,2955000,1,0.0951,0,2955000,0
19,student,low,1792743,0,496499,-496499,84000,40,0.0133,0,84000,0
25,student,low,0,1993520,1516023,477497,327000,61,0.0258,31088006,0,1
35,employee,high,20796422,2241478,1388341,853137,10000,46,0.0919,76372233,0,1
35,employee,high,35890970,1850456,1505136,345320,317000,54,0.0839,74846677,0,1
24,professional,medium,30615601,5145851,3048838,2097013,10000,35,0.0473,113668663,0,1
23,student,low,3238402,0,1294724,-1294724,1101000,28,0.0244,0,1101000,0
21,student,low,1721740,0,354015,-354015,420000,51,0.0121,0,420000,0
41,professional,medium,13955865,3779218,2341868,1437350,533000,58,0.0331,106644041,0,1
22,student,low,5915385,0,841470,-841470,119000,9,0.0206,0,119000,0
32,professional,low,21358754,4425084,2774175,1650909,351000,59,0.0256,127901770,0,1
23,student,high,101781,119064,70304,48760,10000,23,0.0737,1317778,0,1
23,student,low,4374905,0,594390,-594390,1151000,70,0.0261,0,1151000,0
35,freelancer,low,503950,2463302,1481970,981332,10000,43,0.0113,43567332,0,1
23,employee,medium,1570028,1298755,646945,651810,867000,74,0.0321,55173842,0,1
21,student,low,9170337,0,3125994,-3125994,1616000,36,0.0195,0,1616000,0
30,freelancer,high,10850469,0,1351362,-1351362,10000,33,0.0963,0,10000,0
26,freelancer,low,27331913,1581179,1215470,365709,1660000,26,0.026,38684517,0,1
24,student,low,1978012,0,1020603,-1020603,1471000,53,0.0281,0,1471000,0
22,student,medium,4175183,0,939795,-939795,10000,61,0.0436,0,10000,0
37,freelancer,medium,27253309,1791251,1333055,458196,337000,67,0.035,66975320,0,1
36,employee,low,4619472,0,602118,-602118,251000,22,0.0166,0,251000,0
22,student,medium,0,652856,621619,31237,1316000,34,0.0339,1113088,202912,0
43,self_employed,high,53003449,0,16631996,-16631996,694000,45,0.0887,0,694000,0
23,student,medium,3894224,1351072,824222,526850,10000,45,0.0586,31291801,0,1
32,freelancer,high,5781062,5321217,2963559,2357658,10000,43,0.0773,124001905,0,1
26,professional,medium,25888051,3683812,2759948,923864,10000,87,0.0462,131424078,0,1
32,self_employed,high,10179658,0,4821865,-4821865,10000,47,0.0803,0,10000,0
33,employee,low,12874042,4394041,2078368,2315673,10000,67,0.0263,181831328,0,1
32,employee,low,8556277,3739636,2899844,839792,1816000,56,0.0139,57687469,0,1
24,student,low,6585424,0,3239552,-3239552,1669000,66,0.0196,0,1669000,0
24,student,medium,4600594,0,1207679,-1207679,10000,34,0.0338,0,10000,0
23,student,low,0,0,0,0,118000,32,0.0142,0,118000,0
42,employee,medium,21843146,3985072,1681366,2303706,2540000,13,0.0466,53627927,0,1
40,professional,low,23024749,3839013,2019035,1819978,1295000,50,0.0193,119629874,0,1
41,self_employed,low,39515515,3388198,2042178,1346020,1370000,66,0.0206,138232038,0,1
37,employee,high,31320534,3897669,2468825,1428844,888000,38,0.0908,104344223,0,1
44,self_employed,low,52410559,0,20000000,-20000000,10000,74,0.0152,0,10000,0
36,employee,medium,33129499,3922879,2232042,1690837,1123000,75,0.0443,189474995,0,1
22,student,low,0,0,0,0,336000,50,0.0254,0,336000,0
22,student,medium,9996129,390869,319165,71704,10000,89,0.0333,20019627,0,1
21,student,medium,0,0,0,0,680000,19,0.0367,0,680000,0
40,employee,high,33106516,3237547,1811041,1426506,122000,6,0.0692,42952025,0,1
23,student,medium,1454715,83921,67897,16024,350000,1,0.0543,1477322,0,1
37,freelancer,high,0,0,0,0,876000,65,0.097,0,876000,0
22,student,low,0,0,0,0,323000,26,0.0283,0,323000,0
24,student,low,3593799,0,1312919,-1312919,618000,42,0.0149,0,618000,0
32,employee,low,35614709,4500265,3020103,1480162,1271000,70,0.0104,144612296,0,1
31,employee,low,10666287,5736997,2983336,2753661,1054000,48,0.0296,152140748,0,1
24,student,low,9201018,1022087,605408,416679,10000,80,0.0231,46731995,0,1
24,freelancer,medium,3233667,0,546903,-546903,48000,38,0.0503,0,48000,0
21,student,low,0,1797134,1730645,66489,2579000,30,0.0273,2061888,517112,0
43,self_employed,high,33671778,5017466,3372982,1644484,10000,31,0.094,100334652,0,1
27,freelancer,high,2798754,4242743,3504005,738738,1657000,49,0.0766,46164196,0,1
23,student,medium,4681409,0,1499418,-1499418,81000,19,0.0531,0,81000,0
35,professional,medium,19564992,2940932,2000529,940403,10000,49,0.0363,72275238,0,1
30,employee,medium,8326961,3504722,1956815,1547907,1640000,91,0.044,178465215,0,1
43,self_employed,medium,4298712,0,2114960,-2114960,1344000,27,0.0463,0,1344000,0
25,employee,low,35681753,3343242,2253932,1089310,536000,43,0.0126,85216960,0,1
43,professional,medium,27925349,3037363,1826098,1211265,1902000,21,0.057,57529223,0,1
39,professional,high,0,6060114,3129297,2930817,1009000,25,0.069,78556176,0,1
22,student,low,2565891,1243819,840700,403119,10000,1,0.0283,2975061,0,1
35,self_employed,high,6149770,1709915,1244681,465234,10000,8,0.0819,10305681,0,1
33,self_employed,low,0,6639296,2411464,4227832,846000,38,0.0271,167555307,0,1
35,freelancer,high,22215156,5578224,4769044,809180,959000,49,0.099,81846173,0,1
30,freelancer,medium,0,3300002,2044834,1255168,1149000,33,0.0401,43713589,0,1
40,employee,medium,24401045,2793442,1466647,1326795,482000,7,0.0588,34675618,0,1
37,freelancer,high,34071151,320687,225697,94990,1158000,27,0.091,44614753,0,1
28,student,medium,0,0,0,0,10000,21,0.0411,0,10000,0
39,professional,high,11803886,5366696,4216783,1149913,10000,86,0.0812,154651232,0,1
31,freelancer,high,0,4782794,2831175,1951619,1536000,17,0.0764,34922377,0,1
31,freelancer,high,46529461,0,16460099,-16460099,939000,101,0.0985,0,939000,0
47,professional,medium,780033,6355631,4126911,2228720,1376000,35,0.0415,83650867,0,1
38,employee,low,19361540,4983380,3067367,1916013,829000,40,0.0189,99661530,0,1
45,professional,high,10364290,5821009,3670597,2150412,10000,65,0.0929,197887845,0,1
59,self_employed,low,24151327,0,8024936,-8024936,1088000,81,0.0212,0,1088000,0
25,self_employed,medium,10128192,2277718,1740920,536798,2797000,87,0.0449,69095129,0,1
35,freelancer,medium,11510080,0,3875600,-3875600,112000,30,0.0572,0,112000,0
39,employee,medium,31807670,3963551,2010736,1952815,282000,40,0.0456,121207972,0,1
27,employee,medium,32757633,3214068,2251349,962719,1175000,48,0.031,86206535,0,1
25,student,medium,2240899,0,62481,-62481,10000,39,0.0572,26529,0,1
37,self_employed,medium,15729380,0,4262484,-4262484,522000,16,0.042,0,522000,0
31,employee,medium,2969526,3027297,2237733,789564,249000,63,0.0303,57324686,0,1
26,employee,medium,12106597,2983125,2174013,809112,940000,55,0.0576,66544044,0,1
22,student,low,2716796,0,837446,-837446,238000,64,0.0296,0,238000,0
27,employee,low,4590245,3328723,2155431,1173292,10000,87,0.0235,116611272,0,1
39,professional,low,28098862,3422399,2080035,1342364,10000,39,0.0128,82719073,0,1
45,employee,medium,8507748,3240941,1883751,1357190,776000,59,0.049,101156078,0,1
38,freelancer,high,23382226,0,2307454,-2307454,10000,33,0.0648,0,10000,0
22,employee,low,29770687,3823840,1863704,1960136,10000,33,0.0263,99006077,0,1
21,student,low,3554834,0,1563276,-1563276,490000,59,0.0123,0,490000,0
26,employee,low,8422706,3848737,2214934,1633803,10000,37,0.0291,72377974,0,1
30,employee,medium,18665623,3081138,1815890,1265248,2077000,46,0.033,83131259,0,1
45,employee,low,24949609,2889064,2534973,354091,174000,45,0.0188,43266394,0,1
24,freelancer,low,26141675,0,10916333,-10916333,511000,82,0.0114,0,511000,0
32,employee,low,24977799,4041605,2152793,1888812,10000,60,0.0129,143639545,0,1
26,employee,medium,22569431,2606730,1432934,1173796,2122000,70,0.0546,127513667,0,1
29,self_employed,medium,2025514,4206052,3587639,618413,608000,33,0.0502,24159212,0,1
30,employee,low,14953866,3385196,2225364,1159832,10000,8,0.016,24436192,0,1
19,student,medium,1250956,140779,106385,34394,3202000,61,0.0339,3771994,0,1
41,self_employed,high,31405375,0,12397432,-12397432,1582000,18,0.0749,0,1582000,0
34,employee,high,3484588,0,2090752,-2090752,781000,45,0.0933,0,781000,0
20,student,low,7358210,905734,560253,345481,10000,74,0.0165,35037816,0,1
23,student,low,782420,0,99241,-99241,229000,73,0.0215,0,229000,0
22,student,low,1474189,0,332099,-332099,1079000,63,0.0197,0,1079000,0
27,employee,low,31891348,3839896,2319475,1520421,846000,51,0.0106,112639058,0,1
37,self_employed,medium,0,3635581,2393138,1242443,10000,74,0.0434,105202420,0,1
29,employee,low,15977813,3231147,1920785,1310362,10000,57,0.0184,95425342,0,1
25,employee,low,26936476,2393713,1740996,652717,1611000,56,0.0266,69364281,0,1
44,employee,high,38316593,2702592,1834548,868044,10000,29,0.0994,76994696,0,1
29,employee,low,22068077,3588429,2122840,1465589,38000,48,0.0103,94781977,0,1
46,employee,low,32884128,0,9636383,-9636383,464000,47,0.0283,0,464000,0
24,student,low,1909392,1528869,1100120,428749,140000,76,0.0165,36443098,0,1
43,self_employed,medium,61420914,0,20000000,-20000000,10000,55,0.0408,0,10000,0
42,employee,low,31205644,2386554,1364182,1022372,522000,66,0.0189,105670731,0,1
25,employee,medium,0,3612817,2367433,1245384,1963000,9,0.0417,11365523,0,1
27,student,medium,4143536,0,1629037,-1629037,1525000,22,0.0434,0,1525000,0
36,employee,medium,12094192,4018790,1604968,2413822,66000,52,0.053,155963657,0,1
24,freelancer,low,18093547,2810275,2242626,567649,10000,50,0.0196,49180373,0,1
20,student,high,4691630,0,1510430,-1510430,845000,56,0.0831,0,845000,0
27,professional,medium,0,0,0,0,1773000,21,0.0587,0,1773000,0
45,employee,low,0,2702975,2083485,619490,1911000,17,0.0299,10743893,0,1
38,freelancer,medium,19902923,0,6378632,-6378632,10000,33,0.049,0,10000,0
30,freelancer,medium,16238727,1629939,1140638,489301,285000,47,0.0501,45101553,0,1
50,self_employed,medium,22708992,4491023,3590233,900790,844000,65,0.0439,94756204,0,1
21,student,medium,4526798,2191391,1684510,506881,1312000,97,0.044,65374660,0,1
34,employee,low,40932316,5315798,3689332,1626466,2442000,51,0.0234,132333386,0,1
43,freelancer,medium,0,0,0,0,10000,107,0.0379,0,10000,0
23,student,low,996774,0,406281,-406281,1487000,75,0.0134,0,1487000,0
32,freelancer,medium,19656010,3412849,2039063,1373786,1263000,100,0.0349,185454835,0,1
41,employee,medium,20150694,500000,306668,193332,10000,41,0.0538,32887680,0,1
23,student,low,0,0,0,0,10000,63,0.024,0,10000,0
28,self_employed,medium,35434414,4152139,2502004,1650135,91000,40,0.0426,111617619,0,1
33,employee,medium,26666392,3037952,1845058,1192894,2271000,36,0.0337,74622646,0,1
37,professional,medium,16570025,3324265,2119582,1204683,773000,11,0.0598,31087995,0,1
42,freelancer,high,22152380,3362679,2124910,1237769,10000,40,0.0953,88406862,0,1
20,student,medium,2053941,0,1018512,-1018512,1225000,51,0.0439,0,1225000,0
28,employee,low,35319954,2087723,1105464,982259,647000,18,0.026,54733171,0,1
42,professional,low,25915560,4574090,2634498,1939592,1043000,49,0.0175,126277463,0,1
42,self_employed,high,28231555,0,12670946,-12670946,1542000,84,0.0899,0,1542000,0
35,employee,low,13083901,3736723,2438537,1298186,10000,19,0.0268,38818038,0,1
24,self_employed,low,38664806,1558827,891622,667205,665000,42,0.0119,68908262,0,1
31,professional,high,22830637,2189254,1207948,981306,1566000,52,0.0648,88940183,0,1
19,student,low,2711896,0,1352580,-1352580,2472000,54,0.0237,0,2472000,0
44,employee,low,40090942,0,20000000,-20000000,516000,75,0.0222,0,516000,0
23,student,low,2898244,0,715652,-715652,2461000,72,0.0175,0,2461000,0
31,employee,medium,26518923,3105467,2357706,747761,365000,20,0.0588,44914672,0,1
37,employee,high,11087899,3077012,1754275,1322737,379000,31,0.0879,59749260,0,1
30,professional,medium,23359586,6862620,2735717,4126903,10000,53,0.0366,264456736,0,1
43,freelancer,low,37482505,0,9139048,-9139048,79000,63,0.0215,0,79000,0
24,student,medium,1859740,2418639,2019452,399187,696000,11,0.0498,6429736,0,1
32,employee,high,24565315,2359966,1025987,1333979,10000,33,0.0624,77039643,0,1
28,employee,low,33434437,3713076,2369438,1343638,10000,17,0.0127,57077366,0,1
46,professional,medium,23612365,4304590,1543853,2760737,185000,77,0.0331,265667781,0,1
23,student,medium,6518834,0,2464087,-2464087,1051000,24,0.0402,0,1051000,0
23,student,low,1541445,0,924867,-924867,754000,108,0.0167,0,754000,0
41,self_employed,high,14641,1279776,899818,379958,139000,55,0.0845,25435371,0,1
38,employee,low,25909988,4162154,2006594,2155560,10000,64,0.0157,171969587,0,1
21,student,high,1296915,0,318348,-318348,2352000,35,0.084,0,2352000,0
21,student,low,4579400,2476417,1829027,647390,1137000,68,0.0214,51927986,0,1
22,student,low,1854326,408237,235124,173113,201000,45,0.0177,10029788,0,1
45,self_employed,medium,0,3590080,3399200,190880,1814000,7,0.0423,1350373,463627,0
45,employee,low,3510483,4423683,3391518,1032165,842000,17,0.021,21411018,0,1
28,freelancer,high,0,0,0,0,10000,85,0.0885,0,10000,0
22,freelancer,medium,0,0,0,0,10000,18,0.0444,0,10000,0
35,employee,medium,1712722,2558413,1577779,980634,10000,65,0.0319,71514354,0,1
21,student,medium,5920977,0,492249,-492249,287000,37,0.0559,0,287000,0
43,self_employed,medium,4355567,779934,626625,153309,10000,1,0.0585,4530109,0,1
44,self_employed,medium,5615264,0,2500382,-2500382,240000,54,0.0525,0,240000,0
27,freelancer,medium,25448725,0,12915897,-12915897,1520000,24,0.0385,0,1520000,0
31,employee,low,3111970,3725718,2684198,1041520,2802000,25,0.0257,30001238,0,1
35,employee,medium,36075449,3513590,2237323,1276267,894000,21,0.036,66038839,0,1
34,employee,low,17756257,2290202,1638775,651427,325000,1,0.0241,18443344,0,1
41,freelancer,low,16280889,0,8762375,-8762375,656000,11,0.0257,0,656000,0
25,student,low,2637556,0,243127,-243127,393000,54,0.0128,0,393000,0
41,employee,medium,9480219,3657178,2071878,1585300,467000,65,0.0441,128186393,0,1
21,student,low,0,0,0,0,1516000,46,0.0221,0,1516000,0
46,self_employed,high,0,0,0,0,1231000,87,0.0862,0,1231000,0
21,student,medium,0,755420,646879,108541,773000,78,0.0352,9497448,0,1
27,student,medium,6372510,655630,579370,76260,440000,64,0.0334,12947413,0,1
22,student,low,3181434,1200944,1167651,33293,1916000,28,0.018,4269124,0,1
36,employee,medium,12170483,5688276,3121800,2566476,1060000,74,0.0304,223274344,0,1
45,professional,medium,4336011,4293803,2968251,1325552,1417000,1,0.0548,5681364,0,1
33,freelancer,high,40509643,0,11780439,-11780439,10000,53,0.0977,0,10000,0
24,employee,low,22696238,2494789,1800766,694023,10000,21,0.0161,38116053,0,1
51,self_employed,high,2013611,0,396260,-396260,235000,53,0.0719,0,235000,0
38,employee,low,25094223,3185605,2262473,923132,10000,15,0.0128,39449593,0,1
41,employee,low,24557896,4643345,3085591,1557754,646000,64,0.0205,132648225,0,1
23,student,medium,7760726,0,2722191,-2722191,516000,18,0.0302,0,516000,0
38,freelancer,high,11111285,0,1758470,-1758470,359000,13,0.0687,0,359000,0
44,freelancer,low,19433683,0,5871805,-5871805,484000,72,0.0176,0,484000,0
21,student,low,0,1217710,723206,494504,1524000,58,0.03,30823504,0,1
22,student,low,0,0,0,0,10000,26,0.025,0,10000,0
24,self_employed,medium,24866899,0,11507580,-11507580,10000,66,0.0343,0,10000,0
28,employee,low,13656461,3668092,2339131,1328961,10000,45,0.0154,75990974,0,1
22,student,medium,2646372,1715889,1519868,196021,1810000,48,0.031,12998768,0,1
22,freelancer,medium,0,0,0,0,10000,61,0.0423,0,10000,0
23,student,low,0,0,0,0,1078000,94,0.0209,0,1078000,0
26,employee,high,37978954,2623784,1904362,719422,1897000,56,0.0971,110351758,0,1
22,student,medium,3314099,0,1477112,-1477112,3057000,70,0.0523,0,3057000,0
24,student,low,8702468,0,3773867,-3773867,1801000,47,0.0292,0,1801000,0
37,professional,high,26704054,2727832,1562692,1165140,1538000,55,0.0791,115265371,0,1
28,student,low,5396180,0,0,0,10000,73,0.0201,6097409,0,1
23,student,medium,1355672,0,660091,-660091,1182000,29,0.0307,0,1182000,0
40,professional,high,37639315,8328731,5171627,3157104,707000,67,0.0791,323318462,0,1
46,professional,medium,35976199,2848675,1672091,1176584,1030000,40,0.0572,95227582,0,1
29,freelancer,medium,733848,34690,19259,15431,2213000,49,0.0566,1772545,440455,0
37,professional,medium,0,6551697,2998812,3552885,563000,14,0.0521,51168777,0,1
37,self_employed,high,8929059,0,1899922,-1899922,2212000,97,0.0888,0,2212000,0
24,professional,high,12728124,4923144,2100160,2822984,631000,71,0.067,264044183,0,1
25,professional,medium,0,5347577,3032674,2314903,110000,19,0.0366,45211618,0,1
40,employee,high,34063571,2088366,1421107,667259,2279000,1,0.0739,34940605,0,1
25,employee,low,11474319,3683919,2055465,1628454,10000,57,0.027,111960936,0,1
19,student,low,1186706,0,369643,-369643,833000,26,0.0141,0,833000,0
24,freelancer,medium,0,4150420,3013345,1137075,150000,65,0.0537,85561322,0,1
25,self_employed,medium,0,0,0,0,10000,42,0.0434,0,10000,0
42,self_employed,high,31731658,2974247,1927000,1047247,993000,59,0.0785,121729090,0,1
54,professional,high,8951825,3428477,2036849,1391628,10000,23,0.0703,44396195,0,1
24,freelancer,low,4184759,0,1625557,-1625557,363000,49,0.0119,0,363000,0
47,professional,high,9684912,0,4439779,-4439779,1996000,52,0.0609,0,1996000,0
32,self_employed,low,669240,6611029,5408296,1202733,1857000,93,0.0152,119382103,0,1
36,professional,medium,0,5547736,2883186,2664550,1364000,82,0.0437,254085991,0,1
22,student,medium,0,0,0,0,1265000,63,0.0435,0,1265000,0
22,student,medium,1531425,0,471539,-471539,1225000,24,0.0584,0,1225000,0
25,student,medium,0,0,0,0,463000,77,0.0573,0,463000,0
21,student,low,0,0,0,0,1123000,18,0.018,0,1123000,0
40,freelancer,low,33831323,5560874,4627583,933291,10000,99,0.0148,136431036,0,1
38,professional,low,31065394,5952272,3818557,2133715,181000,61,0.0269,174920420,0,1
26,self_employed,medium,3483108,2984843,2732944,251899,1304000,1,0.0345,3745021,0,1
40,employee,medium,10668273,2989520,1720279,1269241,1170000,52,0.0552,87914672,0,1
24,employee,low,11797544,3489261,2603465,885796,641000,42,0.026,51824860,0,1
23,student,low,0,0,0,0,10000,38,0.0222,0,10000,0
32,employee,low,0,0,0,0,1707000,70,0.0191,0,1707000,0
33,employee,high,14811754,4202274,2836467,1365807,3398000,38,0.0954,80327580,0,1
40,professional,low,49147305,8139602,4577895,3561707,1810000,41,0.0175,202544334,0,1
30,employee,low,23625401,2427780,1194625,1233155,10000,48,0.0184,86803713,0,1
26,employee,high,3379165,0,1012998,-1012998,10000,33,0.0663,0,10000,0
42,freelancer,medium,7144893,0,3013210,-3013210,10000,55,0.043,0,10000,0
46,freelancer,medium,0,0,0,0,272000,33,0.0313,0,272000,0
43,self_employed,low,35534385,4534789,2535418,1999371,1263000,33,0.0216,105622334,0,1
41,employee,medium,0,2841184,2202931,638253,10000,18,0.0585,11977218,0,1
21,student,high,4969781,585995,369532,216463,1426000,22,0.0975,11129526,0,1
29,employee,high,13578219,0,6030712,-6030712,1448000,21,0.0769,0,1448000,0
27,freelancer,high,22039282,0,13072094,-13072094,10000,45,0.0758,0,10000,0
26,employee,high,15430286,3000530,1613190,1387340,10000,29,0.0738,62329430,0,1
21,student,low,0,0,0,0,10000,72,0.0218,0,10000,0
26,employee,low,10858046,3167732,1719066,1448666,556000,51,0.0201,88887663,0,1
27,employee,low,7467124,0,3879524,-3879524,319000,34,0.0157,0,319000,0
20,student,low,0,0,0,0,941000,47,0.016,0,941000,0
27,employee,low,20467251,2593094,1759682,833412,10000,35,0.0109,50752466,0,1
26,professional,low,18509875,6304052,4113022,2191030,10000,68,0.0109,173304296,0,1
32,employee,medium,0,4351750,3026721,1325029,34000,72,0.0382,107030073,0,1
41,professional,medium,22627262,7500605,4406361,3094244,10000,12,0.0435,61511656,0,1
24,student,low,0,470349,220805,249544,10000,39,0.0126,9928912,0,1
23,student,medium,5034078,1079317,615749,463568,10000,92,0.0524,59864887,0,1
39,self_employed,high,34752827,0,18470876,-18470876,10000,70,0.0971,0,10000,0
24,student,low,2635865,0,1208287,-1208287,10000,30,0.0119,0,10000,0
33,employee,medium,19802373,2098114,1292908,805206,1841000,30,0.0352,46833488,0,1
36,professional,low,35402963,3010684,1870093,1140591,2259000,39,0.0119,82129816,0,1
32,employee,high,15846147,1823377,1044677,778700,829000,10,0.0809,24974976,0,1
24,student,medium,2603041,536440,477835,58605,151000,53,0.0391,6477234,0,1
28,freelancer,low,8129887,0,4292676,-4292676,10000,76,0.0148,0,10000,0
52,self_employed,medium,0,2587178,2610624,-23446,152000,33,0.0343,0,152000,0
25,employee,low,30894457,0,15375114,-15375114,558000,57,0.0173,0,558000,0
25,student,medium,7685545,1753394,1474246,279148,654000,50,0.0518,25073374,0,1
25,student,low,4544753,580232,274251,305981,1471000,93,0.028,37383269,0,1
20,student,medium,1104052,0,355387,-355387,802000,84,0.0514,0,802000,0
22,employee,medium,2989452,3754001,2287741,1466260,2145000,25,0.0395,41387069,0,1
22,employee,medium,25238278,2622926,1292294,1330632,10000,38,0.0591,85873987,0,1
22,student,medium,2097542,1181586,794142,387444,781000,55,0.0497,26509406,0,1
21,student,medium,0,0,0,0,1801000,68,0.0362,0,1801000,0
41,employee,low,22474585,3929855,1751283,2178572,10000,45,0.0196,125829634,0,1
23,student,medium,6004714,0,3602828,-3602828,63000,21,0.0578,0,63000,0
46,employee,high,23382392,4295972,2909568,1386404,510000,50,0.0831,115515088,0,1
48,freelancer,high,22195509,2466557,2225354,241203,2529000,34,0.0871,37646336,0,1
32,employee,medium,3536212,3717114,2110720,1606394,1750000,33,0.0346,59419721,0,1
28,employee,low,25144426,2457609,1747782,709827,10000,52,0.025,66960033,0,1
34,employee,medium,24243696,3924281,2912689,1011592,1808000,61,0.034,96067554,0,1
22,student,medium,1887572,0,328912,-328912,225000,64,0.0599,0,225000,0
59,self_employed,low,0,0,0,0,10000,47,0.0169,0,10000,0
21,student,medium,8229448,0,957169,-957169,395000,74,0.0306,0,395000,0
34,professional,low,0,4859216,2508534,2350682,10000,56,0.025,139470759,0,1
39,self_employed,medium,37289691,1892903,1373256,519647,1343000,59,0.0548,83886034,0,1
23,student,medium,0,0,0,0,1566000,30,0.0515,0,1566000,0
39,employee,medium,15739878,3453896,2069629,1384267,10000,52,0.0471,98977209,0,1
59,self_employed,medium,0,0,0,0,1118000,85,0.0364,0,1118000,0
26,employee,low,15695009,3553281,1900131,1653150,1293000,56,0.0226,114976783,0,1
44,employee,low,24343997,1560550,1126649,433901,868000,92,0.0165,70146937,0,1
40,self_employed,low,8258334,6156357,3538618,2617739,161000,97,0.0122,275834456,0,1
25,employee,low,3832971,3810375,2586796,1223579,10000,53,0.0154,71164048,0,1
38,freelancer,medium,10341977,5111438,3805652,1305786,2296000,35,0.0594,62059382,0,1
32,freelancer,medium,10919053,3489506,2086831,1402675,1291000,74,0.044,133311413,0,1
36,employee,low,12285176,3335614,2315067,1020547,725000,61,0.0189,78811080,0,1
49,employee,low,24141777,6215736,3651135,2564601,247000,27,0.0144,95271613,0,1
24,student,high,641957,714469,465640,248829,2024000,56,0.0904,18232269,0,1
28,employee,medium,24926540,3533626,2207112,1326514,10000,76,0.0384,145703295,0,1
23,student,high,1343149,1434162,1121354,312808,10000,59,0.0779,24368094,0,1
22,employee,medium,31708437,4020302,3127708,892594,1272000,58,0.0538,100075971,0,1
25,freelancer,low,1502318,7433964,4282364,3151600,10000,1,0.0298,4657649,0,1
28,employee,low,22143382,3025859,1858815,1167044,2485000,31,0.027,61167526,0,1
37,freelancer,high,3614263,0,2168557,-2168557,10000,18,0.0997,0,10000,0
23,student,low,5825571,0,477798,-477798,849000,71,0.0142,0,849000,0
35,employee,low,15398798,3968665,2499664,1469001,1798000,48,0.0131,88578377,0,1
41,professional,low,4881035,5607995,3557352,2050643,10000,7,0.0161,19339468,0,1
25,student,low,0,0,0,0,464000,44,0.0111,0,464000,0
23,student,medium,652399,0,72096,-72096,10000,83,0.0413,0,10000,0
25,student,medium,564279,973563,675005,298558,550000,56,0.0325,18683988,0,1
19,student,low,0,0,0,0,10000,11,0.0186,0,10000,0
25,student,medium,0,0,0,0,1642000,67,0.0501,0,1642000,0
41,freelancer,medium,11959165,4793768,3049619,1744149,364000,28,0.0454,64707152,0,1
19,student,low,61265,0,5722,-5722,10000,64,0.0175,0,10000,0
33,professional,medium,28705473,3668670,2720675,947995,10000,30,0.0344,60933808,0,1
40,freelancer,high,19690288,4052166,2421384,1630782,49000,62,0.0852,156998798,0,1
20,student,medium,913666,116636,125576,-8940,10000,64,0.0524,549058,0,1
25,student,medium,6597555,0,721238,-721238,217000,71,0.0321,0,217000,0
32,freelancer,medium,2921801,5715092,4197954,1517138,551000,58,0.0477,102422243,0,1
26,student,high,3384699,0,1285463,-1285463,714000,48,0.0992,0,714000,0
47,freelancer,medium,42367368,0,20000000,-20000000,1671000,51,0.0548,0,1671000,0
40,employee,medium,32527809,3670218,2955491,714727,1152000,60,0.0307,84203161,0,1
36,self_employed,low,21334926,4563319,3932248,631071,1197000,49,0.0216,55597092,0,1
24,student,low,3401099,0,998971,-998971,650000,59,0.0277,0,650000,0
24,student,medium,8316602,0,2970723,-2970723,10000,72,0.0387,0,10000,0
39,self_employed,high,10100811,5032493,4781364,251129,814000,57,0.0681,30790600,0,1
41,employee,low,0,2958947,1511384,1447563,1382000,37,0.0105,54412074,0,1
23,student,low,8741131,0,2264425,-2264425,784000,34,0.0134,0,784000,0
25,student,high,4989026,0,1734775,-1734775,10000,62,0.0698,0,10000,0
21,student,high,0,616296,556444,59852,2033000,58,0.0665,4080991,0,1
40,professional,low,13284929,6966360,3442829,3523531,1958000,86,0.0199,340726799,0,1
47,self_employed,medium,0,0,0,0,1128000,58,0.0575,0,1128000,0
27,student,medium,6259479,0,352221,-352221,10000,29,0.0567,0,10000,0
25,student,high,4099033,0,2459419,-2459419,1201000,63,0.0743,0,1201000,0
23,student,low,4250185,923661,879038,44623,1834000,64,0.0126,7497865,0,1
21,student,low,0,0,0,0,333000,54,0.0238,0,333000,0
32,self_employed,high,0,1845801,1552240,293561,1874000,1,0.0985,293561,1580439,0
33,employee,medium,43483916,3881092,2215856,1665236,773000,116,0.0561,330371629,0,1
20,student,low,6376875,1105325,986009,119316,156000,60,0.028,15008680,0,1
31,employee,low,1292929,4119651,2972657,1146994,1490000,30,0.0126,36273163,0,1
32,employee,low,0,2849829,1784815,1065014,10000,68,0.0246,77626439,0,1
22,student,high,179137,0,45616,-45616,1631000,1,0.0916,134888,1496112,0
50,self_employed,low,20797278,3966826,3339611,627215,2142000,40,0.0143,47492497,0,1
47,self_employed,low,21631300,0,3598512,-3598512,1829000,42,0.0173,0,1829000,0
37,freelancer,high,7730286,4053706,2233472,1820234,682000,37,0.0613,83261104,0,1
45,self_employed,medium,11673745,0,4779183,-4779183,10000,69,0.0526,0,10000,0
23,student,low,0,562406,163047,399359,1822000,90,0.0269,39775417,0,1
41,employee,low,0,2389131,1149499,1239632,236000,41,0.0245,52956431,0,1
27,student,low,0,395833,271542,124291,1030000,1,0.0231,124291,905709,0
34,employee,medium,14786674,3065195,2142395,922800,10000,84,0.0384,108109551,0,1
22,student,medium,2774164,0,1071635,-1071635,10000,49,0.0511,0,10000,0
41,employee,low,47307944,3597688,2480771,1116917,1936000,45,0.0231,104034200,0,1
30,freelancer,medium,22008130,0,7959028,-7959028,249000,61,0.0484,0,249000,0
21,student,low,2768987,92755,84981,7774,519000,42,0.0216,3325086,0,1
30,employee,medium,12525090,3876809,2240534,1636275,1300000,23,0.0431,52760949,0,1
48,self_employed,low,57051199,4445381,2375119,2070262,96000,86,0.025,263000515,0,1
43,professional,high,32643010,4344125,3144269,1199856,1909000,49,0.062,108730135,0,1
23,student,low,6369769,0,3821861,-3821861,386000,101,0.0292,0,386000,0
47,professional,low,32927210,5139167,2639192,2499975,428000,65,0.0154,205144907,0,1
22,student,medium,3493492,322268,311022,11246,2951000,32,0.035,4211357,0,1
37,self_employed,high,0,2970865,2044755,926110,539000,54,0.0633,57685252,0,1
30,freelancer,low,0,0,0,0,835000,55,0.0242,0,835000,0
25,student,low,2587117,0,732875,-732875,798000,27,0.0194,0,798000,0
21,student,medium,3963217,1881064,1945421,-64357,10000,31,0.0543,2421998,0,1
24,student,medium,2452281,879931,675294,204637,649000,47,0.0409,13289487,0,1
37,self_employed,medium,9665901,0,2243562,-2243562,2148000,78,0.0416,0,2148000,0
39,self_employed,medium,57241881,2742959,2511839,231120,223000,84,0.04,98065002,0,1
23,student,high,5043193,0,2565632,-2565632,1694000,17,0.0895,0,1694000,0
36,employee,medium,6341346,0,2264172,-2264172,10000,47,0.0564,0,10000,0
40,employee,low,35426328,4726411,2922462,1803949,49000,81,0.0263,202001664,0,1
22,freelancer,medium,0,1214780,1069084,145696,10000,54,0.0308,8427318,0,1
30,professional,low,29353775,4407930,3232740,1175190,722000,48,0.0152,89313970,0,1
22,freelancer,low,14020252,0,989715,-989715,1692000,36,0.0111,0,1692000,0
25,student,medium,925208,1218344,648644,569700,829000,55,0.0328,34836733,0,1
23,student,low,4584169,0,1373621,-1373621,41000,71,0.0299,0,41000,0
19,student,medium,3597955,0,0,0,732000,49,0.0436,4297684,0,1
32,employee,high,33229965,0,19937979,-19937979,1166000,6,0.0937,0,1166000,0
24,student,low,6833245,0,1091353,-1091353,10000,54,0.0101,0,10000,0
44,self_employed,low,23626884,0,5786534,-5786534,1352000,55,0.0202,0,1352000,0
35,professional,high,41500942,6945676,4344465,2601211,225000,71,0.0922,315863624,0,1
38,self_employed,low,0,3679950,2117321,1562629,1803000,37,0.0183,59432964,0,1
39,freelancer,low,4030322,3704171,2558930,1145241,10000,80,0.0104,99147125,0,1
33,self_employed,high,0,3537621,1805088,1732533,10000,61,0.0625,124024884,0,1
24,professional,low,0,4129136,2604792,1524344,657000,66,0.0174,105497863,0,1
35,employee,low,8930578,3353092,2267038,1086054,988000,59,0.0266,78552174,0,1
32,professional,medium,22061096,0,4053921,-4053921,10000,81,0.0542,0,10000,0
33,employee,medium,5074958,2105820,1116911,988909,2073000,77,0.0526,97446705,0,1
19,student,medium,0,0,0,0,10000,55,0.0305,0,10000,0
38,freelancer,high,7056839,3771370,1935756,1835614,699000,30,0.0853,69867313,0,1
21,student,low,8855640,0,1196093,-1196093,1213000,17,0.0116,0,1213000,0
36,employee,low,0,1823379,1189520,633859,1639000,30,0.0196,19473069,0,1
39,self_employed,medium,35904959,0,4625201,-4625201,10000,63,0.0348,0,10000,0
25,employee,medium,17499954,2012231,1752967,259264,479000,62,0.0362,38739875,0,1
40,freelancer,high,0,2296080,1507371,788709,66000,44,0.0917,41065611,0,1
30,freelancer,medium,0,0,0,0,10000,26,0.0348,0,10000,0
35,employee,high,7208434,0,1360062,-1360062,10000,45,0.0975,0,10000,0
23,student,low,5112484,908786,648212,260574,10000,30,0.0105,13165619,0,1
22,student,medium,2793576,0,138651,-138651,1422000,77,0.0323,0,1422000,0
32,employee,low,7134129,4151894,1918497,2233397,10000,55,0.0136,134264731,0,1
32,employee,medium,19086198,3718119,2239069,1479050,10000,62,0.0582,132444438,0,1
27,freelancer,high,12749018,1237448,563775,673673,1371000,31,0.0748,38416873,0,1
30,self_employed,low,0,5634743,4134212,1500531,1207000,82,0.0208,132094496,0,1
37,employee,low,19045375,3309503,1455947,1853556,10000,73,0.0282,170025532,0,1
24,student,medium,546835,0,287270,-287270,398000,59,0.0358,0,398000,0
21,student,medium,0,12228,10192,2036,1286000,27,0.0387,57340,1228660,0
27,professional,low,8491429,5186649,3019769,2166880,1332000,27,0.0124,68030047,0,1
28,employee,medium,23731013,4387784,3887310,500474,10000,78,0.0592,82305890,0,1
23,student,low,2328363,0,664151,-664151,1243000,44,0.0252,0,1243000,0
31,employee,medium,14922892,1167382,684347,483035,10000,15,0.0352,22989362,0,1
22,student,medium,5462888,0,1512904,-1512904,1879000,75,0.058,0,1879000,0
32,employee,low,23228079,1573044,812386,760658,179000,33,0.0129,49604725,0,1
36,employee,low,13102151,3042680,1595212,1447468,227000,10,0.0182,27876099,0,1
24,student,low,902573,1653847,1711608,-57761,1615000,3,0.0148,732420,882580,0
29,freelancer,low,36733527,2541787,1858972,682815,10000,38,0.026,66896933,0,1
23,employee,high,17176192,1543525,1056773,486752,1101000,59,0.0606,56478521,0,1
42,freelancer,high,7063812,1611908,1156633,455275,141000,36,0.0781,27324096,0,1
32,professional,medium,40744082,6078734,3163481,2915253,131000,51,0.0376,208735585,0,1
26,employee,medium,16426407,4192864,3271684,921180,456000,86,0.0356,111285832,0,1
33,freelancer,medium,27007147,0,3734772,-3734772,457000,50,0.036,0,457000,0
34,freelancer,medium,0,4823589,3555169,1268420,10000,43,0.0483,59416361,0,1
22,employee,high,1868555,3053500,1724896,1328604,1703000,37,0.0799,57923322,0,1
25,student,low,0,0,0,0,528000,36,0.0266,0,528000,0
39,self_employed,low,3241980,6565173,5117733,1447440,3023000,44,0.024,70044086,0,1
33,professional,medium,12098523,4243955,2728042,1515913,1030000,61,0.0319,114471462,0,1
33,employee,medium,41744119,3431080,1984669,1446411,731000,66,0.0516,165524862,0,1
24,student,low,0,1803402,947358,856044,666000,59,0.0178,52741746,0,1
26,student,low,0,0,0,0,1690000,72,0.0223,0,1690000,0
27,employee,high,18793492,5460416,4295346,1165070,10000,8,0.0647,29117937,0,1
24,student,medium,4376615,0,15220,-15220,10000,74,0.0499,4634158,0,1
22,student,low,892106,372919,188480,184439,10000,1,0.0246,1078374,0,1
22,student,medium,1221050,0,147861,-147861,1326000,30,0.0387,0,1326000,0
25,student,low,0,0,0,0,278000,31,0.0267,0,278000,0
23,student,low,5650366,0,1337337,-1337337,10000,65,0.0124,0,10000,0
35,freelancer,low,0,0,0,0,10000,29,0.0153,0,10000,0
34,professional,medium,19367666,5006998,2286268,2720730,63000,12,0.056,53980449,0,1
25,freelancer,high,28967316,0,8158845,-8158845,260000,79,0.0826,0,260000,0
35,professional,high,51425512,6661192,2840364,3820828,10000,49,0.0853,295790946,0,1
37,employee,medium,20286867,2128555,1438611,689944,10000,16,0.0574,33340563,0,1
20,student,medium,4316133,1094082,584748,509334,978000,43,0.0303,27914275,0,1
41,employee,medium,29180088,3502049,1773441,1728608,1298000,20,0.0317,66214764,0,1
33,self_employed,low,9910119,5085590,3884089,1201501,877000,60,0.0289,88907414,0,1
25,student,high,8461917,0,1118655,-1118655,1005000,19,0.095,0,1005000,0
45,employee,high,28948699,2756385,1952759,803626,86000,37,0.0623,67750883,0,1
42,self_employed,medium,0,2570163,2050627,519536,1238000,1,0.0363,519536,718464,0
24,student,high,5164488,0,806972,-806972,10000,28,0.07,0,10000,0
36,employee,high,0,2135813,1496887,638926,443000,43,0.0617,30659919,0,1
21,student,low,5465532,844635,556554,288081,324000,9,0.0255,8185830,0,1
44,freelancer,medium,4534892,1573674,990792,582882,483000,44,0.0361,32553365,0,1
41,professional,low,29658571,4746604,3378500,1368104,10000,49,0.0206,102133750,0,1
41,freelancer,high,0,2357013,1492073,864940,10000,65,0.0894,71987025,0,1
40,self_employed,high,32623272,0,19573963,-19573963,10000,97,0.0938,0,10000,0
38,employee,low,37801154,3434419,2361170,1073249,56000,65,0.0152,113708577,0,1
35,freelancer,medium,14001982,3736043,2898266,837777,10000,26,0.056,38905360,0,1
35,freelancer,high,11480175,0,3937388,-3937388,10000,45,0.0873,0,10000,0
22,student,low,2175950,158309,110755,47554,871000,44,0.0255,4579858,0,1
37,employee,medium,21377713,3040614,1839392,1201222,10000,91,0.0465,161159148,0,1
21,student,medium,0,0,0,0,474000,49,0.035,0,474000,0
37,employee,low,10195265,2953851,1783927,1169924,10000,45,0.0164,65102445,0,1
23,student,medium,3177435,0,867594,-867594,945000,63,0.0531,0,945000,0
38,professional,medium,28672707,4267643,2688066,1579577,1604000,63,0.0307,141512741,0,1
39,employee,medium,21740794,0,9898621,-9898621,10000,38,0.0448,0,10000,0
37,professional,high,22800298,5872687,3147064,2725623,10000,76,0.0912,319507174,0,1
29,self_employed,low,0,4484724,3540384,944340,1392000,43,0.0194,42016173,0,1
24,student,medium,2693912,1182208,611325,570883,989000,60,0.0325,40307200,0,1
21,student,low,250153,1256705,1069050,187655,376000,36,0.0159,7176969,0,1
22,freelancer,medium,12142531,0,1299734,-1299734,10000,59,0.0425,0,10000,0
22,student,medium,1909017,0,64435,-64435,653000,80,0.0478,0,653000,0
34,freelancer,medium,10912924,0,711006,-711006,10000,26,0.0494,0,10000,0
26,employee,high,16855455,2204884,1336890,867994,10000,6,0.0866,22901425,0,1
25,student,low,5795956,0,2165858,-2165858,468000,52,0.02,0,468000,0
31,freelancer,high,13602507,4269340,3661633,607707,2233000,41,0.0602,44287236,0,1
43,self_employed,high,27035426,2940207,1723297,1216910,1683000,35,0.0644,79322665,0,1
37,employee,medium,24999492,5497671,4072637,1425034,632000,56,0.0521,121982921,0,1
39,professional,medium,28347117,2983743,1572126,1411617,10000,1,0.0379,29848264,0,1
28,employee,low,13891988,1645262,1034904,610358,372000,37,0.0143,37592292,0,1
42,employee,medium,20485652,2782839,1838377,944462,10000,53,0.0453,80313954,0,1
22,student,low,0,1123189,627671,495518,10000,54,0.0144,27626848,0,1
22,employee,low,26485069,4646518,2924256,1722262,10000,49,0.0234,117601593,0,1
43,employee,high,21421236,2954556,1765449,1189107,1246000,14,0.0971,41531830,0,1
30,self_employed,medium,0,0,0,0,573000,61,0.0415,0,573000,0
26,student,low,3891721,0,0,0,10000,74,0.0204,4412956,0,1
36,professional,medium,31789195,5179031,3785222,1393809,1076000,40,0.04,95849367,0,1
31,employee,medium,25126661,1652847,1212675,440172,1676000,30,0.0303,40801587,0,1
23,student,medium,0,0,0,0,332000,12,0.0435,0,332000,0
32,employee,medium,18476690,4428206,3282141,1146065,2813000,62,0.039,101174056,0,1
22,employee,low,4627010,4649265,4076363,572902,10000,93,0.0145,61529882,0,1
49,professional,medium,12720181,4350341,2489531,1860810,10000,30,0.0446,73157429,0,1
26,student,high,4359428,971076,636493,334583,1977000,9,0.0969,7797043,0,1
33,employee,medium,26784892,3911731,2532711,1379020,10000,14,0.0598,48659619,0,1
24,professional,low,28489773,2638185,2088465,549720,1802000,28,0.0106,44780012,0,1
36,freelancer,high,28287623,2838977,2603487,235490,1262000,48,0.0728,50892199,0,1
38,self_employed,high,33481676,0,0,0,290000,55,0.0837,49072147,0,1
24,student,low,1217029,2038106,1432220,605886,149000,71,0.0203,47039146,0,1
25,student,low,0,0,0,0,124000,72,0.0146,0,124000,0
39,self_employed,medium,11633060,3927758,2943240,984518,1280000,60,0.0367,78702076,0,1
25,student,low,6060996,607887,425106,182781,10000,58,0.0177,17661397,0,1
22,student,medium,3258578,0,460955,-460955,2392000,45,0.0511,0,2392000,0
23,student,low,7392327,0,1828086,-1828086,331000,38,0.0127,0,331000,0
23,student,low,5757853,0,1394248,-1394248,10000,61,0.0254,0,10000,0
36,freelancer,low,20895796,0,1925780,-1925780,710000,79,0.0266,0,710000,0
23,student,high,8744991,1744447,1082053,662394,954000,55,0.0649,54062816,0,1
25,student,low,3961255,1139768,1309504,-169736,1216000,72,0.0295,0,1216000,0
47,employee,medium,9853758,4361611,2549074,1812537,2663000,46,0.0342,100185728,0,1
46,self_employed,high,0,0,0,0,884000,71,0.092,0,884000,0
40,professional,low,21337664,5066679,2403969,2662710,272000,82,0.0293,267470998,0,1
21,student,high,4934286,0,1300864,-1300864,755000,72,0.0769,0,755000,0
30,self_employed,high,40960721,0,9112769,-9112769,715000,39,0.0905,0,715000,0
46,self_employed,medium,31816993,2845054,1906446,938608,67000,62,0.0594,111129703,0,1
24,student,medium,2170259,849928,642616,207312,1666000,42,0.0405,11837719,0,1
40,employee,medium,41847646,3500606,1926605,1574001,705000,42,0.0598,124896504,0,1
44,professional,low,7161497,0,2351473,-2351473,1456000,85,0.0181,0,1456000,0
45,self_employed,low,14146487,0,2774760,-2774760,1259000,23,0.01,0,1259000,0
24,professional,medium,16364732,4046562,2448701,1597861,1101000,49,0.0511,107010775,0,1
25,student,high,0,0,0,0,10000,3,0.0987,0,10000,0
22,freelancer,medium,654040,3020283,2344149,676134,264000,51,0.0476,38935247,0,1
23,student,low,3280585,0,1060635,-1060635,10000,18,0.0153,0,10000,0
38,employee,medium,9789528,1989441,1334550,654891,10000,14,0.0406,19636420,0,1
34,professional,medium,25227562,6275309,3777941,2497368,10000,63,0.0329,201460272,0,1
31,employee,low,12386626,0,4687444,-4687444,10000,47,0.0148,0,10000,0
25,freelancer,low,0,0,0,0,383000,49,0.0114,0,383000,0
19,student,low,10538746,1825165,1708744,116421,280000,92,0.0236,24354982,0,1
42,employee,low,58936649,0,13050792,-13050792,397000,38,0.0287,0,397000,0
28,employee,medium,22895044,4332352,2807062,1525290,260000,13,0.0385,44083559,0,1
22,student,medium,0,0,0,0,381000,52,0.0431,0,381000,0
22,employee,medium,27852918,5091386,2431368,2660018,10000,8,0.0395,50121814,0,1
22,employee,low,28055201,2351197,1432571,918626,10000,46,0.0119,72577472,0,1
22,freelancer,low,0,0,0,0,2266000,66,0.0239,0,2266000,0
20,student,high,2108681,0,196512,-196512,1890000,32,0.0786,0,1890000,0
22,freelancer,medium,35385064,1282937,1036368,246569,2035000,110,0.054,92979845,0,1
25,student,low,7215760,0,2198039,-2198039,10000,78,0.0241,0,10000,0
32,freelancer,medium,11470260,2203233,622713,1580520,10000,83,0.0485,171529395,0,1
26,student,low,0,1031744,1096002,-64258,332000,31,0.0164,0,332000,0
20,student,medium,438177,0,79463,-79463,472000,61,0.0343,0,472000,0
36,employee,high,15942506,1738207,1030336,707871,10000,38,0.0835,51418231,0,1
48,freelancer,low,13629414,0,4958682,-4958682,10000,25,0.0169,0,10000,0
32,employee,medium,19914816,4063130,2536849,1526281,1404000,38,0.0356,83585760,0,1
21,student,medium,2863050,0,579621,-579621,563000,80,0.0501,0,563000,0
44,professional,medium,0,2112708,1301111,811597,1096000,1,0.0393,811597,284403,0
27,student,medium,3864537,1482305,1595883,-113578,10000,56,0.0552,0,10000,0
22,employee,medium,26604995,3028001,1678944,1349057,10000,55,0.0317,110505521,0,1
39,employee,low,23125676,1881849,1265890,615959,669000,38,0.0299,49937666,0,1
42,professional,high,6510910,4293487,2614282,1679205,2136000,47,0.0899,103431126,0,1
46,self_employed,high,33441271,0,10568376,-10568376,10000,66,0.0764,0,10000,0
31,employee,medium,23655019,3817423,2112427,1704996,10000,1,0.0313,25421715,0,1
37,employee,medium,37873254,2003916,1207082,796834,1364000,1,0.034,38777396,0,1
38,professional,medium,51504069,5545278,3469912,2075366,880000,26,0.0415,112698971,0,1
23,student,low,5731612,1090611,721221,369390,1078000,46,0.0297,24395310,0,1
22,employee,medium,15220655,2693701,1091828,1601873,2099000,62,0.0494,132514191,0,1
31,employee,medium,20167017,4003619,2920291,1083328,304000,62,0.0403,99358646,0,1
41,freelancer,low,0,2071341,1696546,374795,1491000,1,0.0103,374795,1116205,0
23,employee,high,32271027,3158632,2361304,797328,1071000,77,0.0959,143951192,0,1
44,employee,medium,19893200,2768206,1718975,1049231,1424000,84,0.0349,125060007,0,1
24,employee,medium,15031915,4218732,2599761,1618971,10000,76,0.0599,171133913,0,1
28,professional,high,0,5334118,2788678,2545440,10000,20,0.0866,54554893,0,1
20,student,high,3846322,1549964,1415732,134232,10000,16,0.0818,6549058,0,1
31,freelancer,medium,42729632,2752340,1144200,1608140,3902000,50,0.0588,145421891,0,1
34,employee,high,19548660,1391185,720369,670816,10000,73,0.0697,90607197,0,1
27,self_employed,medium,10800443,3521759,1183269,2338490,10000,53,0.0387,147735953,0,1
22,student,high,0,0,0,0,1314000,50,0.0879,0,1314000,0
26,student,medium,0,0,0,0,10000,1,0.0415,0,10000,0
24,professional,medium,31739218,5057958,3633430,1424528,791000,57,0.0382,126919636,0,1
34,employee,low,18543167,3059526,1478381,1581145,10000,83,0.0193,161466164,0,1
23,student,low,8615340,1366456,996059,370397,305000,62,0.0186,33568361,0,1
22,employee,medium,16054422,2346652,1359949,986703,663000,72,0.046,102781474,0,1
22,student,low,2762954,0,201309,-201309,1052000,86,0.0205,0,1052000,0
35,self_employed,high,12333292,469234,354579,114655,1284000,16,0.0912,15864460,0,1
27,employee,low,21220268,2477508,1899751,577757,10000,62,0.0226,61804184,0,1
37,professional,medium,36166238,5531566,3577048,1954518,1270000,71,0.054,212818308,0,1
38,professional,medium,0,3574121,2320952,1253169,966000,11,0.0367,13997598,0,1
37,professional,medium,44361485,5317730,3531404,1786326,2434000,26,0.0434,97333287,0,1
40,employee,medium,19236328,2988139,1709463,1278676,10000,1,0.0445,20586339,0,1
24,student,medium,9691853,303815,225962,77853,10000,52,0.0399,15929287,0,1
47,freelancer,high,0,2090300,1178396,911904,682000,64,0.0701,70521788,0,1
36,employee,medium,33204938,3002609,1220377,1782232,427000,27,0.0519,88234443,0,1
30,professional,medium,51570734,6544963,3589202,2955761,710000,78,0.0374,326269290,0,1
40,freelancer,high,27173280,0,16303968,-16303968,158000,44,0.0638,0,158000,0
39,self_employed,high,6927492,2063914,1444407,619507,1088000,52,0.0948,50077753,0,1
28,freelancer,high,11646745,2883636,2050262,833374,10000,4,0.0846,15347586,0,1
23,student,low,5485721,0,278513,-278513,445000,21,0.0292,0,445000,0
35,self_employed,high,20016996,3268645,2788190,480455,248000,63,0.0605,63001973,0,1
22,employee,low,30389508,5331048,3464704,1866344,591000,44,0.0189,117530627,0,1
24,student,low,0,0,0,0,10000,29,0.0151,0,10000,0
23,employee,low,0,3453681,2400757,1052924,946000,59,0.0136,64208948,0,1
43,self_employed,medium,29103661,5787892,4269907,1517985,1230000,45,0.0527,110792078,0,1
42,self_employed,medium,58153176,1575600,958931,616669,10000,40,0.0321,90709553,0,1
22,employee,low,6879931,2477010,1198862,1278148,407000,44,0.0258,66479924,0,1
35,freelancer,low,0,1793178,1341328,451850,10000,13,0.0205,5934638,0,1
38,employee,low,0,4331798,4536663,-204865,1726000,42,0.0262,0,1726000,0
35,employee,high,0,3149626,1919925,1229701,1658000,30,0.0979,41606486,0,1
26,employee,low,27786548,2281359,1404821,876538,10000,1,0.011,28688557,0,1
46,freelancer,low,0,2683672,2062059,621613,10000,64,0.0248,42487312,0,1
19,student,medium,982369,945267,670821,274446,10000,51,0.0592,17133367,0,1
41,professional,high,45827682,6210348,3917415,2292933,79000,46,0.0697,180328008,0,1
23,freelancer,low,0,0,0,0,1655000,29,0.0298,0,1655000,0
32,employee,medium,132099,0,48570,-48570,10000,67,0.0345,0,10000,0
32,freelancer,medium,0,2640825,1692514,948311,10000,31,0.0362,30767508,0,1
26,student,low,2513248,0,881708,-881708,2393000,33,0.0238,0,2393000,0
22,student,high,3164722,0,1017317,-1017317,10000,54,0.0855,0,10000,0
23,student,low,4241508,0,232467,-232467,578000,82,0.0254,0,578000,0
32,freelancer,high,34419768,2945515,2571853,373662,3210000,46,0.0714,64922999,0,1
43,self_employed,low,0,953847,665459,288388,376000,1,0.0153,288388,87612,0
41,self_employed,medium,44752091,0,17395354,-17395354,1384000,70,0.0316,0,1384000,0
23,student,low,5612209,1090856,812452,278404,10000,62,0.0247,24765971,0,1
46,self_employed,low,27590752,0,15679261,-15679261,606000,14,0.0213,0,606000,0
31,professional,medium,37536278,5215025,2438782,2776243,638000,68,0.0456,263536540,0,1
26,employee,medium,19712118,3775467,2677466,1098001,732000,39,0.0567,70590779,0,1
19,student,low,1996695,0,796333,-796333,10000,75,0.0167,0,10000,0
19,student,low,281285,0,51780,-51780,10000,69,0.0247,0,10000,0
20,student,low,1680768,0,405331,-405331,10000,72,0.0227,0,10000,0
30,employee,medium,29496079,2547364,1604620,942744,10000,43,0.0407,77682734,0,1
42,employee,medium,22898500,3182415,2079140,1103275,991000,35,0.038,66345584,0,1
34,employee,high,10466241,3507048,2296652,1210396,938000,40,0.0973,71376821,0,1
37,freelancer,high,0,3563621,2943099,620522,39000,60,0.0962,47571867,0,1
24,student,high,2386233,0,613478,-613478,1200000,42,0.0673,0,1200000,0
31,employee,medium,31639133,4429651,2687159,1742492,1092000,83,0.0389,207035385,0,1
24,student,high,5571083,1309206,1259870,49336,2466000,53,0.0794,11021727,0,1
21,student,medium,4130941,0,1349336,-1349336,405000,7,0.0335,0,405000,0
21,student,low,3714612,2090118,1084019,1006099,546000,11,0.027,15000028,0,1
22,student,low,2340136,0,176630,-176630,1970000,69,0.0186,0,1970000,0
33,self_employed,medium,31081789,5739391,4353846,1385545,1546000,30,0.0325,76949634,0,1
23,student,low,4874477,0,2787696,-2787696,724000,48,0.0209,0,724000,0
26,freelancer,medium,21302252,0,1543511,-1543511,1452000,56,0.0558,0,1452000,0
21,student,low,1704767,1557195,1203220,353975,10000,61,0.0131,24137143,0,1
19,student,medium,4195776,0,1316338,-1316338,10000,47,0.0357,0,10000,0
41,self_employed,high,43866055,0,17478118,-17478118,1314000,11,0.0869,0,1314000,0
38,freelancer,low,6871344,2852451,1789243,1063208,1173000,80,0.0273,101413912,0,1
32,employee,low,19090024,2648363,1759464,888899,1436000,88,0.0153,104079704,0,1
21,student,low,6435400,0,3861240,-3861240,10000,42,0.0204,0,10000,0
26,freelancer,medium,47838305,0,17373490,-17373490,205000,41,0.0514,0,205000,0
30,employee,low,25718640,3697370,2022652,1674718,10000,11,0.0155,44627763,0,1
38,self_employed,medium,0,0,0,0,151000,43,0.0307,0,151000,0
40,employee,medium,18916000,3652293,2048623,1603670,1443000,64,0.0302,133428513,0,1
19,student,low,2394679,0,558421,-558421,258000,39,0.0106,0,258000,0
23,student,low,0,0,0,0,402000,35,0.0233,0,402000,0
29,employee,low,4496019,4496434,2218650,2277784,1136000,36,0.0111,87989810,0,1
22,freelancer,high,7747886,0,2534165,-2534165,10000,30,0.0994,0,10000,0
20,student,high,4336966,0,686299,-686299,10000,40,0.0709,0,10000,0
32,freelancer,high,31111891,0,18667134,-18667134,746000,62,0.0647,0,746000,0
45,professional,low,26755329,2319345,1518107,801238,1001000,54,0.0193,74344287,0,1
31,self_employed,medium,0,4535209,2346000,2189209,10000,58,0.0501,143330654,0,1
39,freelancer,medium,30779350,0,11361894,-11361894,223000,60,0.0369,0,223000,0
29,employee,low,14201327,2793268,1586273,1206995,967000,79,0.0155,116045158,0,1
36,employee,medium,15676568,2478922,1793079,685843,88000,19,0.0597,30857915,0,1
38,employee,medium,857469,2760683,1483827,1276856,10000,58,0.0529,85283089,0,1
19,student,low,4721016,0,1735406,-1735406,2297000,9,0.0293,0,2297000,0
32,freelancer,medium,21291877,3952622,2776969,1175653,1350000,22,0.056,50760400,0,1
22,student,low,3765239,0,365035,-365035,1954000,62,0.0105,0,1954000,0
19,student,medium,0,312716,307882,4834,829000,46,0.0362,238147,590853,0
40,self_employed,low,0,7530878,3788444,3742434,10000,39,0.026,152127143,0,1
30,employee,high,31608160,3761640,2009454,1752186,1335000,52,0.0963,160414901,0,1
37,employee,low,8972334,3878686,2178142,1700544,743000,57,0.027,113496012,0,1
31,employee,low,22808435,3684453,2584059,1100394,10000,43,0.0267,74692344,0,1
25,employee,low,24222338,0,3952610,-3952610,1125000,49,0.0152,0,1125000,0
38,freelancer,low,34414241,0,4489058,-4489058,1739000,97,0.0217,0,1739000,0
23,student,high,506357,0,45019,-45019,1285000,39,0.0962,0,1285000,0
47,self_employed,high,0,2207323,1669147,538176,10000,49,0.0819,31190589,0,1
36,employee,high,20501090,3767982,2505550,1262432,10000,15,0.0793,42468050,0,1
19,student,medium,0,1355987,1208883,147104,762000,61,0.0387,9899251,0,1
34,freelancer,low,0,0,0,0,10000,70,0.0237,0,10000,0
35,employee,medium,0,3440003,1777118,1662885,10000,83,0.051,165080311,0,1
31,self_employed,high,12440763,0,664018,-664018,1027000,52,0.0914,0,1027000,0
38,freelancer,low,17915281,1307709,918440,389269,1098000,30,0.0183,30693305,0,1
45,employee,high,37746799,2243074,1153405,1089669,10000,10,0.0913,51996486,0,1
25,self_employed,medium,0,0,0,0,10000,28,0.036,0,10000,0
29,employee,high,30262836,2261400,1263575,997825,10000,25,0.0924,64052509,0,1
25,student,medium,0,463737,315841,147896,10000,17,0.0549,2608392,0,1
33,freelancer,low,0,2920037,1554883,1365154,68000,69,0.0133,97834724,0,1
40,professional,high,32447882,0,8951022,-8951022,281000,71,0.0765,0,281000,0
41,freelancer,low,0,2476192,1319198,1156994,1224000,51,0.0108,60354074,0,1
24,student,low,2806212,0,895670,-895670,10000,50,0.0266,0,10000,0
20,student,medium,1452362,0,321046,-321046,150000,80,0.0597,0,150000,0
37,employee,medium,17229825,4162428,2809290,1353138,10000,57,0.052,109321696,0,1
52,self_employed,low,3347371,7682862,7777854,-94992,1567000,39,0.0297,0,1567000,0
24,student,low,2937971,1189325,968470,220855,2463000,62,0.0171,17514617,0,1
26,freelancer,medium,21949734,186678,134975,51703,669000,27,0.0516,26122677,0,1
20,student,medium,1242939,1583325,1164996,418329,1710000,1,0.0328,1664665,45335,0
49,self_employed,high,14090168,1727393,827581,899812,598000,56,0.0953,85090779,0,1
39,self_employed,medium,27772887,0,993250,-993250,10000,54,0.0592,0,10000,0
22,freelancer,medium,25004567,0,6812118,-6812118,1332000,20,0.0332,0,1332000,0
38,employee,low,22954339,3288649,2437114,851535,1466000,40,0.0136,58843344,0,1
19,student,low,0,1578729,1176522,402207,1155000,88,0.0213,38271555,0,1
45,employee,medium,32800923,4594105,3666946,927159,403000,78,0.0599,136519388,0,1
24,self_employed,medium,36669852,0,13343911,-13343911,1080000,37,0.057,0,1080000,0
40,employee,low,10008493,3318704,1989727,1328977,500000,21,0.0167,38605453,0,1
40,freelancer,low,15034757,0,5811628,-5811628,994000,14,0.0134,0,994000,0
37,professional,high,30725471,6807902,4780994,2026908,752000,24,0.076,88111225,0,1
24,student,low,0,1007814,676574,331240,10000,31,0.0145,10456748,0,1
24,student,high,476304,331545,264945,66600,10000,73,0.0963,7428827,0,1
40,freelancer,high,18333267,1194468,801403,393065,10000,70,0.0741,62497797,0,1
40,self_employed,low,42131471,0,12166667,-12166667,10000,57,0.0196,0,10000,0
47,professional,high,25022964,3809058,2179099,1629959,718000,89,0.09,253925419,0,1
22,student,low,14629413,427655,295605,132050,1403000,45,0.0146,21556305,0,1
30,employee,low,14094162,2075538,1373749,701789,10000,49,0.0212,51254326,0,1
33,employee,high,8830257,4475948,2499133,1976815,979000,42,0.0799,107102487,0,1
22,employee,low,14087469,2145826,1470678,675148,783000,53,0.0257,53628764,0,1
24,self_employed,low,0,0,0,0,33000,43,0.0173,0,33000,0
44,self_employed,low,38765445,4742493,3871495,870998,2532000,36,0.024,74135174,0,1
30,employee,low,12604528,1835578,1080401,755177,1022000,31,0.0131,36836056,0,1
20,student,medium,0,0,0,0,858000,44,0.0388,0,858000,0
26,student,low,0,0,0,0,1258000,34,0.0239,0,1258000,0
38,employee,medium,12726870,4191448,2789504,1401944,462000,39,0.0541,74797930,0,1
26,professional,medium,0,5734433,4528047,1206386,2294000,65,0.0322,85544062,0,1
55,self_employed,low,11717281,0,5378026,-5378026,10000,64,0.0189,0,10000,0
23,student,medium,0,1217001,1054565,162436,247000,1,0.0356,162436,84564,0
24,student,high,1071240,0,335160,-335160,918000,31,0.0815,0,918000,0
26,student,medium,961453,0,328506,-328506,1249000,72,0.0461,0,1249000,0
27,freelancer,medium,39506585,316186,171990,144196,10000,40,0.034,50338747,0,1
32,freelancer,high,10687944,1537079,1197764,339315,1419000,92,0.0865,64770148,0,1
28,employee,medium,24383908,4701341,2947283,1754058,10000,70,0.0454,172037998,0,1
22,freelancer,medium,14719728,0,6637467,-6637467,10000,60,0.0374,0,10000,0
22,student,low,1792985,0,801791,-801791,10000,38,0.0288,0,10000,0
24,student,medium,1901351,0,473616,-473616,380000,51,0.0592,0,380000,0
29,self_employed,medium,20046673,0,4918216,-4918216,1640000,33,0.039,0,1640000,0
22,freelancer,low,27132763,4086394,2548724,1537670,10000,37,0.0271,88763211,0,1
27,employee,high,12098463,3601311,1688347,1912964,10000,3,0.0744,18099439,0,1
27,freelancer,medium,16735001,3786733,3026917,759816,1443000,21,0.0344,34193817,0,1
23,employee,low,8774550,1054577,639071,415506,859000,53,0.011,31766112,0,1
28,employee,high,28964929,3146951,1890232,1256719,10000,21,0.0901,62361879,0,1
24,student,medium,4692986,0,2086741,-2086741,10000,42,0.0365,0,10000,0
21,student,low,0,0,0,0,10000,63,0.0211,0,10000,0
29,employee,medium,27515474,4593933,3255590,1338343,1384000,47,0.0307,97775854,0,1
22,student,low,4705928,0,1154738,-1154738,1693000,50,0.0186,0,1693000,0
38,freelancer,medium,16604558,2147267,1371781,775486,2327000,47,0.0403,58848825,0,1
22,student,low,0,352029,210050,141979,10000,12,0.0126,1713622,0,1
24,student,low,5015618,2034005,993793,1040212,483000,58,0.0281,70284873,0,1
34,employee,medium,7048764,3403480,1830214,1573266,524000,64,0.0407,120995420,0,1
21,student,low,9234599,2095364,1961646,133718,10000,25,0.0195,13026119,0,1
35,freelancer,medium,19956075,0,6812303,-6812303,1439000,65,0.0352,0,1439000,0
37,professional,low,37357520,3634140,2296066,1338074,10000,25,0.0266,73840742,0,1
23,student,medium,4062903,1882243,1073140,809103,10000,21,0.0312,21730895,0,1
39,employee,low,35287097,1670625,624837,1045788,455000,46,0.0142,86669523,0,1
23,employee,medium,0,3076061,1395707,1680354,475000,36,0.0473,64858106,0,1
23,student,low,2759761,1635994,1687504,-51510,10000,68,0.0236,0,10000,0
22,student,medium,1261852,0,653284,-653284,289000,23,0.0341,0,289000,0
28,employee,low,27779536,2276670,1492748,783922,406000,45,0.0269,67797989,0,1
24,student,high,0,0,0,0,10000,70,0.0795,0,10000,0
24,student,low,3034174,1928929,1559869,369060,10000,1,0.0181,3407811,0,1
37,self_employed,medium,22205709,3407505,2252341,1155164,10000,26,0.0556,56881564,0,1
23,student,low,4438860,0,1734749,-1734749,10000,1,0.0211,2711916,0,1
50,professional,high,20870261,3206258,2615996,590262,10000,17,0.0688,33508608,0,1
22,student,low,8358777,0,0,0,611000,31,0.0223,8853979,0,1
21,student,medium,2818721,0,1502452,-1502452,2263000,22,0.0546,0,2263000,0
31,professional,low,0,3698506,1825123,1873383,10000,53,0.0213,104012890,0,1
25,student,medium,0,0,0,0,10000,6,0.035,0,10000,0
45,employee,medium,25042514,3727632,2360482,1367150,10000,67,0.043,135146333,0,1
21,student,medium,0,0,0,0,10000,52,0.0337,0,10000,0
24,student,low,868903,0,286775,-286775,644000,14,0.018,0,644000,0
28,employee,low,36804703,2546983,1464384,1082599,447000,60,0.014,106714515,0,1
32,employee,medium,29776262,4518890,3022978,1495912,10000,26,0.0539,74614041,0,1
31,self_employed,high,37071961,6996969,5455018,1541951,10000,34,0.0671,102375499,0,1
43,self_employed,medium,24681291,1749699,1068740,680959,435000,16,0.058,37960103,0,1
24,student,medium,171082,1461922,1014383,447539,2059000,72,0.0596,38867493,0,1
40,professional,medium,26049498,3838418,2431768,1406650,381000,72,0.0456,150465642,0,1
36,self_employed,high,0,0,0,0,252000,17,0.0607,0,252000,0
24,student,low,2431476,0,497943,-497943,703000,55,0.0139,0,703000,0
38,freelancer,low,7012763,0,2066049,-2066049,1579000,11,0.0269,0,1579000,0
25,employee,medium,0,3628700,2155238,1473462,10000,52,0.047,84796879,0,1
24,student,medium,0,0,0,0,10000,39,0.0329,0,10000,0
21,student,medium,1660854,1095495,924385,171110,1430000,45,0.0301,9999596,0,1
20,student,low,309320,0,126887,-126887,2130000,115,0.0188,0,2130000,0
41,self_employed,high,32177213,0,1979845,-1979845,916000,55,0.0962,0,916000,0
35,self_employed,high,0,0,0,0,635000,50,0.0747,0,635000,0
22,freelancer,low,7716763,0,3178459,-3178459,10000,97,0.0239,0,10000,0
25,student,medium,133301,0,32113,-32113,444000,36,0.0365,0,444000,0
22,student,medium,2093860,0,853841,-853841,1980000,32,0.0525,0,1980000,0
42,freelancer,high,31426311,0,4356004,-4356004,1127000,65,0.0869,0,1127000,0
36,employee,low,0,3576398,2215473,1360925,1392000,96,0.024,143875772,0,1
36,employee,high,11031224,2906755,2235822,670933,2003000,62,0.0931,70972520,0,1
21,student,high,0,0,0,0,10000,71,0.0964,0,10000,0
22,student,medium,3019722,0,499202,-499202,1744000,43,0.0576,0,1744000,0
55,professional,low,28634702,7169091,4749727,2419364,1686000,37,0.0119,120837310,0,1
35,self_employed,high,28214400,4206856,3492805,714051,1634000,54,0.0647,82340631,0,1
33,freelancer,low,0,4256976,1782940,2474036,10000,29,0.0172,73205515,0,1
30,freelancer,low,19495979,5352696,4241935,1110761,539000,64,0.0233,97689414,0,1
36,self_employed,low,54866162,0,10800116,-10800116,10000,55,0.0291,0,10000,0
25,employee,low,27334382,3289519,2388310,901209,472000,33,0.0131,58601760,0,1
34,employee,high,32462909,3451144,2359843,1091301,1906000,30,0.0877,76845928,0,1
22,student,low,2699303,0,100495,-100495,685000,63,0.0187,0,685000,0
30,freelancer,medium,0,0,0,0,975000,5,0.0491,0,975000,0
48,professional,high,27172792,3544389,1916460,1627929,10000,59,0.0726,153799320,0,1
41,employee,medium,17477823,3661015,2258014,1403001,378000,70,0.0436,134128374,0,1
21,student,low,5510472,0,517073,-517073,10000,28,0.023,0,10000,0
39,professional,medium,40189786,5444501,3669225,1775276,10000,48,0.0451,141310912,0,1
45,self_employed,low,37794073,700021,560181,139840,768000,60,0.0285,52581172,0,1
33,employee,high,14036461,2845525,1973960,871565,600000,53,0.0602,71065316,0,1
41,freelancer,high,18124334,2368945,1653677,715268,1098000,83,0.0965,119206589,0,1
23,student,low,444721,0,129513,-129513,10000,16,0.0145,0,10000,0
27,self_employed,low,50371952,3056437,1754489,1301948,1461000,66,0.0252,149916916,0,1
42,freelancer,high,0,0,0,0,590000,43,0.0626,0,590000,0
20,student,low,0,161084,163829,-2745,2735000,53,0.0278,0,2735000,0
27,employee,low,14418277,3771605,2190900,1580705,1716000,45,0.011,87610429,0,1
35,employee,low,26665484,4326771,3939936,386835,2620000,20,0.0195,35402930,0,1
21,student,low,819409,1349345,1019819,329526,1765000,1,0.0285,1150881,614119,0
22,student,low,9092267,1843038,1554715,288323,137000,67,0.0251,31172094,0,1
33,self_employed,high,43204514,3152389,2299547,852842,1605000,78,0.0863,164357991,0,1
22,student,medium,4398911,1919495,1304950,614545,141000,22,0.0423,18785332,0,1
22,student,low,1432982,0,859789,-859789,1355000,70,0.0244,0,1355000,0
19,student,low,6751718,0,1116759,-1116759,436000,43,0.0173,0,436000,0
22,student,low,0,0,0,0,10000,92,0.0122,0,10000,0
41,self_employed,high,0,0,0,0,365000,43,0.0767,0,365000,0
41,employee,low,5408756,3861362,2536410,1324952,854000,10,0.0247,18894043,0,1
29,employee,medium,15545726,3607166,2455312,1151854,407000,54,0.0354,85546918,0,1
31,professional,low,25669855,6734396,3937922,2796474,10000,6,0.0226,42819337,0,1
36,self_employed,low,40783188,0,13532094,-13532094,612000,48,0.027,0,612000,0
37,employee,medium,36841980,2830895,1548486,1282409,10000,25,0.0386,73250736,0,1
23,student,medium,779391,461741,267765,193976,10000,82,0.0543,20335133,0,1
20,student,low,1881466,1918879,2029726,-110847,2004000,68,0.0206,0,2004000,0
30,self_employed,low,69593747,0,20000000,-20000000,1414000,47,0.0181,0,1414000,0
25,employee,low,0,3886555,2334403,1552152,1422000,47,0.0203,75862936,0,1
22,student,low,1463369,1640117,1353874,286243,113000,37,0.0256,12591419,0,1
29,employee,low,11513321,3412268,2340829,1071439,1868000,78,0.0142,100122268,0,1
26,student,low,1877757,0,692363,-692363,175000,87,0.0247,0,175000,0
22,freelancer,medium,8572683,0,2739921,-2739921,1769000,35,0.0334,0,1769000,0
22,employee,medium,4835399,3162700,1378475,1784225,10000,73,0.0402,153450789,0,1
41,professional,medium,16602122,5224541,3478047,1746494,1156000,49,0.0359,111239968,0,1
41,employee,medium,26890927,1339444,1036086,303358,1248000,76,0.0428,61675490,0,1
38,freelancer,low,1444740,4870911,3540568,1330343,349000,56,0.0199,79585578,0,1
48,professional,medium,53909599,3549012,2352206,1196806,390000,1,0.0557,55356635,0,1
23,student,low,3363242,0,311371,-311371,1897000,36,0.024,0,1897000,0
24,student,high,4040566,0,783346,-783346,1488000,34,0.0868,0,1488000,0
35,freelancer,medium,0,180333,93170,87163,10000,56,0.0331,5270457,0,1
21,student,low,6197120,26910,12707,14203,1655000,59,0.0155,7557676,0,1
22,freelancer,medium,11983844,2395964,1508502,887462,10000,31,0.0526,43123241,0,1
34,freelancer,low,7427175,0,2599347,-2599347,10000,20,0.0273,0,10000,0
22,student,low,5586430,549342,372269,177073,10000,56,0.0111,16055872,0,1
50,self_employed,low,41236096,2648798,2078370,570428,10000,52,0.0217,76370188,0,1
24,student,low,0,726732,592545,134187,10000,111,0.0275,16938600,0,1
32,professional,medium,42775667,6499865,4398123,2101742,972000,54,0.0349,172737377,0,1
31,employee,medium,19556446,3954375,2237750,1716625,324000,23,0.0558,63327746,0,1
35,professional,low,25253049,4725267,3046853,1678414,10000,69,0.0138,147794578,0,1
49,self_employed,high,45797890,4048676,2914745,1133931,1441000,47,0.0774,123978776,0,1
48,self_employed,low,42223767,0,14536318,-14536318,93000,5,0.0205,0,93000,0
21,student,low,0,93088,78926,14162,2136000,38,0.0215,556383,1579617,0
42,freelancer,high,9099928,1135832,660713,475119,79000,84,0.0821,69824836,0,1
30,professional,medium,23533470,1129251,685649,443602,768000,1,0.0327,24041201,0,1
37,employee,medium,0,2829974,1581527,1248447,10000,65,0.0344,89061890,0,1
41,professional,low,43772565,5159032,2240191,2918841,651000,5,0.0161,58700414,0,1
35,employee,high,0,4066426,2917938,1148488,10000,1,0.0712,1148488,0,1
35,employee,medium,1710987,2500890,1394788,1106102,507000,49,0.0511,62233529,0,1
43,professional,medium,25941147,3066363,2155798,910565,764000,99,0.0375,140785069,0,1
21,student,low,696269,0,201777,-201777,250000,46,0.028,0,250000,0
37,employee,medium,29255836,3970527,2305101,1665426,10000,60,0.0575,154427240,0,1
54,freelancer,high,8762995,0,2574730,-2574730,70000,65,0.0668,0,70000,0
51,employee,low,4381668,3054437,1882319,1172118,1548000,46,0.0145,60041584,0,1
45,professional,medium,12393316,2492726,1070247,1422479,1466000,34,0.0576,66982977,0,1
38,employee,high,36291114,2573471,1755896,817575,10000,74,0.0976,148625860,0,1
31,self_employed,high,18615798,5934046,4413516,1520530,1585000,65,0.0621,143169274,0,1
30,professional,medium,33366875,1355593,675772,679821,10000,28,0.0547,58152303,0,1
20,student,high,8953719,1646629,1102319,544310,1537000,91,0.0824,85178714,0,1
22,student,low,10594411,1390747,1047688,343059,10000,60,0.024,33790029,0,1
22,freelancer,low,30614195,4239233,3893270,345963,1874000,85,0.016,65401553,0,1
21,student,medium,0,0,0,0,229000,47,0.0406,0,229000,0
22,student,low,0,0,0,0,123000,36,0.0218,0,123000,0
40,employee,medium,0,3230580,1706102,1524478,10000,19,0.0312,29652956,0,1
42,self_employed,high,39537902,0,12409975,-12409975,10000,57,0.0834,0,10000,0
26,student,medium,3845225,650191,306686,343505,10000,43,0.0357,20101322,0,1
33,freelancer,medium,2759439,2038194,1294513,743681,391000,36,0.0493,31988406,0,1
21,student,high,0,1134975,1144912,-9937,1264000,23,0.0853,0,1264000,0
26,student,high,0,1689052,1320906,368146,10000,24,0.0845,9589348,0,1
19,student,medium,0,0,0,0,10000,45,0.0489,0,10000,0
33,employee,low,17527246,0,2293701,-2293701,439000,38,0.026,0,439000,0
29,employee,high,26098036,2105220,931626,1173594,10000,37,0.0851,83350484,0,1
33,professional,low,19564308,7625705,2677409,4948296,964000,38,0.026,217013442,0,1
20,student,medium,0,0,0,0,1025000,70,0.0376,0,1025000,0
21,student,medium,309119,0,97369,-97369,10000,47,0.0558,0,10000,0
24,student,high,3939193,0,1554913,-1554913,840000,34,0.0801,0,840000,0
45,self_employed,low,0,0,0,0,942000,36,0.0249,0,942000,0
41,self_employed,high,40792353,7144942,5009504,2135438,10000,68,0.0862,252752213,0,1
19,student,medium,10431988,1037102,664911,372191,145000,42,0.034,28323551,0,1
39,employee,medium,17699028,0,9632131,-9632131,1236000,23,0.0422,0,1236000,0
19,student,low,11845838,0,3444974,-3444974,2441000,17,0.0184,0,2441000,0
25,student,high,1599678,0,156996,-156996,2143000,50,0.097,0,2143000,0
25,self_employed,high,27098644,0,2192652,-2192652,2705000,38,0.0767,0,2705000,0
42,freelancer,low,26995689,0,2521767,-2521767,1699000,108,0.01,0,1699000,0
31,freelancer,low,22843361,0,2582199,-2582199,633000,46,0.0168,0,633000,0
35,self_employed,high,61791133,2606782,1700429,906353,916000,14,0.0872,81689133,0,1
24,student,medium,5228782,0,1380332,-1380332,1517000,45,0.0544,0,1517000,0
22,student,low,6327057,0,3796234,-3796234,12000,22,0.0219,0,12000,0
26,freelancer,medium,34808856,0,8395632,-8395632,671000,38,0.0479,0,671000,0
39,employee,medium,10580441,4420538,1812194,2608344,764000,38,0.0437,118243707,0,1
38,employee,high,0,0,0,0,1351000,37,0.0943,0,1351000,0
38,employee,medium,25698498,3454561,2427662,1026899,10000,92,0.0485,151403446,0,1
31,professional,low,53738241,5530718,3263646,2267072,482000,53,0.0285,188820660,0,1
40,self_employed,medium,0,0,0,0,647000,56,0.0341,0,647000,0
32,employee,high,33916077,3763851,2194373,1569478,10000,37,0.069,106435857,0,1
23,student,low,2097196,2354166,2322870,31296,1084000,23,0.0159,2892445,0,1
25,student,low,938383,627638,413135,214503,541000,31,0.0217,7825596,0,1
28,professional,medium,22181029,2548663,1427709,1120954,10000,13,0.0503,38365171,0,1
34,employee,high,9366282,1808984,1091932,717052,1447000,86,0.0809,99886112,0,1
28,professional,low,9943134,4927334,3317916,1609418,282000,52,0.0119,96310498,0,1
32,freelancer,medium,16077689,5608049,2237862,3370187,1743000,70,0.0463,291301370,0,1
21,student,low,0,0,0,0,2154000,87,0.0288,0,2154000,0
22,student,low,4907039,0,384689,-384689,130000,92,0.0284,0,130000,0
26,employee,medium,4519634,3100314,1713234,1387080,439000,42,0.0329,66725047,0,1
38,employee,low,3246086,2138518,1243780,894738,654000,103,0.0109,100125101,0,1
22,student,low,5013594,0,849644,-849644,2246000,58,0.0132,0,2246000,0
22,student,low,4066801,932511,693434,239077,1854000,55,0.0169,18055996,0,1
29,professional,low,56679120,7289438,4149304,3140134,10000,43,0.0111,196659987,0,1
30,employee,low,10866363,5198011,2302783,2895228,1524000,76,0.0276,253078306,0,1
37,employee,medium,0,2528667,1652144,876523,621000,12,0.0504,10764682,0,1
30,freelancer,medium,7616178,4535613,2823485,1712128,3170000,18,0.0579,40420844,0,1
22,student,high,0,0,0,0,10000,31,0.0842,0,10000,0
31,employee,low,8124124,4343489,2998153,1345336,135000,65,0.0192,101092142,0,1
35,self_employed,high,15980644,0,8029216,-8029216,2725000,46,0.0607,0,2725000,0
24,self_employed,medium,5482989,3273931,1485308,1788623,1209000,47,0.0565,100683987,0,1
37,freelancer,medium,13323635,0,2591996,-2591996,527000,84,0.0424,0,527000,0
25,student,low,3552316,0,833245,-833245,112000,59,0.0189,0,112000,0
35,professional,medium,14826551,0,5343754,-5343754,1998000,48,0.0547,0,1998000,0
25,student,low,0,0,0,0,644000,25,0.0245,0,644000,0
44,employee,low,13741165,4040883,2422276,1618607,424000,4,0.0236,20343134,0,1
22,student,medium,4852277,3000000,2216338,783662,1065000,43,0.055,43060327,0,1
31,employee,low,0,3729737,2333069,1396668,796000,45,0.025,65818621,0,1
23,student,low,1823126,0,635642,-635642,10000,21,0.0192,0,10000,0
38,freelancer,low,0,1077698,586160,491538,10000,76,0.0149,39150822,0,1
40,employee,high,21292853,3172009,1829507,1342502,2590000,89,0.0712,192851750,0,1
35,employee,high,12534769,3445229,2008982,1436247,1380000,68,0.0705,138295521,0,1
48,freelancer,high,14158167,0,3998148,-3998148,1404000,98,0.0709,0,1404000,0
22,student,low,0,1448678,1068060,380618,1048000,29,0.0211,11313988,0,1
38,freelancer,medium,4675024,0,669282,-669282,163000,25,0.0378,0,163000,0
27,employee,low,0,3366979,1796389,1570590,924000,31,0.0168,49724718,0,1
24,student,high,358962,1044393,596330,448063,502000,39,0.066,19875362,0,1
22,student,medium,1469958,0,357937,-357937,2547000,98,0.0572,0,2547000,0
22,freelancer,medium,28481412,0,15109823,-15109823,1259000,45,0.0441,0,1259000,0
34,employee,medium,33483196,4662481,3117365,1545116,639000,51,0.0315,122474053,0,1
22,student,low,0,126623,103993,22630,1888000,34,0.0166,787244,1100756,0
43,employee,medium,0,1522919,1025738,497181,1755000,76,0.057,45378258,0,1
46,professional,medium,30351650,0,15464199,-15464199,10000,40,0.0365,0,10000,0
41,self_employed,medium,34409433,5674891,4243932,1430959,10000,66,0.0306,143421396,0,1
20,student,medium,4094885,117629,84511,33118,995000,40,0.0561,6387710,0,1
34,professional,low,5533006,4516875,2011497,2505378,47000,38,0.0243,104834298,0,1
23,student,medium,10279930,1009510,720045,289465,10000,33,0.0377,21449527,0,1
41,employee,medium,0,4210077,2729958,1480119,579000,67,0.0424,111668525,0,1
38,professional,medium,546057,5902435,3933572,1968863,720000,26,0.0347,53672914,0,1
35,employee,high,5093936,3735792,2645271,1090521,1929000,52,0.0863,75864862,0,1
29,professional,medium,26522443,5178990,3764081,1414909,1433000,49,0.0322,104233083,0,1
26,student,low,1410772,0,230326,-230326,10000,9,0.0202,0,10000,0
40,employee,low,10105910,3243793,2048241,1195552,97000,57,0.0221,83005585,0,1
48,self_employed,medium,38573953,4390760,3852548,538212,372000,43,0.0526,71962514,0,1
39,employee,medium,37167193,2000742,1561419,439323,10000,60,0.0563,79580314,0,1
24,employee,medium,6402241,4475798,2005686,2470112,10000,46,0.054,133798151,0,1
38,freelancer,low,24926075,908255,713466,194789,802000,33,0.0192,32871776,0,1
34,self_employed,medium,0,0,0,0,10000,73,0.0373,0,10000,0
42,self_employed,medium,29882668,1576730,985802,590928,1269000,31,0.0374,52110508,0,1
21,student,high,0,0,0,0,550000,32,0.0824,0,550000,0
24,self_employed,low,20355996,0,11475173,-11475173,1745000,52,0.0123,0,1745000,0
46,self_employed,medium,15775994,0,3440506,-3440506,10000,83,0.0451,0,10000,0
33,freelancer,low,0,0,0,0,1751000,64,0.0151,0,1751000,0
24,student,low,7200485,0,2025572,-2025572,245000,73,0.0194,0,245000,0
47,self_employed,high,0,0,0,0,1465000,61,0.0783,0,1465000,0
38,professional,low,44181919,3308916,1569133,1739783,926000,56,0.0129,147286436,0,1
21,student,medium,2011711,0,799397,-799397,530000,74,0.0443,0,530000,0
23,employee,medium,26759230,5218870,3292584,1926286,1512000,45,0.0343,122790675,0,1
23,student,medium,1034220,0,136232,-136232,2007000,69,0.0599,0,2007000,0
19,student,low,0,425974,383042,42932,994000,21,0.0219,918217,75783,0
31,employee,medium,28876678,3857247,2095613,1761634,10000,52,0.0312,131001386,0,1
34,employee,low,4995661,3146186,2103068,1043118,10000,20,0.022,26411802,0,1
32,employee,high,16068147,4932049,2737634,2194415,10000,50,0.0868,154659521,0,1
25,student,medium,726127,1728371,1007538,720833,10000,1,0.0539,1450222,0,1
22,employee,low,21932356,5127520,3285717,1841803,2372000,29,0.0247,78260319,0,1
22,student,low,0,0,0,0,1521000,1,0.0134,0,1521000,0
22,student,high,1208737,0,61188,-61188,640000,37,0.0949,0,640000,0
21,student,low,3724984,102011,66208,35803,1246000,54,0.0236,6179560,0,1
27,professional,low,30176952,3623487,1952313,1671174,98000,8,0.0235,44114365,0,1
37,employee,low,3879198,0,2327518,-2327518,89000,41,0.0141,0,89000,0
37,freelancer,medium,1078193,2860792,1561431,1299361,1666000,75,0.039,111529506,0,1
26,employee,low,15448594,3429861,1729648,1700213,856000,19,0.0183,48653689,0,1
20,student,low,4125800,0,378631,-378631,10000,65,0.0135,0,10000,0
23,student,low,2521580,0,574878,-574878,2319000,4,0.0117,228551,2090449,0
43,freelancer,high,2920742,2644515,1549053,1095462,1421000,68,0.081,98751964,0,1
45,self_employed,medium,32058038,0,11952567,-11952567,926000,52,0.055,0,926000,0
44,professional,high,0,4946850,3006343,1940507,1814000,28,0.0638,58419855,0,1
34,self_employed,medium,0,1636157,982642,653515,141000,48,0.0317,33397342,0,1
27,student,medium,5388276,0,3232965,-3232965,432000,40,0.0446,0,432000,0
25,student,medium,0,0,0,0,844000,81,0.0531,0,844000,0
22,student,low,862331,0,337805,-337805,10000,72,0.0179,0,10000,0
23,employee,medium,15035024,3935048,2540670,1394378,450000,18,0.0518,42288382,0,1
41,self_employed,medium,4453381,0,1201798,-1201798,893000,59,0.036,0,893000,0
34,freelancer,low,0,2328196,1902855,425341,105000,21,0.0211,9090981,0,1
19,student,low,6525416,0,2203659,-2203659,415000,62,0.0152,0,415000,0
34,employee,low,5452223,4176420,2963255,1213165,313000,42,0.0105,57533881,0,1
30,employee,medium,9480218,3382027,2103421,1278606,327000,89,0.0506,151529174,0,1
36,professional,medium,7556238,4685400,3644092,1041308,955000,69,0.0583,95673555,0,1
37,professional,low,39339082,5392707,4270859,1121848,246000,30,0.0159,75243342,0,1
23,student,low,0,0,0,0,10000,92,0.018,0,10000,0
27,freelancer,high,0,0,0,0,10000,68,0.0847,0,10000,0
20,student,medium,3280902,1490513,1034028,456485,1137000,39,0.031,22333448,0,1
23,student,medium,5785663,0,1727731,-1727731,820000,82,0.044,0,820000,0
23,employee,medium,18812509,4681801,3536479,1145322,1294000,49,0.0437,83797994,0,1
21,student,high,0,0,0,0,10000,36,0.0794,0,10000,0
31,self_employed,medium,0,4944956,1972550,2972406,10000,47,0.0322,148682611,0,1
39,employee,low,12663839,3438179,2468788,969391,2354000,74,0.0178,89892683,0,1
34,employee,medium,27908518,3921319,3064443,856876,795000,79,0.035,111131654,0,1
47,professional,high,28129443,3823044,2060307,1762737,10000,60,0.0806,171756744,0,1
33,employee,medium,13541392,3469106,2717541,751565,10000,31,0.0476,40048955,0,1
23,student,medium,5376994,781647,620929,160718,920000,27,0.034,10306908,0,1
46,self_employed,low,0,2871207,2108775,762432,2434000,61,0.0197,48874635,0,1
29,employee,medium,20552290,4208434,3323637,884797,1053000,79,0.0381,105705140,0,1
22,student,low,0,0,0,0,1466000,71,0.0229,0,1466000,0
19,student,medium,7487468,1944903,1942229,2674,828000,44,0.0355,8652183,0,1
36,self_employed,low,20936467,2271433,1587174,684259,1019000,73,0.0147,75112721,0,1
30,professional,low,22161230,4088527,2784805,1303722,598000,79,0.0164,133367313,0,1
33,employee,medium,15332664,3512496,1820933,1691563,1762000,90,0.0596,215316527,0,1
34,self_employed,low,0,2374724,2211632,163092,589000,64,0.0276,11231355,0,1
27,freelancer,low,8596307,0,1220559,-1220559,982000,34,0.0194,0,982000,0
28,employee,low,7044367,5385134,3072250,2312884,54000,30,0.0147,77941106,0,1
25,student,low,1417025,536033,269958,266075,539000,86,0.0223,26449806,0,1
37,freelancer,medium,0,3877434,2668641,1208793,2045000,50,0.0561,67909779,0,1
23,student,low,4098192,0,359078,-359078,717000,38,0.0191,0,717000,0
37,employee,medium,24484767,3977462,2450806,1526656,951000,10,0.0574,41280889,0,1
29,freelancer,low,4347706,5051667,4454674,596993,10000,91,0.0125,61733205,0,1
26,employee,high,2134576,4646932,2379156,2267776,334000,20,0.0746,50552996,0,1
28,freelancer,high,0,0,0,0,1159000,58,0.0904,0,1159000,0
32,professional,medium,13499131,2908355,1859125,1049230,1217000,81,0.0485,119027707,0,1
19,student,low,0,0,0,0,1417000,70,0.0209,0,1417000,0
24,student,medium,0,0,0,0,752000,14,0.0481,0,752000,0
24,student,medium,10205403,0,3300735,-3300735,1185000,75,0.0586,0,1185000,0
31,self_employed,high,28059730,2649293,1215373,1433920,178000,46,0.0796,114868214,0,1
38,employee,medium,19406734,3677713,2071535,1606178,10000,45,0.0482,102291816,0,1
39,employee,low,34208878,2875799,1745584,1130215,10000,38,0.0132,79502110,0,1
25,employee,medium,20099108,2590929,1187994,1402935,641000,62,0.0359,119603908,0,1
32,employee,medium,18199688,1118273,829680,288593,1571000,60,0.045,42160030,0,1
26,student,high,5123264,0,151876,-151876,231000,68,0.0926,0,231000,0
51,self_employed,medium,48083273,2651073,1739598,911475,2038000,78,0.0316,137839543,0,1
34,freelancer,medium,0,0,0,0,263000,40,0.0466,0,263000,0
35,employee,low,45114556,3854730,2425965,1428765,350000,50,0.0147,121587330,0,1
28,freelancer,high,15404470,0,4828018,-4828018,950000,105,0.0699,0,950000,0
51,professional,high,22185190,4766530,3815961,950569,10000,52,0.0737,88529285,0,1
23,student,medium,2710159,0,824697,-824697,320000,42,0.043,0,320000,0
35,professional,medium,28238556,0,0,0,10000,54,0.0478,35000453,0,1
23,student,medium,747316,1929135,1273168,655967,1385000,61,0.0334,44431065,0,1
23,student,low,4890048,0,718294,-718294,10000,56,0.0286,0,10000,0
21,student,medium,0,2142093,1392497,749596,10000,3,0.0497,2258115,0,1
25,employee,low,19873730,2506105,1363611,1142494,1149000,1,0.0239,21055806,0,1
37,employee,low,38867473,3477605,2322536,1155069,10000,35,0.0165,82169219,0,1
24,student,low,4586881,0,226876,-226876,10000,29,0.026,0,10000,0
36,professional,medium,19065099,6692659,4174319,2518340,18000,85,0.0581,292789210,0,1
36,self_employed,medium,6743873,2547363,2522302,25061,1521000,21,0.0332,7687824,0,1
26,employee,low,7560048,3847894,2332090,1515804,10000,33,0.018,59184260,0,1
33,employee,medium,10098032,2874296,2158555,715741,761000,59,0.0381,58537092,0,1
34,employee,low,10570272,4274310,3063172,1211138,1004000,2,0.0149,13020318,0,1
22,student,medium,0,1975992,1553101,422891,438000,14,0.0301,6017978,0,1
42,employee,medium,3289255,3187101,1561619,1625482,245000,36,0.0395,65719780,0,1
43,self_employed,medium,8140901,0,2974964,-2974964,351000,59,0.0549,0,351000,0
23,student,low,4740933,0,1236222,-1236222,770000,69,0.0183,0,770000,0
34,freelancer,medium,0,0,0,0,1002000,91,0.0384,0,1002000,0
31,self_employed,high,13525984,0,2399764,-2399764,279000,51,0.0841,0,279000,0
26,student,medium,4981337,1734095,881725,852370,10000,40,0.0346,41673064,0,1
29,self_employed,high,0,3513706,3004440,509266,1843000,18,0.0882,9762564,0,1
33,employee,high,17362250,3018774,2451561,567213,2059000,74,0.071,79338162,0,1
24,student,medium,8467575,752427,622884,129543,231000,55,0.0309,17397625,0,1
40,freelancer,medium,5259289,0,1241438,-1241438,10000,46,0.0358,0,10000,0
22,student,medium,0,942439,559456,382983,770000,68,0.0505,30078817,0,1
20,student,medium,1943091,0,199099,-199099,926000,78,0.0311,0,926000,0
24,professional,low,22475067,5120339,2558579,2561760,863000,37,0.0121,119854856,0,1
41,freelancer,high,9428657,3113944,2627896,486048,618000,66,0.0633,51595552,0,1
22,employee,medium,35924495,3444209,1789603,1654606,1296000,27,0.0537,87900128,0,1
28,freelancer,medium,6868463,2604335,1817907,786428,10000,38,0.032,39006781,0,1
41,self_employed,medium,30935584,0,7466343,-7466343,640000,62,0.053,0,640000,0
21,student,low,1999543,542295,424766,117529,1826000,69,0.0277,11124416,0,1
31,employee,low,4438631,2784425,1517531,1266894,1409000,27,0.0118,39205006,0,1
19,student,high,8796513,0,4485280,-4485280,10000,22,0.0941,0,10000,0
52,freelancer,low,33902540,0,15618967,-15618967,1184000,34,0.016,0,1184000,0
48,professional,low,22150486,4699614,2647276,2052338,518000,69,0.0231,176584965,0,1
35,freelancer,high,0,2759644,2191180,568464,935000,37,0.0651,23223266,0,1
21,student,high,0,2457193,1606531,850662,275000,53,0.0828,54209787,0,1
20,student,medium,1955339,0,608827,-608827,10000,42,0.0336,0,10000,0
23,student,high,4377872,0,1384536,-1384536,272000,31,0.0651,0,272000,0
35,freelancer,low,4247225,3165129,2278259,886870,1536000,42,0.0131,42540777,0,1
29,employee,medium,9645614,2376917,1529955,846962,1715000,87,0.0383,97504764,0,1
38,freelancer,medium,6797224,0,1372296,-1372296,10000,83,0.049,0,10000,0
43,freelancer,low,10577869,0,0,0,648000,67,0.0175,11662763,0,1
27,freelancer,low,20608116,3344667,2311427,1033240,1175000,78,0.0125,106263291,0,1
21,student,low,1185694,450398,553858,-103460,1365000,60,0.0141,0,1365000,0
24,employee,medium,32597597,4536204,3173957,1362247,1107000,75,0.0504,164436208,0,1
34,professional,medium,18233087,4447140,2519660,1927480,10000,30,0.048,81859704,0,1
36,professional,low,28334156,6777290,4917711,1859579,1380000,3,0.0165,34037606,0,1
27,freelancer,low,4001606,156548,81339,75209,1350000,33,0.0106,6637213,0,1
23,employee,medium,27119448,2633403,1597014,1036389,10000,54,0.0444,94926469,0,1
23,student,low,871524,1750689,734531,1016158,253000,35,0.0122,37090229,0,1
47,employee,medium,0,1986304,1449999,536305,712000,40,0.051,23329639,0,1
27,self_employed,high,7544661,3843559,1844082,1999477,10000,51,0.0813,131968306,0,1
44,freelancer,medium,0,0,0,0,10000,52,0.0314,0,10000,0
21,student,medium,0,534831,525361,9470,10000,86,0.0579,1006440,0,1
25,self_employed,medium,7376034,3408042,1635029,1773013,791000,57,0.0369,119061471,0,1
31,employee,medium,20596509,2899868,1718451,1181417,10000,12,0.0398,35869867,0,1
50,employee,low,13061313,4370844,4040588,330256,1351000,65,0.0278,38319607,0,1
37,employee,low,0,3652001,2214280,1437721,1620000,69,0.027,107187689,0,1
20,student,medium,0,1512997,907934,605063,10000,3,0.0403,1821292,0,1
28,employee,low,21393992,2796748,1923394,873354,1743000,24,0.0143,43264587,0,1
24,student,medium,0,0,0,0,498000,48,0.0419,0,498000,0
49,self_employed,medium,7704373,0,1816692,-1816692,1515000,50,0.0541,0,1515000,0
28,employee,low,1075089,0,446392,-446392,227000,38,0.0258,0,227000,0
25,employee,low,16131568,2750613,1534312,1216301,231000,67,0.0234,105345528,0,1
37,freelancer,medium,0,5578993,3962593,1616400,10000,69,0.0492,128604413,0,1
39,employee,high,8934976,3509099,2616912,892187,10000,49,0.0744,62997350,0,1
31,freelancer,medium,0,0,0,0,605000,39,0.0558,0,605000,0
47,self_employed,medium,17468236,0,2457975,-2457975,487000,56,0.0325,0,487000,0
26,employee,medium,3472632,1151260,603452,547808,1441000,79,0.0466,55252202,0,1
49,professional,medium,31892445,4332370,2408712,1923658,90000,64,0.033,172431847,0,1
31,professional,high,0,3385664,1891687,1493977,392000,31,0.0647,50261679,0,1
23,student,high,2340295,0,678240,-678240,10000,61,0.0617,0,10000,0
24,student,medium,0,1284448,892033,392415,10000,29,0.0561,12157172,0,1
40,employee,medium,41417367,0,15961461,-15961461,10000,44,0.0305,0,10000,0
25,student,low,6983921,1332569,1284642,47927,282000,39,0.0295,9644914,0,1
21,student,low,8132685,0,3907814,-3907814,331000,52,0.0205,0,331000,0
25,freelancer,high,30715066,4374974,2842512,1532462,515000,29,0.0732,85092673,0,1
23,student,low,2604793,1920522,1273712,646810,10000,55,0.0275,40821828,0,1
24,student,low,0,204989,170212,34777,1457000,28,0.0275,1004489,452511,0
36,employee,high,28075098,1643940,1277333,366607,758000,10,0.0756,33666593,0,1
38,professional,high,3559349,4544141,2978247,1565894,1414000,62,0.0716,122207880,0,1
23,student,low,0,0,0,0,1466000,49,0.0254,0,1466000,0
22,student,low,1311401,0,416114,-416114,108000,21,0.0279,0,108000,0
42,self_employed,medium,38359307,4444177,4241824,202353,3512000,18,0.0406,44512815,0,1
38,professional,low,35146282,5135592,2598541,2537051,10000,86,0.0124,266462528,0,1
46,self_employed,medium,29230993,4884147,3379221,1504926,913000,55,0.0311,122540189,0,1
38,freelancer,medium,15940049,3568655,2971231,597424,989000,38,0.0557,43771749,0,1
41,self_employed,low,0,3573103,2452819,1120284,697000,68,0.0121,78810617,0,1
29,freelancer,low,3312941,3476859,2928594,548265,2337000,1,0.0293,3869295,0,1
42,self_employed,medium,18927198,0,5441257,-5441257,10000,42,0.0413,0,10000,0
22,freelancer,medium,37644114,0,3201170,-3201170,2264000,38,0.0349,0,2264000,0
22,student,high,4445284,0,1737592,-1737592,10000,9,0.0739,0,10000,0
37,professional,medium,25118689,6454891,3730484,2724407,1339000,61,0.0388,213969640,0,1
51,self_employed,high,33519294,0,8826468,-8826468,545000,47,0.081,0,545000,0
44,self_employed,medium,39896337,3870856,2516856,1354000,422000,66,0.0401,149522121,0,1
38,employee,high,18752442,3204700,2238311,966389,10000,11,0.0966,31550096,0,1
26,employee,medium,8581299,2710467,1168482,1541985,2563000,24,0.0344,47445268,0,1
22,student,low,2319878,0,397064,-397064,1836000,68,0.0298,0,1836000,0
25,employee,medium,17844612,3719890,2406605,1313285,10000,58,0.0393,105305828,0,1
21,student,low,2114372,0,114616,-114616,10000,53,0.0298,0,10000,0
25,freelancer,medium,14013040,0,3266061,-3266061,376000,38,0.0419,0,376000,0
48,employee,low,18569250,3094501,1563224,1531277,1245000,20,0.0247,50580676,0,1
19,student,medium,0,0,0,0,10000,40,0.0423,0,10000,0
24,student,medium,4807319,0,464374,-464374,10000,40,0.0515,0,10000,0
25,employee,low,8116145,2995255,1314965,1680290,184000,56,0.0292,109977221,0,1
42,professional,medium,0,5767354,4341907,1425447,912000,54,0.0316,82599283,0,1
46,employee,low,10403971,4002844,2196521,1806323,10000,76,0.0229,159609830,0,1
36,freelancer,medium,13097346,6017670,3355084,2662586,10000,66,0.0406,212894045,0,1
35,freelancer,medium,16287718,7211770,3657497,3554273,1455000,26,0.0489,115379641,0,1
30,employee,low,3703443,3482060,1911720,1570340,769000,79,0.0205,136934691,0,1
26,student,high,0,0,0,0,10000,58,0.0973,0,10000,0
28,employee,medium,19935029,0,3709626,-3709626,928000,50,0.0425,0,928000,0
21,student,low,0,801851,516176,285675,10000,72,0.0177,21683653,0,1
27,freelancer,high,3129384,0,706816,-706816,271000,14,0.0959,0,271000,0
27,employee,low,28481878,3298324,1806306,1492018,10000,59,0.0237,125263620,0,1
29,freelancer,medium,8028396,4052772,2776657,1276115,408000,20,0.054,35426100,0,1
34,freelancer,high,27458749,2806365,1763792,1042573,10000,39,0.0802,81880313,0,1
22,student,medium,0,0,0,0,10000,53,0.0324,0,10000,0
34,freelancer,medium,30812428,0,15871383,-15871383,1056000,45,0.0342,0,1056000,0
30,employee,high,5060637,3416659,2268853,1147806,1987000,86,0.0773,140127419,0,1
28,professional,low,32295967,6378878,2672834,3706044,10000,41,0.0266,194247520,0,1
32,freelancer,low,6342926,2236619,1602059,634560,10000,87,0.0276,68786596,0,1
22,student,medium,8166282,0,2394704,-2394704,10000,84,0.0312,0,10000,0
42,professional,medium,2295140,4455319,2781799,1673520,880000,60,0.0339,111973679,0,1
21,student,low,3157574,1275563,690064,585499,3513000,14,0.0253,11562335,0,1
42,employee,low,26784775,3812735,2638258,1174477,1964000,1,0.0235,28011706,0,1
38,professional,low,45737027,3418731,2003168,1415563,10000,21,0.02,77592326,0,1
25,freelancer,high,8764024,0,1035543,-1035543,10000,69,0.0829,0,10000,0
23,student,high,0,0,0,0,1580000,52,0.0857,0,1580000,0
23,student,low,2887576,0,1583590,-1583590,10000,61,0.0261,0,10000,0
26,student,medium,0,1123722,794483,329239,10000,37,0.0508,13157642,0,1
32,employee,low,36682921,3219656,2360505,859151,2465000,29,0.0222,64274353,0,1
24,student,medium,1475481,0,359645,-359645,69000,81,0.0351,0,69000,0
40,employee,high,26567566,3439430,1682201,1757229,1598000,10,0.0735,46305044,0,1
22,student,low,2953546,0,1077774,-1077774,10000,33,0.0196,0,10000,0
41,employee,low,6447546,2822143,1347377,1474766,10000,58,0.021,97081039,0,1
44,professional,medium,0,2838552,1839776,998776,740000,10,0.0539,10192075,0,1
27,self_employed,low,32273711,0,6920962,-6920962,1363000,40,0.0188,0,1363000,0
27,employee,medium,14120895,2119673,1195970,923703,200000,65,0.0527,88086822,0,1
20,student,medium,0,1980740,700256,1280484,398000,42,0.0581,59479726,0,1
34,self_employed,high,10392326,0,3103807,-3103807,362000,96,0.0665,0,362000,0
34,freelancer,medium,6124419,0,1686764,-1686764,1193000,15,0.0422,0,1193000,0
34,professional,medium,53168092,6432112,4489206,1942906,18000,45,0.0589,163845397,0,1
21,student,low,378695,197318,138585,58733,2863000,34,0.0291,2490131,372869,0
42,freelancer,low,8905092,4250341,4540492,-290151,771000,29,0.0159,681351,89649,0
24,employee,medium,17183895,3395425,1386746,2008679,109000,56,0.0434,145472278,0,1
31,self_employed,medium,35840022,0,4934889,-4934889,807000,26,0.0474,0,807000,0
21,student,medium,3854525,0,1275255,-1275255,10000,56,0.0541,0,10000,0
27,employee,medium,1415311,3328650,2392914,935736,593000,66,0.0519,73179813,0,1
43,professional,high,51984543,4227181,2995174,1232007,10000,55,0.0908,162343804,0,1
24,professional,medium,14616329,2752107,1481548,1270559,1490000,102,0.0398,174402543,0,1
31,freelancer,medium,11759835,5010464,3553904,1456560,1487000,5,0.0359,19263304,0,1
33,professional,medium,28295701,2608421,1587561,1020860,1613000,74,0.0584,131202268,0,1
34,employee,high,26511043,4193784,2312586,1881198,10000,56,0.0732,162394342,0,1
43,employee,low,36328025,5195077,3222404,1972673,545000,25,0.0205,88252947,0,1
35,self_employed,low,48850775,0,12202790,-12202790,1068000,55,0.0151,0,1068000,0
36,self_employed,low,44863800,0,20000000,-20000000,1356000,48,0.0218,0,1356000,0
32,employee,low,5244654,1913957,1386916,527041,67000,78,0.0142,48790942,0,1
41,self_employed,high,24892591,0,8295720,-8295720,339000,38,0.0608,0,339000,0
23,student,low,3060896,0,200625,-200625,1633000,46,0.0139,0,1633000,0
36,self_employed,medium,0,0,0,0,10000,90,0.0589,0,10000,0
41,freelancer,medium,5154098,2412974,2019935,393039,170000,49,0.0515,27740289,0,1
22,student,low,0,1678357,1105510,572847,10000,18,0.0238,10486929,0,1
39,self_employed,low,24008371,0,7203684,-7203684,736000,60,0.0226,0,736000,0
23,student,low,3595165,0,671596,-671596,325000,73,0.0136,0,325000,0
22,employee,medium,36030790,2151824,1170813,981011,2005000,4,0.042,40482569,0,1
50,self_employed,medium,18259292,0,2687371,-2687371,809000,65,0.0334,0,809000,0
22,student,low,1624153,0,416309,-416309,10000,14,0.0157,0,10000,0
36,employee,low,13691720,2672730,1375026,1297704,1411000,11,0.014,28226764,0,1
26,employee,medium,14067627,3490443,2416047,1074396,10000,24,0.0353,41772054,0,1
49,self_employed,medium,30886543,3108182,2395668,712514,10000,58,0.0319,80646075,0,1
31,employee,medium,10148807,3429172,2581858,847314,71000,1,0.0487,11037308,0,1
48,self_employed,medium,3646118,5521357,4632342,889015,10000,60,0.0374,62948837,0,1
34,freelancer,low,39387308,0,20000000,-20000000,1093000,63,0.0189,0,1093000,0
23,student,medium,9141847,276151,180437,95714,10000,93,0.0361,22341699,0,1
27,student,low,0,862668,669359,193309,1336000,78,0.0184,16003806,0,1
40,freelancer,low,22145768,0,9559767,-9559767,10000,75,0.0249,0,10000,0
25,student,low,5827331,0,1690004,-1690004,1055000,77,0.011,0,1055000,0
38,employee,high,21774062,2522803,1976002,546801,627000,38,0.0744,50887775,0,1
21,student,medium,4795248,1671762,1079231,592531,10000,75,0.0361,55775840,0,1
21,student,low,0,0,0,0,1415000,67,0.0236,0,1415000,0
35,self_employed,medium,13524371,0,7128386,-7128386,1801000,24,0.0302,0,1801000,0
22,student,medium,5167711,0,153578,-153578,857000,21,0.0545,2307710,0,1
23,student,medium,2478590,874471,632956,241515,1004000,59,0.0576,19714402,0,1
26,freelancer,medium,0,2508752,1382680,1126072,137000,45,0.0526,55881496,0,1
22,student,low,3797131,0,2088219,-2088219,10000,102,0.0133,0,10000,0
35,self_employed,low,50997210,4615780,3255425,1360355,1149000,54,0.0224,133613815,0,1
30,employee,high,34286780,4072475,3068023,1004452,2305000,110,0.0604,206679970,0,1
21,student,medium,0,0,0,0,10000,22,0.0307,0,10000,0
28,employee,medium,0,2798148,2058674,739474,10000,115,0.0525,110214185,0,1
40,professional,high,33248071,5825875,3085453,2740422,10000,68,0.0924,299701582,0,1
53,self_employed,low,28026531,3132742,1997617,1135125,10000,46,0.0111,82561601,0,1
40,self_employed,medium,31583224,0,1312708,-1312708,18000,44,0.0552,0,18000,0
25,student,medium,6962655,0,2144294,-2144294,1315000,38,0.0309,0,1315000,0
31,employee,low,3992241,1404118,645632,758486,2452000,38,0.0193,33940479,0,1
22,student,medium,0,0,0,0,10000,82,0.0448,0,10000,0
26,freelancer,low,2131212,0,644330,-644330,697000,71,0.0127,0,697000,0
23,student,low,2436897,0,975554,-975554,1579000,78,0.0103,0,1579000,0
27,student,medium,2642188,70729,36832,33897,2396000,36,0.0432,4307498,0,1
23,student,medium,0,1653340,1174572,478768,10000,14,0.0568,6912929,0,1
25,employee,medium,14152012,1718648,752981,965667,10000,51,0.0361,69636615,0,1
22,employee,medium,19083056,4817184,4101044,716140,827000,28,0.0387,41833250,0,1
24,freelancer,low,7003116,0,2835130,-2835130,769000,47,0.0138,0,769000,0
41,self_employed,medium,40286272,0,3330937,-3330937,344000,25,0.0389,0,344000,0
31,employee,medium,13235374,3915908,2404367,1511541,344000,31,0.0506,65025460,0,1
20,student,medium,1559613,727082,530113,196969,10000,58,0.04,14471891,0,1
33,employee,medium,23906773,2727797,1596751,1131046,819000,46,0.0341,82737825,0,1
46,self_employed,medium,26933721,0,9790310,-9790310,548000,53,0.0409,0,548000,0
32,professional,high,4770803,4854967,3187709,1667258,1435000,72,0.0793,160755046,0,1
23,student,low,0,0,0,0,10000,60,0.0172,0,10000,0
31,self_employed,high,1730716,5079082,4201404,877678,10000,75,0.0734,85941937,0,1
29,self_employed,medium,0,0,0,0,10000,75,0.0528,0,10000,0
19,student,low,7549290,0,3664864,-3664864,10000,64,0.0139,0,10000,0
31,employee,medium,4405403,2781351,1547507,1233844,68000,43,0.0404,62075250,0,1
37,professional,high,0,2723216,2253617,469599,848000,62,0.0669,34666292,0,1
31,employee,medium,6901375,3285205,1737570,1547635,10000,120,0.0442,243736372,0,1
38,employee,high,9629121,3372196,2546333,825863,1172000,38,0.0951,49450993,0,1
25,freelancer,high,28679297,2611010,1907903,703107,521000,76,0.077,115223350,0,1
26,freelancer,medium,34477190,3093967,2238000,855967,116000,19,0.0509,54263836,0,1
31,employee,medium,32652812,4757027,3328847,1428180,567000,31,0.0373,82351621,0,1
20,student,low,0,0,0,0,10000,54,0.0179,0,10000,0
31,freelancer,high,12520620,3885065,2451038,1434027,1016000,72,0.073,148450538,0,1
19,student,low,0,0,0,0,1367000,45,0.0186,0,1367000,0
26,employee,low,3262900,3229171,2221559,1007612,10000,14,0.0268,17679603,0,1
47,self_employed,high,0,4377099,2804165,1572934,1638000,69,0.0851,139379383,0,1
33,employee,low,32873877,0,13505775,-13505775,764000,66,0.0232,0,764000,0
23,freelancer,medium,0,2725739,2369893,355846,1627000,42,0.0586,16543937,0,1
22,student,medium,6397128,0,517759,-517759,10000,30,0.0402,0,10000,0
35,employee,low,10754847,2973381,1466952,1506429,10000,50,0.0145,89019240,0,1
39,employee,medium,23796155,2607625,1156379,1451246,2714000,9,0.0488,37957102,0,1
22,student,low,0,462347,284140,178207,94000,67,0.0164,12494657,0,1
31,professional,medium,31014574,5500766,3627552,1873214,470000,25,0.0478,83394074,0,1
35,freelancer,low,11013490,1007758,545753,462005,1639000,24,0.0178,22691670,0,1
25,self_employed,high,0,5252532,3458501,1794031,1214000,21,0.0851,40470334,0,1
28,self_employed,medium,36582921,1286511,1093270,193241,1382000,50,0.0451,54737938,0,1
23,employee,high,28074742,2280850,1308102,972748,2213000,41,0.0827,83111894,0,1
45,freelancer,high,38831789,0,5315410,-5315410,10000,60,0.0727,0,10000,0
24,student,low,9856318,1563266,1042110,521156,10000,66,0.0136,46315807,0,1
50,self_employed,medium,0,6603845,4594150,2009695,146000,43,0.0459,93735489,0,1
21,student,high,1093153,0,599023,-599023,251000,63,0.073,0,251000,0
34,employee,medium,22548218,3442334,2170546,1271788,2067000,75,0.0404,137313724,0,1
39,employee,medium,12542927,4671925,2992261,1679664,1022000,88,0.0464,193285189,0,1
39,self_employed,high,19221280,0,8542817,-8542817,2220000,86,0.0665,0,2220000,0
22,student,low,1582628,0,503180,-503180,10000,70,0.0201,0,10000,0
25,student,low,4900706,0,2264117,-2264117,65000,68,0.0155,0,65000,0
46,professional,medium,47776989,4552485,2132092,2420393,888000,35,0.0316,141001707,0,1
29,employee,high,24196545,1879665,1052746,826919,10000,60,0.0782,96203419,0,1
37,self_employed,medium,6128281,3973021,2743871,1229150,171000,44,0.0551,67278525,0,1
40,self_employed,medium,0,7964466,6240914,1723552,912000,53,0.0557,103295227,0,1
36,freelancer,low,0,2485679,1570694,914985,1322000,55,0.0184,52465176,0,1
21,student,high,3783731,0,754477,-754477,10000,41,0.0642,0,10000,0
23,student,low,0,1706398,1700662,5736,10000,50,0.0159,296311,0,1
33,employee,high,14246945,3588206,2123975,1464231,486000,37,0.0732,78413366,0,1
32,professional,low,20292124,6357368,2558565,3798803,2496000,50,0.021,220462610,0,1
23,employee,high,4203169,4832381,2614648,2217733,1865000,59,0.0681,160767973,0,1
28,employee,high,15614114,2012208,1625024,387184,831000,44,0.0876,41508221,0,1
32,employee,low,19243650,2585458,1792109,793349,1240000,43,0.0118,54902388,0,1
19,student,medium,0,0,0,0,10000,38,0.049,0,10000,0
35,freelancer,low,21982144,4105788,1737791,2367997,2515000,37,0.0191,113487831,0,1
45,self_employed,medium,19980105,1757517,1599839,157678,746000,113,0.0497,54536166,0,1
34,employee,medium,16029267,4364837,3470791,894046,597000,47,0.0353,63395014,0,1
33,employee,low,29966616,2256304,1197896,1058408,1746000,36,0.0144,70202568,0,1
19,student,medium,5688132,0,1737646,-1737646,1820000,36,0.0445,0,1820000,0
29,employee,medium,34683268,3462828,2227873,1234955,10000,64,0.0362,129095524,0,1
43,self_employed,low,15464950,4611316,3669232,942084,1375000,50,0.0265,67013443,0,1
24,employee,medium,36463170,4987622,2486612,2501010,642000,86,0.0586,321938526,0,1
21,student,medium,0,477540,496949,-19409,1010000,27,0.0301,0,1010000,0
19,student,high,0,276094,249829,26265,10000,66,0.0684,2097437,0,1
26,professional,medium,56407674,2101232,1343530,757702,33000,15,0.0503,71765433,0,1
28,employee,medium,4854489,2855506,1712868,1142638,1010000,48,0.0358,64474483,0,1
38,freelancer,high,19061420,0,1561329,-1561329,2041000,35,0.0668,0,2041000,0
29,employee,low,28980350,2463136,1608505,854631,995000,69,0.0198,94874899,0,1
23,student,low,0,0,0,0,10000,2,0.0199,0,10000,0
24,student,low,7734201,0,4148921,-4148921,1380000,106,0.0103,0,1380000,0
41,employee,medium,28332629,3452651,2180643,1272008,230000,38,0.0576,86873522,0,1
28,student,low,10238761,0,1408285,-1408285,1491000,42,0.029,0,1491000,0
28,self_employed,medium,39268251,7352398,4630031,2722367,10000,48,0.0555,194942144,0,1
23,student,medium,5282325,1610884,1587501,23383,69000,100,0.06,11722448,0,1
42,freelancer,high,0,0,0,0,75000,57,0.0652,0,75000,0
26,freelancer,high,18870903,0,4757394,-4757394,195000,46,0.0645,0,195000,0
24,student,low,0,0,0,0,10000,48,0.0252,0,10000,0
34,professional,medium,4261638,4850571,2556255,2294316,187000,38,0.036,96977006,0,1
46,self_employed,medium,0,0,0,0,1669000,39,0.0525,0,1669000,0
22,student,medium,6590422,0,3954253,-3954253,10000,64,0.0463,0,10000,0
24,student,medium,0,158630,132411,26219,176000,78,0.0348,2291143,0,1
20,student,low,4124675,0,655346,-655346,604000,60,0.0235,0,604000,0
29,employee,high,16776928,3661525,3327352,334173,1922000,61,0.0811,50426920,0,1
32,employee,low,6855567,2456719,1768574,688145,10000,73,0.0298,63217673,0,1
22,student,low,3330228,2553276,1991547,561729,1173000,36,0.0272,24658426,0,1
25,student,high,1723373,1215863,474372,741491,708000,41,0.0682,36300578,0,1
22,employee,low,6273754,3252952,1654974,1597978,10000,56,0.0158,99558577,0,1
35,employee,low,28789150,3394857,1651859,1742998,411000,43,0.0154,107426080,0,1
33,freelancer,low,561270,3497421,2435440,1061981,1804000,1,0.027,1624514,179486,0
38,employee,medium,30599553,3131776,1917752,1214024,1628000,55,0.0351,108259663,0,1
39,freelancer,medium,19587216,5575461,4303641,1271820,10000,37,0.0495,73535309,0,1
20,student,medium,2390499,952306,502036,450270,1375000,15,0.0494,9494637,0,1
47,employee,high,26976291,4081611,2986480,1095131,1763000,52,0.0993,112211397,0,1
23,student,medium,0,0,0,0,10000,23,0.0366,0,10000,0
31,professional,high,68572045,3363761,1944934,1418827,305000,53,0.0607,175589705,0,1
33,employee,high,32831769,1600426,1032479,567947,10000,14,0.074,44060678,0,1
25,student,low,0,0,0,0,991000,34,0.027,0,991000,0
31,employee,low,12250953,5317130,3384975,1932155,10000,23,0.0296,58631617,0,1
26,student,medium,438804,0,18999,-18999,10000,39,0.0398,0,10000,0
20,student,low,0,1049123,588797,460326,1622000,18,0.0228,8421050,0,1
26,employee,low,18157581,0,1510588,-1510588,1664000,10,0.0221,3263081,0,1
28,self_employed,medium,41897977,3402653,2284304,1118349,250000,50,0.0546,115203943,0,1
31,employee,medium,32230339,2356398,1379098,977300,783000,74,0.0581,132800166,0,1
47,self_employed,medium,23565746,4795272,3707011,1088261,586000,11,0.0599,37166648,0,1
51,self_employed,high,12628837,0,4809670,-4809670,211000,65,0.0625,0,211000,0
22,student,low,2678036,0,490188,-490188,10000,66,0.0138,0,10000,0
36,professional,medium,0,4455238,2755757,1699481,890000,10,0.0566,17360099,0,1
31,professional,medium,28181277,4712401,3379650,1332751,10000,32,0.0314,75063146,0,1
42,employee,low,23285491,0,509818,-509818,10000,14,0.0194,16605152,0,1
30,employee,medium,15327370,2518945,1954870,564075,10000,67,0.0577,65602740,0,1
22,student,low,11937055,0,3682642,-3682642,10000,19,0.0292,0,10000,0
37,self_employed,medium,13470464,6348074,5237886,1110188,171000,43,0.0325,65688293,0,1
26,employee,medium,118131,2979810,2030976,948834,102000,35,0.0526,35945120,0,1
25,student,medium,7170458,0,1867322,-1867322,2661000,85,0.0545,0,2661000,0
27,self_employed,high,28885737,7075356,5226463,1848893,256000,81,0.0661,233178501,0,1
43,professional,medium,16957156,3160057,1816222,1343835,1542000,43,0.0366,80974776,0,1
33,employee,medium,27554787,2802151,1668678,1133473,555000,20,0.0507,53581875,0,1
23,student,low,2220503,0,1033214,-1033214,241000,54,0.0151,0,241000,0
22,student,medium,1417832,0,334155,-334155,515000,71,0.0417,0,515000,0
25,freelancer,medium,0,475190,309953,165237,10000,42,0.0546,7628353,0,1
23,student,low,2190063,10086,8322,1764,1333000,53,0.0299,2598648,0,1
25,student,low,0,0,0,0,10000,38,0.0211,0,10000,0
44,self_employed,medium,0,0,0,0,418000,49,0.0363,0,418000,0
35,freelancer,low,0,0,0,0,1786000,74,0.019,0,1786000,0
43,employee,high,37354953,2604147,1834174,769973,1924000,59,0.0855,113012548,0,1
23,student,low,4486760,0,1316806,-1316806,281000,79,0.0292,0,281000,0
30,professional,high,46350112,4249296,2314148,1935148,100000,36,0.0863,139183197,0,1
44,self_employed,medium,9831867,2914444,1867186,1047258,10000,23,0.0305,35195480,0,1
29,employee,low,20941260,3657888,1961254,1696634,1550000,55,0.0294,123721656,0,1
35,freelancer,high,19050217,4706437,2624674,2081763,828000,51,0.0794,152457488,0,1
37,freelancer,high,0,4931760,2041982,2889778,398000,42,0.0799,139508529,0,1
27,employee,high,12124212,3741356,2134155,1607201,952000,74,0.0717,167861065,0,1
23,student,low,800544,0,478188,-478188,10000,32,0.0104,0,10000,0
34,employee,low,23348231,4356627,2584650,1771977,491000,43,0.0262,105438921,0,1
39,freelancer,medium,13994707,2228865,1837614,391251,200000,41,0.0505,34092534,0,1
23,student,medium,2550598,0,710652,-710652,325000,64,0.0384,0,325000,0
36,freelancer,high,31627631,1338078,1130338,207740,1289000,73,0.0759,69311663,0,1
24,student,low,0,0,0,0,177000,32,0.0223,0,177000,0
40,professional,high,52600831,6410301,3974530,2435771,152000,121,0.0874,596882664,0,1
41,professional,high,19720226,6723878,5000786,1723092,10000,27,0.0797,74351343,0,1
43,self_employed,high,13134593,2703769,2014913,688856,253000,16,0.067,25853864,0,1
39,self_employed,high,30285894,3387584,2724848,662736,10000,22,0.0758,50375080,0,1
27,employee,low,18993950,4632621,3735495,897126,2439000,45,0.0128,61260068,0,1
22,employee,low,4062752,4756944,2752828,2004116,557000,24,0.0154,53005117,0,1
42,professional,medium,11213072,4649488,3489593,1159895,1392000,38,0.0474,60480137,0,1
24,self_employed,medium,15399640,0,2201993,-2201993,112000,29,0.0501,0,112000,0
22,student,low,337679,0,40650,-40650,872000,62,0.0235,0,872000,0
28,employee,low,6745536,3938213,2864593,1073620,216000,39,0.0205,50469186,0,1
31,employee,medium,12743149,3927746,2599843,1327903,95000,1,0.0495,14123617,0,1
22,student,low,4251488,0,1207684,-1207684,1879000,44,0.0218,0,1879000,0
31,self_employed,medium,10775557,3671504,2449321,1222183,951000,34,0.0537,57316258,0,1
52,self_employed,medium,5902391,5211943,3954081,1257862,10000,26,0.0429,40684812,0,1
21,student,medium,0,1271627,751545,520082,1774000,1,0.0451,520082,1253918,0
29,freelancer,medium,0,2349058,1339303,1009755,511000,42,0.0379,45274841,0,1
23,student,low,0,1299532,762570,536962,672000,1,0.013,536962,135038,0
38,employee,medium,31761107,2974588,2145945,828643,10000,71,0.0479,110005662,0,1
43,professional,low,3844328,5550326,3305247,2245079,10000,46,0.0166,110650950,0,1
23,employee,high,15893111,3067227,2210956,856271,827000,33,0.0906,52323198,0,1
21,student,high,3239348,979802,890436,89366,1366000,4,0.071,3677345,0,1
37,employee,medium,9196260,3551751,1913474,1638277,10000,51,0.0471,103531874,0,1
22,student,high,1720543,0,675929,-675929,10000,47,0.0705,0,10000,0
30,professional,high,45003187,3967942,1922759,2045183,3010000,16,0.0969,85964748,0,1
36,freelancer,high,0,0,0,0,10000,45,0.0891,0,10000,0
50,self_employed,low,20579525,0,7588548,-7588548,10000,40,0.0209,0,10000,0
23,student,low,1069080,0,449627,-449627,49000,27,0.0235,0,49000,0
21,student,low,0,1122616,663438,459178,793000,28,0.0182,13123724,0,1
25,employee,medium,21045575,4314015,3400667,913348,10000,26,0.0403,47733697,0,1
22,employee,medium,11319770,3407502,2156200,1251302,10000,6,0.0366,19093800,0,1
33,self_employed,medium,6501742,3951048,2943789,1007259,82000,33,0.037,42129836,0,1
36,self_employed,medium,11903606,0,619146,-619146,10000,68,0.0534,0,10000,0
22,freelancer,high,0,0,0,0,970000,35,0.0632,0,970000,0
40,self_employed,high,25448036,2456111,1376636,1079475,262000,27,0.0826,62535949,0,1
23,student,low,3305595,0,1662003,-1662003,10000,49,0.0293,0,10000,0
22,student,low,1302425,0,226586,-226586,2318000,87,0.0228,0,2318000,0
35,freelancer,high,6214881,0,2071934,-2071934,585000,43,0.0869,0,585000,0
44,professional,medium,34614433,6040293,3668007,2372286,1385000,18,0.0547,81963870,0,1
47,employee,high,37456396,3843050,1570219,2272831,987000,1,0.0768,39968948,0,1
40,freelancer,medium,6205104,6269346,4840129,1429217,10000,14,0.0523,27180513,0,1
21,student,medium,2484724,2663812,1727580,936232,852000,36,0.0451,38862527,0,1
22,freelancer,low,22177872,9000000,5748033,3251967,444000,48,0.0115,182883381,0,1
22,student,low,8009156,0,4805493,-4805493,1727000,55,0.0126,0,1727000,0
26,student,medium,2630606,0,1050515,-1050515,788000,39,0.0563,0,788000,0
43,self_employed,low,27251751,3658534,904153,2754381,1398000,65,0.0225,220992816,0,1
39,self_employed,medium,0,0,0,0,1438000,65,0.0527,0,1438000,0
22,student,high,9675401,0,3360027,-3360027,219000,58,0.0718,0,219000,0
19,student,medium,2941369,0,1690112,-1690112,352000,86,0.0338,0,352000,0
25,employee,low,10438468,3738871,2692702,1046169,961000,53,0.0247,70161200,0,1
31,self_employed,medium,6411747,0,1661472,-1661472,10000,31,0.0311,0,10000,0
27,employee,medium,45762923,3396819,1922624,1474195,1337000,69,0.04,171730382,0,1
40,self_employed,low,82498585,3892521,2698991,1193530,10000,40,0.0137,135170691,0,1
22,student,low,524818,0,195805,-195805,1318000,11,0.0114,0,1318000,0
40,employee,medium,10101235,2612002,1298090,1313912,1684000,58,0.0359,95094872,0,1
50,employee,high,9309052,0,2615276,-2615276,722000,77,0.0941,0,722000,0
40,employee,medium,16061070,2549135,1510035,1039100,10000,58,0.0484,88031985,0,1
36,freelancer,high,0,0,0,0,1974000,85,0.0712,0,1974000,0
25,professional,medium,21815842,4602876,2420150,2182726,623000,38,0.0435,113787382,0,1
37,self_employed,medium,51138925,2848115,2086816,761299,84000,73,0.0529,135892670,0,1
23,student,low,2392159,0,307876,-307876,10000,46,0.0221,0,10000,0
23,student,low,3284906,1539661,1163102,376559,591000,40,0.023,19185623,0,1
27,student,medium,4528958,824783,450953,373830,222000,93,0.0453,47987094,0,1
35,employee,low,27290661,3559559,1913243,1646316,84000,1,0.0251,28994060,0,1
39,self_employed,high,3727632,0,715966,-715966,2531000,52,0.0813,0,2531000,0
35,employee,low,34573262,3162258,1808335,1353923,850000,73,0.0294,149416729,0,1
28,professional,high,38144146,2969771,1610558,1359213,10000,60,0.0793,156320330,0,1
24,student,low,0,1207475,1121133,86342,1132000,1,0.0106,86342,1045658,0
19,student,low,6537795,771982,606068,165914,560000,40,0.027,14088977,0,1
25,student,medium,1615879,0,218274,-218274,1762000,75,0.0521,0,1762000,0
23,student,high,9732273,260927,179807,81120,10000,69,0.0644,20832677,0,1
51,self_employed,high,11937765,0,5559910,-5559910,10000,38,0.0946,0,10000,0
36,freelancer,medium,19616751,3350482,2436117,914365,734000,29,0.0538,50584095,0,1
32,employee,low,27894837,2546062,1732053,814009,10000,45,0.0281,69573301,0,1
34,self_employed,medium,46084092,5012421,3843876,1168545,1834000,63,0.0532,145606927,0,1
19,student,medium,1520181,1034627,789205,245422,673000,59,0.0595,18807840,0,1
30,professional,medium,24250907,2873556,1776085,1097471,796000,57,0.0563,103193850,0,1
31,freelancer,medium,709356,4502661,3470499,1032162,2052000,29,0.0473,32439691,0,1
32,employee,high,15069811,3381207,2027285,1353922,564000,58,0.074,115587549,0,1
23,student,low,7600178,755142,628333,126809,10000,24,0.0179,10973182,0,1
36,employee,low,0,3136394,1293827,1842567,940000,39,0.0203,74218749,0,1
21,student,high,8044608,0,2811334,-2811334,10000,22,0.0752,0,10000,0
45,freelancer,medium,0,0,0,0,10000,26,0.0343,0,10000,0
25,student,medium,5087233,1695234,1327867,367367,1306000,64,0.0363,32070718,0,1
25,student,medium,2260492,929503,575303,354200,1237000,23,0.0509,11029860,0,1
24,student,low,740547,400863,334457,66406,2569000,60,0.0259,5091784,0,1
24,student,high,4240442,1240792,789630,451162,74000,9,0.071,8629558,0,1
28,employee,low,20022257,3540979,1793247,1747732,999000,67,0.0244,148254353,0,1
42,employee,medium,4848887,4273758,2033400,2240358,213000,55,0.0587,147336053,0,1
37,freelancer,low,41763606,907477,403404,504073,1662000,49,0.0271,72731593,0,1
27,self_employed,high,884229,0,196582,-196582,1588000,60,0.0788,0,1588000,0
50,employee,low,29749764,3309625,2438574,871051,281000,82,0.0287,114994730,0,1
41,professional,low,42686591,3935494,2311634,1623860,980000,78,0.0116,177520476,0,1
24,professional,medium,30789348,4322180,3286313,1035867,1509000,46,0.0567,91330055,0,1
45,employee,low,18359614,1623490,931382,692108,10000,12,0.0296,27329395,0,1
26,student,high,661899,0,191179,-191179,3493000,87,0.0864,0,3493000,0
44,self_employed,high,12415589,0,2765237,-2765237,10000,45,0.0764,0,10000,0
28,employee,medium,9327724,5254781,2975284,2279497,10000,45,0.0342,119881915,0,1
22,freelancer,high,23671693,0,3707772,-3707772,1921000,43,0.0822,0,1921000,0
22,student,low,756392,0,251449,-251449,10000,52,0.016,0,10000,0
21,student,low,1574658,1069062,519225,549837,816000,68,0.015,40712787,0,1
22,employee,low,18285542,3637020,2370202,1266818,10000,38,0.027,70113882,0,1
34,employee,low,20575532,2126703,1498776,627927,10000,76,0.0139,72323739,0,1
38,self_employed,low,18210000,4344271,2094572,2249699,876000,27,0.0237,81533790,0,1
23,student,low,2319341,1071338,537312,534026,3028000,91,0.0184,54773680,0,1
37,employee,low,27728941,3046382,2065525,980857,562000,82,0.0298,123065467,0,1
21,student,low,732033,0,272498,-272498,10000,57,0.0137,0,10000,0
24,freelancer,high,29970270,6537996,4571112,1966884,270000,68,0.0811,216453247,0,1
26,student,low,8138741,0,0,0,92000,49,0.0289,9156847,0,1
33,freelancer,high,33198604,0,12069891,-12069891,949000,10,0.0771,0,949000,0
22,student,medium,7207415,0,1385687,-1385687,10000,44,0.0523,0,10000,0
23,student,medium,1001674,187582,131643,55939,2453000,12,0.0486,1737879,715121,0
23,student,medium,1938315,0,600444,-600444,2064000,28,0.0555,0,2064000,0
23,student,high,1760446,0,591183,-591183,10000,35,0.0866,0,10000,0
35,professional,high,16478296,3230635,2326149,904486,1518000,39,0.0983,64014553,0,1
42,self_employed,high,729363,4336788,1873886,2462902,710000,50,0.0831,147584090,0,1
32,self_employed,medium,12613133,5551784,3939942,1611842,2098000,1,0.0382,14265127,0,1
24,employee,medium,37335751,3739606,2304514,1435092,10000,8,0.0429,50042431,0,1
48,self_employed,high,51341618,0,10743226,-10743226,10000,78,0.0609,0,10000,0
41,employee,medium,0,5003775,2774395,2229380,10000,54,0.0496,134569501,0,1
25,student,low,236820,808257,574674,233583,186000,26,0.013,6399697,0,1
40,employee,medium,28462748,2270339,1659240,611099,642000,88,0.0566,109528399,0,1
54,self_employed,low,0,0,0,0,145000,44,0.0115,0,145000,0
36,self_employed,medium,0,4490230,2070364,2419866,405000,43,0.0387,111422185,0,1
30,freelancer,medium,0,1101399,691149,410250,10000,39,0.0508,17356492,0,1
42,employee,medium,37784870,2310323,1511470,798853,426000,32,0.0574,71571012,0,1
41,employee,medium,14358564,0,5301194,-5301194,618000,65,0.0365,0,618000,0
38,employee,high,10336062,1541034,733374,807660,1189000,49,0.0761,60332472,0,1
22,employee,medium,11672129,3891423,2532607,1358816,10000,19,0.0541,39605867,0,1
40,self_employed,medium,46405411,0,19019436,-19019436,10000,27,0.0442,0,10000,0
46,professional,high,18975625,5140977,2818878,2322099,10000,26,0.0708,87156329,0,1
25,employee,high,18765595,4563908,2825578,1738330,10000,40,0.0882,105645748,0,1
25,student,low,0,0,0,0,196000,40,0.0165,0,196000,0
25,freelancer,medium,12190135,3234755,2128059,1106696,1642000,87,0.0372,126278835,0,1
32,freelancer,high,20462519,4387499,1819512,2567987,2154000,32,0.074,115448311,0,1
33,employee,low,29187474,2497150,1513142,984008,313000,88,0.0269,131150543,0,1
22,student,medium,4577075,0,1657929,-1657929,517000,29,0.0462,0,517000,0
41,self_employed,medium,40844388,0,10004292,-10004292,1540000,39,0.0326,0,1540000,0
39,freelancer,medium,14274937,3392715,2249722,1142993,1473000,54,0.0458,85933371,0,1
21,student,medium,0,0,0,0,1022000,76,0.0565,0,1022000,0
34,employee,low,20952862,4402218,3122324,1279894,10000,64,0.0156,108128981,0,1
37,employee,low,28866349,3369505,1638053,1731452,465000,39,0.0239,101341371,0,1
22,student,low,0,1245440,717577,527863,2242000,5,0.0128,2644952,0,1
20,student,high,2049218,0,479128,-479128,876000,36,0.0808,0,876000,0
22,student,low,9222471,1920335,1396784,523551,1332000,46,0.0226,35188902,0,1
25,student,medium,3371464,0,1778193,-1778193,62000,78,0.0303,0,62000,0
36,employee,medium,502578,3958567,2496430,1462137,1633000,1,0.0377,1966294,0,1
42,self_employed,medium,0,0,0,0,10000,1,0.0405,0,10000,0
22,student,low,0,0,0,0,10000,18,0.0235,0,10000,0
28,employee,low,18335161,0,5205886,-5205886,10000,58,0.0191,0,10000,0
23,student,low,1727612,0,592967,-592967,10000,72,0.0261,0,10000,0
28,freelancer,low,24400042,0,1609194,-1609194,271000,66,0.0221,0,271000,0
46,employee,low,0,0,0,0,726000,23,0.0132,0,726000,0
43,self_employed,low,0,3496924,2086505,1410419,63000,48,0.0293,71734204,0,1
43,freelancer,low,7039143,3936255,2003592,1932663,10000,62,0.0296,137502133,0,1
38,employee,medium,10480240,3421635,1824315,1597320,10000,130,0.038,272228091,0,1
22,employee,medium,35196958,3536781,2247222,1289559,10000,32,0.0349,81806054,0,1
29,employee,medium,16362547,2038491,1173065,865426,826000,53,0.0463,70853121,0,1
26,professional,medium,42703981,2727580,1759155,968425,1617000,57,0.0382,111605701,0,1
40,employee,low,23407553,3043642,2040340,1003302,953000,75,0.025,108715150,0,1
25,student,medium,0,589200,463003,126197,1581000,36,0.0325,4765175,0,1
37,self_employed,low,41508191,8994683,2931639,6063044,10000,44,0.0268,325782562,0,1
31,freelancer,medium,0,3291415,1913148,1378267,2221000,35,0.036,50782724,0,1
26,student,low,4052096,0,66668,-66668,1682000,32,0.0223,2104149,0,1
33,freelancer,high,41894924,3753737,1330941,2422796,10000,1,0.0967,44655323,0,1
40,professional,medium,16586210,7833351,4493874,3339477,1071000,36,0.0481,148205652,0,1
26,student,high,0,6747,4974,1773,869000,77,0.0864,181595,687405,0
24,student,low,0,1355932,892012,463920,10000,70,0.0123,33649921,0,1
45,self_employed,high,1710428,0,150287,-150287,1753000,61,0.0714,0,1753000,0
50,freelancer,low,16712939,2819278,2419697,399581,2614000,57,0.0291,43580832,0,1
22,student,low,3271222,0,1564962,-1564962,293000,47,0.0289,0,293000,0
34,freelancer,medium,12841307,1042841,674254,368587,10000,9,0.0405,16599090,0,1
22,student,low,0,0,0,0,538000,22,0.0178,0,538000,0
22,employee,low,0,1584329,860106,724223,2172000,82,0.0248,64642407,0,1
37,professional,low,58946336,7151825,4620836,2530989,10000,73,0.0164,259279826,0,1
30,self_employed,medium,38547039,0,11970837,-11970837,709000,30,0.0357,0,709000,0
35,freelancer,low,7266013,1950369,832344,1118025,1048000,85,0.0257,112824876,0,1
25,student,medium,3851171,0,2310702,-2310702,586000,56,0.0519,0,586000,0
24,student,medium,5197830,0,651829,-651829,977000,22,0.0535,0,977000,0
23,student,medium,0,623232,394612,228620,375000,13,0.0551,3055335,0,1
22,freelancer,medium,2843054,943221,555100,388121,297000,56,0.0366,27033746,0,1
22,employee,medium,43622273,3237814,2434169,803645,1508000,63,0.0338,107394044,0,1
21,student,low,3027104,0,1212979,-1212979,10000,88,0.027,0,10000,0
36,self_employed,high,39397623,673301,364014,309287,10000,42,0.0721,65394389,0,1
25,employee,high,10520779,3718884,2654969,1063915,758000,42,0.0998,68118317,0,1
39,freelancer,high,1137414,3868804,2595456,1273348,3191000,1,0.0949,2419757,771243,0
23,student,low,1045673,0,229350,-229350,257000,74,0.0117,0,257000,0
21,student,low,9810779,470760,265980,204780,819000,58,0.011,22539158,0,1
28,employee,low,16144094,3697790,2965794,731996,81000,61,0.0173,64265877,0,1
32,employee,low,19421790,2263572,1979500,284072,833000,35,0.0264,31298106,0,1
28,freelancer,high,4751085,0,847499,-847499,10000,63,0.064,0,10000,0
26,student,medium,0,650310,355248,295062,1199000,3,0.0308,887460,311540,0
22,student,low,0,0,0,0,209000,23,0.0192,0,209000,0
24,student,low,0,1785856,1832121,-46265,1317000,57,0.0166,0,1317000,0
40,self_employed,medium,23330983,0,5207621,-5207621,1196000,56,0.0316,0,1196000,0
23,student,low,931233,0,33770,-33770,307000,68,0.0244,0,307000,0
20,student,medium,2685291,0,1611174,-1611174,10000,14,0.0524,0,10000,0
25,employee,low,15673781,3372583,2423429,949154,10000,58,0.0281,76841816,0,1
31,employee,medium,17789176,663463,489857,173606,10000,98,0.0549,49231241,0,1
22,student,low,1745269,0,606758,-606758,2354000,69,0.0177,0,2354000,0
36,employee,low,9280069,3096383,2153979,942404,1392000,35,0.0174,43573148,0,1
52,self_employed,medium,0,1969160,1268453,700707,213000,78,0.0534,65168758,0,1
21,student,medium,0,0,0,0,10000,55,0.0577,0,10000,0
25,employee,high,32944891,2196157,1518433,677724,10000,19,0.0685,50267881,0,1
32,self_employed,medium,16310865,4510764,3769599,741165,2809000,12,0.0333,25893372,0,1
32,employee,high,5591514,3061987,2308992,752995,84000,79,0.0753,85862476,0,1
40,freelancer,low,18076950,2857416,2050019,807397,1005000,81,0.0115,87505937,0,1
24,student,medium,0,0,0,0,10000,39,0.0439,0,10000,0
28,employee,low,16039785,1681821,1115248,566573,541000,71,0.0177,60184926,0,1
32,freelancer,medium,17337323,0,0,0,398000,64,0.0549,23219532,0,1
23,student,low,3003337,0,857549,-857549,10000,23,0.0299,0,10000,0
20,student,high,5235726,310863,224330,86533,1693000,56,0.0917,14038629,0,1
42,employee,low,17400236,3915178,1696332,2218846,2177000,83,0.0102,209403778,0,1
31,professional,high,42017419,6456519,3031526,3424993,10000,47,0.0764,243584930,0,1
44,freelancer,medium,22551192,1155890,916421,239469,10000,47,0.0557,40579377,0,1
23,student,low,1446711,0,796884,-796884,393000,63,0.0229,0,393000,0
22,employee,medium,20296825,3836841,1686512,2150329,1223000,60,0.0564,175539984,0,1
33,employee,medium,14560607,660275,422825,237450,44000,55,0.053,33300246,0,1
25,freelancer,medium,10021216,0,1799078,-1799078,10000,24,0.0429,0,10000,0
32,freelancer,high,29212162,2142803,1997325,145478,643000,66,0.0907,60407504,0,1
35,employee,low,52975975,4289870,3385224,904646,10000,1,0.0202,53969797,0,1
22,student,low,0,1964655,1293743,670912,757000,27,0.0178,18468291,0,1
24,professional,high,40977890,3893934,1884965,2008969,10000,22,0.0781,94616998,0,1
21,student,low,748364,534548,343370,191178,10000,51,0.0118,10780495,0,1
27,employee,low,502153,2446129,1848262,597867,195000,13,0.0108,8322440,0,1
20,student,medium,0,0,0,0,10000,36,0.0593,0,10000,0
38,freelancer,low,14649633,1307093,1095156,211937,622000,104,0.0207,41645144,0,1
41,employee,low,22551508,3017927,2612548,405379,874000,18,0.0283,30973202,0,1
28,employee,medium,391955,2785506,1578849,1206657,1381000,55,0.0505,74993459,0,1
28,student,low,2908313,0,828725,-828725,10000,33,0.0101,0,10000,0
22,student,low,4168111,0,1090592,-1090592,1888000,85,0.0263,0,1888000,0
22,employee,high,8613604,938637,628748,309889,1514000,36,0.0818,23595843,0,1
21,student,low,3304369,299541,254984,44557,1657000,44,0.0126,5465953,0,1
23,student,high,7322098,0,2441362,-2441362,1971000,50,0.0602,0,1971000,0
24,professional,low,14120575,5901684,3312238,2589446,1045000,9,0.0287,37956658,0,1
35,freelancer,high,26631779,0,1813810,-1813810,10000,50,0.0952,0,10000,0
38,freelancer,high,38387767,2090405,1173414,916991,10000,45,0.0981,105010024,0,1
19,student,medium,5479839,0,277640,-277640,1958000,91,0.0579,0,1958000,0
40,employee,medium,17244558,2712949,1971406,741543,10000,76,0.0453,88094690,0,1
22,freelancer,high,0,2249645,1350316,899329,731000,70,0.0801,79912278,0,1
37,self_employed,medium,46921307,883811,794295,89516,10000,25,0.0491,54315498,0,1
38,employee,medium,0,4031249,3152909,878340,10000,26,0.0514,24102513,0,1
40,professional,low,28553905,3426626,1852017,1574609,2185000,40,0.0197,95533456,0,1
26,freelancer,low,1702175,86369,74425,11944,10000,65,0.0121,2619365,0,1
29,professional,low,34842775,4918759,3050015,1868744,2134000,53,0.0174,140495028,0,1
24,self_employed,medium,31584750,2811193,2335491,475702,10000,49,0.035,61447833,0,1
26,employee,medium,16178749,2462697,1745343,717354,10000,37,0.0304,45555450,0,1
35,self_employed,high,0,2112828,1269936,842892,447000,35,0.0891,33548082,0,1
25,freelancer,medium,39071935,0,14537754,-14537754,165000,28,0.0483,0,165000,0
38,employee,medium,40790368,3599716,2372095,1227621,1392000,56,0.0495,128523040,0,1
22,student,low,6666616,0,750595,-750595,2163000,90,0.0106,0,2163000,0
27,employee,low,27635286,0,1937707,-1937707,1128000,38,0.0226,0,1128000,0
42,self_employed,low,17579828,1678061,1204356,473705,641000,77,0.0185,58490694,0,1
24,student,medium,1213130,753128,237130,515998,10000,71,0.0466,43688398,0,1
60,professional,high,33131083,4483705,2427321,2056384,214000,91,0.0617,290686466,0,1
29,freelancer,high,49315482,0,8613200,-8613200,1020000,20,0.0788,0,1020000,0
34,professional,medium,36767249,3299588,1953889,1345699,1007000,21,0.0548,70047310,0,1
26,student,medium,5317254,0,1096758,-1096758,1657000,55,0.0395,0,1657000,0
21,student,medium,0,0,0,0,10000,86,0.0363,0,10000,0
30,professional,medium,35200204,2148292,1053815,1094477,1491000,86,0.0484,162005384,0,1
26,student,low,0,0,0,0,2080000,68,0.0274,0,2080000,0
40,employee,medium,5569996,3721200,2073143,1648057,387000,106,0.0555,233889680,0,1
22,student,medium,7721937,0,4633162,-4633162,284000,56,0.0467,0,284000,0
22,freelancer,low,0,0,0,0,1280000,62,0.0218,0,1280000,0
40,employee,low,8525373,1236219,788618,447601,1363000,49,0.0265,32634645,0,1
22,student,low,10597985,0,5027762,-5027762,1715000,13,0.0239,0,1715000,0
27,employee,medium,14231351,2912018,1446967,1465051,957000,36,0.0512,73465891,0,1
21,student,medium,2311864,0,680643,-680643,1020000,67,0.0438,0,1020000,0
37,employee,low,33725839,2949325,1441749,1507576,1866000,80,0.0256,171351574,0,1
31,self_employed,medium,23395046,0,9594260,-9594260,10000,71,0.0311,0,10000,0
24,student,medium,763024,1481148,1102155,378993,778000,47,0.0347,19924355,0,1
44,freelancer,high,0,0,0,0,2292000,94,0.0746,0,2292000,0
36,employee,medium,25666170,3022763,1930069,1092694,2371000,59,0.045,104015594,0,1
20,student,low,0,387010,246313,140697,10000,1,0.0261,140697,0,1
27,freelancer,low,19976067,5303949,3128065,2175884,466000,31,0.0154,89553388,0,1
24,self_employed,high,38727053,4878821,2511978,2366843,10000,42,0.0878,168482262,0,1
22,employee,low,23187575,2078795,1092129,986666,10000,30,0.0277,55460634,0,1
20,student,medium,8824750,0,2617558,-2617558,63000,44,0.0481,0,63000,0
38,employee,low,19985977,2799352,1580294,1219058,10000,54,0.0181,90211149,0,1
22,student,medium,5664066,0,834097,-834097,1006000,23,0.0327,0,1006000,0
22,student,medium,4669975,0,360840,-360840,177000,45,0.0352,0,177000,0
21,student,medium,3585968,1214087,951625,262462,1430000,76,0.0311,26381273,0,1
49,freelancer,low,0,2848691,1855291,993400,1320000,87,0.0126,90446618,0,1
27,freelancer,high,8798009,1999814,1051768,948046,1647000,16,0.0769,25664826,0,1
25,student,low,7171975,1001039,800667,200372,10000,21,0.0188,11686060,0,1
28,employee,low,25081597,4370643,3143066,1227577,1528000,24,0.0261,56634784,0,1
42,professional,medium,22256641,4594719,2946176,1648543,202000,52,0.0482,122537364,0,1
22,student,medium,1896027,0,639156,-639156,634000,6,0.0375,0,634000,0
33,employee,medium,20692498,3712863,2543630,1169233,718000,46,0.0451,83183820,0,1
41,employee,medium,13040063,3888059,2041583,1846476,217000,45,0.0328,103033815,0,1
39,self_employed,medium,2896830,4311496,2552043,1759453,940000,36,0.0454,71038186,0,1
25,student,low,0,905698,900196,5502,1270000,54,0.0274,315818,954182,0
25,professional,medium,27604180,4902545,3346408,1556137,10000,62,0.0539,147414058,0,1
49,employee,medium,24503928,2253865,1564754,689111,223000,24,0.0428,43924896,0,1
40,employee,low,24998626,2640288,1660993,979295,10000,18,0.0241,43849390,0,1
19,student,low,0,0,0,0,327000,34,0.0259,0,327000,0
30,employee,medium,7242846,3811259,2896896,914363,1959000,20,0.0562,27076524,0,1
31,professional,high,26435600,0,8158224,-8158224,355000,36,0.0621,0,355000,0
23,student,low,1797834,0,675309,-675309,198000,36,0.019,0,198000,0
22,student,low,4103396,1341453,717293,624160,10000,62,0.0188,45127967,0,1
36,self_employed,high,25654151,0,15300740,-15300740,310000,9,0.0737,0,310000,0
33,employee,medium,0,2361994,1323010,1038984,10000,26,0.0568,28674092,0,1
23,student,high,8161883,0,2010576,-2010576,956000,34,0.098,0,956000,0
21,student,low,0,0,0,0,1296000,6,0.013,0,1296000,0
24,student,low,0,1814226,1541499,272727,10000,63,0.0193,18067161,0,1
23,employee,medium,24038453,3336080,2379574,956506,351000,31,0.0368,57488995,0,1
25,student,medium,0,0,0,0,450000,46,0.0324,0,450000,0
39,employee,low,13397482,2247331,1749821,497510,524000,29,0.0145,28549516,0,1
19,student,high,4030802,0,788674,-788674,10000,17,0.0966,0,10000,0
39,freelancer,high,13433683,5571012,3111677,2459335,1222000,48,0.0957,162806962,0,1
23,student,high,0,0,0,0,998000,33,0.0988,0,998000,0
41,professional,medium,39804451,4363815,1661993,2701822,515000,67,0.0563,266591431,0,1
43,professional,medium,24934660,4501588,3020594,1480994,10000,1,0.0448,26508743,0,1
25,student,high,7414724,0,4448834,-4448834,10000,31,0.074,0,10000,0
34,professional,medium,27043125,5336619,3259353,2077266,2028000,21,0.0361,73764207,0,1
36,employee,medium,7884270,4582701,1775372,2807329,2570000,37,0.0589,123046536,0,1
30,employee,low,8753510,2244712,1413892,830820,978000,68,0.0168,68856070,0,1
37,professional,medium,0,3335887,1986584,1349303,680000,103,0.0531,175580215,0,1
23,student,low,468861,276274,153015,123259,1526000,3,0.0159,840994,685006,0
26,student,low,0,0,0,0,1241000,45,0.022,0,1241000,0
48,employee,medium,35923479,0,16170292,-16170292,2121000,66,0.0309,0,2121000,0
34,professional,medium,30590318,3947438,2575889,1371549,616000,72,0.0588,161565016,0,1
25,student,medium,0,1549743,878811,670932,422000,64,0.0372,47414527,0,1
53,self_employed,medium,9928501,2779807,1956094,823713,10000,47,0.0361,52952188,0,1
22,student,medium,0,0,0,0,10000,36,0.0452,0,10000,0
24,student,low,1819902,0,689115,-689115,10000,55,0.0124,0,10000,0
21,student,medium,401774,820639,668106,152533,1140000,78,0.0365,13913765,0,1
41,professional,medium,17531924,2435643,1326636,1109007,595000,38,0.0515,66297403,0,1
27,employee,high,27838602,3035032,1906386,1128646,1905000,80,0.0796,165852611,0,1
29,employee,high,32060083,3422606,2914021,508585,3763000,76,0.0839,105223512,0,1
25,employee,low,23176126,3437615,1983337,1454278,284000,42,0.0158,87250611,0,1
24,self_employed,medium,27301343,4388395,2782209,1606186,10000,47,0.0562,118230312,0,1
28,student,low,0,1697343,607522,1089821,14000,50,0.021,56894137,0,1
25,student,low,2898900,450464,243989,206475,1699000,21,0.019,7402151,0,1
43,employee,low,7483946,3387591,2134434,1253157,10000,57,0.021,83313264,0,1
21,student,high,885925,0,379117,-379117,321000,56,0.0898,0,321000,0
39,employee,low,18698798,2222817,1194417,1028400,10000,15,0.0212,34818728,0,1
22,freelancer,high,7390310,1852334,1171527,680807,17000,70,0.098,77008870,0,1
36,employee,medium,22243818,2959135,1940688,1018447,185000,76,0.0368,115087980,0,1
28,freelancer,high,0,2266804,1348657,918147,423000,1,0.0814,918147,0,1
25,student,high,1667687,0,270145,-270145,10000,53,0.0784,0,10000,0
20,student,low,3340821,2036111,2181442,-145331,10000,73,0.0136,0,10000,0
21,student,low,0,984106,691371,292735,10000,57,0.0217,17559464,0,1
40,self_employed,low,44933765,2168954,1548237,620717,142000,41,0.0256,75602379,0,1
30,employee,low,22089684,3278629,2034713,1243916,1557000,60,0.0108,99966199,0,1
22,student,low,0,561541,297801,263740,10000,34,0.0106,9099096,0,1
22,freelancer,high,8445438,3030920,1670903,1360017,927000,16,0.0952,32687856,0,1
36,employee,medium,22573891,2985499,2036421,949078,2107000,87,0.0595,137640401,0,1
22,freelancer,low,12655103,0,774678,-774678,1269000,37,0.0245,0,1269000,0
34,employee,low,18509957,2333227,1516322,816905,388000,1,0.0135,19347686,0,1
42,freelancer,medium,14383226,0,891957,-891957,10000,25,0.047,0,10000,0
21,student,low,5545682,0,2257690,-2257690,215000,15,0.0187,0,215000,0
41,employee,high,9097100,4045672,2629563,1416109,1032000,41,0.0921,80377041,0,1
20,student,low,0,792531,421110,371421,3559000,58,0.0168,22424862,0,1
22,employee,low,13528665,2566830,1543507,1023323,1420000,40,0.0206,56822841,0,1
33,self_employed,medium,57514363,4366799,4043819,322980,10000,70,0.0337,94934648,0,1
20,student,low,3985491,0,1365427,-1365427,3188000,40,0.0179,0,3188000,0
25,student,low,0,33946,19719,14227,2681000,57,0.0118,833675,1847325,0
38,professional,low,9289282,4322068,2064505,2257563,198000,104,0.0156,261856820,0,1
48,self_employed,medium,35285452,5099249,3295158,1804091,980000,62,0.0397,167228983,0,1
26,employee,high,11414635,1433920,1008251,425669,10000,50,0.0724,40175843,0,1
25,student,high,3390579,0,1455855,-1455855,637000,20,0.0922,0,637000,0
41,professional,low,43439255,3277659,1919576,1358083,956000,17,0.0298,68861830,0,1
40,freelancer,medium,0,3056993,1605401,1451592,334000,43,0.0466,67789647,0,1
24,professional,low,9438763,5465912,3819401,1646511,970000,48,0.011,90622341,0,1
34,employee,low,24357961,3199065,2215142,983923,2254000,28,0.028,54435977,0,1
22,freelancer,low,23953864,3579179,1954467,1624712,340000,13,0.0126,45537736,0,1
38,freelancer,medium,0,3331177,2132395,1198782,10000,48,0.0549,64185215,0,1
19,student,high,5795960,0,1008383,-1008383,1948000,61,0.0997,0,1948000,0
45,employee,low,30553431,3217502,2104733,1112769,10000,37,0.0254,75820301,0,1
19,student,low,0,0,0,0,635000,38,0.0256,0,635000,0
20,student,medium,542506,0,325503,-325503,10000,55,0.0353,0,10000,0
41,freelancer,high,8201567,0,1534892,-1534892,10000,47,0.0719,0,10000,0
29,employee,medium,0,1234126,784233,449893,1047000,31,0.0426,14715475,0,1
19,student,low,4508121,1178663,778369,400294,10000,32,0.0188,17865095,0,1
48,self_employed,medium,0,5990281,3968151,2022130,10000,41,0.0311,87353113,0,1
23,student,medium,4010947,0,612626,-612626,1590000,85,0.0513,0,1590000,0
34,professional,medium,1547154,6108032,4360092,1747940,10000,10,0.0445,19379485,0,1
23,student,medium,0,0,0,0,939000,73,0.058,0,939000,0
44,employee,medium,15170706,3832185,2375912,1456273,2044000,1,0.0361,16672618,0,1
24,student,low,3991076,0,289237,-289237,244000,60,0.0235,0,244000,0
22,student,low,0,888357,644959,243398,1293000,24,0.0286,6004493,0,1
21,student,low,2557231,746034,504913,241121,813000,57,0.0244,17427505,0,1
41,employee,high,23002909,3069035,2357318,711717,1842000,69,0.0939,104171862,0,1
30,self_employed,medium,54716761,0,12157592,-12157592,416000,44,0.046,0,416000,0
23,student,medium,5779821,77006,54202,22804,901000,34,0.0425,7340463,0,1
26,employee,medium,0,5448401,2508895,2939506,10000,52,0.0503,170394980,0,1
52,freelancer,medium,28491267,6009558,2549432,3460126,948000,24,0.0369,116716918,0,1
19,student,medium,1621959,0,973175,-973175,1956000,49,0.0335,0,1956000,0
29,self_employed,low,56658290,3230162,2885249,344913,544000,75,0.023,93199977,0,1
20,student,low,7222038,0,106624,-106624,2579000,63,0.0178,893205,1685795,0
28,professional,medium,28206723,4415074,2453070,1962004,830000,21,0.034,72324133,0,1
39,employee,medium,24382983,3612525,1746960,1865565,1953000,64,0.039,162493188,0,1
31,freelancer,medium,16383055,5196863,4224639,972224,902000,65,0.0447,92214094,0,1
41,professional,medium,19422731,6750504,5454514,1295990,10000,37,0.0462,73819087,0,1
27,student,low,3210220,0,238458,-238458,339000,54,0.0264,0,339000,0
32,self_employed,medium,23961339,1995900,1300814,695086,16000,53,0.0305,66794607,0,1
20,student,medium,0,0,0,0,10000,64,0.0443,0,10000,0
30,employee,low,28666645,3216601,2531535,685066,328000,62,0.0218,76996405,0,1
35,freelancer,high,10649615,3635390,2110487,1524903,2464000,50,0.0698,102427227,0,1
24,student,medium,2116900,587151,395465,191686,2206000,24,0.044,7111026,0,1
41,self_employed,medium,788690,0,96912,-96912,1229000,12,0.0506,0,1229000,0
24,student,low,20794,0,76421,-76421,1627000,89,0.025,0,1627000,0
34,self_employed,low,13700102,0,4089974,-4089974,613000,72,0.0196,0,613000,0
26,student,low,0,176684,109493,67191,10000,46,0.0142,3174525,0,1
24,student,medium,5773619,1298573,895059,403514,47000,45,0.0466,26673179,0,1
25,student,medium,2325521,1529963,1264022,265941,10000,72,0.0458,25048598,0,1
40,professional,low,35922653,3880143,2004276,1875867,292000,7,0.0239,49636265,0,1
42,self_employed,medium,0,1929353,1235260,694093,424000,1,0.0486,694093,0,1
31,employee,high,0,3102523,2148589,953934,2356000,49,0.071,54039688,0,1
30,freelancer,medium,6476182,5519367,3732271,1787096,134000,37,0.0481,78633505,0,1
42,freelancer,low,1126349,3243094,1397832,1845262,1360000,51,0.0152,98352527,0,1
31,employee,medium,4928710,5035787,4124289,911498,1989000,59,0.0401,65337799,0,1
29,employee,low,3178177,4725512,2923643,1801869,172000,39,0.0137,75141711,0,1
36,freelancer,low,0,0,0,0,137000,46,0.0201,0,137000,0
26,student,low,1096835,0,613889,-613889,10000,15,0.0181,0,10000,0
22,student,medium,2212804,0,608734,-608734,224000,35,0.0531,0,224000,0
21,student,low,2854021,0,429195,-429195,10000,43,0.0248,0,10000,0
21,student,low,0,0,0,0,622000,39,0.0264,0,622000,0
52,self_employed,high,36849965,3463164,2376875,1086289,10000,61,0.0913,142434882,0,1
22,freelancer,medium,28556911,0,2624175,-2624175,385000,27,0.0319,0,385000,0
26,freelancer,high,36120772,0,12089196,-12089196,264000,64,0.0837,0,264000,0
24,student,medium,2504273,912405,411917,500488,371000,35,0.0576,21986138,0,1
27,employee,medium,27103510,0,2369608,-2369608,578000,59,0.0484,0,578000,0
32,employee,medium,18155171,2378954,1768770,610184,579000,74,0.0367,73343249,0,1
22,employee,medium,0,2968080,1642522,1325558,1505000,38,0.053,54713775,0,1
33,employee,low,0,2773391,1572169,1201222,1067000,40,0.0182,49497613,0,1
45,professional,medium,13212332,1036800,681906,354894,10000,30,0.0587,26732894,0,1
40,employee,high,0,2951073,1961965,989108,10000,46,0.0763,52658990,0,1
21,student,low,0,1685738,1043203,642535,154000,81,0.0129,54347987,0,1
20,student,high,4754536,329282,210321,118961,1130000,87,0.0601,20273916,0,1
23,student,high,0,0,0,0,1397000,38,0.0938,0,1397000,0
19,student,low,5014925,416336,357900,58436,10000,30,0.0261,7162188,0,1
20,student,low,1515395,992785,748034,244751,397000,71,0.0243,20417788,0,1
24,freelancer,medium,37640847,2022120,1619354,402766,1697000,64,0.0302,72141125,0,1
23,student,medium,0,0,0,0,10000,26,0.0325,0,10000,0
24,student,low,0,0,0,0,1082000,71,0.0231,0,1082000,0
37,self_employed,high,14721827,5071241,4078750,992491,1227000,43,0.0942,71135881,0,1
19,student,low,548163,1537229,1396626,140603,10000,43,0.0245,6910940,0,1
28,employee,high,0,3628238,1883278,1744960,10000,52,0.0901,110500121,0,1
22,employee,low,25591299,2960834,1548150,1412684,373000,65,0.0168,124089382,0,1
24,student,low,0,1515599,921989,593610,584000,47,0.0152,28728141,0,1
38,freelancer,low,19210047,0,6881371,-6881371,1415000,24,0.0114,0,1415000,0
34,self_employed,medium,16014883,0,2830035,-2830035,10000,51,0.05,0,10000,0
23,student,medium,1979024,1156570,1349403,-192833,10000,68,0.0509,0,10000,0
26,student,medium,0,43450,29175,14275,1091000,30,0.0501,455215,635785,0
51,professional,medium,34409616,2608962,1795852,813110,1312000,60,0.0378,95164907,0,1
37,self_employed,high,31994819,0,7925797,-7925797,10000,25,0.0826,0,10000,0
22,student,medium,0,589340,407863,181477,232000,53,0.0455,10630611,0,1
21,student,low,3664668,739753,346928,392825,577000,49,0.0185,23930125,0,1
24,student,medium,0,0,0,0,10000,53,0.0543,0,10000,0
31,professional,medium,37616731,6430176,3265581,3164595,10000,36,0.0483,165798010,0,1
25,employee,low,43739241,2114102,1053422,1060680,10000,24,0.0276,72359733,0,1
47,self_employed,low,30408077,0,46594,-46594,10000,29,0.0138,30065476,0,1
28,employee,high,0,1211594,771538,440056,1357000,8,0.0719,3595166,0,1
26,employee,low,14819206,2297590,1457182,840408,10000,35,0.0258,46491332,0,1
32,self_employed,medium,13418005,6981117,5231661,1749456,1033000,62,0.0494,140588259,0,1
49,self_employed,low,0,7259198,3712943,3546255,325000,12,0.0235,43016419,0,1
25,student,high,0,0,0,0,2813000,2,0.094,0,2813000,0
42,self_employed,high,46285356,0,12777393,-12777393,1025000,54,0.0788,0,1025000,0
31,self_employed,low,4746793,3768722,2521032,1247690,10000,56,0.0203,78440358,0,1
34,self_employed,medium,33526109,1406036,936254,469782,697000,32,0.0497,54306135,0,1
38,employee,low,26705308,0,7064244,-7064244,1957000,81,0.025,0,1957000,0
42,self_employed,medium,1959313,146010,105355,40655,806000,20,0.0415,2939755,0,1
23,student,medium,480265,602277,624690,-22413,2074000,66,0.0473,0,2074000,0
43,employee,medium,35292252,5259247,2171606,3087641,728000,75,0.0373,304879926,0,1
44,freelancer,high,12633562,1544085,1025579,518506,752000,53,0.091,52523684,0,1
41,self_employed,medium,16589947,1414340,987273,427067,593000,27,0.0358,29968738,0,1
38,employee,medium,0,0,0,0,711000,25,0.0523,0,711000,0
23,student,medium,3724606,1934280,956074,978206,10000,48,0.0304,54066516,0,1
34,freelancer,low,8548776,4540211,3182719,1357492,10000,34,0.0293,57351363,0,1
21,student,high,3192302,0,926329,-926329,10000,86,0.0779,0,10000,0
22,student,medium,2387708,549526,443316,106210,10000,85,0.0407,13627414,0,1
23,freelancer,high,0,2918141,1485134,1433007,1082000,3,0.0813,4328213,0,1
21,student,medium,4074652,0,265609,-265609,10000,50,0.0584,0,10000,0
21,student,low,8898459,0,1976783,-1976783,2333000,81,0.0262,0,2333000,0
32,employee,medium,21947122,2900826,1930903,969923,861000,62,0.0369,92687362,0,1
22,student,low,3872821,1011550,642787,368763,807000,16,0.0271,10016358,0,1
34,self_employed,medium,0,4745448,2665446,2080002,10000,111,0.033,269565097,0,1
21,student,low,2897268,0,719829,-719829,506000,48,0.0238,0,506000,0
30,self_employed,high,17367063,19667,12029,7638,10000,5,0.0652,17882630,0,1
50,self_employed,low,65833756,0,20000000,-20000000,2895000,77,0.0186,0,2895000,0
20,student,low,3439812,0,450292,-450292,188000,71,0.0199,0,188000,0
23,student,medium,3907519,0,2344511,-2344511,1429000,82,0.0492,0,1429000,0
24,student,low,0,920925,784797,136128,908000,18,0.0164,2478977,0,1
31,freelancer,low,0,4039328,2465634,1573694,625000,77,0.0215,129806503,0,1
24,student,medium,3657161,0,926162,-926162,10000,44,0.0547,0,10000,0
25,student,low,126875,0,5240,-5240,10000,48,0.0205,0,10000,0
27,employee,medium,26976754,4664755,2894450,1770305,501000,41,0.035,107379812,0,1
21,student,low,0,0,0,0,10000,41,0.0186,0,10000,0
22,freelancer,medium,0,0,0,0,856000,57,0.0436,0,856000,0
35,employee,high,38032308,3677129,2564916,1112213,10000,65,0.0864,152404597,0,1
32,employee,medium,47686250,3116277,1482575,1633702,10000,57,0.0504,165519672,0,1
45,freelancer,medium,2479768,2202796,1300051,902745,2907000,70,0.0471,75825323,0,1
26,student,medium,5651110,1207005,576406,630599,607000,98,0.0486,84071946,0,1
36,self_employed,medium,12330366,2761570,2638769,122801,1608000,63,0.0477,24603032,0,1
21,student,low,1503047,0,367601,-367601,10000,13,0.0114,0,10000,0
46,self_employed,medium,14651850,4529730,3392168,1137562,1087000,79,0.0328,118333606,0,1
29,employee,high,28038569,3809995,2324524,1485471,381000,94,0.0676,230972411,0,1
21,student,low,0,1794916,1263901,531015,41000,38,0.0107,20515022,0,1
23,student,low,3681987,0,1917106,-1917106,1092000,97,0.0213,0,1092000,0
31,freelancer,high,0,194725,151288,43437,172000,1,0.0948,43437,128563,0
49,self_employed,low,45861824,5302538,3938473,1364065,1055000,72,0.0188,155213694,0,1
42,self_employed,low,23533758,0,8608708,-8608708,335000,22,0.012,0,335000,0
23,student,medium,0,0,0,0,1042000,34,0.0308,0,1042000,0
26,employee,medium,14983579,2582637,2292807,289830,10000,88,0.0534,53282938,0,1
41,freelancer,medium,0,0,0,0,1338000,49,0.0448,0,1338000,0
37,freelancer,high,15254505,2909421,2120037,789384,425000,65,0.0896,90475892,0,1
22,student,low,0,804302,587880,216422,719000,52,0.0239,11844948,0,1
22,student,medium,382526,0,147271,-147271,1846000,52,0.0526,0,1846000,0
30,employee,medium,8519259,4083732,2583312,1500420,264000,44,0.0576,83830174,0,1
22,freelancer,high,20758379,2231426,972908,1258518,408000,51,0.094,109429302,0,1
29,freelancer,high,24886468,3099365,2360771,738594,854000,24,0.0688,47492072,0,1
43,employee,low,17403830,2511114,1732566,778548,1133000,52,0.0238,61893955,0,1
40,employee,medium,5459219,4003727,3204533,799194,10000,45,0.0533,46376664,0,1
26,student,low,747874,1576932,1355514,221418,10000,33,0.0194,8287815,0,1
23,student,medium,1638197,2102283,1512947,589336,10000,48,0.0403,32564319,0,1
23,student,low,22410,0,32599,-32599,880000,38,0.026,0,880000,0
40,self_employed,high,0,0,0,0,922000,17,0.0789,0,922000,0
32,employee,low,23010284,4095494,2667910,1427584,10000,26,0.0214,62057834,0,1
24,student,low,2617071,0,755296,-755296,10000,9,0.0152,0,10000,0
34,employee,low,17412492,3636621,1912335,1724286,1099000,71,0.0116,145308869,0,1
38,employee,high,14113878,5338680,3344617,1994063,10000,14,0.0664,44190966,0,1
33,professional,medium,0,0,0,0,10000,56,0.0569,0,10000,0
30,freelancer,medium,3329486,0,1997691,-1997691,10000,68,0.0453,0,10000,0
35,employee,medium,0,3931616,2616454,1315162,433000,53,0.0425,76526294,0,1
22,student,low,0,0,0,0,10000,38,0.0218,0,10000,0
33,freelancer,low,23492906,2570215,1230591,1339624,2851000,13,0.0115,41302879,0,1
47,self_employed,low,30062049,1988785,1195353,793432,854000,19,0.0165,46120440,0,1
43,freelancer,medium,0,0,0,0,90000,23,0.0377,0,90000,0
30,professional,low,41271299,5977040,3010434,2966606,10000,58,0.0214,226871144,0,1
23,student,low,2618580,2103950,1742725,361225,10000,66,0.0207,28162030,0,1
25,employee,medium,18571028,1323537,977250,346287,1715000,58,0.0347,43789694,0,1
33,employee,low,29510850,2222584,1499074,723510,10000,89,0.0176,102352813,0,1
22,student,medium,4476825,2377526,1808086,569440,10000,71,0.0512,53162792,0,1
25,student,high,0,0,0,0,10000,64,0.0613,0,10000,0
52,self_employed,medium,151361,5731975,3776921,1955054,197000,60,0.0402,129868764,0,1
41,self_employed,medium,16201798,2071662,1773959,297703,1635000,29,0.0347,26609080,0,1
46,employee,low,9479256,4601860,2668363,1933497,10000,1,0.0186,11427446,0,1
30,employee,low,0,2921795,1829844,1091951,1232000,38,0.0173,42620211,0,1
53,self_employed,low,61186301,3701203,2562167,1139036,717000,20,0.0252,87049019,0,1
40,employee,medium,21445458,2487468,1483197,1004271,634000,72,0.0411,109276812,0,1
23,student,medium,0,0,0,0,10000,97,0.0398,0,10000,0
22,student,high,3486617,619110,409584,209526,815000,63,0.0946,22728510,0,1
52,self_employed,medium,0,2578732,2201528,377204,1003000,24,0.0439,9444176,0,1
23,student,medium,0,978241,590922,387319,10000,75,0.0305,31957706,0,1
43,self_employed,low,18917093,0,4755656,-4755656,241000,74,0.0189,0,241000,0
21,student,low,0,1357555,851883,505672,10000,55,0.0134,28667276,0,1
20,student,low,5277645,0,1919231,-1919231,1304000,65,0.0254,0,1304000,0
34,freelancer,high,11232044,2020785,1528642,492143,1791000,58,0.0852,52097062,0,1
22,freelancer,medium,4346955,0,700572,-700572,1201000,120,0.0588,0,1201000,0
21,student,low,5273354,0,1855721,-1855721,685000,72,0.0216,0,685000,0
24,student,medium,8071357,1617457,1399186,218271,10000,35,0.0487,17491430,0,1
22,employee,medium,28030822,4051766,2622863,1428903,10000,14,0.046,50084021,0,1
33,freelancer,high,0,0,0,0,755000,30,0.0976,0,755000,0
36,employee,low,28285933,3873176,2250622,1622554,1070000,57,0.0137,125691611,0,1
21,student,medium,5143932,0,1809834,-1809834,10000,65,0.0578,0,10000,0
41,self_employed,medium,1164166,3791482,2131120,1660362,533000,25,0.0464,44775482,0,1
30,self_employed,low,53557006,0,20000000,-20000000,583000,25,0.0276,0,583000,0
37,employee,high,1021513,3986743,2526183,1460560,10000,25,0.0998,41657973,0,1
26,freelancer,medium,50464688,1067289,742417,324872,2501000,30,0.0302,64527442,0,1
24,student,low,1313256,0,76884,-76884,1395000,20,0.016,0,1395000,0
40,employee,low,31120371,3603934,2068410,1535524,705000,82,0.0131,165678503,0,1
46,freelancer,medium,20226012,0,0,0,1746000,58,0.0596,26959161,0,1
22,freelancer,high,16769143,4680783,1937156,2743627,2007000,30,0.071,109791941,0,1
24,student,low,0,218949,140485,78464,10000,79,0.0216,6654612,0,1
30,employee,low,6956638,2675811,1568029,1107782,1085000,7,0.0202,14832770,0,1
36,professional,medium,0,4351736,2384218,1967518,122000,9,0.0459,17981021,0,1
44,self_employed,medium,29001584,0,8771227,-8771227,1042000,103,0.0593,0,1042000,0
33,self_employed,medium,77955738,3269299,2239013,1030286,10000,90,0.0455,219854773,0,1
21,student,high,3269439,0,720507,-720507,10000,37,0.0714,0,10000,0
22,student,low,5387449,838672,669244,169428,181000,47,0.0292,14464867,0,1
26,employee,medium,9188491,4722227,2978235,1743992,1749000,74,0.0505,163577223,0,1
25,student,medium,520176,491839,375050,116789,894000,57,0.0401,7948909,0,1
29,freelancer,medium,0,0,0,0,708000,1,0.0443,0,708000,0
38,employee,high,42220046,2623706,1472466,1151240,1557000,56,0.0718,135282470,0,1
22,student,medium,0,0,0,0,668000,59,0.0456,0,668000,0
22,employee,low,7878822,3894146,3260579,633567,163000,27,0.0144,25513974,0,1
35,freelancer,medium,21632885,0,8217205,-8217205,808000,67,0.0316,0,808000,0
21,student,medium,6595434,1349255,828374,520881,1246000,27,0.0317,21639933,0,1
53,freelancer,high,36912313,0,13909559,-13909559,723000,74,0.0757,0,723000,0
44,self_employed,low,10927225,2844453,2134218,710235,1717000,79,0.0149,70966989,0,1
23,student,low,4562481,1869488,2096766,-227278,10000,63,0.0242,0,10000,0
41,employee,low,13177564,0,5466180,-5466180,10000,20,0.0113,0,10000,0
21,student,low,0,0,0,0,10000,55,0.0221,0,10000,0
21,student,low,0,1429927,939687,490240,1082000,28,0.0223,14076700,0,1
36,self_employed,low,0,0,0,0,1080000,53,0.0296,0,1080000,0
31,employee,high,45477909,1930693,1243919,686774,768000,36,0.0998,89961964,0,1
25,student,high,0,0,0,0,1627000,25,0.0797,0,1627000,0
46,freelancer,medium,31344940,0,4342925,-4342925,1108000,47,0.0338,0,1108000,0
38,professional,medium,26778135,3461283,2293566,1167717,1457000,25,0.0572,61083990,0,1
25,professional,high,0,5529249,3214056,2315193,694000,52,0.0647,138533100,0,1
29,employee,medium,7471139,3897856,2382756,1515100,1048000,43,0.0578,81380526,0,1
41,employee,medium,27944170,3411005,2608979,802026,10000,75,0.0342,101551484,0,1
25,student,medium,2978255,0,1482617,-1482617,1833000,40,0.058,0,1833000,0
47,self_employed,high,30838268,0,2995697,-2995697,348000,48,0.0721,0,348000,0
22,student,medium,1172497,1342366,597065,745301,10000,82,0.0317,69594517,0,1
24,professional,medium,42343103,4732916,2887110,1845806,10000,69,0.0482,202258116,0,1
36,freelancer,high,0,3168436,1375603,1792833,155000,77,0.0907,186364587,0,1
22,employee,medium,13838295,3235070,2023900,1211170,1270000,24,0.0557,46138877,0,1
24,employee,medium,11252201,2762241,1511273,1250968,1170000,66,0.0433,107307667,0,1
37,professional,low,23013172,5162105,2579106,2582999,10000,83,0.0255,261633295,0,1
26,student,low,0,1384906,816647,568259,1546000,35,0.0255,20624642,0,1
24,student,low,0,2099181,1541987,557194,1029000,32,0.0213,18329582,0,1
36,employee,medium,24219232,4359791,2498224,1861567,305000,72,0.0474,186852960,0,1
25,student,high,0,0,0,0,817000,32,0.0746,0,817000,0
44,employee,medium,24352106,2706860,1749933,956927,2182000,43,0.0452,73201715,0,1
23,student,low,0,0,0,0,1879000,58,0.029,0,1879000,0
26,freelancer,medium,15712609,1720421,1191847,528574,10000,50,0.0422,47566758,0,1
24,student,low,71382,1497808,1009241,488567,1198000,20,0.0195,9997404,0,1
25,employee,low,20249576,4076858,2310015,1766843,2570000,75,0.012,159363578,0,1
37,employee,low,27318890,3750275,2973642,776633,10000,20,0.0233,44222111,0,1
46,freelancer,low,2395377,0,579544,-579544,792000,50,0.0259,0,792000,0
42,self_employed,medium,3084950,3947118,3128977,818141,1354000,2,0.0327,4740297,0,1
39,employee,medium,1890217,3882609,2402256,1480353,1744000,88,0.059,165416784,0,1
25,student,medium,0,1557815,1037700,520115,1149000,61,0.0587,36864495,0,1
36,professional,medium,34838253,2256034,1269719,986315,1851000,1,0.0327,35919502,0,1
43,professional,low,42362076,3098769,1589002,1509767,10000,59,0.0205,140486352,0,1
22,student,medium,5348637,0,1917498,-1917498,892000,67,0.0569,0,892000,0
25,employee,low,17996687,2588779,1864535,724244,283000,45,0.0233,53660932,0,1
24,employee,medium,14961585,3758353,2314993,1443360,2694000,44,0.058,89074524,0,1
23,student,medium,0,0,0,0,2182000,2,0.0467,0,2182000,0
31,freelancer,medium,45279925,4067809,2012145,2055664,10000,80,0.0412,248449849,0,1
28,employee,low,26020619,3444996,2116924,1328072,1658000,39,0.0149,80346512,0,1
36,employee,medium,18009727,1291698,1049361,242337,429000,21,0.0531,25080160,0,1
37,freelancer,low,52804567,0,11351090,-11351090,1295000,44,0.0266,0,1295000,0
24,student,medium,6310849,0,1584143,-1584143,1364000,53,0.031,0,1364000,0
22,student,medium,0,0,0,0,10000,32,0.0469,0,10000,0
24,employee,low,32057119,2844139,1621771,1222368,627000,47,0.011,92147155,0,1
24,employee,low,27961784,2468157,986534,1481623,1028000,33,0.0108,78408538,0,1
37,employee,low,1876260,2917874,2143122,774752,552000,90,0.023,78252784,0,1
43,self_employed,medium,11196253,0,1462276,-1462276,881000,15,0.0576,0,881000,0
20,student,low,756007,1578933,1051415,527518,1052000,69,0.0253,40009430,0,1
31,employee,medium,23531771,3424712,2002750,1421962,559000,44,0.0395,94397976,0,1
23,student,low,2483463,829467,795983,33484,10000,64,0.0217,5057620,0,1
26,student,medium,1685283,0,215564,-215564,10000,23,0.0505,0,10000,0
39,self_employed,medium,8450830,0,3501937,-3501937,1117000,67,0.0333,0,1117000,0
32,freelancer,high,0,531652,308127,223525,1879000,43,0.0802,11092457,0,1
41,professional,medium,50247864,6690589,3951443,2739146,1453000,13,0.0505,89589379,0,1
24,self_employed,medium,2148453,0,224689,-224689,2430000,29,0.0566,0,2430000,0
22,student,low,10362720,1708485,1636087,72398,779000,8,0.0106,11017155,0,1
43,self_employed,medium,0,3667489,2769226,898263,1932000,70,0.034,69438964,0,1
37,freelancer,high,0,1804596,1539396,265200,1939000,21,0.0974,6045343,0,1
26,employee,high,27231158,4406856,2459385,1947471,1608000,44,0.0629,130368055,0,1
43,self_employed,medium,36769829,0,5981210,-5981210,10000,76,0.0577,0,10000,0
32,employee,medium,16960952,3364599,2270693,1093906,1228000,58,0.0493,92992825,0,1
26,employee,medium,34234796,2354978,1481453,873525,156000,64,0.0584,112115599,0,1
33,employee,medium,41805273,2626826,1355762,1271064,10000,49,0.0471,119178370,0,1
22,student,low,7311655,961683,703373,258310,10000,41,0.0119,18418400,0,1
23,student,medium,0,2401799,2085866,315933,10000,64,0.0368,22302736,0,1
26,student,low,4784052,2099629,2139596,-39967,1502000,36,0.0193,3588932,0,1
38,freelancer,high,11095336,3874901,2149915,1724986,10000,81,0.0944,215314017,0,1
36,freelancer,low,36131162,0,7651630,-7651630,10000,69,0.0181,0,10000,0
24,freelancer,medium,20367847,1579970,1035120,544850,1556000,98,0.0357,89138459,0,1
58,employee,low,38869488,4370311,2374217,1996094,729000,71,0.0197,193852547,0,1
38,employee,medium,14660424,3935699,2265310,1670389,549000,57,0.039,122054986,0,1
33,employee,medium,19106245,3523256,2301701,1221555,1548000,57,0.0528,103480992,0,1
45,self_employed,medium,12464427,1436603,906036,530567,386000,31,0.046,31463345,0,1
24,professional,medium,0,5150505,2747994,2402511,1517000,88,0.0358,241361143,0,1
45,self_employed,medium,17915424,1550782,1182582,368200,164000,37,0.0561,36124824,0,1
23,student,medium,9179563,1436335,865328,571007,471000,84,0.0537,71425009,0,1
19,student,low,6523567,0,636679,-636679,1124000,45,0.0107,0,1124000,0
41,freelancer,medium,0,622534,339803,282731,175000,51,0.0385,15638839,0,1
34,freelancer,medium,13757114,2453312,845485,1607827,387000,29,0.0346,63514031,0,1
22,employee,high,0,2480488,1487334,993154,1811000,48,0.0982,58103328,0,1
30,employee,medium,9700895,4975331,2900936,2074395,463000,50,0.0377,123467852,0,1
23,student,medium,0,3000000,2702145,297855,1028000,60,0.0537,20448344,0,1
32,freelancer,medium,7001287,0,347636,-347636,1610000,27,0.0355,0,1610000,0
28,self_employed,medium,49172827,4491045,2585366,1905679,10000,67,0.031,197652256,0,1
37,professional,low,58889886,1286354,957696,328658,650000,85,0.0129,93756884,0,1
51,professional,low,41654450,6881274,4640754,2240520,10000,74,0.0274,229718051,0,1
34,freelancer,low,11792265,3032251,2570583,461668,2512000,5,0.018,14196248,0,1
26,employee,medium,39843302,4136967,2652152,1484815,10000,65,0.0402,157144618,0,1
40,self_employed,medium,43058537,0,18331151,-18331151,1498000,24,0.0516,0,1498000,0
39,freelancer,high,34097293,0,4626733,-4626733,10000,47,0.0869,0,10000,0
39,freelancer,medium,0,5695038,4792823,902215,725000,13,0.0368,11947050,0,1
27,employee,medium,18754660,3828087,2119133,1708954,10000,75,0.0432,171397658,0,1
21,student,medium,476971,805305,492919,312386,10000,59,0.0499,21448971,0,1
23,employee,medium,30936600,2965830,1850107,1115723,10000,72,0.0359,127851356,0,1
28,employee,medium,0,4560045,3671522,888523,10000,86,0.04,88322381,0,1
41,employee,medium,34162678,2943159,1866722,1076437,10000,85,0.0584,164603888,0,1
47,professional,low,13087515,4760909,3411932,1348977,51000,57,0.0279,97057386,0,1
26,employee,medium,14495576,0,5958123,-5958123,45000,43,0.0395,0,45000,0
35,self_employed,high,14826469,0,3528304,-3528304,10000,59,0.0801,0,10000,0
24,student,medium,512489,0,233794,-233794,1251000,26,0.0341,0,1251000,0
25,student,medium,0,0,0,0,10000,62,0.0509,0,10000,0
29,self_employed,medium,31612468,0,11688683,-11688683,10000,43,0.0503,0,10000,0
30,professional,medium,10387864,4910072,2991808,1918264,1172000,71,0.0318,162170065,0,1
21,student,low,6231384,411976,243424,168552,10000,53,0.0113,15705634,0,1
25,freelancer,medium,17540608,0,7816066,-7816066,1513000,20,0.0485,0,1513000,0
38,freelancer,low,12465812,3535264,2124784,1410480,1217000,77,0.0283,133884583,0,1
29,employee,medium,16020067,3188600,2148843,1039757,1400000,64,0.0321,91481815,0,1
27,employee,low,19738373,3164488,2424527,739961,10000,30,0.0122,42878557,0,1
45,employee,low,0,4501734,3033152,1468582,1708000,76,0.0114,115683231,0,1
43,self_employed,high,34139625,0,3893041,-3893041,726000,41,0.0828,0,726000,0
32,employee,low,0,3974372,2073637,1900735,1693000,47,0.0144,91845152,0,1
23,student,low,0,0,0,0,1320000,43,0.0107,0,1320000,0
23,employee,medium,33458082,3349868,1732096,1617772,651000,41,0.0371,108572037,0,1
32,professional,high,27906823,6091409,3706285,2385124,2028000,35,0.0999,133753336,0,1
29,freelancer,low,15706038,0,973501,-973501,69000,40,0.0121,0,69000,0
21,student,low,3838221,0,1826542,-1826542,1167000,38,0.0208,0,1167000,0
54,self_employed,low,7606621,5497646,4176954,1320692,935000,60,0.0271,93467839,0,1
22,student,low,0,659527,472786,186741,772000,34,0.0211,6536902,0,1
23,student,low,2841406,1374465,1033951,340514,1666000,46,0.0197,19320500,0,1
35,employee,low,6444791,4958337,3321560,1636777,10000,94,0.0238,176714092,0,1
22,freelancer,medium,0,3763720,2323176,1440544,261000,23,0.0362,34255530,0,1
21,student,low,2515954,0,814071,-814071,730000,31,0.0257,0,730000,0
20,student,low,1240184,0,76871,-76871,10000,42,0.0203,0,10000,0
21,student,low,0,1266289,902426,363863,836000,62,0.0251,24060819,0,1
23,student,high,0,0,0,0,1467000,53,0.0633,0,1467000,0
25,student,medium,176327,0,84354,-84354,10000,47,0.0494,0,10000,0
21,student,low,0,0,0,0,119000,52,0.0231,0,119000,0
19,student,low,1459509,0,635446,-635446,115000,71,0.0178,0,115000,0
43,freelancer,high,0,0,0,0,614000,22,0.0981,0,614000,0
34,professional,medium,61818934,3047317,1556283,1491034,1304000,69,0.0556,205946229,0,1
36,professional,medium,0,5092923,3004352,2088571,10000,44,0.0349,97884483,0,1
22,student,high,4937053,0,1336835,-1336835,1358000,38,0.0981,0,1358000,0
28,self_employed,medium,56005945,0,9624979,-9624979,10000,65,0.0577,0,10000,0
26,employee,low,19056813,2700497,2081783,618714,10000,32,0.0223,40603195,0,1
26,self_employed,medium,38952378,0,6058568,-6058568,467000,52,0.0438,0,467000,0
24,student,medium,0,1466368,1475910,-9542,10000,45,0.0531,0,10000,0
23,student,low,2093151,0,1183140,-1183140,899000,50,0.0222,0,899000,0
27,employee,low,1675184,3822721,2629015,1193706,1162000,37,0.0246,47643605,0,1
21,student,low,708374,0,95996,-95996,10000,59,0.0163,0,10000,0
24,freelancer,medium,17211596,1562094,1566747,-4653,1615000,69,0.0305,20155931,0,1
22,student,low,2132634,1072210,782366,289844,10000,39,0.0126,13754108,0,1
29,employee,medium,12581816,3669488,2228250,1441238,177000,68,0.0586,133427923,0,1
39,self_employed,medium,14018081,7418749,4268518,3150231,1437000,30,0.0593,117854043,0,1
43,self_employed,low,14459469,4128522,3289043,839479,1937000,29,0.0167,39879748,0,1
39,freelancer,low,13340722,2726658,1595692,1130966,175000,46,0.0298,69993076,0,1
29,self_employed,high,7280260,0,4368156,-4368156,10000,69,0.0902,0,10000,0
25,employee,low,3859499,1712451,913700,798751,1033000,55,0.0229,50559289,0,1
25,professional,high,53341828,6217378,3749937,2467441,1590000,38,0.0684,170563089,0,1
31,self_employed,medium,50895801,0,19552730,-19552730,1326000,110,0.0428,0,1326000,0
23,student,medium,0,0,0,0,10000,81,0.0591,0,10000,0
22,freelancer,low,17448489,0,5279407,-5279407,861000,35,0.0167,0,861000,0
24,self_employed,high,0,3341910,3323796,18114,10000,56,0.0847,1238818,0,1
32,professional,medium,45748989,6585981,4131750,2454231,449000,60,0.0505,225974452,0,1
24,student,medium,5055984,0,1252058,-1252058,262000,25,0.0506,0,262000,0
22,freelancer,low,0,0,0,0,115000,41,0.0127,0,115000,0
30,freelancer,medium,9759718,0,3312462,-3312462,782000,97,0.0579,0,782000,0
20,student,low,0,635065,517970,117095,10000,34,0.0243,4117172,0,1
21,student,low,1148370,1051115,771280,279835,95000,57,0.0233,18132099,0,1
26,employee,medium,37106810,4371619,2488374,1883245,139000,57,0.0327,159293055,0,1
25,student,low,0,0,0,0,738000,29,0.0135,0,738000,0
19,student,medium,5376075,0,1204765,-1204765,538000,28,0.0442,0,538000,0
29,professional,medium,8233977,4397219,2827302,1569917,930000,24,0.0552,48932823,0,1
40,freelancer,medium,3969572,0,937960,-937960,10000,64,0.0334,0,10000,0
38,professional,medium,14705398,5168301,3765886,1402415,10000,62,0.046,116583270,0,1
51,freelancer,medium,0,4370329,4444465,-74136,10000,75,0.0571,0,10000,0
19,student,low,3867502,1515704,1066360,449344,2025000,31,0.0211,18387350,0,1
27,freelancer,low,2519961,2313977,1375499,938478,10000,22,0.0265,23777650,0,1
33,employee,low,15104269,2540858,2047160,493698,10000,19,0.0115,24843285,0,1
43,employee,low,53531302,3056557,1835800,1220757,903000,35,0.0254,101943508,0,1
31,professional,medium,53714287,7510838,5108558,2402280,26000,46,0.0359,179906778,0,1
38,employee,low,8607214,2277690,1104448,1173242,10000,45,0.0244,64659005,0,1
32,employee,low,18292841,2680539,1736354,944185,1330000,6,0.0188,24152813,0,1
30,professional,low,37772286,5040031,2670381,2369650,846000,62,0.0164,194323153,0,1
27,professional,low,17587946,4061854,3030573,1031281,2491000,74,0.0203,101155410,0,1
25,student,low,0,0,0,0,10000,60,0.0126,0,10000,0
49,self_employed,medium,0,2024043,1472161,551882,503000,12,0.0324,6721820,0,1
27,professional,medium,24259906,5967363,3551733,2415630,1128000,7,0.0589,42266259,0,1
48,self_employed,high,39802736,3719391,2070232,1649159,497000,86,0.0787,259556078,0,1
46,employee,medium,17964633,3007466,1703432,1304034,1662000,29,0.0574,61092880,0,1
19,student,low,0,61867,53584,8283,411000,34,0.0289,293106,117894,0
37,freelancer,medium,6498006,0,932838,-932838,1519000,30,0.0372,0,1519000,0
34,employee,low,15242370,2569886,1668707,901179,645000,14,0.025,28481796,0,1
36,employee,low,9886898,4460748,3115062,1345686,2533000,65,0.0232,104316924,0,1
31,self_employed,medium,15462756,0,4599762,-4599762,10000,53,0.0449,0,10000,0
30,employee,medium,0,1668285,853479,814806,10000,8,0.0582,6630178,0,1
35,self_employed,medium,40002086,5086086,2769661,2316425,12000,37,0.0454,137810975,0,1
21,student,medium,0,2100141,701140,1399001,2015000,46,0.0575,71805977,0,1
37,self_employed,medium,23414286,3913578,2549805,1363773,935000,61,0.051,125068094,0,1
51,self_employed,medium,4164937,0,1800208,-1800208,10000,18,0.0535,0,10000,0
45,employee,high,3019898,2492689,1990553,502136,588000,59,0.0659,39048562,0,1
24,student,low,0,0,0,0,569000,48,0.0264,0,569000,0
52,freelancer,high,28396121,4784854,3927607,857247,10000,60,0.0661,100239271,0,1
22,student,low,0,612544,637216,-24672,830000,39,0.0255,0,830000,0
43,professional,medium,24000409,2250499,1283734,966765,10000,40,0.0527,70772662,0,1
33,employee,medium,19850904,2533738,1857404,676334,25000,64,0.0465,74444181,0,1
43,employee,high,0,3179137,2045831,1133306,1188000,99,0.0738,153851659,0,1
30,freelancer,medium,0,0,0,0,623000,30,0.0358,0,623000,0
30,freelancer,medium,5692631,4594001,2494158,2099843,10000,59,0.0332,141074785,0,1
24,student,low,0,0,0,0,1795000,1,0.0188,0,1795000,0
23,student,high,3983425,0,2068485,-2068485,828000,89,0.0612,0,828000,0
32,freelancer,high,22705241,0,2892433,-2892433,10000,15,0.0773,0,10000,0
25,student,low,6271590,0,2371059,-2371059,10000,41,0.0255,0,10000,0
22,student,low,460945,0,207746,-207746,1535000,48,0.0183,0,1535000,0
25,student,medium,2085810,0,617202,-617202,108000,75,0.0385,0,108000,0
31,freelancer,high,8113601,1700323,1568258,132065,10000,26,0.0694,13119827,0,1
22,freelancer,high,23166407,0,10275153,-10275153,422000,73,0.0924,0,422000,0
23,employee,low,20805656,4323638,2499762,1823876,1986000,1,0.0263,22675131,0,1
24,freelancer,medium,20383851,665093,548189,116904,2226000,68,0.0318,33101128,0,1
22,student,medium,0,0,0,0,10000,53,0.0501,0,10000,0
22,student,low,1582519,1387873,767990,619883,278000,15,0.0256,11072314,0,1
29,professional,low,3563346,2954101,1715040,1239061,10000,22,0.0206,31456736,0,1
27,employee,low,17144301,4423534,3747277,676257,411000,38,0.0283,45601018,0,1
23,student,medium,0,0,0,0,1534000,64,0.0436,0,1534000,0
39,freelancer,medium,33055566,4152448,2744457,1407991,699000,33,0.0526,88063031,0,1
32,freelancer,high,5216310,0,2512068,-2512068,464000,46,0.0991,0,464000,0
22,student,medium,6409769,0,1620655,-1620655,492000,61,0.0483,0,492000,0
28,employee,high,4377490,2511924,1559958,951966,10000,50,0.0947,64564436,0,1
22,student,low,4884532,805177,556532,248645,10000,20,0.0169,10063968,0,1
46,self_employed,high,0,1787260,1409115,378145,668000,59,0.091,28005725,0,1
35,self_employed,low,5675262,0,2366532,-2366532,514000,69,0.0294,0,514000,0
36,employee,medium,25912931,2340935,1430963,909972,51000,25,0.0344,51384685,0,1
24,student,high,3911773,0,167156,-167156,1800000,31,0.0976,0,1800000,0
37,professional,medium,40378268,5776294,2615210,3161084,10000,63,0.042,272698011,0,1
26,employee,high,24003033,3764270,2718642,1045628,25000,41,0.069,78554348,0,1
39,self_employed,high,37492454,0,0,0,591000,2,0.0916,38067023,0,1
24,student,low,2160586,0,1002885,-1002885,375000,19,0.0122,0,375000,0
24,self_employed,high,30555480,1409528,864647,544881,10000,63,0.0758,87434216,0,1
47,self_employed,medium,25980465,0,3284469,-3284469,339000,34,0.0427,0,339000,0
31,professional,medium,50609077,4422806,3112574,1310232,10000,90,0.0351,200499670,0,1
22,student,medium,2927163,106547,86393,20154,10000,54,0.0591,5059770,0,1
25,employee,medium,21150408,3075122,1817679,1257443,588000,103,0.0482,191988804,0,1
37,freelancer,medium,11494884,0,4861518,-4861518,487000,38,0.0592,0,487000,0
39,freelancer,medium,20814583,0,3669695,-3669695,10000,67,0.0488,0,10000,0
25,self_employed,medium,30461788,4609560,1999401,2610159,1421000,68,0.0339,232285105,0,1
25,student,low,0,1391446,950565,440881,1547000,70,0.0152,32249882,0,1
27,professional,medium,15185037,2488562,1641788,846774,688000,43,0.0528,58327416,0,1
41,self_employed,low,4379230,0,904674,-904674,1799000,16,0.0213,0,1799000,0
23,student,high,2200797,0,120592,-120592,10000,106,0.0665,0,10000,0
48,employee,medium,16958472,3971216,2882790,1088426,708000,43,0.058,72747868,0,1
22,student,medium,2069516,247829,107332,140497,10000,80,0.0475,16031390,0,1
23,student,low,0,0,0,0,10000,42,0.0185,0,10000,0
31,employee,medium,24330003,3103317,1656847,1446470,923000,1,0.0334,25844192,0,1
39,freelancer,high,0,2425107,1476542,948565,259000,70,0.0836,85202105,0,1
30,self_employed,medium,35936873,3483834,1654554,1829280,806000,116,0.0424,315826809,0,1
19,student,low,4831741,623313,364548,258765,10000,75,0.0141,25552344,0,1
23,student,medium,885018,0,196476,-196476,1008000,39,0.0436,0,1008000,0
21,student,medium,1984389,0,142488,-142488,10000,32,0.0585,0,10000,0
43,employee,medium,0,3405794,2083573,1322221,1528000,51,0.0302,71855739,0,1
22,freelancer,medium,8720378,1826027,1299280,526747,10000,14,0.0318,16552376,0,1
43,professional,low,33975199,4471883,1635028,2836855,10000,79,0.0156,273510086,0,1
34,self_employed,medium,38720628,4976059,4146808,829251,10000,70,0.049,118538739,0,1
26,student,high,4769464,0,1083076,-1083076,432000,89,0.0655,0,432000,0
20,student,high,4776901,0,2501250,-2501250,10000,40,0.06,0,10000,0
42,self_employed,medium,0,0,0,0,195000,49,0.038,0,195000,0
34,employee,medium,0,3741819,2916349,825470,70000,43,0.041,38165086,0,1
22,student,low,2269633,0,631932,-631932,10000,59,0.0244,0,10000,0
36,freelancer,medium,12013697,0,0,0,1816000,69,0.0591,16861591,0,1
23,student,medium,0,823603,485705,337898,10000,64,0.0567,25182451,0,1
37,employee,high,26540143,2878641,1642005,1236636,429000,26,0.0751,66012433,0,1
23,student,high,0,0,0,0,148000,21,0.0849,0,148000,0
19,student,medium,3699192,0,412550,-412550,1120000,41,0.054,0,1120000,0
25,student,medium,10175572,1074358,702607,371751,2230000,55,0.0509,35816362,0,1
43,self_employed,low,20715062,0,1282903,-1282903,10000,19,0.0268,0,10000,0
38,self_employed,low,53369900,0,20000000,-20000000,1552000,30,0.0136,0,1552000,0
36,self_employed,high,6204541,3219238,2315264,903974,10000,71,0.0811,92030658,0,1
31,employee,medium,37145571,3599901,2471217,1128684,10000,81,0.0318,147853160,0,1
22,employee,high,23258757,1752932,1247951,504981,1938000,26,0.0683,41064643,0,1
25,professional,medium,29223449,4495083,2415466,2079617,1892000,48,0.0372,141355955,0,1
35,professional,low,29368461,6415918,3630707,2785211,989000,65,0.0161,221077692,0,1
24,student,medium,0,857343,787558,69785,527000,77,0.0498,6315934,0,1
27,employee,medium,0,2042119,1175852,866267,2092000,51,0.0575,49911097,0,1
30,employee,medium,17697959,3043408,2131919,911489,1235000,43,0.0492,63868175,0,1
25,student,low,1202163,723634,481311,242323,298000,47,0.0252,13283746,0,1
24,student,low,6077226,0,2958819,-2958819,259000,48,0.0222,0,259000,0
21,student,medium,7828406,1235290,612292,622998,10000,23,0.0304,23032906,0,1
36,employee,medium,20932713,3079627,1787650,1291977,823000,56,0.0407,104833142,0,1
37,employee,low,28332972,3648282,2665987,982295,10000,54,0.0103,83945132,0,1
40,freelancer,low,26442587,0,3444281,-3444281,1018000,47,0.0264,0,1018000,0
29,professional,high,31189942,3807980,2148711,1659269,1740000,32,0.0894,99262292,0,1
29,freelancer,high,17401629,2630649,1646877,983772,409000,38,0.0957,66998720,0,1
38,self_employed,low,0,5613558,3243540,2370018,10000,78,0.0241,199910489,0,1
47,freelancer,high,42771452,0,20000000,-20000000,1078000,43,0.0642,0,1078000,0
19,student,medium,1536438,274743,200648,74095,10000,57,0.0333,6368259,0,1
47,employee,medium,0,2907751,1972496,935255,326000,72,0.0577,80236696,0,1
19,student,low,1974153,1998071,1955020,43051,10000,5,0.0204,2206979,0,1
22,student,low,0,1665038,1279370,385668,1578000,48,0.014,19028803,0,1
52,self_employed,medium,35460154,0,7953343,-7953343,10000,28,0.0476,0,10000,0
32,freelancer,low,0,2061061,1552555,508506,10000,56,0.0252,30184775,0,1
27,freelancer,medium,17380756,0,4129755,-4129755,186000,38,0.0397,0,186000,0
22,employee,low,32850872,2889996,1861807,1028189,629000,17,0.0255,51837541,0,1
22,freelancer,low,8830622,0,0,0,10000,42,0.0163,9348695,0,1
22,student,high,7519285,0,1399302,-1399302,1000000,81,0.0737,0,1000000,0
45,self_employed,high,26907028,3888436,2344160,1544276,469000,46,0.0959,124249668,0,1
25,employee,low,6503919,3427595,2101186,1326409,1220000,31,0.02,49011895,0,1
28,student,medium,0,0,0,0,394000,7,0.0422,0,394000,0
23,student,low,6200314,621647,378751,242896,10000,9,0.0188,8488102,0,1
24,student,medium,507374,0,144712,-144712,1397000,66,0.0581,0,1397000,0
41,freelancer,low,0,2967723,1563051,1404672,1937000,62,0.014,90262174,0,1
27,employee,low,34169465,3469857,2434475,1035382,88000,31,0.0213,69066837,0,1
24,student,medium,0,661608,439138,222470,2138000,13,0.0347,2942824,0,1
37,freelancer,high,3949189,1571530,697950,873580,1154000,77,0.0811,94497042,0,1
30,freelancer,high,24165779,2811583,1409383,1402200,10000,52,0.0925,125301231,0,1
25,student,low,2983405,0,146907,-146907,10000,50,0.0268,0,10000,0
24,student,medium,986652,0,264849,-264849,10000,28,0.0416,0,10000,0
30,employee,low,0,1547311,759739,787572,10000,43,0.0255,35421686,0,1
26,self_employed,high,28235127,1362116,750775,611341,10000,45,0.0622,66524695,0,1
24,student,high,5502862,0,1937653,-1937653,1206000,50,0.0763,0,1206000,0
25,student,low,0,0,0,0,10000,37,0.0107,0,10000,0
33,self_employed,medium,11994717,2778088,2540278,237810,10000,44,0.0516,25979027,0,1
24,student,low,85498,0,31076,-31076,65000,59,0.0259,0,65000,0
46,freelancer,high,10581312,2573217,1802552,770665,99000,63,0.0613,71690657,0,1
21,student,low,1486083,653929,343025,310904,537000,67,0.0253,24059653,0,1
30,professional,medium,8090931,2377343,1504921,872422,10000,50,0.0492,58232327,0,1
39,employee,low,12734420,3282340,2314206,968134,1008000,31,0.026,44626429,0,1
45,self_employed,high,24276579,6093756,5817032,276724,10000,87,0.0679,70656902,0,1
26,student,high,3508994,1832728,1102987,729741,10000,37,0.0839,35233735,0,1
28,professional,high,49454347,4943008,2822074,2120934,10000,52,0.0825,202659527,0,1
41,employee,low,19634521,4767946,2583243,2184703,879000,55,0.0268,149896236,0,1
30,professional,medium,25688231,5703730,4366086,1337644,1557000,25,0.0321,61999326,0,1
32,employee,low,29837402,2923673,1848309,1075364,1660000,47,0.0139,83418169,0,1
31,employee,medium,21879432,2460955,1401014,1059941,399000,40,0.0543,72572342,0,1
21,student,medium,0,703438,685438,18000,1851000,46,0.0356,885752,965248,0
24,freelancer,medium,18722627,246279,197321,48958,700000,50,0.0554,26317807,0,1
22,student,low,6368679,0,2455183,-2455183,1107000,24,0.0194,0,1107000,0
21,student,low,9445725,1325095,1155750,169345,517000,35,0.0137,15874146,0,1
24,student,low,0,0,0,0,723000,41,0.0169,0,723000,0
29,employee,medium,17259519,2953759,2083498,870261,10000,75,0.0454,98217970,0,1
39,self_employed,medium,51671664,4283076,2562626,1720450,10000,118,0.0472,339828108,0,1
25,student,high,77325,1173098,744524,428574,874000,40,0.0797,19662783,0,1
36,employee,low,21100578,4254602,3285415,969187,781000,87,0.0227,116432054,0,1
27,student,high,1967315,881357,790239,91118,790000,28,0.0704,5081453,0,1
23,student,high,3406580,2237695,1633145,604550,500000,10,0.0899,9924002,0,1
21,student,medium,6189226,2203529,1201552,1001977,1747000,72,0.0425,89993759,0,1
27,freelancer,medium,0,3707021,2252301,1454720,867000,43,0.0574,69267572,0,1
29,employee,low,0,2690064,2126257,563807,171000,49,0.0186,28679658,0,1
29,self_employed,medium,4514577,0,2000596,-2000596,265000,78,0.0387,0,265000,0
38,self_employed,medium,18748137,2093069,1676681,416388,10000,65,0.0416,53775887,0,1
32,freelancer,medium,11965367,1752957,1203910,549047,10000,26,0.0507,28406828,0,1
22,employee,low,19760958,3216358,1803012,1413346,10000,30,0.0152,63714250,0,1
23,student,low,0,364713,300005,64708,2198000,24,0.0244,1589853,608147,0
45,employee,medium,17098176,5321034,3130567,2190467,1064000,106,0.049,316153876,0,1
40,professional,high,28217669,3431522,1283554,2147968,10000,80,0.0846,279291146,0,1
31,employee,medium,18449212,3680081,2285686,1394395,10000,58,0.0402,111500932,0,1
25,student,medium,5630196,836594,487624,348970,10000,9,0.0528,9053694,0,1
32,freelancer,medium,362948,0,77020,-77020,10000,47,0.0521,0,10000,0
29,employee,medium,0,4057156,2909955,1147201,819000,97,0.0417,132060440,0,1
37,employee,medium,20215190,2494906,1597263,897643,10000,65,0.042,90758389,0,1
23,student,high,2473761,0,702420,-702420,10000,11,0.0736,0,10000,0
21,student,low,312427,332811,290456,42355,10000,38,0.012,1964148,0,1
46,self_employed,low,15513369,2584707,2291819,292888,10000,32,0.0243,26223475,0,1
31,employee,medium,29354454,0,4656702,-4656702,2037000,59,0.0374,0,2037000,0
24,employee,medium,29983624,1743027,1166805,576222,2859000,55,0.0323,68869840,0,1
44,freelancer,high,16419346,2510053,1295125,1214928,10000,42,0.073,79121430,0,1
27,student,low,7224787,0,2946079,-2946079,69000,15,0.0298,0,69000,0
39,freelancer,medium,18257980,1727914,1074910,653004,1988000,93,0.0375,94752971,0,1
25,student,low,2829632,0,1123034,-1123034,10000,85,0.0205,0,10000,0
46,freelancer,medium,0,0,0,0,1356000,1,0.0489,0,1356000,0
23,freelancer,high,14981192,0,8081937,-8081937,629000,24,0.0798,0,629000,0
31,employee,medium,32619421,3478049,2046848,1431201,10000,19,0.0326,62212965,0,1
40,professional,medium,53710356,2660999,1461543,1199456,215000,41,0.0314,111625751,0,1
22,student,medium,6555007,1017249,761226,256023,143000,16,0.0507,11241214,0,1
56,self_employed,low,42675464,223247,148914,74333,245000,56,0.03,53542039,0,1
33,professional,medium,29705468,5474709,2702269,2772440,10000,43,0.0352,160554449,0,1
30,employee,low,2316963,4837155,3550859,1286296,1526000,66,0.0128,90392555,0,1
23,student,low,0,0,0,0,10000,67,0.0189,0,10000,0
30,employee,medium,18889502,4817334,3300533,1516801,10000,29,0.0555,68551748,0,1
33,self_employed,medium,0,0,0,0,1306000,38,0.0597,0,1306000,0
32,employee,medium,7712209,1009393,729947,279446,10000,6,0.0564,9628766,0,1
24,student,medium,7030792,843015,503579,339436,436000,50,0.0532,27724301,0,1
19,student,low,0,0,0,0,664000,60,0.0193,0,664000,0
37,employee,low,18391709,3201726,2052411,1149315,514000,45,0.0128,72247165,0,1
43,self_employed,high,33949404,3657732,3186694,471038,10000,42,0.068,65308449,0,1
42,freelancer,medium,0,1870955,1416940,454015,10000,31,0.0595,15173216,0,1
44,freelancer,high,32634955,0,10207809,-10207809,10000,47,0.0969,0,10000,0
47,professional,low,13099881,2582522,1387756,1194766,326000,44,0.0153,67892128,0,1
35,self_employed,high,25717434,0,9242354,-9242354,1735000,28,0.084,0,1735000,0
22,employee,medium,11257666,3077778,2022529,1055249,10000,79,0.0463,112508390,0,1
41,professional,medium,30789849,2385215,1361647,1023568,10000,61,0.0389,106425685,0,1
47,freelancer,high,2382986,2518912,2289451,229461,1847000,98,0.0914,38257004,0,1
20,student,low,9163590,978721,489490,489231,661000,30,0.0284,25028932,0,1
24,student,medium,1936811,901978,642265,259713,488000,30,0.0557,10564706,0,1
21,student,medium,7020962,0,2175099,-2175099,10000,43,0.0385,0,10000,0
23,employee,medium,25199565,0,5428834,-5428834,413000,70,0.0453,0,413000,0
24,student,medium,0,0,0,0,608000,28,0.0401,0,608000,0
44,freelancer,low,1188140,0,641980,-641980,10000,52,0.0283,0,10000,0
22,freelancer,medium,12647641,0,2702679,-2702679,738000,41,0.0482,0,738000,0
46,self_employed,low,28167628,0,16900576,-16900576,10000,55,0.0154,0,10000,0
36,freelancer,medium,19458182,1460557,682715,777842,1394000,64,0.0529,83153894,0,1
38,professional,medium,0,4100564,2461248,1639316,895000,100,0.0571,209306359,0,1
30,employee,low,5663339,4288400,2453794,1834606,1150000,27,0.0236,56793671,0,1
29,freelancer,low,35341957,2685776,1764177,921599,769000,51,0.0271,89406763,0,1
21,student,medium,1348176,0,327091,-327091,513000,45,0.0567,0,513000,0
30,professional,medium,10732334,2527251,1799743,727508,10000,12,0.0485,20191377,0,1
19,student,low,1331662,0,83071,-83071,1952000,88,0.011,0,1952000,0
31,professional,low,19914506,4687387,2293839,2393548,1709000,70,0.0161,197419075,0,1
20,student,low,3064543,0,1137079,-1137079,10000,69,0.0153,0,10000,0
19,student,low,4082637,0,429625,-429625,202000,24,0.0182,0,202000,0
22,employee,medium,15557534,0,4274513,-4274513,908000,47,0.0599,0,908000,0
22,student,low,3678320,0,818469,-818469,1962000,26,0.0128,0,1962000,0
43,professional,medium,39320077,5445315,3591724,1853591,10000,35,0.059,117287162,0,1
21,student,medium,411209,0,33216,-33216,10000,30,0.0331,0,10000,0
22,freelancer,medium,0,0,0,0,2238000,93,0.0449,0,2238000,0
21,student,medium,1396343,0,317999,-317999,937000,58,0.0562,0,937000,0
38,employee,low,30683092,3915922,2392134,1523788,176000,55,0.0135,119045801,0,1
47,self_employed,high,16355692,0,1445766,-1445766,10000,39,0.0842,0,10000,0
29,freelancer,medium,16264604,0,6982078,-6982078,10000,85,0.0388,0,10000,0
42,professional,high,23538392,3795143,2846619,948524,10000,86,0.0756,148223596,0,1
22,student,low,1697438,0,988160,-988160,196000,8,0.0139,0,196000,0
39,employee,low,32711685,2528166,1532760,995406,10000,59,0.0169,96736804,0,1
23,student,low,5172583,0,893665,-893665,835000,50,0.0127,0,835000,0
21,student,low,696199,1621857,986508,635349,10000,3,0.0269,2611214,0,1
21,student,low,781138,0,0,0,1516000,42,0.0162,826677,689323,0
36,freelancer,high,0,3968674,2388301,1580373,765000,55,0.0953,108466773,0,1
36,self_employed,medium,41320399,0,5237092,-5237092,267000,56,0.0499,0,267000,0
24,student,medium,1559766,0,935859,-935859,10000,75,0.0428,0,10000,0
22,student,medium,2174525,0,147004,-147004,1998000,36,0.0411,0,1998000,0
29,employee,medium,17591584,3606997,2592919,1014078,10000,85,0.0555,131342309,0,1
37,employee,low,35158039,3158156,1397514,1760642,1176000,72,0.0217,175300713,0,1
41,freelancer,low,0,37779,27671,10108,961000,69,0.0106,718818,242182,0
22,student,medium,1831319,846389,585302,261087,1019000,72,0.0399,23525394,0,1
44,freelancer,low,3379742,0,239365,-239365,623000,32,0.0214,0,623000,0
42,employee,medium,16088420,3907748,2741871,1165877,10000,67,0.0445,109105408,0,1
24,employee,medium,22749342,3679324,2933760,745564,134000,81,0.037,97673989,0,1
34,professional,medium,50891600,4636291,1889030,2747261,10000,47,0.0539,206229252,0,1
43,freelancer,high,14856707,1031317,768124,263193,1343000,36,0.0673,28637099,0,1
30,freelancer,low,0,1791653,1294395,497258,10000,49,0.028,25781364,0,1
23,student,medium,4466628,0,1004661,-1004661,10000,80,0.0475,0,10000,0
42,freelancer,low,23977452,2915185,1873155,1042030,10000,42,0.0239,71667822,0,1
24,freelancer,high,16617282,0,3029727,-3029727,10000,9,0.0965,0,10000,0
35,self_employed,medium,31989884,5826177,5345219,480958,1293000,70,0.0461,80382763,0,1
36,employee,medium,30264285,0,4756316,-4756316,1112000,75,0.0387,0,1112000,0
36,freelancer,low,0,0,0,0,10000,9,0.0219,0,10000,0
38,self_employed,low,24178160,2436643,952791,1483852,711000,51,0.0141,103613144,0,1
21,student,low,3252445,0,689510,-689510,1590000,37,0.024,0,1590000,0
36,self_employed,high,0,8959562,5125764,3833798,1687000,1,0.094,3833798,0,1
21,student,medium,3879835,0,282517,-282517,887000,75,0.0572,0,887000,0
38,freelancer,medium,12671171,3320550,2101694,1218856,612000,93,0.0426,151644899,0,1
23,student,medium,0,0,0,0,10000,57,0.0371,0,10000,0
29,freelancer,medium,36876288,0,8788964,-8788964,602000,36,0.0523,0,602000,0
34,employee,medium,15612610,3606289,2166311,1439978,10000,59,0.0482,115432986,0,1
22,student,medium,0,694833,349943,344890,1151000,47,0.056,18077986,0,1
22,student,low,0,1693231,1220148,473083,10000,107,0.0156,54271792,0,1
23,student,medium,4288292,0,1318082,-1318082,159000,52,0.0507,0,159000,0
38,freelancer,high,0,3142452,2264908,877544,2170000,29,0.0738,27766196,0,1
20,student,low,8194755,0,2422439,-2422439,10000,56,0.0269,0,10000,0
23,student,low,0,0,0,0,53000,87,0.0265,0,53000,0
36,employee,low,11876374,4391193,2495618,1895575,10000,49,0.0126,107765872,0,1
23,student,low,8778690,992047,921921,70126,10000,69,0.0273,15501660,0,1
32,employee,high,10959802,3588767,2013107,1575660,1135000,37,0.0872,80940139,0,1
33,self_employed,high,23991184,4050169,3899830,150339,10000,66,0.0828,50284145,0,1
21,student,low,4425788,0,1594485,-1594485,1606000,11,0.0196,0,1606000,0
21,student,low,6134496,0,599529,-599529,10000,104,0.0286,0,10000,0
30,self_employed,medium,0,5403262,3493178,1910084,1493000,30,0.0326,59618060,0,1
43,professional,low,0,6821431,3932452,2888979,10000,1,0.0229,2888979,0,1
41,self_employed,medium,28572888,2561605,2088916,472689,10000,17,0.0336,38182112,0,1
24,student,low,0,0,0,0,274000,29,0.015,0,274000,0
37,employee,medium,25792447,4403447,3050903,1352544,742000,10,0.0334,40215505,0,1
22,student,low,1103553,0,152282,-152282,599000,42,0.0111,0,599000,0
22,employee,medium,23509346,0,14105607,-14105607,2497000,66,0.0388,0,2497000,0
39,employee,medium,29974278,3331037,1998419,1332618,10000,37,0.0464,87473638,0,1
22,freelancer,medium,0,4052376,2776123,1276253,573000,7,0.0453,9035585,0,1
34,employee,medium,9740581,2925139,1857782,1067357,10000,18,0.0493,30384880,0,1
19,student,medium,1090069,0,373162,-373162,10000,85,0.0358,0,10000,0
32,freelancer,medium,7442815,0,2102807,-2102807,2136000,36,0.0345,0,2136000,0
22,student,low,3645947,2003239,1523715,479524,494000,52,0.0287,30646593,0,1
22,employee,medium,2706442,1830873,1063291,767582,1043000,53,0.0562,49521064,0,1
24,student,medium,1556419,0,805259,-805259,1245000,36,0.0509,0,1245000,0
23,student,low,5272362,993163,703328,289835,393000,15,0.0279,9878257,0,1
44,freelancer,low,30156233,7479261,5153952,2325309,810000,41,0.0255,132402154,0,1
35,freelancer,low,0,3027022,2025633,1001389,871000,46,0.0155,47428343,0,1
21,student,high,6746823,1669410,1263303,406107,10000,61,0.0854,41283117,0,1
40,self_employed,medium,35379547,7812060,3544938,4267122,869000,37,0.0471,210463990,0,1
35,professional,medium,29381061,4067813,1866703,2201110,430000,56,0.0467,173947517,0,1
22,student,medium,4403314,0,938921,-938921,10000,56,0.0349,0,10000,0
37,self_employed,low,995756,0,130772,-130772,2786000,54,0.0285,0,2786000,0
34,professional,medium,29504059,2367856,1376683,991173,1671000,56,0.0543,101001896,0,1
22,student,medium,0,1112714,782232,330482,1244000,46,0.0381,16340522,0,1
41,employee,medium,18145123,4077998,2555440,1522558,540000,66,0.0538,141012976,0,1
34,employee,medium,5447027,3238952,2164008,1074944,18000,14,0.0363,21031031,0,1
34,freelancer,high,24169333,3772403,2432400,1340003,930000,46,0.0972,109362476,0,1
28,employee,medium,17283735,0,6337529,-6337529,10000,29,0.0538,0,10000,0
40,self_employed,low,23944916,0,0,0,31000,10,0.0144,24233812,0,1
36,self_employed,medium,29918629,300749,283324,17425,10000,44,0.0437,35937718,0,1
21,student,low,2360111,0,1104032,-1104032,2081000,66,0.0107,0,2081000,0
26,employee,low,19257229,2873413,1632555,1240858,10000,43,0.0171,75458367,0,1
21,student,low,0,1024870,930248,94622,382000,80,0.0224,8155994,0,1
28,freelancer,low,0,3780394,2966468,813926,854000,42,0.012,34895118,0,1
44,self_employed,medium,0,6423331,4989583,1433748,235000,105,0.0412,180886556,0,1
29,employee,medium,9091230,3175419,1736272,1439147,1743000,64,0.0306,110609935,0,1
31,employee,low,15142909,3946448,2205191,1741257,10000,12,0.0279,36735202,0,1
36,employee,low,12954933,3179740,1693253,1486487,387000,43,0.016,79460587,0,1
25,employee,medium,18356483,3284651,2270288,1014363,2048000,14,0.0572,34269739,0,1
27,professional,high,68917631,4389001,1919949,2469052,10000,57,0.0973,287209994,0,1
36,employee,high,21031778,3833092,2275706,1557386,853000,87,0.095,235700870,0,1
26,freelancer,low,29110799,2084667,1016898,1067769,1413000,14,0.0263,45180454,0,1
22,student,low,0,0,0,0,2487000,36,0.0129,0,2487000,0
24,student,low,0,0,0,0,1415000,40,0.0173,0,1415000,0
22,employee,low,24057486,3424588,2528273,896315,1023000,36,0.0263,59566495,0,1
35,professional,high,17585464,6284752,4643090,1641662,833000,40,0.078,97506128,0,1
30,professional,low,18140992,6248129,4044481,2203648,3473000,52,0.0164,138151834,0,1
23,employee,medium,11641995,3311242,2313367,997875,368000,99,0.0346,129625062,0,1
32,employee,medium,12200542,3416958,2299310,1117648,199000,26,0.0574,44676857,0,1
25,student,low,0,0,0,0,10000,81,0.0168,0,10000,0
24,student,medium,0,988419,756457,231962,10000,42,0.0593,10797633,0,1
44,self_employed,high,12423791,5735206,4971379,763827,853000,13,0.0966,24212433,0,1
39,employee,low,613976,5174045,3562158,1611887,127000,15,0.0122,24974540,0,1
22,student,medium,3141285,1065087,734253,330834,314000,87,0.0365,36984589,0,1
30,self_employed,medium,0,7796345,5494446,2301899,10000,43,0.0546,109055202,0,1
23,student,low,0,0,0,0,10000,19,0.0248,0,10000,0
20,student,medium,6006548,0,1594265,-1594265,1447000,59,0.0422,0,1447000,0
32,employee,medium,9186292,2849104,1250197,1598907,2142000,54,0.0326,103495596,0,1
25,student,low,4102489,0,2280680,-2280680,10000,56,0.0213,0,10000,0
50,freelancer,medium,0,2381572,1197342,1184230,191000,55,0.049,72860229,0,1
23,student,medium,2194312,523616,214168,309448,10000,93,0.0571,39505383,0,1
21,student,low,0,0,0,0,1057000,49,0.0139,0,1057000,0
41,professional,medium,6653946,4487927,2485663,2002264,466000,23,0.0332,54571610,0,1
48,freelancer,high,31754067,4608249,2715790,1892459,10000,72,0.0644,212474596,0,1
39,employee,low,0,4288705,2923681,1365024,2253000,20,0.029,27936436,0,1
34,professional,low,16096925,5510687,3512123,1998564,211000,86,0.0132,197858095,0,1
36,self_employed,low,37318657,2064604,1331200,733404,890000,11,0.0245,46315686,0,1
23,student,high,2218615,0,969926,-969926,61000,3,0.0876,0,61000,0
39,freelancer,low,0,5110101,3061976,2048125,1897000,96,0.0285,220547122,0,1
22,freelancer,medium,35372823,178300,145286,33014,1086000,45,0.0322,41483018,0,1
23,student,medium,0,146800,105875,40925,2698000,56,0.0338,2478665,219335,0
46,employee,low,21280396,3534628,1919110,1615518,945000,52,0.0222,111522168,0,1
31,employee,high,19285599,2964832,1743390,1221442,1335000,88,0.0675,170181547,0,1
26,student,low,676969,935303,728114,207189,1405000,46,0.0184,10593424,0,1
27,freelancer,medium,6135969,2255597,1692320,563277,1480000,56,0.0505,43249438,0,1
44,self_employed,medium,43565574,679139,510173,168966,485000,42,0.056,60794248,0,1
23,student,low,0,0,0,0,1560000,70,0.0119,0,1560000,0
22,student,medium,6542000,143540,128308,15232,1637000,36,0.0488,8160395,0,1
35,professional,high,23821865,5285405,3431268,1854137,1610000,71,0.0683,197303934,0,1
23,student,medium,3160675,0,1896405,-1896405,526000,85,0.052,0,526000,0
23,student,low,5007735,2124592,1564380,560212,10000,16,0.0163,14172974,0,1
30,employee,low,7139493,3778908,2062258,1716650,1184000,71,0.0163,135723736,0,1
25,freelancer,low,6400658,2179176,1309764,869412,1007000,76,0.0209,77887982,0,1
29,self_employed,low,0,6142615,5017691,1124924,838000,39,0.0143,44880129,0,1
22,student,low,186466,2698056,1960875,737181,10000,61,0.0133,46695851,0,1
22,student,medium,5020358,0,2187282,-2187282,78000,30,0.0366,0,78000,0
24,student,low,2189115,0,900701,-900701,1175000,73,0.0246,0,1175000,0
22,student,low,0,1401019,1032952,368067,1681000,16,0.0257,5984617,0,1
32,self_employed,medium,35311112,0,10613337,-10613337,903000,41,0.0581,0,903000,0
25,student,medium,1388787,0,434067,-434067,10000,76,0.0459,0,10000,0
35,self_employed,medium,0,3430847,1698404,1732443,2317000,60,0.0367,113904254,0,1
24,student,low,7034191,0,3967146,-3967146,10000,74,0.0187,0,10000,0
20,student,medium,4588235,1572528,1192956,379572,401000,44,0.0539,24008639,0,1
37,employee,medium,21137704,4423557,2560379,1863178,1979000,42,0.034,106780123,0,1
42,employee,low,13523178,0,0,0,10000,42,0.0246,14737820,0,1
22,student,low,6012313,1143100,1144876,-1776,10000,28,0.0201,6249891,0,1
27,employee,medium,0,4082579,2704683,1377896,1225000,16,0.0586,22872479,0,1
26,student,medium,2678046,0,549098,-549098,652000,68,0.04,0,652000,0
51,self_employed,high,35315297,5980568,3672875,2307693,1959000,75,0.0767,278128022,0,1
21,student,low,503566,0,122189,-122189,10000,80,0.0132,0,10000,0
25,self_employed,medium,34728721,0,3310419,-3310419,2214000,72,0.0589,0,2214000,0
34,self_employed,low,11911082,7180546,4646945,2533601,10000,47,0.0219,137194056,0,1
24,student,medium,715923,0,165467,-165467,1317000,54,0.0423,0,1317000,0
21,student,medium,0,0,0,0,860000,42,0.0428,0,860000,0
23,student,medium,138137,676593,439298,237295,1590000,51,0.0397,13322768,0,1
40,self_employed,low,0,3613840,2820405,793435,1785000,53,0.0169,43629385,0,1
21,student,low,0,1972757,1249272,723485,772000,49,0.0146,36505938,0,1
29,freelancer,medium,5833254,0,1093185,-1093185,1590000,30,0.0509,0,1590000,0
27,employee,medium,23271477,0,2718146,-2718146,10000,17,0.0561,0,10000,0
23,student,high,0,792517,530339,262178,1458000,22,0.0754,6164881,0,1
47,self_employed,medium,0,0,0,0,1981000,39,0.0578,0,1981000,0
32,employee,high,18825163,3027836,2118445,909391,10000,47,0.0623,72278680,0,1
24,student,medium,38981,0,2416,-2416,1481000,72,0.0452,0,1481000,0
42,employee,low,22225970,3904994,1823859,2081135,552000,55,0.0283,147364341,0,1
28,freelancer,medium,15604485,7839810,4865792,2974018,115000,2,0.0459,21683499,0,1
31,professional,medium,14260253,3474329,2416334,1057995,397000,25,0.0447,43315982,0,1
37,employee,low,4846328,3876984,2456668,1420316,1486000,68,0.0222,108313607,0,1
22,student,low,693446,0,287696,-287696,10000,66,0.0277,0,10000,0
35,employee,low,7012651,2895956,1812769,1083187,653000,62,0.0161,77601474,0,1
35,self_employed,high,21945018,1491187,755314,735873,722000,50,0.086,75423469,0,1
31,employee,medium,16716881,1587572,899756,687816,1148000,39,0.0478,48478840,0,1
22,student,medium,4242083,1397707,839333,558374,1450000,18,0.0482,14960828,0,1
40,self_employed,medium,0,5503285,3270567,2232718,10000,40,0.0458,96288521,0,1
22,student,high,0,0,0,0,10000,25,0.0641,0,10000,0
32,professional,medium,60888581,5774773,4072524,1702249,10000,30,0.0585,125299706,0,1
35,employee,high,17458352,1725096,1310885,414211,1711000,18,0.0666,27105362,0,1
22,freelancer,low,9643828,0,4023662,-4023662,678000,23,0.0261,0,678000,0
36,employee,high,13591287,2904128,2046619,857509,10000,52,0.0683,69978530,0,1
19,student,medium,2337717,0,756744,-756744,135000,47,0.044,0,135000,0
25,student,medium,0,0,0,0,1671000,49,0.0333,0,1671000,0
45,professional,medium,14883887,5595846,2387577,3208269,399000,46,0.0306,173107138,0,1
44,freelancer,medium,19859070,0,2074942,-2074942,10000,58,0.0498,0,10000,0
31,employee,low,20321018,3229085,2026422,1202663,10000,21,0.0282,47206146,0,1
30,freelancer,medium,0,3919229,3333482,585747,609000,61,0.0534,40946417,0,1
46,professional,high,33434257,3263181,2147346,1115835,1345000,17,0.0889,58040250,0,1
39,employee,medium,23623067,3322869,2157603,1165266,10000,19,0.0455,48296320,0,1
33,employee,low,54910993,2877706,2075306,802400,1170000,61,0.0275,115607721,0,1
22,student,low,8845149,1839487,1878637,-39150,371000,69,0.0163,6883657,0,1
19,student,low,0,360621,205285,155336,10000,6,0.0167,935265,0,1
28,self_employed,high,21358302,0,7885476,-7885476,272000,22,0.091,0,272000,0
28,employee,low,10641974,3109266,1668110,1441156,1827000,74,0.0266,128288398,0,1
22,student,medium,6953128,0,3164915,-3164915,1908000,91,0.0536,0,1908000,0
23,student,low,0,0,0,0,10000,17,0.0217,0,10000,0
22,student,low,4128249,1659932,1809408,-149476,980000,43,0.0173,0,980000,0
39,professional,high,17221020,2690731,2108982,581749,459000,38,0.0953,48946305,0,1
41,employee,medium,26598934,4587848,2822189,1765659,587000,70,0.0481,177545474,0,1
23,student,medium,0,0,0,0,1043000,58,0.0376,0,1043000,0
34,self_employed,high,22949613,4064119,4577838,-513719,10000,58,0.0743,0,10000,0
26,student,medium,0,0,0,0,2234000,36,0.0354,0,2234000,0
41,professional,high,37319849,6213972,3264463,2949509,92000,88,0.0703,400740007,0,1
22,student,medium,3999847,0,1077262,-1077262,449000,11,0.0388,0,449000,0
39,freelancer,high,24426768,3536433,3073746,462687,774000,84,0.0989,104400919,0,1
34,self_employed,medium,39854601,0,20000000,-20000000,691000,23,0.0558,0,691000,0
24,student,medium,825485,0,222148,-222148,10000,56,0.046,0,10000,0
22,student,low,0,0,0,0,1559000,85,0.0223,0,1559000,0
25,employee,medium,11340037,3283850,1574555,1709295,10000,63,0.0449,135530490,0,1
22,student,low,4628483,0,0,0,278000,56,0.0236,5166804,0,1
40,professional,medium,0,0,0,0,853000,61,0.0377,0,853000,0
30,employee,medium,14317102,3639535,2185233,1454302,675000,31,0.0572,65051604,0,1
22,student,low,3407340,483503,335994,147509,1041000,83,0.0269,17543035,0,1
21,student,medium,3847816,0,393064,-393064,2244000,28,0.041,0,2244000,0
23,student,high,266833,934274,430045,504229,659000,45,0.081,26771431,0,1
37,self_employed,low,40127158,3494567,2421393,1073174,1902000,39,0.0227,86590248,0,1
52,self_employed,low,12059446,4688352,4042242,646110,2947000,53,0.015,48265689,0,1
23,student,low,0,0,0,0,231000,71,0.0245,0,231000,0
20,student,high,0,0,0,0,63000,100,0.0996,0,63000,0
39,self_employed,high,1592371,0,411559,-411559,10000,23,0.0983,0,10000,0
24,employee,low,11911216,3346960,1594345,1752615,2079000,41,0.0282,88454511,0,1
34,employee,low,16950845,3112051,2375224,736827,10000,21,0.0259,33547897,0,1
44,professional,high,26185279,4849807,2937885,1911922,2398000,29,0.0972,95304143,0,1
33,freelancer,high,24424872,5042536,3780882,1261654,193000,50,0.0654,104341887,0,1
24,student,low,0,0,0,0,890000,29,0.0141,0,890000,0
35,professional,medium,28031592,6020488,4069323,1951165,1136000,31,0.0596,97901455,0,1
34,employee,high,30154662,4375724,2814375,1561349,10000,21,0.0654,68439122,0,1
36,freelancer,medium,32940378,0,9733730,-9733730,10000,65,0.0446,0,10000,0
36,professional,medium,0,4779897,2315891,2464006,399000,1,0.0543,2464006,0,1
23,student,medium,279922,1877237,1133269,743968,1907000,40,0.0496,32617934,0,1
47,self_employed,high,59849485,2975681,2157329,818352,548000,4,0.086,64892468,0,1
42,self_employed,medium,0,0,0,0,10000,64,0.0458,0,10000,0
23,student,low,3092459,0,1344085,-1344085,994000,71,0.0113,0,994000,0
38,self_employed,high,10090994,258876,160359,98517,10000,62,0.0668,21507333,0,1
20,student,medium,903560,916744,698270,218474,2338000,1,0.0306,1124338,1213662,0
36,self_employed,high,30353898,0,5472165,-5472165,10000,27,0.0918,0,10000,0
38,employee,medium,0,2916679,1367577,1549102,974000,57,0.0303,94840647,0,1
45,employee,medium,29859479,3620972,2152769,1468203,455000,23,0.0389,67167544,0,1
39,professional,medium,30699567,3178973,2316887,862086,950000,66,0.0327,98982174,0,1
42,self_employed,medium,64743362,4117253,2546259,1570994,1566000,43,0.0415,147803564,0,1
45,self_employed,medium,18573971,3526427,2209966,1316461,694000,17,0.0382,42564093,0,1
23,freelancer,high,34165651,2615956,1795922,820034,415000,45,0.0872,90790105,0,1
46,employee,low,7764921,3654415,2175859,1478556,10000,62,0.0297,107996871,0,1
39,freelancer,low,3930810,2923687,1753824,1169863,3789000,62,0.0217,81077273,0,1
36,employee,low,14341831,4329715,2216722,2112993,301000,51,0.0289,130727340,0,1
36,professional,medium,36207334,4146362,1997232,2149130,1131000,65,0.0522,209051001,0,1
21,student,low,0,471194,525235,-54041,290000,59,0.0117,0,290000,0
25,self_employed,low,11464049,0,2108879,-2108879,43000,83,0.0167,0,43000,0
41,employee,medium,7365526,2513692,1924587,589105,2391000,27,0.0587,25362571,0,1
28,employee,medium,9975112,2663655,1507202,1156453,1312000,45,0.0491,68999068,0,1
21,student,medium,0,0,0,0,688000,32,0.0545,0,688000,0
19,student,medium,7616810,0,0,0,1620000,13,0.0391,7945829,0,1
32,self_employed,medium,23343355,0,13475429,-13475429,10000,64,0.0423,0,10000,0
34,self_employed,medium,0,0,0,0,17000,43,0.0319,0,17000,0
44,employee,low,15628298,2715146,2269330,445816,10000,43,0.0251,37134195,0,1
31,employee,low,7082233,4034132,2114724,1919408,10000,86,0.0155,182381138,0,1
23,employee,low,7860564,3657366,1825480,1831886,1890000,69,0.0277,146068015,0,1
34,freelancer,high,13009833,6021699,3072800,2948899,249000,83,0.0911,363615359,0,1
40,self_employed,low,1718986,1264141,1066018,198123,10000,18,0.0128,5351024,0,1
31,employee,low,3951387,3223883,2223858,1000025,606000,53,0.0271,60689514,0,1
23,student,high,3632770,0,123943,-123943,10000,45,0.0845,0,10000,0
22,employee,medium,16206186,2099029,1409012,690017,1064000,53,0.0419,59591339,0,1
36,professional,medium,13673378,4996456,3357173,1639283,633000,34,0.0442,74753941,0,1
45,professional,low,32512237,4177903,3056407,1121496,317000,82,0.0228,137399546,0,1
21,student,medium,3801998,0,2158959,-2158959,10000,54,0.0491,0,10000,0
19,student,low,5441963,0,1844221,-1844221,2050000,73,0.0253,0,2050000,0
31,self_employed,medium,0,0,0,0,777000,33,0.0568,0,777000,0
47,self_employed,low,0,0,0,0,10000,20,0.0277,0,10000,0
22,student,medium,3437977,0,1324605,-1324605,571000,89,0.055,0,571000,0
27,employee,medium,15722467,3280408,2159969,1120439,1880000,12,0.0379,30010109,0,1
32,employee,medium,36409011,0,4239381,-4239381,304000,1,0.0349,32275520,0,1
34,freelancer,high,21737116,3497821,2336719,1161102,1042000,58,0.0675,109461794,0,1
25,professional,low,6692643,6255984,4334134,1921850,362000,27,0.0276,60592536,0,1
42,professional,high,14451318,7191435,4097647,3093788,141000,30,0.0952,122642300,0,1
35,employee,low,14213205,2982611,1874077,1108534,660000,49,0.0166,71370555,0,1
20,student,low,1458276,0,180521,-180521,593000,36,0.0234,0,593000,0
21,student,low,0,1018492,789624,228868,1092000,69,0.0163,16543844,0,1
24,student,low,864843,0,165679,-165679,372000,40,0.021,0,372000,0
25,professional,low,15150354,5058301,2341874,2716427,1514000,17,0.0172,62236376,0,1
42,self_employed,high,34078659,0,20000000,-20000000,136000,48,0.0966,0,136000,0
23,student,low,5119334,1388902,884782,504120,154000,67,0.027,42361971,0,1
26,student,low,0,1209713,751283,458430,10000,82,0.0209,40370359,0,1
49,professional,high,68293742,4071317,2190635,1880682,2559000,35,0.0957,165765879,0,1
24,student,medium,0,0,0,0,1388000,36,0.0585,0,1388000,0
35,self_employed,medium,18739167,0,2603451,-2603451,765000,60,0.0545,0,765000,0
34,professional,low,20872842,4029460,2557584,1471876,1872000,78,0.0102,140948562,0,1
40,employee,low,29127472,3474425,2090117,1384308,1959000,41,0.0151,88877303,0,1
23,student,medium,198419,0,48075,-48075,920000,63,0.0426,0,920000,0
40,employee,low,0,3251491,2200009,1051482,678000,48,0.0279,53329687,0,1
32,employee,medium,23745889,4241466,3424099,817367,720000,26,0.0302,47283276,0,1
39,self_employed,high,0,0,0,0,10000,43,0.0661,0,10000,0
40,self_employed,high,48208269,3059697,2234290,825407,65000,21,0.083,74303378,0,1
41,self_employed,high,8520813,1430943,861036,569907,10000,53,0.0949,50275953,0,1
40,employee,medium,9679921,3106259,1713194,1393065,2208000,58,0.0445,101957574,0,1
45,freelancer,high,0,9000000,5895844,3104156,784000,17,0.0788,55636020,0,1
19,student,medium,6303989,1719683,1273165,446518,683000,64,0.0585,42048247,0,1
23,student,high,3334125,0,331581,-331581,1987000,69,0.066,0,1987000,0
43,employee,medium,0,3876210,2557559,1318651,160000,48,0.0345,67766405,0,1
24,professional,medium,50856073,4475970,2905470,1570500,10000,57,0.0322,155836283,0,1
20,student,medium,378005,0,43847,-43847,167000,32,0.0525,0,167000,0
22,student,high,2462526,0,1187476,-1187476,10000,34,0.0978,0,10000,0
22,student,medium,0,872406,575804,296602,806000,77,0.0596,27736881,0,1
39,employee,high,15229872,2393588,1065731,1327857,1398000,66,0.087,136415626,0,1
44,employee,medium,18288200,3655327,2680827,974500,10000,55,0.0475,82474353,0,1
36,freelancer,medium,34416368,1892205,1530784,361421,10000,58,0.049,67191205,0,1
38,freelancer,medium,0,3836522,2752712,1083810,519000,99,0.0383,125950377,0,1
23,student,medium,2787226,0,198047,-198047,10000,47,0.0578,0,10000,0
42,self_employed,medium,39334815,5791667,4219255,1572412,10000,25,0.0538,85488857,0,1
19,student,low,0,1330141,1357878,-27737,1230000,18,0.0281,0,1230000,0
23,student,low,4618586,0,1035166,-1035166,906000,25,0.0226,0,906000,0
24,student,low,2442288,567223,352633,214590,1019000,52,0.0193,14283989,0,1
23,student,low,0,648731,458621,190110,1187000,17,0.0169,3268540,0,1
40,professional,medium,33345579,5124341,3762171,1362170,123000,63,0.0599,146183514,0,1
21,student,low,0,0,0,0,558000,57,0.0177,0,558000,0
22,student,medium,0,0,0,0,1743000,64,0.0482,0,1743000,0
31,employee,low,22416207,3739572,1999509,1740063,10000,64,0.0265,145291730,0,1
41,employee,low,37713184,3223716,2038647,1185069,1688000,56,0.027,113412846,0,1
21,student,high,0,0,0,0,1033000,49,0.0785,0,1033000,0
45,self_employed,high,20204849,1439990,1044168,395822,1685000,43,0.0926,48212801,0,1
45,freelancer,high,17568130,3025860,1148515,1877345,1578000,68,0.0759,185866100,0,1
43,employee,medium,22315684,1927710,1283502,644208,2869000,23,0.0343,39121922,0,1
23,student,low,4024987,122143,93392,28751,10000,38,0.0177,5379739,0,1
32,employee,low,17195327,2682601,1548318,1134283,1363000,36,0.0109,59256659,0,1
40,professional,medium,13275168,5299835,3718796,1581039,10000,59,0.0466,121291399,0,1
40,self_employed,medium,55076774,3001850,2046135,955715,2362000,29,0.03,87920765,0,1
19,student,medium,9823173,0,1037394,-1037394,482000,27,0.0535,0,482000,0
37,freelancer,low,37089239,0,3459250,-3459250,10000,33,0.0259,0,10000,0
30,professional,medium,4622759,4645634,2665515,1980119,793000,58,0.0558,137527032,0,1
36,professional,medium,0,4764401,3829544,934857,10000,62,0.0503,66032788,0,1
42,employee,medium,23831416,2989257,1618481,1370776,2090000,67,0.0428,133788561,0,1
33,freelancer,medium,0,2747817,1581955,1165862,10000,37,0.0324,45300928,0,1
29,professional,medium,34038403,4304186,2366509,1937677,2175000,36,0.0568,116202774,0,1
43,employee,low,30136958,4185197,2538210,1646987,285000,28,0.0108,77586045,0,1
24,professional,medium,26110591,7351286,4414159,2937127,10000,24,0.0385,101351171,0,1
37,freelancer,low,15174605,5255291,3826162,1429129,10000,75,0.0226,132482330,0,1
42,self_employed,low,6843727,5939220,4354676,1584544,12000,59,0.0231,106569234,0,1
21,student,low,0,0,0,0,10000,57,0.0187,0,10000,0
24,student,medium,1288929,0,538408,-538408,1716000,61,0.0469,0,1716000,0
22,employee,low,45840871,3720883,2257352,1463531,10000,82,0.018,179436540,0,1
24,student,medium,4317042,1068172,889971,178201,163000,52,0.0303,14810951,0,1
23,employee,high,9161529,2876080,1402093,1473987,1028000,14,0.0752,31496697,0,1
45,professional,medium,65098692,8020702,5431393,2589309,247000,21,0.0557,128722755,0,1
30,employee,low,16034604,2161171,1392556,768615,2061000,44,0.0124,51361470,0,1
34,professional,medium,28510789,5779054,3864765,1914289,10000,15,0.0319,58923923,0,1
26,student,low,828568,0,258906,-258906,493000,37,0.0102,0,493000,0
37,professional,low,46671623,3792252,2896121,896131,403000,61,0.0167,107813646,0,1
20,student,medium,0,513865,369108,144757,644000,57,0.0414,9101061,0,1
32,self_employed,low,52837326,2804696,1864646,940050,1625000,83,0.0222,145846949,0,1
39,employee,low,21091156,2525868,1458221,1067647,646000,29,0.0148,53361039,0,1
50,self_employed,low,41587618,1619814,1055563,564251,10000,10,0.0183,47907589,0,1
25,student,medium,4091767,0,944366,-944366,656000,51,0.0557,0,656000,0
43,freelancer,low,19501427,3301334,2096719,1204615,1151000,60,0.0254,99119661,0,1
24,professional,medium,12799158,5250943,2075800,3175143,10000,69,0.0515,271546048,0,1
33,employee,medium,0,2247745,1039003,1208742,371000,64,0.0439,86987518,0,1
26,student,low,5848857,0,1239751,-1239751,1226000,82,0.0285,0,1226000,0
24,student,high,3759322,0,182175,-182175,10000,53,0.0974,0,10000,0
34,freelancer,high,3895029,0,1566410,-1566410,10000,20,0.09,0,10000,0
26,employee,medium,16371862,1662291,1201000,461291,1578000,88,0.0405,69196152,0,1
21,student,low,8744243,1432043,858691,573352,49000,39,0.0191,32354205,0,1
24,employee,low,19173841,4767844,2683146,2084698,10000,20,0.0105,61554554,0,1
28,employee,medium,0,3890407,2457572,1432835,1207000,54,0.0431,85217637,0,1
35,self_employed,medium,9818689,0,2853528,-2853528,438000,21,0.0359,0,438000,0
22,student,medium,6249973,0,3015362,-3015362,10000,80,0.0366,0,10000,0
33,freelancer,medium,19839724,0,3664257,-3664257,2925000,9,0.0498,0,2925000,0
30,employee,medium,37187762,2748281,1442680,1305601,1250000,81,0.0442,173049009,0,1
32,self_employed,low,17083801,841560,491507,350053,1078000,69,0.0128,43438745,0,1
44,professional,medium,44283471,4318613,2475758,1842855,990000,50,0.0476,155670004,0,1
31,self_employed,high,18539680,5381114,5323433,57681,10000,50,0.0804,29300899,0,1
20,student,high,2714446,0,230332,-230332,162000,71,0.0868,0,162000,0
29,freelancer,low,15732401,0,3393475,-3393475,2310000,32,0.0266,0,2310000,0
53,self_employed,low,33778480,5293859,4345404,948455,2414000,49,0.0242,86079531,0,1
36,professional,low,35629355,5206639,2675041,2531598,10000,51,0.0157,171512370,0,1
22,freelancer,medium,3403889,4655541,2541273,2114268,629000,62,0.0457,151846973,0,1
35,freelancer,medium,29553887,0,4269227,-4269227,965000,37,0.0425,0,965000,0
49,freelancer,medium,29317823,0,17590693,-17590693,10000,22,0.0495,0,10000,0
23,student,medium,5595800,0,2320396,-2320396,10000,22,0.0345,0,10000,0
34,freelancer,medium,0,4548795,3365382,1183413,946000,73,0.0506,100914183,0,1
42,employee,medium,12048227,5365803,2903383,2462420,1699000,62,0.0534,191229361,0,1
23,student,low,933059,1014391,612327,402064,1413000,47,0.0218,20724689,0,1
27,employee,low,19238517,3692640,2094939,1597701,10000,39,0.026,85878269,0,1
41,self_employed,high,56851268,0,20000000,-20000000,10000,33,0.0628,0,10000,0
37,employee,low,26891496,2608890,1315302,1293588,1603000,9,0.0295,39249788,0,1
30,freelancer,high,24095541,1740337,1018559,721778,10000,22,0.0695,44242928,0,1
38,freelancer,high,0,0,0,0,2322000,50,0.0959,0,2322000,0
33,employee,high,46050552,3359305,2737598,621707,10000,55,0.0782,106790357,0,1
32,employee,medium,0,2576868,1712272,864596,1172000,38,0.0331,34588052,0,1
32,professional,low,42970255,3221644,2295995,925649,749000,17,0.0103,59446139,0,1
30,freelancer,medium,20246057,3581530,1849800,1731730,1048000,85,0.0351,192786972,0,1
30,self_employed,medium,27434711,0,1968126,-1968126,805000,36,0.0312,0,805000,0
36,freelancer,high,13818382,0,2250280,-2250280,1147000,26,0.0841,0,1147000,0
32,self_employed,medium,0,0,0,0,380000,63,0.0476,0,380000,0
24,student,medium,1702176,0,711018,-711018,10000,21,0.0408,0,10000,0
23,student,low,8483973,0,0,0,786000,76,0.0103,9055608,0,1
22,student,low,4000208,0,784232,-784232,10000,36,0.0294,0,10000,0
22,student,medium,3218099,0,1413033,-1413033,176000,38,0.0569,0,176000,0
32,professional,medium,42708686,6545485,2627358,3918127,1471000,45,0.0582,249602978,0,1
35,employee,medium,12995422,2852558,1812941,1039617,1198000,34,0.0373,51663070,0,1
25,employee,low,7031563,4215677,2448065,1767612,1069000,47,0.0295,95844798,0,1
24,student,low,0,589811,437627,152184,1378000,68,0.0182,10892287,0,1
29,employee,low,19115531,2128713,1416271,712442,498000,85,0.0182,86325727,0,1
32,employee,low,0,2619932,1844154,775778,10000,57,0.0249,46889024,0,1
25,student,low,0,0,0,0,10000,62,0.0251,0,10000,0
40,freelancer,high,0,2892148,2089349,802799,10000,43,0.07,39106820,0,1
50,freelancer,medium,3087065,0,1852239,-1852239,1188000,86,0.057,0,1188000,0
45,employee,medium,290847,3373978,2770182,603796,988000,31,0.043,20084445,0,1
22,student,low,4113814,0,307978,-307978,10000,42,0.0289,0,10000,0
19,student,medium,0,0,0,0,10000,47,0.0398,0,10000,0
41,self_employed,high,693847,0,0,0,1972000,31,0.0678,826259,1145741,0
41,self_employed,high,0,0,0,0,327000,40,0.0879,0,327000,0
20,student,low,3924464,566877,304944,261933,492000,32,0.0246,12843991,0,1
41,freelancer,high,0,0,0,0,81000,52,0.0663,0,81000,0
22,student,high,9845232,0,1846331,-1846331,505000,39,0.0656,0,505000,0
38,freelancer,medium,0,0,0,0,911000,38,0.0366,0,911000,0
24,employee,medium,42367813,2428454,1160422,1268032,10000,6,0.0555,51253904,0,1
23,student,medium,9410968,995188,556531,438657,487000,47,0.0388,33179992,0,1
37,self_employed,high,13914623,0,913492,-913492,493000,33,0.0665,0,493000,0
21,student,high,6584513,0,712707,-712707,227000,36,0.0652,0,227000,0
22,student,medium,1567480,0,346977,-346977,10000,10,0.0537,0,10000,0
33,employee,medium,31186909,2704933,1613207,1091726,10000,34,0.0568,76787989,0,1
23,student,medium,73989,1040360,851105,189255,866000,58,0.0567,12691501,0,1
34,professional,high,13499141,4110849,2354901,1755948,882000,87,0.0865,236664413,0,1
58,freelancer,high,25853379,1853643,1131179,722464,1525000,23,0.093,48989930,0,1
38,freelancer,medium,7757087,3327477,2543656,783821,36000,71,0.0371,71782809,0,1
20,student,low,1162198,485423,344615,140808,849000,40,0.0215,7082106,0,1
46,employee,medium,10757996,3562363,2471806,1090557,729000,60,0.049,87713377,0,1
40,freelancer,medium,8711360,2140903,1396964,743939,10000,43,0.039,44288534,0,1
33,freelancer,low,0,2557211,724708,1832503,10000,68,0.029,135256528,0,1
45,self_employed,low,2499582,3127585,2329585,798000,1157000,84,0.0203,74844085,0,1
41,self_employed,low,9018999,9889437,7979002,1910435,834000,57,0.0296,127146288,0,1
21,student,high,5524957,309204,174001,135203,880000,53,0.0913,17041847,0,1
23,employee,high,2003829,3852135,2190688,1661447,563000,23,0.0787,43429795,0,1
30,employee,low,14799327,3511654,2430573,1081081,525000,1,0.0129,15896317,0,1
27,employee,medium,30028860,4177960,2665854,1512106,955000,41,0.0594,105315493,0,1
50,self_employed,medium,0,3311077,1888857,1422220,364000,85,0.0537,146700730,0,1
28,freelancer,high,33350857,1899205,1178702,720503,10000,35,0.0949,72860741,0,1
36,freelancer,low,39344809,4566378,2562108,2004270,1778000,31,0.029,106839966,0,1
23,student,low,5820296,0,2880652,-2880652,471000,41,0.0173,0,471000,0
28,employee,medium,10738550,3249050,2605491,643559,1160000,55,0.0564,54182207,0,1
22,employee,medium,2014227,2550808,1728611,822197,1692000,50,0.0597,49125404,0,1
33,employee,medium,14957340,4024499,2537418,1487081,1302000,1,0.0393,16493406,0,1
44,employee,high,23245895,4171179,3146791,1024388,10000,20,0.0697,47759269,0,1
23,student,low,0,0,0,0,102000,54,0.0295,0,102000,0
51,professional,high,15975786,5694562,3454384,2240178,956000,43,0.0975,137371413,0,1
20,student,medium,7956626,0,2621915,-2621915,10000,55,0.0474,0,10000,0
22,student,medium,0,615045,290243,324802,1364000,1,0.0533,324802,1039198,0
32,professional,medium,7175062,3499101,1814308,1684793,304000,39,0.0463,79098966,0,1
19,student,low,0,352220,284060,68160,1467000,25,0.0293,1754874,0,1
25,student,low,0,0,0,0,1506000,76,0.0241,0,1506000,0
25,student,high,1872017,0,530823,-530823,971000,38,0.0714,0,971000,0
40,professional,medium,33384138,2653462,1679586,973876,10000,21,0.058,58412337,0,1
23,freelancer,low,0,5442175,3267062,2175113,633000,54,0.018,122248730,0,1
23,student,medium,1840912,0,383867,-383867,10000,25,0.0557,0,10000,0
30,professional,medium,62463094,3600424,3211378,389046,1368000,51,0.0525,100214487,0,1
26,employee,medium,17440207,3772633,2077480,1695153,10000,66,0.0553,154033751,0,1
36,professional,medium,46781857,6019788,4287497,1732291,436000,53,0.0391,155622949,0,1
28,professional,medium,51336372,3455669,2353637,1102032,10000,18,0.0519,76066191,0,1
48,self_employed,medium,2695892,0,1016303,-1016303,10000,31,0.0447,0,10000,0
23,student,medium,4032410,0,1372154,-1372154,1810000,101,0.0304,0,1810000,0
27,self_employed,medium,15649220,0,5304744,-5304744,10000,32,0.0444,0,10000,0
35,self_employed,medium,32613203,6078917,3889299,2189618,10000,27,0.0436,97966880,0,1
37,freelancer,high,1547750,4424620,2152264,2272356,1466000,17,0.0626,41975932,0,1
20,student,high,0,1447426,969131,478295,10000,61,0.0673,34673289,0,1
34,freelancer,low,30999573,2433638,1775912,657726,1966000,65,0.0226,80466125,0,1
32,employee,low,30037019,1399649,835757,563892,10000,61,0.0227,70131383,0,1
23,student,medium,0,1033830,1088028,-54198,438000,78,0.0373,0,438000,0
38,freelancer,high,12533312,3480196,2092863,1387333,2595000,57,0.0761,112872188,0,1
31,employee,high,27820646,4022356,2307829,1714527,10000,7,0.0798,41385616,0,1
21,student,high,3761017,1988690,1053484,935206,2219000,43,0.0993,53422637,0,1
23,student,low,8022409,0,737377,-737377,1813000,67,0.0202,0,1813000,0
20,student,medium,0,1648102,1291646,356456,357000,19,0.0365,6961301,0,1
36,self_employed,high,39742061,0,13338229,-13338229,2959000,13,0.083,0,2959000,0
47,employee,medium,20653283,2728511,1351107,1377404,10000,21,0.0327,51595411,0,1
37,employee,high,42223723,2828824,2045543,783281,10000,58,0.0999,126389363,0,1
22,student,low,3105520,1739437,982923,756514,1894000,27,0.0273,24343611,0,1
35,employee,low,19249474,3661423,2236980,1424443,462000,90,0.0151,157207092,0,1
42,professional,high,48559151,2691734,1602976,1088758,2733000,43,0.0951,123707460,0,1
41,employee,low,22541717,3563467,2636264,927203,739000,67,0.026,92839681,0,1
21,student,low,3735447,0,2163501,-2163501,812000,45,0.0185,0,812000,0
36,employee,medium,21171616,2033595,1086564,947031,779000,31,0.035,53851379,0,1
36,freelancer,low,0,0,0,0,10000,17,0.0223,0,10000,0
23,student,medium,0,1135977,758838,377139,285000,95,0.0387,41844550,0,1
22,student,medium,0,0,0,0,10000,68,0.0453,0,10000,0
25,student,medium,267038,230275,186420,43855,1218000,41,0.0508,2276552,0,1
21,student,medium,1792622,1431232,1098805,332427,10000,10,0.0359,5216361,0,1
29,self_employed,low,0,4310719,3299564,1011155,10000,48,0.0162,50107590,0,1
24,student,low,0,994175,570494,423681,10000,63,0.028,28717515,0,1
29,employee,medium,15323979,1679976,1069902,610074,10000,40,0.0334,42901348,0,1
29,self_employed,medium,16681865,6297839,3880159,2417680,811000,25,0.0397,81021317,0,1
33,employee,medium,21498886,4090430,2779667,1310763,10000,62,0.0513,120837493,0,1
22,student,low,6611202,1294178,947968,346210,10000,52,0.0293,26675898,0,1
42,freelancer,medium,3818122,4862277,3019530,1842747,1707000,27,0.0423,56301232,0,1
30,employee,low,2662574,4630039,2789689,1840350,176000,49,0.0181,96386715,0,1
30,self_employed,medium,0,7465661,5181319,2284342,10000,72,0.05,191346214,0,1
22,freelancer,low,0,1690457,1556719,133738,10000,65,0.029,9400660,0,1
25,student,high,2414642,0,304512,-304512,1035000,59,0.076,0,1035000,0
24,student,medium,5878790,1242380,480179,762201,967000,40,0.0552,40452592,0,1
33,employee,low,7412550,4341799,2980159,1361640,10000,78,0.0179,120870890,0,1
22,employee,low,15841813,4796344,2300947,2495397,1423000,48,0.0137,139783262,0,1
42,self_employed,medium,0,3031750,2025482,1006268,84000,78,0.0418,90007714,0,1
32,freelancer,low,2227925,5692690,3779474,1913216,50000,44,0.015,88837798,0,1
22,freelancer,medium,17272321,0,2378494,-2378494,877000,52,0.0593,0,877000,0
37,self_employed,medium,42006825,0,3505553,-3505553,10000,118,0.0351,0,10000,0
41,professional,low,15801470,2889370,1761466,1127904,10000,76,0.0102,105366714,0,1
23,student,low,924678,0,252433,-252433,754000,30,0.0219,0,754000,0
43,employee,medium,33966418,1879806,1479242,400564,10000,23,0.0579,47661698,0,1
21,student,high,3602892,0,1873454,-1873454,10000,49,0.0691,0,10000,0
26,student,medium,660195,1323689,909084,414605,436000,23,0.034,10543682,0,1
21,student,low,6058918,0,2283728,-2283728,1232000,35,0.0109,0,1232000,0
29,employee,low,15915149,2680992,1810871,870121,1190000,29,0.0243,42838842,0,1
51,self_employed,low,39081485,4617784,3489120,1128664,10000,51,0.0131,100479007,0,1
31,employee,low,26387628,0,843487,-843487,1175000,46,0.0133,0,1175000,0
20,student,high,0,0,0,0,10000,28,0.0951,0,10000,0
26,student,high,1241824,1833506,1252234,581272,549000,46,0.0949,33882489,0,1
39,employee,low,28241302,4444361,2964648,1479713,10000,102,0.0279,205897745,0,1
24,student,low,0,0,0,0,293000,18,0.029,0,293000,0
23,student,low,5242382,0,374805,-374805,271000,50,0.013,0,271000,0
30,freelancer,medium,0,0,0,0,1614000,26,0.0568,0,1614000,0
21,student,medium,6059537,0,2019607,-2019607,301000,62,0.0465,0,301000,0
20,student,low,0,0,0,0,10000,1,0.0178,0,10000,0
22,student,medium,0,0,0,0,382000,94,0.0344,0,382000,0
30,employee,medium,8372993,2363998,1512522,851476,1676000,3,0.0464,11034814,0,1
22,employee,medium,17107300,2584502,1853113,731389,1773000,1,0.0517,17912393,0,1
23,student,low,0,0,0,0,10000,61,0.0171,0,10000,0
33,professional,medium,31291400,5200501,3246455,1954046,1243000,42,0.0361,122839330,0,1
49,employee,low,21055839,3716155,2484464,1231691,10000,11,0.0138,34950507,0,1
38,freelancer,medium,12413502,0,3746818,-3746818,264000,115,0.0599,0,264000,0
37,freelancer,low,33308328,3507457,1859986,1647471,254000,40,0.0119,101844745,0,1
22,student,low,1293195,0,375460,-375460,2508000,41,0.0106,0,2508000,0
22,freelancer,medium,26189327,0,5303387,-5303387,340000,51,0.0425,0,340000,0
23,student,low,0,686250,319296,366954,1604000,26,0.0288,9832600,0,1
47,self_employed,medium,12529944,0,2459395,-2459395,196000,13,0.0312,0,196000,0
21,student,medium,2381525,2076670,2233278,-156608,777000,57,0.0307,0,777000,0
32,employee,medium,9838022,3161171,1584505,1576666,321000,36,0.0527,72866551,0,1
22,employee,low,18194719,2107008,1203530,903478,10000,43,0.0139,58933070,0,1
43,employee,low,22969080,4424599,2914253,1510346,1638000,97,0.0218,187436823,0,1
45,freelancer,medium,30227735,2590200,1481014,1109186,2395000,32,0.0549,73111720,0,1
29,employee,medium,8416168,0,1883178,-1883178,140000,13,0.0322,0,140000,0
39,freelancer,low,0,599646,349243,250403,99000,35,0.021,9029927,0,1
25,student,low,2749959,0,1372249,-1372249,409000,29,0.0193,0,409000,0
46,freelancer,medium,647712,3369598,3011618,357980,1692000,41,0.0467,16639074,0,1
28,employee,low,828411,2065632,1865717,199915,1489000,14,0.0297,3701866,0,1
22,student,medium,0,1196500,619494,577006,1412000,68,0.0591,46471195,0,1
43,self_employed,high,0,5382404,3736222,1646182,942000,41,0.0811,77471991,0,1
22,student,medium,0,1022653,700690,321963,1265000,55,0.0473,19730773,0,1
37,self_employed,medium,34705421,0,2512354,-2512354,10000,40,0.0574,0,10000,0
23,student,high,4481085,1089301,1209189,-119888,1046000,64,0.0962,0,1046000,0
30,freelancer,low,0,957795,579095,378700,1465000,68,0.0241,27563260,0,1
19,student,low,2620622,1508127,855743,652384,1669000,49,0.029,36842730,0,1
36,freelancer,low,7797447,0,0,0,10000,39,0.0169,8237383,0,1
27,freelancer,medium,0,3992871,2034215,1958656,2311000,16,0.0575,32490304,0,1
40,professional,low,15041194,3223214,1875881,1347333,934000,48,0.0218,83921816,0,1
25,student,medium,2133318,979181,854290,124891,10000,42,0.0454,8173519,0,1
24,student,medium,0,1376881,525622,851259,1204000,1,0.0351,851259,352741,0
24,student,low,2232824,0,375056,-375056,10000,71,0.0134,0,10000,0
30,employee,medium,12765948,2095118,1172317,922801,1043000,41,0.031,54047272,0,1
28,freelancer,high,30064289,0,7128577,-7128577,1644000,74,0.0952,0,1644000,0
38,self_employed,high,0,0,0,0,1285000,21,0.0958,0,1285000,0
31,freelancer,low,0,0,0,0,391000,65,0.0128,0,391000,0
37,self_employed,medium,35768695,0,5964017,-5964017,10000,65,0.0351,0,10000,0
37,employee,low,21425784,2807829,1652258,1155571,1095000,55,0.0214,90347084,0,1
35,freelancer,high,0,0,0,0,1578000,27,0.0824,0,1578000,0
25,student,medium,3552650,1324186,930696,393490,10000,32,0.0496,17486688,0,1
33,freelancer,medium,19739213,0,3121871,-3121871,392000,22,0.0542,0,392000,0
31,employee,medium,16723216,3126156,2040589,1085567,10000,67,0.0558,107926868,0,1
22,student,low,0,0,0,0,2128000,46,0.0267,0,2128000,0
22,employee,medium,33846326,2355422,1234080,1121342,546000,88,0.0507,168272857,0,1
33,employee,low,21851707,3799638,3417845,381793,10000,50,0.0143,42850218,0,1
23,student,medium,1080580,984771,799549,185222,261000,85,0.0505,20424685,0,1
33,freelancer,medium,0,0,0,0,1026000,20,0.0496,0,1026000,0
32,employee,medium,18192435,3964593,3064478,900115,476000,48,0.032,66700320,0,1
30,freelancer,high,40760049,0,15072992,-15072992,10000,43,0.0881,0,10000,0
19,student,medium,0,0,0,0,10000,27,0.0426,0,10000,0
23,student,medium,965000,2411228,1295873,1115355,551000,25,0.0462,30273255,0,1
20,student,medium,2028086,0,1008197,-1008197,10000,60,0.052,0,10000,0
44,professional,medium,35992022,2157198,1223064,934134,287000,25,0.0452,63979027,0,1
34,employee,low,21723965,3511617,2194114,1317503,709000,92,0.0181,154873325,0,1
24,student,medium,191548,920136,908524,11612,10000,25,0.0592,524779,0,1
38,self_employed,medium,40734743,0,10907379,-10907379,1505000,41,0.032,0,1505000,0
25,student,low,2010458,487150,282767,204383,783000,92,0.0126,21944777,0,1
41,self_employed,medium,29199991,2885929,1535996,1349933,10000,75,0.0572,163076031,0,1
27,freelancer,high,37226104,2715486,2253139,462347,1957000,57,0.0734,84117194,0,1
42,professional,medium,43798427,4608770,1925315,2683455,1272000,40,0.0375,163766136,0,1
21,student,low,6531456,1625444,1300906,324538,1836000,68,0.0265,31371924,0,1
20,student,medium,0,330035,134959,195076,796000,1,0.0417,195076,600924,0
33,professional,high,34599370,3613557,1604475,2009082,1949000,38,0.0856,132667772,0,1
22,student,medium,11096175,0,1379466,-1379466,177000,42,0.0457,0,177000,0
45,employee,high,14552741,3225173,2015658,1209515,10000,21,0.0723,43499480,0,1
23,student,low,9545525,0,492731,-492731,575000,31,0.0138,0,575000,0
19,student,medium,0,0,0,0,2785000,56,0.0303,0,2785000,0
22,student,medium,5304622,0,2531306,-2531306,226000,75,0.0426,0,226000,0
36,self_employed,medium,0,0,0,0,185000,54,0.0348,0,185000,0
25,student,medium,0,0,0,0,288000,78,0.0318,0,288000,0
23,student,high,10585216,0,2255693,-2255693,656000,23,0.0625,0,656000,0
35,employee,medium,38050511,3893538,2823561,1069977,1011000,1,0.0493,39276812,0,1
23,student,low,0,0,0,0,565000,43,0.0124,0,565000,0
19,student,low,8073208,359276,239842,119434,10000,52,0.0117,14860381,0,1
42,self_employed,medium,0,6409968,3500747,2909221,36000,33,0.0461,102146515,0,1
37,self_employed,medium,23451014,0,5033302,-5033302,10000,74,0.0313,0,10000,0
36,self_employed,medium,0,8836098,4189583,4646515,498000,21,0.0488,101649036,0,1
21,student,low,0,0,0,0,1025000,58,0.0188,0,1025000,0
20,student,low,1825813,0,327859,-327859,543000,27,0.0266,0,543000,0
21,student,medium,0,0,0,0,2253000,1,0.0442,0,2253000,0
21,student,medium,3082360,2391920,2015928,375992,500000,1,0.0383,3468190,0,1
39,employee,medium,19499876,5083999,3246675,1837324,1275000,81,0.034,191543308,0,1
32,freelancer,low,10109682,1572524,490199,1082325,1914000,25,0.0142,37858905,0,1
40,professional,high,26243191,5583077,2129806,3453271,550000,67,0.0726,323563102,0,1
21,student,low,0,0,0,0,2087000,59,0.0205,0,2087000,0
21,student,low,5455067,2003634,1674145,329489,445000,48,0.0258,22688975,0,1
37,freelancer,high,0,3039941,2172062,867879,10000,21,0.066,19263657,0,1
34,freelancer,high,31096356,1424375,821517,602858,2826000,66,0.0829,99178006,0,1
25,student,low,0,0,0,0,10000,35,0.013,0,10000,0
41,professional,medium,39400540,5199885,3033870,2166015,843000,66,0.0572,221462070,0,1
23,student,medium,912563,0,347454,-347454,805000,78,0.0494,0,805000,0
22,employee,high,19747605,3467267,2551729,915538,1389000,76,0.0662,116146646,0,1
27,freelancer,medium,59977764,0,20000000,-20000000,10000,82,0.0388,0,10000,0
23,freelancer,low,18049910,1962251,1488769,473482,1014000,52,0.0233,45846094,0,1
23,student,low,0,1437321,1091650,345671,917000,41,0.0101,14413713,0,1
22,student,medium,5691576,0,627921,-627921,10000,48,0.0569,0,10000,0
39,employee,low,0,1561723,924690,637033,10000,30,0.0251,19702087,0,1
25,student,medium,0,0,0,0,10000,33,0.0398,0,10000,0
39,employee,low,16689838,2611999,1504454,1107545,10000,110,0.0252,157911218,0,1
32,professional,medium,35894447,8683777,6112528,2571249,10000,64,0.0491,234295463,0,1
36,self_employed,high,17651183,6397021,4091962,2305059,1476000,40,0.079,128037908,0,1
39,employee,medium,18995539,3097066,2536289,560777,327000,71,0.0399,68868008,0,1
49,freelancer,low,23703396,3327484,1531592,1795892,10000,49,0.0134,115434608,0,1
35,employee,high,26704560,3951860,3101204,850656,10000,26,0.0894,56693817,0,1
36,self_employed,medium,0,4940209,2374000,2566209,1362000,54,0.0341,149543743,0,1
26,employee,low,24863897,882060,516348,365712,1488000,14,0.0217,30681407,0,1
26,student,medium,5696136,0,2114851,-2114851,10000,60,0.0397,0,10000,0
23,student,high,4632969,0,504279,-504279,2770000,42,0.0823,0,2770000,0
25,student,low,1854223,971065,777658,193407,52000,55,0.0129,12919179,0,1
22,employee,low,0,3012392,1675978,1336414,10000,73,0.0113,100940381,0,1
47,professional,low,13530622,4460456,4072571,387885,10000,54,0.0203,36736624,0,1
39,freelancer,high,0,0,0,0,1021000,47,0.075,0,1021000,0
21,student,low,2604526,0,976429,-976429,10000,30,0.0188,0,10000,0
24,student,low,0,0,0,0,232000,54,0.0187,0,232000,0
40,self_employed,medium,0,0,0,0,33000,50,0.0366,0,33000,0
37,professional,medium,7574066,2467427,1396749,1070678,10000,19,0.0498,29314978,0,1
22,student,medium,2176509,0,458606,-458606,440000,65,0.0508,0,440000,0
22,freelancer,low,0,831698,494427,337271,10000,30,0.0296,10488494,0,1
35,freelancer,medium,22617871,5449852,3066939,2382913,796000,47,0.0485,150407234,0,1
21,student,medium,4707468,0,1178126,-1178126,2324000,31,0.0512,0,2324000,0
22,student,low,7092807,0,0,0,1123000,36,0.015,7419065,0,1
22,student,low,1280725,536498,311734,224764,18000,47,0.0279,12577456,0,1
37,employee,low,455056,3754118,2401652,1352466,10000,69,0.0114,96885231,0,1
37,employee,medium,21369261,1651367,1117313,534054,931000,61,0.0387,61945657,0,1
20,student,low,0,0,0,0,650000,83,0.0231,0,650000,0
39,self_employed,low,0,0,0,0,103000,81,0.0238,0,103000,0
30,freelancer,medium,27033899,0,6235416,-6235416,1379000,67,0.0517,0,1379000,0
26,student,low,3598445,1313176,949771,363405,636000,33,0.0127,15923947,0,1
37,employee,low,10554361,2693127,1449323,1243804,64000,46,0.023,71279379,0,1
34,freelancer,high,8618706,0,2581210,-2581210,324000,25,0.0915,0,324000,0
22,freelancer,low,6365682,5640219,4568466,1071753,843000,59,0.0269,74789575,0,1
36,employee,low,22410537,0,10071468,-10071468,10000,24,0.0281,0,10000,0
48,employee,medium,0,2879052,1906219,972833,1689000,1,0.0515,972833,716167,0
20,student,low,5464309,161122,90259,70863,30000,28,0.0258,7845831,0,1
21,student,medium,3529178,0,678440,-678440,411000,31,0.0453,0,411000,0
21,student,low,0,578536,403516,175020,976000,34,0.0123,6052430,0,1
25,student,low,0,0,0,0,10000,65,0.0176,0,10000,0
22,employee,medium,31355351,3910291,2815412,1094879,10000,43,0.0381,86293835,0,1
20,student,high,3123714,0,199771,-199771,2380000,31,0.0832,0,2380000,0
26,freelancer,low,7270767,4347857,3057860,1289997,1589000,56,0.0157,82724344,0,1
25,employee,low,5768715,4577604,3021673,1555931,1212000,6,0.0249,15225058,0,1
20,student,high,3356389,0,1638522,-1638522,1374000,68,0.0608,0,1374000,0
41,freelancer,medium,0,3310004,3339112,-29108,10000,79,0.0409,0,10000,0
37,self_employed,medium,0,5057729,3083237,1974492,10000,35,0.0334,72479526,0,1
26,professional,high,19781190,5600661,3283757,2316904,405000,99,0.0821,365329977,0,1
20,student,medium,0,0,0,0,81000,73,0.0308,0,81000,0
24,employee,high,20619635,2676498,2027908,648590,773000,45,0.099,65012077,0,1
23,student,low,5140526,1128433,1096366,32067,10000,69,0.0116,7781855,0,1
22,student,low,1051738,1564418,706785,857633,281000,18,0.0139,16664215,0,1
24,student,high,5229693,0,2631164,-2631164,1552000,4,0.0607,0,1552000,0
34,freelancer,low,28418802,2790849,1960652,830197,843000,19,0.0114,44845508,0,1
22,student,low,0,0,0,0,178000,57,0.0118,0,178000,0
34,employee,medium,19904853,2203531,1259843,943688,1132000,32,0.0542,55403402,0,1
24,student,medium,3472365,0,662523,-662523,31000,50,0.0324,0,31000,0
23,employee,medium,25862428,2685635,1387087,1298548,10000,62,0.0324,118081074,0,1
52,self_employed,medium,0,5460605,4582753,877852,10000,26,0.0364,23710940,0,1
32,freelancer,medium,23822770,0,14293662,-14293662,629000,23,0.0593,0,629000,0
22,student,medium,4388443,464631,232838,231793,10000,61,0.0569,22208271,0,1
34,freelancer,high,0,0,0,0,37000,47,0.087,0,37000,0
25,student,low,3274449,0,1395762,-1395762,892000,36,0.0204,0,892000,0
22,freelancer,high,11654542,1730220,1272326,457894,10000,77,0.0836,66341208,0,1
49,freelancer,low,660166,0,357513,-357513,10000,38,0.0149,0,10000,0
41,employee,low,15470622,3490959,1802262,1688697,1340000,41,0.0267,89355227,0,1
21,student,medium,0,0,0,0,62000,81,0.0559,0,62000,0
23,student,low,4281745,1759363,1434697,324666,740000,114,0.0225,46523311,0,1
33,employee,medium,41589436,2952097,2056266,895831,1354000,76,0.0474,135343530,0,1
32,employee,low,12700800,4692023,2808483,1883540,1677000,58,0.0121,125910015,0,1
20,student,low,0,2637067,2480606,156461,1650000,58,0.0136,9374151,0,1
38,employee,medium,22375093,3818699,2626290,1192409,10000,93,0.0463,165104996,0,1
22,student,high,5659099,0,1460167,-1460167,2188000,66,0.0983,0,2188000,0
20,student,medium,776510,0,223293,-223293,10000,96,0.0361,0,10000,0
43,self_employed,medium,0,1716925,1073770,643155,1379000,58,0.0463,41716699,0,1
23,employee,medium,15173776,1766339,1011913,754426,10000,56,0.0391,64471156,0,1
46,professional,high,8470565,4303209,2915383,1387826,329000,22,0.0815,42642028,0,1
24,professional,medium,27151013,4858569,3814136,1044433,1137000,51,0.0571,94712660,0,1
33,self_employed,low,39582850,5386109,4626588,759521,158000,43,0.0193,76201973,0,1
22,freelancer,low,0,0,0,0,566000,49,0.0235,0,566000,0
37,self_employed,high,19358346,0,813364,-813364,10000,41,0.0965,0,10000,0
38,professional,low,0,5029256,3374817,1654439,1849000,33,0.0228,56289276,0,1
48,self_employed,high,11802037,0,4872249,-4872249,10000,41,0.0973,0,10000,0
22,employee,medium,11119863,4304389,3943540,360849,218000,80,0.0488,49421461,0,1
24,student,low,3630300,0,1917098,-1917098,10000,83,0.0134,0,10000,0
44,employee,low,8764405,2823642,1669671,1153971,774000,47,0.014,64975896,0,1
34,professional,high,26163434,7105079,4565316,2539763,1659000,45,0.0952,174042633,0,1
20,student,medium,3657933,179331,148450,30881,447000,44,0.0483,5848364,0,1
28,employee,low,25403122,3139349,1383056,1756293,10000,46,0.0241,112409233,0,1
35,employee,low,25712980,3949357,2227116,1722241,10000,72,0.0106,155371890,0,1
41,freelancer,high,0,309618,248854,60764,56000,62,0.0915,4793588,0,1
22,freelancer,low,6804824,0,851644,-851644,614000,8,0.018,37883,576117,0
40,self_employed,high,46113629,0,7111968,-7111968,10000,51,0.075,0,10000,0
30,freelancer,medium,11057170,0,5251830,-5251830,765000,39,0.0388,0,765000,0
32,employee,low,4857285,3633595,2530443,1103152,1541000,75,0.0129,91379910,0,1
31,employee,medium,27567107,3524869,2142835,1382034,197000,20,0.0306,57328247,0,1
23,student,low,0,0,0,0,10000,88,0.0168,0,10000,0
31,employee,low,18035927,4068557,2867175,1201382,10000,42,0.0149,70764778,0,1
23,student,high,0,986383,812503,173880,10000,19,0.0722,3488865,0,1
35,self_employed,low,10250922,0,2093359,-2093359,226000,69,0.0143,0,226000,0
25,student,medium,2284325,0,510039,-510039,10000,54,0.043,0,10000,0
30,employee,low,26140493,2967398,1838151,1129247,864000,1,0.0123,27296534,0,1
23,student,low,0,0,0,0,1206000,31,0.0134,0,1206000,0
25,student,low,4448152,233014,133942,99072,10000,23,0.0202,6944947,0,1
23,student,low,0,0,0,0,10000,39,0.0153,0,10000,0
34,employee,low,0,3247092,2321041,926051,471000,43,0.0251,41620358,0,1
43,professional,low,43823906,3952664,2255277,1697387,1414000,72,0.0119,173681190,0,1
21,student,medium,3583945,283985,178221,105764,841000,90,0.0395,15875266,0,1
36,professional,low,26573377,4489641,2671173,1818468,10000,16,0.0105,56235065,0,1
25,student,low,6690303,0,3454550,-3454550,1180000,14,0.0299,0,1180000,0
23,employee,medium,23842713,3565757,2007850,1557907,10000,45,0.0405,103318330,0,1
30,professional,medium,25566654,3706312,2165883,1540429,3346000,19,0.0431,57602707,0,1
30,employee,low,5431427,2603853,1551631,1052222,1500000,43,0.0165,52338913,0,1
36,freelancer,medium,18913969,4142483,2657744,1484739,1059000,43,0.0584,94129344,0,1
23,student,medium,0,1888757,857122,1031635,10000,101,0.0445,126110093,0,1
30,self_employed,low,26454313,2281909,1618683,663226,50000,53,0.0105,63672151,0,1
22,employee,medium,2421605,2430047,1699179,730868,2625000,59,0.058,52978553,0,1
40,employee,medium,40058236,4349119,2018374,2330745,10000,65,0.047,223793893,0,1
24,employee,medium,27490820,0,15943316,-15943316,2063000,70,0.0401,0,2063000,0
26,professional,medium,13794054,3727880,2117257,1610623,1284000,77,0.0448,161752251,0,1
37,employee,high,7718368,5134515,3470544,1663971,81000,25,0.0999,55528825,0,1
26,student,low,4902374,1421653,985267,436386,10000,36,0.0289,21736261,0,1
35,self_employed,low,3239501,2095493,1917793,177700,1474000,18,0.0285,6644818,0,1
39,self_employed,low,10104160,4352567,1966580,2385987,1784000,37,0.0296,103384904,0,1
22,student,medium,0,384200,352697,31503,1482000,3,0.0415,94836,1387164,0
22,freelancer,medium,36931880,0,9256909,-9256909,10000,55,0.0407,0,10000,0
22,freelancer,medium,30210361,2127863,1378402,749461,10000,40,0.0465,67623775,0,1
27,student,low,0,852827,450260,402567,10000,32,0.0251,13308664,0,1
34,professional,medium,17495510,4025532,2958820,1066712,10000,58,0.0301,86738201,0,1
27,self_employed,medium,19772276,0,3293687,-3293687,1100000,33,0.0313,0,1100000,0
25,student,low,0,0,0,0,343000,33,0.026,0,343000,0
20,student,medium,1355671,0,230695,-230695,10000,30,0.0444,0,10000,0
24,student,medium,8459127,1153018,801394,351624,93000,56,0.0351,31323848,0,1
32,self_employed,low,22635747,0,12067371,-12067371,106000,66,0.0206,0,106000,0
28,self_employed,medium,47356192,6443957,3853372,2590585,65000,44,0.0399,177330436,0,1
49,freelancer,high,4727536,0,1670539,-1670539,1668000,67,0.0999,0,1668000,0
41,self_employed,high,0,0,0,0,1048000,24,0.0617,0,1048000,0
22,student,high,4230917,0,1753846,-1753846,414000,57,0.0977,0,414000,0
31,employee,high,31461228,4089158,4080463,8695,10000,91,0.0747,56398939,0,1
38,employee,high,24005993,3167118,2438584,728534,10000,38,0.0846,62971812,0,1
34,freelancer,low,0,3170231,1675889,1494342,1653000,74,0.0272,120248437,0,1
32,employee,low,27843073,2601009,1780107,820902,10000,104,0.0108,120028532,0,1
23,student,medium,0,0,0,0,10000,59,0.0351,0,10000,0
27,student,low,291733,0,66138,-66138,10000,7,0.0192,0,10000,0
19,student,medium,238296,0,142977,-142977,2251000,37,0.0435,0,2251000,0
29,employee,medium,27183865,3620169,3212738,407431,23000,46,0.0545,54275038,0,1
24,student,medium,5709887,0,1639320,-1639320,1172000,78,0.0399,0,1172000,0
31,freelancer,medium,2537251,0,314511,-314511,895000,51,0.038,0,895000,0
19,student,low,1191742,262889,207590,55299,1166000,23,0.0154,2517413,0,1
43,professional,low,54325040,4576815,3490751,1086064,10000,43,0.0229,107588300,0,1
40,employee,high,6473331,2892616,2161041,731575,10000,38,0.0606,38400615,0,1
32,professional,low,28798877,6216590,3452397,2764193,1520000,83,0.0175,276203787,0,1
24,student,low,441669,0,152481,-152481,10000,65,0.0259,0,10000,0
36,self_employed,low,30534840,1954487,1018560,935927,1381000,50,0.0171,81256174,0,1
23,freelancer,medium,19441187,2688869,1546353,1142516,857000,19,0.0426,43210767,0,1
25,student,low,0,1795069,1549654,245415,2239000,40,0.0231,10194238,0,1
28,employee,medium,42859176,3696222,2766786,929436,231000,60,0.0368,112626687,0,1
20,student,medium,7109538,2163709,1754529,409180,2017000,26,0.0455,19003212,0,1
44,professional,high,44842174,5290143,3198818,2091325,1312000,8,0.067,63945926,0,1
26,student,low,6638344,1360268,793762,566506,831000,45,0.0159,33296111,0,1
24,student,low,5615983,750431,328143,422288,10000,52,0.0292,29751004,0,1
30,self_employed,medium,29158026,0,8914680,-8914680,1055000,49,0.0359,0,1055000,0
20,student,low,2136108,795387,560134,235253,1056000,49,0.0223,14396364,0,1
41,freelancer,medium,4624565,0,1417130,-1417130,95000,50,0.055,0,95000,0
38,professional,medium,0,4900343,3151616,1748727,1399000,58,0.0533,115398229,0,1
28,freelancer,low,40228554,4070242,2523011,1547231,10000,73,0.0246,168418156,0,1
29,employee,low,28946341,3603897,2409256,1194641,453000,71,0.0214,123187422,0,1
22,student,medium,5519316,0,1485493,-1485493,132000,58,0.0582,0,132000,0
37,freelancer,medium,12349616,0,5383012,-5383012,2238000,63,0.0411,0,2238000,0
29,employee,medium,23472089,3287589,1789363,1498226,411000,59,0.0319,123019442,0,1
42,self_employed,high,38208825,0,12714266,-12714266,1884000,52,0.0734,0,1884000,0
24,student,low,477962,0,97225,-97225,10000,53,0.0229,0,10000,0
24,student,low,0,1003085,617425,385660,10000,52,0.0288,21332215,0,1
24,employee,medium,38240079,2951130,1480558,1470572,793000,59,0.0409,142664075,0,1
31,self_employed,medium,18838913,5168959,3864016,1304943,957000,24,0.0368,52723853,0,1
23,student,medium,0,31572,20691,10881,777000,51,0.0598,630046,146954,0
41,self_employed,low,59801177,3524383,2369023,1155360,400000,86,0.0183,174259527,0,1
51,freelancer,low,39873706,0,7920151,-7920151,10000,44,0.0108,0,10000,0
39,freelancer,medium,11840508,2896824,1910618,986206,10000,13,0.0458,25560058,0,1
44,employee,low,18778978,0,5097782,-5097782,1917000,63,0.0242,0,1917000,0
24,student,medium,3520443,706860,540202,166658,10000,68,0.0522,17883226,0,1
22,student,medium,5644760,390783,222582,168201,1177000,35,0.0507,12872520,0,1
24,student,low,1828709,701471,410101,291370,281000,47,0.0144,16013996,0,1
37,freelancer,high,12867448,0,4094304,-4094304,1420000,17,0.0793,0,1420000,0
30,employee,low,13415081,2844526,1233438,1611088,672000,63,0.0296,125331397,0,1
34,employee,low,27289708,2620650,1532580,1088070,10000,109,0.0117,155414840,0,1
46,self_employed,low,22811914,2520907,2123682,397225,1975000,62,0.022,51612273,0,1
22,student,high,5967924,0,1609337,-1609337,10000,23,0.0663,0,10000,0
22,student,medium,0,1388525,563950,824575,1516000,2,0.0342,1651500,0,1
24,student,medium,6665874,1521941,1001121,520820,1682000,56,0.0345,39424361,0,1
37,freelancer,medium,15733028,132230,68989,63241,1098000,91,0.0334,26799999,0,1
34,employee,low,9249608,6059597,4063250,1996347,1903000,44,0.018,100612689,0,1
22,employee,high,7892101,3984552,2350457,1634095,560000,1,0.0886,9584466,0,1
24,self_employed,low,7847490,995253,411497,583756,813000,51,0.0225,39844999,0,1
31,professional,high,22350492,4750182,2309754,2440428,281000,41,0.0817,144489317,0,1
28,employee,low,4649872,2959885,1641848,1318037,10000,35,0.0132,51836761,0,1
25,student,low,311907,592483,359851,232632,2390000,3,0.0167,1012079,1377921,0
41,self_employed,low,25214965,2297882,1663863,634019,10000,42,0.0258,55431994,0,1
26,freelancer,low,31839132,0,15460078,-15460078,2976000,37,0.0224,0,2976000,0
36,employee,medium,19484198,3235663,2240698,994965,1503000,10,0.0468,30383652,0,1
32,self_employed,low,24401683,3964570,3570011,394559,10000,69,0.024,57170008,0,1
22,student,medium,0,904658,833311,71347,307000,6,0.0443,432052,0,1
23,freelancer,medium,36005769,0,3855300,-3855300,996000,64,0.0579,0,996000,0
39,professional,high,6229431,5794198,2668308,3125890,628000,87,0.0683,360864968,0,1
34,self_employed,high,35370792,2810018,2112193,697825,1595000,1,0.0799,36304128,0,1
23,student,low,202487,0,0,0,1368000,39,0.0173,214189,1153811,0
22,student,medium,4686533,0,987513,-987513,1130000,45,0.0562,0,1130000,0
25,student,medium,0,1780937,894788,886149,10000,63,0.0566,64831765,0,1
20,student,medium,443690,103983,100859,3124,834000,39,0.0433,641179,192821,0
33,self_employed,high,20064272,584266,445103,139163,206000,16,0.0837,24771448,0,1
23,student,low,1122560,0,95451,-95451,354000,83,0.0203,0,354000,0
24,student,medium,4008801,0,654479,-654479,1449000,51,0.0363,0,1449000,0
24,student,medium,3111273,1361310,977103,384207,1157000,22,0.0539,12297056,0,1
20,student,medium,3725867,1816366,1349771,466595,1776000,5,0.046,6148759,0,1
40,employee,medium,27717057,4116079,2969263,1146816,944000,37,0.0336,75380438,0,1
22,employee,low,7799421,3398751,2265345,1133406,10000,55,0.0173,73269334,0,1
22,student,low,5209357,1134593,526621,607972,585000,59,0.0112,42362806,0,1
27,employee,medium,15835755,2837606,2359343,478263,795000,69,0.0505,59356659,0,1
41,professional,medium,13952943,4145860,2124955,2020905,10000,10,0.0535,35206994,0,1
28,employee,low,29762348,4951237,3284809,1666428,288000,76,0.0193,168227837,0,1
41,professional,high,35354207,4575933,2700945,1874988,236000,51,0.0733,160027802,0,1
36,freelancer,medium,0,3360131,2156846,1203285,10000,8,0.0321,9716890,0,1
27,student,high,202520,0,78942,-78942,1086000,33,0.0887,0,1086000,0
25,student,medium,8800294,0,727347,-727347,1501000,49,0.057,0,1501000,0
22,employee,medium,8079247,1947221,1311564,635657,1655000,38,0.0361,34605271,0,1
22,employee,high,12464762,0,7162235,-7162235,1346000,58,0.0688,0,1346000,0
35,professional,medium,21765052,4995917,2672509,2323408,1536000,53,0.0413,160945210,0,1
37,employee,low,7542951,3292951,1932196,1360755,829000,104,0.0282,169727933,0,1
38,freelancer,high,7665618,0,2963193,-2963193,666000,58,0.0926,0,666000,0
21,student,medium,0,0,0,0,46000,77,0.0323,0,46000,0
38,freelancer,medium,15137118,1597493,883231,714262,767000,15,0.0438,26979437,0,1
19,student,medium,0,0,0,0,215000,77,0.0323,0,215000,0
36,freelancer,medium,0,4409709,3414017,995692,1474000,9,0.0552,9127897,0,1
23,student,low,0,0,0,0,2642000,42,0.0233,0,2642000,0
22,student,medium,0,0,0,0,938000,37,0.0443,0,938000,0
38,freelancer,low,11902716,0,0,0,137000,41,0.014,12485551,0,1
38,professional,medium,4294811,5546863,4231121,1315742,804000,55,0.0308,82561032,0,1
24,student,low,11336536,569714,302152,267562,349000,48,0.0275,26212701,0,1
28,employee,medium,29935071,4210776,1819092,2391684,2250000,37,0.0437,128791800,0,1
34,employee,medium,6141883,3568575,3072253,496322,94000,13,0.0437,13034155,0,1
42,employee,medium,16976191,4279803,3407989,871814,1038000,10,0.059,26743145,0,1
25,student,medium,646157,0,277535,-277535,304000,35,0.0432,0,304000,0
24,professional,low,2047744,4249611,2028545,2221066,829000,77,0.0155,181955821,0,1
23,student,medium,0,996973,709650,287323,2173000,1,0.0485,287323,1885677,0
23,student,low,0,0,0,0,12000,15,0.0287,0,12000,0
35,professional,medium,13220905,2796684,1618130,1178554,1170000,58,0.047,93160991,0,1
21,student,low,0,0,0,0,10000,42,0.027,0,10000,0
24,student,high,0,0,0,0,1306000,22,0.0646,0,1306000,0
49,self_employed,medium,24629095,1086945,793947,292998,626000,25,0.054,35289270,0,1
24,student,medium,0,1784433,1259961,524472,1843000,4,0.043,2109191,0,1
19,student,medium,667393,0,77433,-77433,1047000,100,0.0515,0,1047000,0
26,employee,medium,9885729,1356136,779619,576517,180000,58,0.0599,51866008,0,1
35,professional,low,27054647,3652200,1619055,2033145,1523000,14,0.0227,56596702,0,1
29,employee,low,26792528,3518802,1885891,1632911,407000,47,0.0195,108603599,0,1
25,employee,high,16423596,4091209,2692109,1399100,791000,126,0.0656,285400859,0,1
29,employee,medium,40957229,3432647,1447098,1985549,1301000,1,0.0342,43059506,0,1
22,freelancer,medium,26205945,0,7438425,-7438425,10000,35,0.0329,0,10000,0
26,student,medium,7921957,0,1289301,-1289301,10000,59,0.0379,0,10000,0
29,self_employed,medium,0,0,0,0,199000,37,0.0576,0,199000,0
28,professional,medium,0,2585139,1504178,1080961,1241000,70,0.0511,87937765,0,1
23,student,high,0,686378,663745,22633,413000,30,0.064,734209,0,1
22,student,high,2445920,261854,162962,98892,10000,49,0.0988,9594735,0,1
25,student,medium,9320499,0,2825543,-2825543,10000,7,0.0508,0,10000,0
34,employee,low,1177699,1797810,1209022,588788,10000,39,0.0185,24898939,0,1
26,student,medium,0,336545,192696,143849,10000,9,0.0576,1319779,0,1
37,employee,high,35071982,0,11605850,-11605850,702000,20,0.0736,0,702000,0
41,freelancer,low,0,0,0,0,10000,53,0.0243,0,10000,0
22,employee,high,20052674,3400287,2759236,641051,20000,42,0.0994,60400258,0,1
31,freelancer,medium,14338366,0,2253027,-2253027,139000,51,0.0519,0,139000,0
24,student,low,1667141,1966434,1207771,758663,610000,88,0.0184,73325454,0,1
25,student,medium,2426665,723194,447755,275439,342000,65,0.0578,24280618,0,1
26,student,medium,0,0,0,0,10000,21,0.0466,0,10000,0
26,self_employed,low,4770770,183445,131125,52320,772000,50,0.0221,7968088,0,1
20,student,medium,2383335,1045480,577892,467588,2373000,61,0.0422,34703667,0,1
34,freelancer,medium,28656806,3180447,2143048,1037399,1968000,33,0.0531,69924243,0,1
22,employee,low,34708716,3092566,2030243,1062323,10000,1,0.0285,35853472,0,1
32,self_employed,medium,8427245,1753899,1130959,622940,486000,66,0.0478,57874297,0,1
21,student,medium,0,0,0,0,433000,24,0.0433,0,433000,0
30,employee,low,40015553,1889960,882805,1007155,1068000,86,0.0293,145603240,0,1
22,student,low,8079781,1683988,1509624,174364,890000,83,0.0121,23871864,0,1
28,employee,high,2056618,3561482,2513312,1048170,1043000,1,0.0816,3118773,0,1
22,student,medium,0,1276290,1210434,65856,10000,52,0.0315,3664100,0,1
22,student,low,3736550,0,1214601,-1214601,10000,67,0.0162,0,10000,0
45,freelancer,low,957888,0,190728,-190728,323000,20,0.012,0,323000,0
39,self_employed,medium,19599164,0,2090326,-2090326,866000,28,0.0567,0,866000,0
31,freelancer,medium,14919355,2902851,1863885,1038966,1336000,60,0.0376,86465156,0,1
28,freelancer,medium,15087802,2616741,1648445,968296,790000,96,0.0524,138089771,0,1
37,freelancer,low,6636971,0,3911499,-3911499,1607000,40,0.0233,0,1607000,0
57,self_employed,high,13051085,5008598,2966429,2042169,575000,74,0.0691,207720522,0,1
53,professional,medium,15418334,6195926,3466489,2729437,1221000,8,0.0551,38183539,0,1
31,employee,medium,23571410,0,12217238,-12217238,42000,59,0.0327,0,42000,0
26,student,medium,3842205,0,793617,-793617,10000,107,0.0385,0,10000,0
29,employee,medium,0,2915368,1551238,1364130,1167000,42,0.0468,62121596,0,1
25,student,high,4187714,0,1393011,-1393011,550000,91,0.0625,0,550000,0
35,employee,medium,8521086,1807094,1066162,740932,1675000,56,0.0515,57620395,0,1
22,employee,high,23399822,3476750,2784919,691831,1999000,73,0.099,111535615,0,1
19,student,low,378099,0,60599,-60599,10000,48,0.0257,0,10000,0
22,student,medium,0,222440,189775,32665,1196000,55,0.0412,1973686,0,1
20,student,low,0,0,0,0,2104000,47,0.0209,0,2104000,0
39,employee,low,0,0,0,0,737000,57,0.0102,0,737000,0
43,freelancer,high,0,0,0,0,1603000,36,0.0932,0,1603000,0
40,freelancer,low,16491049,0,307594,-307594,493000,56,0.0124,0,493000,0
40,employee,medium,22301565,2450016,1412770,1037246,1159000,51,0.0333,82428498,0,1
51,employee,medium,9630602,1919391,1056422,862969,10000,29,0.0545,37667430,0,1
30,employee,low,35795196,1856799,1392838,463961,2325000,33,0.0157,53009040,0,1
33,self_employed,medium,0,5291745,3738303,1553442,10000,17,0.0446,27208511,0,1
25,student,low,3220812,0,284898,-284898,809000,78,0.0186,0,809000,0
38,self_employed,medium,497199,3468114,2264121,1203993,136000,28,0.0359,35649885,0,1
23,student,medium,0,75500,34924,40576,1211000,24,0.0306,1002923,208077,0
28,employee,medium,19191145,3284449,2154141,1130308,10000,53,0.0398,88248637,0,1
33,self_employed,medium,20988992,2570919,1080270,1490649,1375000,30,0.0469,70943334,0,1
23,student,medium,5813120,888795,618285,270510,83000,54,0.0388,22852435,0,1
30,employee,medium,31950712,4959016,3333385,1625631,10000,32,0.0388,90141286,0,1
35,freelancer,low,9538854,3416736,2025085,1391651,10000,76,0.0293,127541047,0,1
32,employee,low,22618434,4973672,2782061,2191611,2219000,67,0.0272,184704407,0,1
38,freelancer,high,10327778,714685,409975,304710,1552000,40,0.0911,28155343,0,1
34,employee,medium,3815667,0,1341113,-1341113,10000,51,0.0308,0,10000,0
25,employee,high,18398325,3598715,2215712,1383003,2212000,64,0.0708,133971347,0,1
40,self_employed,medium,19610227,2253026,1791610,461416,2464000,69,0.0525,63574952,0,1
24,student,medium,8994737,0,5396842,-5396842,787000,38,0.0566,0,787000,0
46,self_employed,medium,4613022,0,517451,-517451,54000,78,0.0549,0,54000,0
22,student,medium,0,0,0,0,121000,31,0.0376,0,121000,0
30,self_employed,low,9466571,5847607,3354331,2493276,10000,41,0.0207,115991174,0,1
36,freelancer,medium,27147597,4126286,2203626,1922660,930000,4,0.0583,35425890,0,1
51,self_employed,medium,23680557,0,8873923,-8873923,2436000,90,0.0434,0,2436000,0
29,freelancer,low,7358898,0,2048047,-2048047,512000,38,0.0244,0,512000,0
38,professional,medium,11783027,5385897,3989587,1396310,2032000,37,0.0363,67754681,0,1
32,employee,low,22891224,3348884,1867315,1481569,10000,62,0.0187,121573803,0,1
27,employee,low,48533751,3219326,2023351,1195975,10000,63,0.0108,128851401,0,1
28,freelancer,high,26680104,2287880,1388434,899446,2659000,56,0.0756,98098333,0,1
23,student,low,0,0,0,0,1203000,64,0.0158,0,1203000,0
38,freelancer,low,19513521,0,7815118,-7815118,1557000,47,0.0176,0,1557000,0
30,employee,low,8445416,3051907,1557109,1494798,420000,27,0.0171,49892606,0,1
42,self_employed,low,8149923,5142933,4628954,513979,10000,72,0.0298,50209705,0,1
39,employee,high,35395966,2525772,1414852,1110920,93000,43,0.0992,107512836,0,1
27,freelancer,medium,0,1565670,668682,896988,475000,45,0.0454,43913784,0,1
22,student,medium,5801906,1276805,905592,371213,1059000,82,0.0411,42754501,0,1
32,professional,low,0,2887920,2416183,471737,579000,81,0.0202,40901442,0,1
32,employee,medium,28764378,3913037,2756032,1157005,1063000,39,0.0373,80358573,0,1
34,professional,medium,46133308,2680029,1387627,1292402,10000,29,0.0432,90631714,0,1
34,employee,medium,11784004,0,3355387,-3355387,133000,35,0.036,0,133000,0
24,employee,low,20847405,5263944,3178754,2085190,200000,43,0.0126,113478635,0,1
24,student,high,520113,155154,113653,41501,2008000,80,0.0712,5068176,0,1
36,employee,medium,45352284,2661470,1993208,668262,10000,30,0.0483,72423599,0,1
23,student,medium,3337677,1361614,963962,397652,10000,51,0.0459,26401586,0,1
40,freelancer,low,17639278,0,1665103,-1665103,2158000,52,0.0191,0,2158000,0
49,employee,low,31140808,3251742,2267477,984265,2576000,60,0.0159,95140310,0,1
39,professional,low,53631807,3192453,2471734,720719,1540000,5,0.0265,57846159,0,1
22,student,medium,4919410,956780,630010,326770,2154000,33,0.0538,17295961,0,1
25,employee,medium,21335792,3382212,1118503,2263709,210000,48,0.0376,141849955,0,1
45,employee,medium,13416010,4003828,1488351,2515477,1378000,72,0.0425,223193278,0,1
20,student,low,0,0,0,0,93000,65,0.0119,0,93000,0
29,employee,high,2326840,2908533,1655103,1253430,10000,109,0.0851,210112489,0,1
36,self_employed,low,0,0,0,0,10000,34,0.0132,0,10000,0
28,freelancer,medium,5236673,0,1557221,-1557221,1270000,72,0.0375,0,1270000,0
21,student,low,6826933,0,3009302,-3009302,111000,7,0.0181,0,111000,0
25,freelancer,low,7162660,4313230,2717993,1595237,153000,1,0.0239,8772163,0,1
29,employee,medium,28848707,3438003,1950370,1487633,2226000,80,0.0364,171221825,0,1
42,employee,medium,38218164,3244460,2020849,1223611,10000,51,0.0348,111450969,0,1
27,self_employed,low,22655050,0,5438483,-5438483,1441000,18,0.0281,0,1441000,0
31,freelancer,medium,15796621,2559076,1856766,702310,587000,5,0.0524,19686891,0,1
20,student,medium,4140001,0,0,0,234000,51,0.0547,5220759,0,1
34,self_employed,medium,5143763,2384211,1683018,701193,1224000,1,0.0303,5857944,0,1
24,employee,low,16184537,3327806,2395227,932579,2766000,38,0.0115,52858069,0,1
22,employee,high,27124493,0,0,0,10000,67,0.082,42807498,0,1
31,professional,medium,16145187,3416664,2105105,1311559,123000,41,0.0572,78853758,0,1
22,student,medium,0,1921084,1798857,122227,10000,35,0.0537,4619999,0,1
45,employee,medium,0,3025225,2185092,840133,10000,80,0.0508,79794042,0,1
25,student,high,657253,0,122998,-122998,630000,42,0.0927,0,630000,0
25,student,high,7759629,760671,611659,149012,716000,60,0.0679,21496416,0,1
37,employee,medium,3984913,3403713,2614826,788887,2171000,46,0.0444,44203313,0,1
27,freelancer,medium,30991136,2818417,1967333,851084,1071000,55,0.0448,89895464,0,1
36,employee,medium,33905729,4257190,2614962,1642228,10000,73,0.0348,175189876,0,1
21,student,high,2247748,530447,353285,177162,10000,85,0.0947,25725758,0,1
39,freelancer,medium,6653264,0,1918629,-1918629,10000,44,0.0536,0,10000,0
48,self_employed,medium,37318451,0,5382499,-5382499,309000,80,0.0438,0,309000,0
27,student,low,4816378,0,1159383,-1159383,1115000,59,0.0187,0,1115000,0
26,student,medium,7320599,0,0,0,10000,20,0.0533,7999098,0,1
27,freelancer,medium,11035822,0,5144039,-5144039,10000,65,0.0529,0,10000,0
24,student,low,3706239,3000000,2115419,884581,995000,26,0.0184,27302239,0,1
24,student,high,4568264,1884238,1424677,459561,10000,106,0.0862,82401858,0,1
38,professional,low,0,4731583,2897474,1834109,545000,47,0.0103,87927035,0,1
43,self_employed,low,39516670,628224,528935,99289,354000,80,0.0104,50573705,0,1
36,employee,medium,4647990,4649690,3165127,1484563,1306000,55,0.0559,98821223,0,1
29,employee,low,30372003,3393005,2189288,1203717,1374000,52,0.0268,100402131,0,1
36,self_employed,medium,58369404,2519484,1885150,634334,956000,41,0.0557,99148277,0,1
36,professional,medium,44885085,4471821,2231598,2240223,755000,7,0.0427,61865061,0,1
23,freelancer,low,11069371,3228913,2621513,607400,10000,68,0.0184,55783069,0,1
34,employee,high,28882166,3963298,2488400,1474898,387000,45,0.0964,120972717,0,1
29,self_employed,medium,25931293,2095842,1455827,640015,1822000,42,0.0597,61753879,0,1
20,student,low,0,908662,580090,328572,1654000,58,0.0155,19775938,0,1
22,student,low,7628678,0,0,0,10000,37,0.0118,7911204,0,1
22,employee,low,7364809,3495943,2220958,1274985,10000,45,0.018,67187731,0,1
37,freelancer,medium,11556268,0,2824179,-2824179,561000,31,0.0581,0,561000,0
43,employee,medium,27913987,3057999,1498842,1559157,1356000,58,0.0438,134994789,0,1
19,student,low,0,0,0,0,529000,78,0.0286,0,529000,0
36,self_employed,low,42137889,3245820,2280523,965297,257000,84,0.0274,140306832,0,1
23,student,low,0,0,0,0,1782000,56,0.025,0,1782000,0
30,freelancer,medium,30023409,6561847,2908949,3652898,581000,56,0.058,273607137,0,1
22,employee,low,0,2258841,1482648,776193,10000,28,0.0255,22368517,0,1
44,employee,high,14193008,5037742,4014496,1023246,10000,87,0.0844,148320545,0,1
36,professional,low,24205177,6427837,3400292,3027545,1277000,104,0.0205,373153992,0,1
33,freelancer,high,9669727,0,2951800,-2951800,1024000,45,0.0969,0,1024000,0
49,self_employed,medium,507571,0,258630,-258630,2554000,71,0.0564,0,2554000,0
33,professional,medium,22313993,1304292,747124,557168,678000,45,0.0529,54863462,0,1
37,freelancer,medium,0,0,0,0,10000,19,0.0466,0,10000,0
24,student,low,11621,0,56155,-56155,817000,46,0.0151,0,817000,0
41,employee,medium,21296054,3570182,2433484,1136698,1988000,60,0.054,105976707,0,1
24,freelancer,high,0,3820893,2767509,1053384,1109000,39,0.0825,46932893,0,1
31,employee,medium,18120042,2115828,1169889,945939,1464000,17,0.0326,35410571,0,1
24,student,high,0,1258275,960453,297822,10000,38,0.0883,13003093,0,1
27,student,high,0,0,0,0,540000,33,0.0875,0,540000,0
20,student,low,929920,0,297399,-297399,1885000,57,0.0272,0,1885000,0
37,professional,medium,50500242,800000,644978,155022,461000,75,0.0458,80632754,0,1
29,employee,medium,25475883,3165976,1459696,1706280,903000,4,0.0478,32750239,0,1
23,student,low,3182730,0,1883868,-1883868,10000,71,0.0299,0,10000,0
34,freelancer,medium,14051534,0,4866717,-4866717,110000,64,0.0401,0,110000,0
22,student,medium,0,0,0,0,536000,38,0.0587,0,536000,0
24,student,low,2473200,29077,15745,13332,1919000,68,0.0128,3598897,0,1
46,self_employed,medium,0,0,0,0,10000,81,0.0387,0,10000,0
49,freelancer,medium,16590965,6942795,4530370,2412425,10000,82,0.0552,263807188,0,1
33,self_employed,low,35752286,5529691,4286712,1242979,10000,50,0.0293,106404904,0,1
23,student,low,0,0,0,0,10000,30,0.0116,0,10000,0
22,student,low,7427709,1132920,536478,596442,558000,58,0.0283,45539612,0,1
41,self_employed,medium,2861180,0,1033938,-1033938,2161000,69,0.0465,0,2161000,0
41,employee,low,34155682,3245422,2384524,860898,479000,76,0.019,107988856,0,1
33,self_employed,low,40693776,2749148,2439776,309372,10000,52,0.0233,61922936,0,1
26,employee,low,12584303,3032507,2182848,849659,10000,70,0.0248,78463430,0,1
21,student,low,0,0,0,0,199000,40,0.0227,0,199000,0
37,employee,medium,20956106,3399456,2587353,812103,1032000,13,0.0302,32370404,0,1
22,student,medium,2328761,285107,187658,97449,680000,102,0.0573,16553496,0,1
44,employee,medium,0,1321398,872434,448964,230000,81,0.0589,44524250,0,1
26,employee,high,5030607,4731348,3150778,1580570,1176000,46,0.0982,95170395,0,1
33,employee,high,2301133,2794711,1294055,1500656,864000,52,0.0651,92922372,0,1
22,employee,low,17214575,2159950,1665610,494340,2396000,15,0.0149,25017896,0,1
23,student,high,0,0,0,0,866000,81,0.0944,0,866000,0
35,employee,high,5823554,3641674,2165379,1476295,2069000,75,0.0616,143190290,0,1
31,employee,medium,10483652,0,6201356,-6201356,10000,67,0.0452,0,10000,0
44,self_employed,medium,30364698,6731410,6058216,673194,737000,70,0.037,90172452,0,1
22,student,low,0,0,0,0,10000,64,0.0269,0,10000,0
26,self_employed,medium,48265516,0,19219251,-19219251,857000,77,0.0317,0,857000,0
36,employee,high,18797891,2685433,1498185,1187248,2551000,42,0.0957,85197304,0,1
37,professional,low,63618491,7778408,4800433,2977975,10000,27,0.0262,150206778,0,1
23,employee,low,19749484,3260274,1972567,1287707,10000,11,0.0101,34157641,0,1
33,employee,low,19096938,2582456,1977181,605275,569000,96,0.0196,85190242,0,1
25,student,medium,1042646,0,125565,-125565,1959000,49,0.0466,0,1959000,0
36,self_employed,high,11586155,0,1194030,-1194030,10000,16,0.0915,0,10000,0
26,employee,high,34569141,4942232,2169959,2772273,783000,65,0.0837,281317200,0,1
22,employee,low,28964007,2325366,1779389,545977,10000,56,0.0231,64508294,0,1
22,student,low,0,1053137,620603,432534,34000,52,0.0275,23857773,0,1
31,freelancer,low,10212870,547657,299039,248618,1848000,16,0.03,14682485,0,1
23,student,medium,0,0,0,0,614000,83,0.0512,0,614000,0
21,student,high,0,0,0,0,10000,68,0.0663,0,10000,0
45,employee,low,17185803,3122839,1794571,1328268,1299000,49,0.0295,88460281,0,1
49,self_employed,medium,57720134,2962743,1872195,1090548,391000,78,0.0435,174645174,0,1
22,student,low,3387226,0,546129,-546129,432000,8,0.0246,0,432000,0
25,employee,low,35578492,2028741,1351771,676970,156000,71,0.0189,90597589,0,1
22,student,medium,0,51234,31844,19390,840000,27,0.0594,558651,281349,0
25,student,low,1922102,1255215,829402,425813,151000,34,0.0161,16814527,0,1
47,self_employed,low,21609240,3540040,2199090,1340950,3071000,50,0.0182,92910760,0,1
22,student,low,0,0,0,0,146000,68,0.0111,0,146000,0
40,employee,low,1405596,1675059,1077861,597198,1170000,20,0.0153,13531620,0,1
22,student,medium,0,1013047,765704,247343,614000,47,0.0521,12865337,0,1
41,freelancer,low,0,0,0,0,784000,31,0.023,0,784000,0
22,employee,low,38100380,3376647,2504324,872323,10000,46,0.0134,81259214,0,1
27,freelancer,high,34646481,0,13833765,-13833765,10000,63,0.0887,0,10000,0
37,freelancer,high,13383999,0,2000055,-2000055,1493000,67,0.0849,0,1493000,0
21,student,medium,6640586,0,3033861,-3033861,1882000,5,0.0557,0,1882000,0
26,student,high,8420682,1597814,1177365,420449,990000,18,0.0966,17836871,0,1
33,self_employed,medium,5280851,1207238,863369,343869,10000,60,0.0504,30199804,0,1
39,professional,medium,27212095,5051254,2300507,2750747,242000,44,0.0388,161205681,0,1
22,freelancer,low,24350343,4815790,3352392,1463398,847000,44,0.0299,95130458,0,1
30,freelancer,medium,14843928,1379544,1020105,359439,378000,61,0.0325,41312545,0,1
52,self_employed,high,0,0,0,0,10000,25,0.0941,0,10000,0
40,self_employed,low,2184115,0,377069,-377069,10000,79,0.0276,0,10000,0
32,freelancer,high,23111186,0,11424857,-11424857,10000,90,0.0842,0,10000,0
25,student,low,2413972,549934,502450,47484,2354000,37,0.0193,4370599,0,1
24,student,medium,0,0,0,0,727000,14,0.0522,0,727000,0
24,student,high,3730498,0,970212,-970212,10000,93,0.0927,0,10000,0
31,freelancer,medium,0,4563087,3198217,1364870,2333000,1,0.0544,1364870,968130,0
22,freelancer,medium,15898686,0,0,0,10000,67,0.0537,21442879,0,1
22,student,medium,6384325,0,1133704,-1133704,1153000,54,0.0339,0,1153000,0
28,professional,medium,65483024,0,20000000,-20000000,1381000,36,0.0396,0,1381000,0
50,freelancer,medium,3115367,0,1360649,-1360649,10000,36,0.0321,0,10000,0
21,student,low,1407994,0,229815,-229815,1069000,47,0.0154,0,1069000,0
24,employee,medium,26999203,3923469,2900030,1023439,371000,65,0.0414,108202843,0,1
24,student,high,6414518,158350,97706,60644,1026000,63,0.0644,13518331,0,1
25,student,low,1914695,336796,228557,108239,766000,27,0.0144,4946211,0,1
22,student,low,4728829,0,0,0,10000,46,0.0206,5117042,0,1
35,freelancer,medium,8047105,5270544,3310904,1959640,216000,71,0.0361,164811837,0,1
22,student,medium,0,0,0,0,10000,55,0.0388,0,10000,0
22,student,medium,1221392,0,597906,-597906,10000,93,0.038,0,10000,0
23,student,medium,3657258,0,0,0,1521000,35,0.0363,4065062,0,1
24,student,high,759687,1178228,1214884,-36656,10000,64,0.0626,0,10000,0
37,employee,low,24919339,3350597,1700536,1650061,1243000,47,0.0292,109990760,0,1
22,student,low,2911764,1827852,1787736,40116,1539000,50,0.0137,5145655,0,1
22,student,medium,0,0,0,0,2442000,48,0.05,0,2442000,0
25,student,medium,0,0,0,0,1121000,19,0.0573,0,1121000,0
35,employee,high,26618580,3017817,1662930,1354887,1473000,40,0.0671,93815815,0,1
23,student,low,3016452,0,738997,-738997,10000,25,0.0256,0,10000,0
24,student,low,404934,1895922,1488135,407787,933000,62,0.0284,27666124,0,1
33,self_employed,medium,4049484,2738194,1926054,812140,1098000,41,0.0332,39743447,0,1
26,employee,medium,17999944,3605190,2288944,1316246,203000,30,0.0348,60827267,0,1
22,student,high,0,0,0,0,10000,49,0.0993,0,10000,0
34,freelancer,low,11243101,484890,305844,179046,118000,79,0.0298,29282853,0,1
22,student,high,8618067,0,1687772,-1687772,278000,70,0.0613,0,278000,0
22,student,medium,1383213,811735,609446,202289,10000,71,0.0305,17374602,0,1
21,student,medium,2847555,379157,359688,19469,632000,20,0.0392,3441187,0,1
31,self_employed,medium,31617656,0,11743279,-11743279,1375000,41,0.0556,0,1375000,0
31,professional,medium,19852538,4167022,2601645,1565377,1102000,40,0.036,88800856,0,1
59,self_employed,low,28415398,3786989,2808308,978681,472000,54,0.0221,86896052,0,1
32,employee,low,5835264,2609744,1890219,719525,464000,44,0.023,39347630,0,1
31,professional,medium,8062949,3629146,2529671,1099475,755000,32,0.0557,47186904,0,1
34,employee,medium,9439086,3904216,2502217,1401999,904000,10,0.0587,24243778,0,1
35,self_employed,medium,14193332,3763464,4287965,-524501,10000,96,0.0364,0,10000,0
37,freelancer,high,30726820,0,724770,-724770,3088000,56,0.0657,0,3088000,0
29,employee,low,4140690,4962649,2431133,2531516,794000,51,0.0237,140271626,0,1
23,student,medium,78604,0,35840,-35840,10000,87,0.0554,0,10000,0
23,student,medium,5982104,485755,298774,186981,10000,63,0.0356,20140987,0,1
48,freelancer,medium,14852887,2237945,1444441,793504,832000,52,0.0568,65646162,0,1
23,student,medium,3659306,369131,176331,192800,964000,21,0.0357,8066404,0,1
41,self_employed,medium,4362660,0,1246503,-1246503,1804000,88,0.034,0,1804000,0
31,employee,low,24018413,3111317,1780080,1331237,1531000,27,0.0275,62584631,0,1
38,employee,low,16145244,2989233,2072978,916255,914000,99,0.0146,114546694,0,1
47,professional,low,40050620,4772594,2760085,2012509,1792000,13,0.0292,67884238,0,1
34,self_employed,low,6250454,0,1600130,-1600130,10000,23,0.0196,0,10000,0
48,freelancer,medium,26512162,0,12067050,-12067050,1946000,46,0.0342,0,1946000,0
22,student,medium,5552092,1221919,1038601,183318,1692000,6,0.0409,6775927,0,1
28,freelancer,low,7915414,2599062,1837188,761874,1715000,90,0.0108,79971707,0,1
33,professional,medium,32422167,7877047,4671864,3205183,1127000,46,0.0393,196527927,0,1
22,student,low,4630388,0,2778232,-2778232,218000,42,0.0101,0,218000,0
34,professional,medium,33520166,5887922,2850734,3037188,1266000,16,0.049,85890483,0,1
24,student,medium,359654,0,4460,-4460,10000,72,0.048,108130,0,1
26,employee,high,16238522,3986289,1943855,2042434,10000,79,0.0968,255084026,0,1
22,employee,medium,5882149,3710550,2510409,1200141,564000,64,0.0406,92899671,0,1
24,student,low,0,2366707,2018629,348078,1876000,79,0.0253,29886612,0,1
31,self_employed,high,0,6451753,4846262,1605491,10000,50,0.0853,95986678,0,1
23,student,medium,7096727,1618286,817317,800969,785000,45,0.0442,47498246,0,1
28,professional,low,28226846,5590818,3804770,1786048,102000,97,0.0134,214323952,0,1
27,employee,low,24194136,1876321,1161725,714596,1382000,86,0.0195,93719081,0,1
47,self_employed,medium,53204471,5583127,5308411,274716,1747000,37,0.0412,71216703,0,1
24,self_employed,medium,7986252,4128048,3137481,990567,10000,80,0.0354,99338245,0,1
42,self_employed,medium,9209817,0,1974695,-1974695,682000,62,0.0368,0,682000,0
35,freelancer,medium,31654251,3766229,2732156,1034073,10000,38,0.0384,77453188,0,1
23,student,low,0,0,0,0,10000,43,0.0134,0,10000,0
22,student,medium,1086905,0,131592,-131592,10000,37,0.0364,0,10000,0
40,self_employed,high,0,0,0,0,10000,47,0.0905,0,10000,0
36,self_employed,medium,0,0,0,0,10000,90,0.0389,0,10000,0
37,employee,medium,8332458,3488561,2475450,1013111,1387000,58,0.054,77781737,0,1
30,self_employed,medium,0,0,0,0,1862000,85,0.0428,0,1862000,0
24,student,high,1793670,0,348735,-348735,953000,52,0.0794,0,953000,0
24,employee,low,22581561,2611116,1865817,745299,1084000,62,0.0149,72390223,0,1
36,self_employed,medium,7845505,0,2258939,-2258939,10000,36,0.0444,0,10000,0
23,student,low,6390650,0,1965879,-1965879,2540000,19,0.0236,0,2540000,0
31,employee,medium,34150154,2911607,1487668,1423939,10000,79,0.0338,168439191,0,1
35,freelancer,high,12969077,3474271,3335878,138393,1621000,56,0.0959,29979892,0,1
22,student,medium,5042294,715122,663905,51217,455000,10,0.0329,5700790,0,1
30,freelancer,high,15887131,4521103,3298245,1222858,10000,19,0.086,42991352,0,1
44,self_employed,low,3171057,0,1626699,-1626699,1869000,34,0.015,0,1869000,0
28,employee,low,0,2798572,2070255,728317,1988000,1,0.0108,728317,1259683,0
36,employee,low,34154095,3392303,1984923,1407380,1431000,1,0.0207,35620391,0,1
40,employee,medium,9678201,2205774,1271132,934642,10000,89,0.0404,109853545,0,1
25,employee,medium,27632458,4290718,2232064,2058654,1000000,65,0.0345,180202191,0,1
23,freelancer,high,6638534,0,1112448,-1112448,10000,59,0.0913,0,10000,0
21,student,low,0,0,0,0,2084000,58,0.0137,0,2084000,0
24,student,low,0,1005151,420275,584876,10000,62,0.0157,37747935,0,1
23,student,medium,0,0,0,0,557000,3,0.0506,0,557000,0
28,student,medium,8748791,0,2884370,-2884370,10000,79,0.0356,0,10000,0
41,self_employed,medium,0,0,0,0,842000,50,0.0514,0,842000,0
24,student,low,2371478,0,84489,-84489,10000,45,0.0193,0,10000,0
42,self_employed,low,3168825,0,461335,-461335,276000,32,0.0106,0,276000,0
40,self_employed,high,2312921,172248,101584,70664,10000,18,0.0664,3888028,0,1
31,freelancer,high,15112183,3116125,1917359,1198766,1723000,2,0.0843,17731208,0,1
36,employee,high,22049883,1783747,1340068,443679,175000,64,0.068,65769335,0,1
41,employee,high,8827583,3611965,2129224,1482741,784000,66,0.0728,133069276,0,1
35,employee,low,0,2646001,1321039,1324962,550000,47,0.0221,64985372,0,1
35,freelancer,medium,0,1730950,898643,832307,342000,16,0.039,13646487,0,1
22,freelancer,medium,28351072,6263775,3066558,3197217,1267000,25,0.0447,114720197,0,1
46,freelancer,medium,20669226,2837015,2101247,735768,404000,38,0.0376,52920943,0,1
21,student,high,2448934,0,455527,-455527,2257000,69,0.099,0,2257000,0
38,employee,low,5613895,2945001,1967336,977665,369000,44,0.0295,51625523,0,1
20,student,medium,10484526,0,1330831,-1330831,10000,61,0.0549,0,10000,0
23,student,low,232632,1200031,679569,520462,10000,77,0.0149,42282499,0,1
23,student,medium,0,0,0,0,10000,22,0.0424,0,10000,0
38,freelancer,medium,0,5067060,3493998,1573062,10000,5,0.0597,7943960,0,1
21,student,low,0,1498894,1219122,279772,10000,46,0.028,13568875,0,1
21,student,low,2299650,1571297,1177889,393408,10000,26,0.0118,12714502,0,1
44,self_employed,medium,24530993,841088,623394,217694,986000,52,0.0547,43817591,0,1
37,freelancer,medium,366113,2677920,2206140,471780,169000,29,0.0437,14809382,0,1
20,student,medium,0,1381462,1193393,188069,618000,43,0.0531,8885977,0,1
29,employee,medium,44456455,5017892,3232401,1785491,1170000,7,0.048,58365695,0,1
19,student,medium,0,0,0,0,2024000,52,0.0304,0,2024000,0
21,student,medium,526359,0,86134,-86134,826000,69,0.0568,0,826000,0
45,professional,medium,42721714,3011156,1767182,1243974,506000,42,0.0406,105272837,0,1
35,employee,low,17818543,3571562,2404768,1166794,1171000,76,0.0181,113865060,0,1
42,self_employed,medium,0,1413460,977118,436342,1839000,21,0.0513,9565721,0,1
29,employee,medium,11206692,2727207,2225691,501516,10000,28,0.0553,27698372,0,1
35,self_employed,high,37901518,0,13350271,-13350271,10000,66,0.0773,0,10000,0
32,freelancer,medium,8498794,1535976,1261699,274277,607000,62,0.0307,28360229,0,1
24,student,high,4283609,1282108,1053104,229004,2013000,10,0.092,6994267,0,1
21,student,low,3325034,0,1289685,-1289685,10000,56,0.0156,0,10000,0
40,self_employed,medium,11698702,186946,70458,116488,147000,1,0.0481,11862082,0,1
24,freelancer,medium,11135066,2688557,2023665,664892,1454000,17,0.0471,23566993,0,1
26,self_employed,medium,15934747,4189602,2563800,1625802,10000,6,0.0562,26257529,0,1
40,employee,low,22962294,2250178,1561346,688832,2087000,31,0.03,46984502,0,1
30,employee,medium,19641320,4457798,2061523,2396275,166000,21,0.037,72857172,0,1
22,student,low,0,359898,252333,107565,1835000,32,0.0297,3577454,0,1
40,freelancer,high,22180962,0,3623947,-3623947,222000,31,0.0956,0,222000,0
23,student,medium,10211753,0,2587054,-2587054,691000,79,0.0416,0,691000,0
41,self_employed,medium,17043600,0,2602185,-2602185,10000,20,0.0485,0,10000,0
31,employee,low,13816718,2806151,1507002,1299149,170000,42,0.0257,72145404,0,1
30,freelancer,low,9534516,0,3765696,-3765696,10000,44,0.0183,0,10000,0
31,employee,medium,21019973,0,12278924,-12278924,1595000,46,0.0456,0,1595000,0
41,self_employed,medium,13328601,2674916,2516236,158680,10000,16,0.0353,16565637,0,1
25,student,low,4152497,989452,914720,74732,10000,17,0.0233,5582085,0,1
37,freelancer,high,12421061,3054284,1397049,1657235,1172000,60,0.0899,144400487,0,1
23,student,high,0,0,0,0,90000,62,0.0657,0,90000,0
38,freelancer,low,5762620,0,2415993,-2415993,10000,55,0.0229,0,10000,0
35,freelancer,medium,36327752,3558837,2914418,644419,10000,57,0.0303,81396842,0,1
36,employee,medium,22076722,3418094,2070196,1347898,1057000,64,0.0589,131265104,0,1
19,student,low,0,0,0,0,10000,53,0.028,0,10000,0
45,employee,medium,13970500,2668547,1852896,815651,10000,59,0.0518,72685891,0,1
23,student,low,0,0,0,0,871000,77,0.0151,0,871000,0
35,self_employed,low,36938263,0,20000000,-20000000,10000,31,0.0132,0,10000,0
41,professional,low,17393078,5420084,2975822,2444262,2656000,38,0.0131,112911960,0,1
25,student,low,0,2894960,2599048,295912,1070000,50,0.0274,15654357,0,1
22,freelancer,high,27251701,0,8609167,-8609167,299000,35,0.0932,0,299000,0
26,student,high,169559,0,0,0,1569000,40,0.0869,226291,1342709,0
20,student,low,3643896,0,1838327,-1838327,2585000,53,0.0117,0,2585000,0
26,student,medium,2519512,0,145732,-145732,806000,53,0.0588,0,806000,0
40,freelancer,medium,0,1908972,1118002,790970,1571000,29,0.0351,23902651,0,1
34,employee,medium,16180754,2937745,2224086,713659,652000,24,0.0368,35160279,0,1
32,self_employed,low,25468189,4223798,2840228,1383570,481000,15,0.0105,46685663,0,1
36,self_employed,high,70051570,2954899,2320430,634469,955000,32,0.0972,113755820,0,1
23,student,medium,617737,1751385,1018795,732590,2319000,67,0.0542,58005672,0,1
21,student,medium,4899425,0,891554,-891554,10000,69,0.0413,0,10000,0
22,student,high,1618455,0,752525,-752525,11000,43,0.0713,0,11000,0
25,employee,medium,20018919,4496099,3507071,989028,1576000,44,0.0555,72663838,0,1
23,student,medium,2582159,75914,51039,24875,2138000,62,0.0426,4938377,0,1
27,employee,medium,0,2994079,1864625,1129454,10000,31,0.0364,36653890,0,1
20,student,medium,7241961,0,4345176,-4345176,702000,46,0.0317,0,702000,0
45,professional,low,23173243,6456944,2400182,4056762,461000,43,0.0213,206113116,0,1
20,student,low,0,140635,122038,18597,972000,32,0.0109,603559,368441,0
23,student,low,5479292,1135802,911508,224294,695000,11,0.0115,8016421,0,1
21,student,low,1021113,0,147312,-147312,1710000,39,0.0224,0,1710000,0
32,professional,medium,18754231,2054005,1344171,709834,1119000,77,0.0497,90004426,0,1
22,employee,low,26527969,3171765,2226153,945612,532000,71,0.0184,100448582,0,1
28,employee,high,31221968,3426736,1544430,1882306,500000,50,0.095,161225500,0,1
38,employee,low,5461266,3539403,1963400,1576003,70000,31,0.0244,56192131,0,1
46,professional,high,22914558,5919697,3409653,2510044,10000,71,0.0871,270368246,0,1
22,freelancer,medium,36489874,612913,496162,116751,10000,15,0.0464,40464011,0,1
26,student,low,7744819,1750861,1425912,324949,10000,70,0.0247,33383532,0,1
38,freelancer,high,19461583,1401922,1240384,161538,10000,53,0.0883,39127791,0,1
32,freelancer,high,0,0,0,0,10000,66,0.0866,0,10000,0
42,self_employed,low,13152889,0,3294636,-3294636,873000,42,0.0176,0,873000,0
38,professional,low,14717867,3189063,1925618,1263445,700000,21,0.0196,42201244,0,1
23,freelancer,medium,0,0,0,0,2864000,65,0.0313,0,2864000,0
35,professional,medium,0,5497600,2264728,3232872,2942000,42,0.0448,146709021,0,1
19,student,low,1689509,325322,191944,133378,2582000,71,0.0221,12032223,0,1
26,student,medium,2736294,0,943403,-943403,166000,25,0.0322,0,166000,0
31,self_employed,medium,37668240,4524682,2272859,2251823,10000,24,0.0563,99209077,0,1
26,employee,low,0,4594582,2770154,1824428,779000,37,0.0199,69558366,0,1
44,self_employed,medium,29275476,7151057,3400179,3750878,1003000,75,0.059,381488445,0,1
47,self_employed,medium,0,3263734,2256298,1007436,364000,44,0.043,47920022,0,1
37,freelancer,low,20708729,0,10294199,-10294199,556000,14,0.0293,0,556000,0
40,employee,medium,23650494,1735190,1387069,348121,548000,66,0.0402,55157975,0,1
36,freelancer,low,12682140,2877875,1836332,1041543,10000,46,0.0262,64362247,0,1
27,student,high,5342194,0,1382741,-1382741,1733000,41,0.0793,0,1733000,0
34,freelancer,high,0,2848404,2000854,847550,1071000,32,0.0919,30601900,0,1
26,employee,high,36413802,3941628,2137772,1803856,2039000,31,0.0851,107628824,0,1
39,professional,medium,25574224,3585153,2107196,1477957,1213000,77,0.0349,159328516,0,1
22,student,low,8464090,0,2751243,-2751243,1400000,30,0.0221,0,1400000,0
27,employee,low,46305134,3548218,2154648,1393570,886000,27,0.029,88256047,0,1
22,student,low,1533754,1276361,1123875,152486,584000,21,0.024,4866545,0,1
25,student,low,2788111,0,844365,-844365,674000,59,0.0234,0,674000,0
29,employee,low,23190585,4506355,3666638,839717,1104000,49,0.0108,66283247,0,1
30,professional,medium,12200716,6680181,3949931,2730250,1149000,22,0.032,74714510,0,1
22,freelancer,medium,8562657,5458713,2397020,3061693,2890000,52,0.0422,184636599,0,1
37,self_employed,low,24123263,2376408,1891130,485278,840000,72,0.0251,65705427,0,1
27,student,medium,2993195,208459,193202,15257,10000,19,0.0471,3524830,0,1
32,employee,medium,21834160,1899266,1041363,857903,10000,47,0.0403,69159417,0,1
19,student,medium,575945,0,58635,-58635,1376000,26,0.0551,0,1376000,0
23,student,medium,4533921,0,2234982,-2234982,67000,16,0.0551,0,67000,0
24,student,medium,0,50271,31374,18897,1476000,53,0.0396,1092499,383501,0
19,student,medium,4811778,0,1339958,-1339958,690000,58,0.0467,0,690000,0
21,student,medium,4974714,72470,41230,31240,1374000,60,0.0461,8365044,0,1
22,student,low,6556062,1081544,868517,213027,251000,97,0.0143,29250376,0,1
24,student,medium,87563,0,29284,-29284,314000,23,0.0373,0,314000,0
22,freelancer,medium,11163994,0,5359508,-5359508,10000,70,0.0494,0,10000,0
36,freelancer,medium,0,3316754,2104418,1212336,1078000,27,0.0401,34195456,0,1
24,self_employed,medium,0,2602513,1192662,1409851,161000,41,0.0474,62613951,0,1
19,student,medium,6739198,0,1244046,-1244046,10000,57,0.0468,0,10000,0
21,student,low,0,5912,1535,4377,2066000,50,0.0108,223746,1842254,0
62,self_employed,high,0,3879023,2535110,1343913,542000,53,0.0885,86767569,0,1
33,self_employed,low,0,3911243,2388715,1522528,10000,50,0.02,79319436,0,1
25,student,medium,3319874,2351350,1438487,912863,1114000,71,0.0333,75571475,0,1
24,self_employed,medium,15774257,0,5434103,-5434103,10000,9,0.059,0,10000,0
30,freelancer,medium,14706679,0,896504,-896504,1672000,22,0.0499,0,1672000,0
21,student,medium,3833765,0,1710743,-1710743,1321000,38,0.0489,0,1321000,0
22,student,medium,336314,495223,315859,179364,10000,53,0.0341,10634713,0,1
26,student,medium,3276479,1422593,905361,517232,10000,1,0.0473,3806626,0,1
22,student,low,0,0,0,0,430000,19,0.0129,0,430000,0
38,self_employed,medium,4880503,4236714,2565415,1671299,980000,63,0.0401,123000998,0,1
28,freelancer,high,12228615,1872867,811912,1060955,669000,60,0.0904,99289841,0,1
33,self_employed,low,17270191,0,2275926,-2275926,10000,54,0.0288,0,10000,0
20,student,medium,1884730,0,456629,-456629,1043000,73,0.0317,0,1043000,0
40,employee,medium,19877742,2520598,1354607,1165991,10000,1,0.0367,21104526,0,1
56,self_employed,medium,20872230,0,4169119,-4169119,10000,34,0.0305,0,10000,0
25,student,low,0,1368133,1206115,162018,1099000,12,0.0146,1957279,0,1
37,professional,medium,31248334,3785261,1749110,2036151,1758000,67,0.0542,201160648,0,1
31,employee,medium,19719510,4147271,3170728,976543,10000,76,0.0303,105588716,0,1
41,self_employed,low,0,0,0,0,10000,56,0.0193,0,10000,0
22,student,medium,1510716,381293,257494,123799,175000,32,0.0448,5901646,0,1
25,student,medium,2398793,391569,274309,117260,1528000,67,0.0407,11813677,0,1
25,freelancer,medium,0,1174879,744072,430807,1665000,1,0.0548,430807,1234193,0
23,student,medium,0,0,0,0,387000,32,0.0415,0,387000,0
22,employee,medium,0,3718469,2777715,940754,652000,21,0.0477,20561257,0,1
21,student,low,0,0,0,0,1036000,67,0.0263,0,1036000,0
21,student,low,0,349355,261030,88325,1732000,1,0.0286,88325,1643675,0
22,student,low,597943,1113138,703384,409754,10000,109,0.0194,49510140,0,1
23,employee,medium,30508151,3342962,1742546,1600416,1684000,32,0.0364,87308889,0,1
24,professional,medium,18338949,5830762,3449855,2380907,346000,52,0.0367,155468671,0,1
33,employee,low,28664326,2845203,1667364,1177839,1403000,71,0.0158,119070999,0,1
24,student,medium,1234455,0,371650,-371650,309000,53,0.0432,0,309000,0
27,student,low,16302,0,25930,-25930,1523000,39,0.0184,0,1523000,0
21,student,high,10354758,1327706,1226569,101137,526000,41,0.0934,19092184,0,1
48,self_employed,medium,24501255,0,10080017,-10080017,63000,32,0.046,0,63000,0
22,student,medium,1091739,0,46782,-46782,10000,101,0.0589,0,10000,0
41,self_employed,low,31084284,0,9150443,-9150443,10000,20,0.0197,0,10000,0
27,student,low,310705,0,88156,-88156,258000,82,0.0131,0,258000,0
33,employee,medium,8442632,2476215,1070915,1405300,10000,33,0.0492,59213169,0,1
38,freelancer,low,0,2073376,1199029,874347,668000,4,0.0193,3505834,0,1
25,employee,low,18025518,2777121,1352890,1424231,438000,10,0.0221,32721177,0,1
22,student,low,5687908,0,2222470,-2222470,10000,72,0.0183,0,10000,0
22,student,medium,0,0,0,0,3064000,51,0.0418,0,3064000,0
22,student,medium,3094689,0,985832,-985832,91000,37,0.045,0,91000,0
23,student,medium,0,0,0,0,2697000,30,0.0372,0,2697000,0
30,professional,low,13790660,3371230,2527117,844113,572000,30,0.0211,40516726,0,1
22,student,low,4186330,1441026,775574,665452,615000,68,0.0179,52220888,0,1
23,student,medium,1600760,1762141,1121693,640448,10000,35,0.0363,25386962,0,1
33,employee,low,18788409,1167183,556340,610843,301000,118,0.0256,106025008,0,1
34,freelancer,low,13371668,0,5706412,-5706412,1789000,53,0.0109,0,1789000,0
24,student,low,571712,0,179780,-179780,1241000,29,0.0271,0,1241000,0
27,employee,medium,15991833,2585558,1595361,990197,10000,81,0.0467,115978562,0,1
40,freelancer,high,30281010,0,7773337,-7773337,991000,16,0.0993,0,991000,0
29,student,medium,0,950245,588887,361358,1528000,41,0.0367,15759005,0,1
20,student,low,0,964326,652993,311333,10000,41,0.019,13177314,0,1
43,freelancer,high,34539565,0,3457248,-3457248,10000,48,0.0704,0,10000,0
26,employee,high,0,4542070,2854206,1687864,1827000,50,0.09,101937293,0,1
37,employee,medium,23335580,3882455,2560197,1322258,837000,89,0.0444,171486129,0,1
22,student,medium,0,0,0,0,350000,55,0.0375,0,350000,0
42,self_employed,medium,23430554,0,9696126,-9696126,160000,74,0.0523,0,160000,0
28,employee,low,7875679,1237028,729357,507671,2058000,39,0.0272,29278913,0,1
34,employee,low,23381990,2823699,2193604,630095,538000,61,0.0226,66915836,0,1
21,student,low,2677800,0,1324111,-1324111,10000,6,0.0172,0,10000,0
22,student,low,0,843084,486604,356480,2213000,21,0.0244,7640275,0,1
44,freelancer,medium,2636887,4767762,2828448,1939314,1339000,51,0.0395,110617514,0,1
23,student,medium,96373,2342720,1719048,623672,386000,46,0.0304,30494898,0,1
33,professional,medium,20900052,4585237,2726173,1859064,225000,60,0.0354,146769087,0,1
21,student,medium,4271981,0,725669,-725669,2150000,65,0.0367,0,2150000,0
36,self_employed,high,71253264,5033834,2723165,2310669,765000,41,0.0953,210012734,0,1
27,employee,low,32359020,3561086,1884799,1676287,186000,32,0.0177,88807645,0,1
23,student,high,308817,0,109317,-109317,900000,35,0.084,0,900000,0
19,student,medium,2236371,0,1212945,-1212945,1061000,38,0.0425,0,1061000,0
20,student,high,2032162,0,250967,-250967,2333000,43,0.0859,0,2333000,0
32,freelancer,low,27580444,2652526,1391222,1261304,855000,17,0.015,49830362,0,1
34,employee,medium,5549815,1786938,897267,889671,1357000,25,0.0309,28861153,0,1
42,employee,low,19553987,3179732,2241570,938162,1300000,12,0.0167,31227565,0,1
39,employee,high,0,3612561,2362959,1249602,10000,13,0.0607,16747118,0,1
31,professional,low,10805945,5947379,3773233,2174146,1033000,29,0.0288,76799067,0,1
22,student,low,0,0,0,0,1060000,53,0.0177,0,1060000,0
47,employee,low,13848702,3209864,2213784,996080,10000,45,0.0154,60784181,0,1
23,student,high,4874379,0,809627,-809627,1264000,25,0.0942,0,1264000,0
30,self_employed,medium,17589272,1829595,1155051,674544,84000,44,0.04,52272590,0,1
36,self_employed,low,8918147,0,2622498,-2622498,1332000,33,0.0187,0,1332000,0
32,freelancer,high,23277897,5289012,4403406,885606,1624000,29,0.079,56353084,0,1
24,professional,low,2827500,6901976,4841293,2060683,10000,68,0.0193,151104609,0,1
44,self_employed,medium,10385280,4443172,4107414,335758,146000,71,0.0409,40142205,0,1
35,self_employed,low,980568,4474912,4144590,330322,10000,61,0.0144,21947442,0,1
23,student,medium,5161264,1029433,845361,184072,2064000,81,0.0301,22832043,0,1
36,freelancer,medium,0,3024231,1455377,1568854,1269000,1,0.0354,1568854,0,1
26,professional,low,46707511,1857567,1127774,729793,10000,76,0.0263,115442182,0,1
22,student,low,393930,0,143351,-143351,551000,43,0.0298,0,551000,0
22,freelancer,low,0,0,0,0,1026000,59,0.0107,0,1026000,0
30,employee,high,0,3530473,2048494,1481979,1492000,37,0.0813,62080528,0,1
25,student,low,4035265,14860,10642,4218,10000,26,0.0207,4332269,0,1
21,student,low,5588759,1899004,1206304,692700,2170000,99,0.0227,82079561,0,1
22,student,low,0,0,0,0,10000,90,0.0218,0,10000,0
39,employee,low,16804643,4102802,1828082,2274720,904000,83,0.0238,224818744,0,1
30,employee,low,28304326,5174555,4183676,990879,1492000,70,0.0148,103251978,0,1
24,employee,low,24881134,4217065,3098132,1118933,833000,1,0.0217,26045060,0,1
37,employee,high,14427547,3130774,2086706,1044068,1938000,67,0.0916,114894838,0,1
20,student,medium,0,0,0,0,10000,67,0.0334,0,10000,0
35,employee,high,9878999,5509574,2655591,2853983,10000,32,0.0888,115128891,0,1
39,self_employed,low,0,0,0,0,10000,83,0.0195,0,10000,0
35,freelancer,high,7380157,1702656,983485,719171,10000,66,0.0957,74618555,0,1
23,student,high,7302117,0,1496238,-1496238,477000,33,0.0818,0,477000,0
55,employee,high,20586920,2338343,1624310,714033,10000,52,0.0979,77429444,0,1
19,student,medium,2971036,0,574894,-574894,757000,31,0.0571,0,757000,0
20,student,low,1715753,586542,498484,88058,368000,53,0.0254,6852627,0,1
44,employee,low,9290924,2214180,1672020,542160,184000,12,0.0176,16014428,0,1
33,employee,low,22416984,3251810,2278051,973759,10000,8,0.0265,30666641,0,1
22,employee,low,4265555,2929889,1627850,1302039,1496000,55,0.012,78086889,0,1
33,employee,low,12793172,2181579,1226620,954959,10000,1,0.0259,13775743,0,1
38,employee,low,31345482,2388047,1796763,591284,815000,28,0.0268,50430789,0,1
38,employee,medium,0,3167647,2508593,659054,544000,87,0.05,68937385,0,1
34,freelancer,medium,12768134,0,3152054,-3152054,783000,7,0.056,0,783000,0
29,employee,medium,32986253,3067919,2151978,915941,2119000,30,0.0401,65310613,0,1
24,student,low,5914260,0,3548556,-3548556,186000,15,0.0187,0,186000,0
29,professional,medium,71899107,3314473,1609077,1705396,713000,1,0.0423,73857947,0,1
34,freelancer,medium,37965059,0,8365131,-8365131,1068000,27,0.0322,0,1068000,0
39,employee,medium,14004204,2669092,1209364,1459728,1523000,51,0.0519,100547044,0,1
36,freelancer,medium,31600865,4577110,3376689,1200421,2529000,56,0.0315,108911703,0,1
22,student,high,92192,2095341,1740125,355216,1536000,8,0.0963,3021119,0,1
33,self_employed,high,62248101,4521368,3264076,1257292,1312000,1,0.0851,63946836,0,1
37,employee,medium,0,3209077,2050121,1158956,10000,68,0.037,87530301,0,1
28,student,medium,2256210,0,532518,-532518,573000,18,0.0403,0,573000,0
38,employee,medium,17282184,4083169,2927332,1155837,10000,53,0.0349,86287040,0,1
24,student,low,0,1073530,843906,229624,1462000,63,0.0207,15267748,0,1
42,freelancer,low,0,5563010,5672223,-109213,1242000,81,0.0189,0,1242000,0
25,freelancer,low,3386176,2647224,1314822,1332402,389000,1,0.0115,4721823,0,1
24,student,high,0,0,0,0,408000,27,0.0764,0,408000,0
35,self_employed,high,32598140,9568201,4783698,4784503,430000,32,0.0625,204626344,0,1
22,student,low,0,489135,580460,-91325,1035000,36,0.0111,0,1035000,0
25,student,medium,5094046,0,804273,-804273,986000,40,0.034,0,986000,0
48,self_employed,low,9028891,4348392,3591576,756816,10000,64,0.0212,61341524,0,1
42,employee,medium,22794660,3934226,3054691,879535,10000,62,0.0515,92049080,0,1
43,employee,low,31481660,4216662,2318213,1898449,976000,85,0.0131,203536420,0,1
26,freelancer,high,8617088,2900759,1981310,919449,10000,78,0.0752,106149556,0,1
37,freelancer,medium,0,751257,516171,235086,957000,50,0.0596,13305212,0,1
26,freelancer,medium,37905856,0,20000000,-20000000,217000,34,0.0448,0,217000,0
36,self_employed,low,0,0,0,0,20000,48,0.0204,0,20000,0
24,student,high,2487251,198628,165371,33257,1928000,8,0.0742,2884869,0,1
38,employee,low,0,4626624,3589115,1037509,1575000,18,0.0199,18940747,0,1
19,student,medium,0,47807,24849,22958,586000,22,0.0405,523384,62616,0
25,student,low,2562467,1772957,1259430,513527,10000,90,0.0153,51814379,0,1
21,student,medium,0,1712645,1818085,-105440,260000,24,0.0542,0,260000,0
38,freelancer,medium,37779762,3613412,2790867,822545,1159000,29,0.0497,67880513,0,1
27,student,low,0,724915,320352,404563,10000,28,0.0109,11467770,0,1
38,self_employed,low,0,177042,88131,88911,2628000,45,0.0112,4084259,0,1
36,freelancer,low,0,0,0,0,10000,37,0.0273,0,10000,0
31,employee,low,25567667,2096095,1000593,1095502,10000,40,0.0194,72504474,0,1
30,employee,medium,5596278,4088704,3173539,915165,508000,94,0.0554,116035206,0,1
31,freelancer,low,27860896,3480393,1807465,1672928,10000,39,0.0149,96049630,0,1
33,self_employed,medium,7809643,694555,546756,147799,494000,54,0.0367,17873353,0,1
32,self_employed,low,5953246,0,1693553,-1693553,10000,47,0.02,0,10000,0
22,student,low,0,0,0,0,1554000,49,0.0143,0,1554000,0
37,self_employed,medium,17731754,738712,599819,138893,297000,44,0.0306,26292953,0,1
25,student,medium,0,0,0,0,163000,64,0.0532,0,163000,0
31,professional,medium,21891797,8893182,5235625,3657557,513000,40,0.0493,184449875,0,1
51,self_employed,high,34544007,0,6098351,-6098351,10000,93,0.083,0,10000,0
27,employee,medium,22355358,3234249,2135169,1099080,10000,23,0.0502,51085132,0,1
24,student,low,4214555,2808441,2320430,488011,1791000,42,0.029,26209620,0,1
42,self_employed,low,0,4497896,3478645,1019251,537000,48,0.0139,50279766,0,1
32,self_employed,medium,13495594,0,2360154,-2360154,302000,17,0.0371,0,302000,0
50,freelancer,high,15184751,3846168,2440104,1406064,10000,46,0.0816,96377590,0,1
50,self_employed,medium,54315793,899049,521339,377710,10000,74,0.0312,96599226,0,1
26,employee,low,19556071,3444962,1581979,1862983,500000,12,0.0236,42621823,0,1
33,employee,low,5604373,3656875,2636559,1020316,773000,38,0.0245,46329000,0,1
21,student,low,6303674,0,1054540,-1054540,10000,31,0.0118,0,10000,0
46,freelancer,high,11666763,5480223,3739834,1740389,578000,1,0.0795,13484444,0,1
33,freelancer,high,14044224,8173428,6528906,1644522,1144000,56,0.062,125225642,0,1
22,student,low,9770769,0,39671,-39671,1960000,57,0.0198,8364530,0,1
29,employee,high,11268813,2266586,1314029,952557,1955000,51,0.0651,70642468,0,1
19,student,low,0,430743,442022,-11279,10000,21,0.0105,0,10000,0
45,professional,medium,45158554,3705158,2316542,1388616,10000,53,0.0484,137768759,0,1
21,student,medium,0,0,0,0,1890000,55,0.038,0,1890000,0
42,professional,medium,19855651,5676653,3364119,2312534,693000,56,0.0456,168563276,0,1
25,employee,high,20600290,3327636,1782359,1545277,2262000,32,0.0712,79171942,0,1
19,student,medium,0,795444,452331,343113,1580000,54,0.0517,20810507,0,1
41,self_employed,low,4259012,3412998,3520733,-107735,10000,21,0.0264,2147259,0,1
21,student,medium,0,1705347,860668,844679,1060000,1,0.0462,844679,215321,0
37,employee,low,32051237,4307875,2523010,1784865,351000,46,0.0237,120956560,0,1
39,self_employed,high,29057320,3695767,2336403,1359364,10000,92,0.0875,234007079,0,1
24,student,high,6450701,0,2663925,-2663925,759000,42,0.0811,0,759000,0
25,student,low,0,1671350,1164539,506811,944000,1,0.0152,506811,437189,0
22,employee,high,23191062,4532874,3018863,1514011,631000,35,0.0753,87920881,0,1
35,freelancer,medium,15339194,0,3754464,-3754464,645000,48,0.049,0,645000,0
19,student,low,0,0,0,0,10000,100,0.0258,0,10000,0
21,student,medium,0,0,0,0,131000,1,0.0355,0,131000,0
22,student,medium,0,0,0,0,10000,78,0.0489,0,10000,0
38,employee,low,28656945,2501837,1572757,929080,791000,27,0.0165,55278809,0,1
24,student,medium,3774535,0,272502,-272502,1943000,68,0.0581,0,1943000,0
26,student,low,1401884,0,399895,-399895,595000,66,0.0112,0,595000,0
23,student,medium,0,0,0,0,64000,27,0.0436,0,64000,0
37,employee,medium,8389768,3330149,1838839,1491310,593000,32,0.0448,60041665,0,1
29,self_employed,high,0,0,0,0,1597000,74,0.0808,0,1597000,0
30,self_employed,medium,30086744,4396299,3078104,1318195,10000,81,0.0449,165165568,0,1
43,self_employed,low,61248326,0,18926441,-18926441,10000,19,0.0284,0,10000,0
30,freelancer,medium,24770422,0,6149170,-6149170,584000,46,0.0483,0,584000,0
35,self_employed,high,36005982,2646588,2411427,235161,489000,59,0.0912,73708044,0,1
37,professional,medium,23334925,1213141,1075592,137549,10000,45,0.0444,34275233,0,1
19,student,low,9520570,2155674,1957981,197693,1094000,74,0.0292,27404337,0,1
22,employee,high,21691799,2317361,1464662,852699,10000,28,0.0912,53308656,0,1
41,freelancer,high,25468386,0,10602812,-10602812,1200000,91,0.0838,0,1200000,0
40,professional,low,0,2997696,2137374,860322,925000,53,0.0213,47766302,0,1
26,employee,low,21382182,751458,379243,372215,705000,35,0.0159,35721738,0,1
33,professional,medium,21744864,4402399,2600163,1802236,49000,1,0.0302,23601825,0,1
50,self_employed,low,36786838,1593797,1048841,544956,10000,74,0.0129,81781754,0,1
23,student,medium,0,0,0,0,10000,53,0.0512,0,10000,0
22,student,high,0,1829506,1358903,470603,1066000,41,0.0854,22313205,0,1
36,employee,low,41013718,4023087,2523671,1499416,10000,19,0.0152,70828136,0,1
23,student,medium,4334322,0,598169,-598169,244000,29,0.0418,0,244000,0
21,student,low,6877167,0,2720058,-2720058,587000,62,0.0258,0,587000,0
33,employee,medium,21064683,0,8944650,-8944650,807000,93,0.0527,0,807000,0
23,student,medium,8890520,0,2616483,-2616483,187000,88,0.0569,0,187000,0
22,student,medium,0,2430645,1817595,613050,412000,66,0.0443,45721419,0,1
39,employee,low,0,2700518,1846091,854427,391000,81,0.02,74031746,0,1
23,student,medium,0,0,0,0,1056000,69,0.0341,0,1056000,0
22,student,low,4336331,0,331702,-331702,10000,92,0.0179,0,10000,0
23,student,medium,4358066,0,182388,-182388,679000,49,0.0483,0,679000,0
31,employee,medium,6670748,3759125,1962480,1796645,1384000,59,0.0338,123017799,0,1
36,employee,low,0,4293736,3024327,1269409,1472000,58,0.0167,76623236,0,1
22,student,low,4821677,0,117128,-117128,923000,43,0.0263,22227,900773,0
45,self_employed,high,0,4173568,4342841,-169273,1366000,41,0.0824,0,1366000,0
35,self_employed,high,24239226,6273346,4296143,1977203,962000,97,0.0908,331935285,0,1
40,self_employed,high,6728438,3170149,1776369,1393780,1788000,30,0.0798,54315735,0,1
23,student,high,6827065,245939,230950,14989,884000,2,0.0826,6951456,0,1
22,student,low,1783518,958733,715672,243061,111000,59,0.0273,17368362,0,1
22,student,low,725755,0,23410,-23410,10000,34,0.0168,0,10000,0
19,student,low,0,1788875,754715,1034160,10000,39,0.011,41042701,0,1
27,employee,low,37079577,4802836,2699114,2103722,1428000,68,0.0134,188541473,0,1
23,student,medium,4146756,0,0,0,10000,46,0.0539,5096125,0,1
38,freelancer,medium,22704331,1575230,1229901,345329,10000,79,0.0499,63729709,0,1
24,student,medium,1685062,0,315269,-315269,10000,44,0.0428,0,10000,0
32,employee,high,20244433,3687955,2049970,1637985,1889000,65,0.0853,166819555,0,1
33,professional,high,34581469,5871522,4692886,1178636,513000,62,0.0855,145182213,0,1
23,student,low,8686958,1949014,861407,1087607,10000,63,0.0169,81090522,0,1
45,employee,medium,20971662,2527479,1744705,782774,2426000,42,0.0439,59914624,0,1
40,self_employed,high,23151566,0,4696187,-4696187,1256000,57,0.0902,0,1256000,0
36,freelancer,medium,16844688,0,8191052,-8191052,64000,46,0.058,0,64000,0
28,employee,low,7342691,3499967,2765005,734962,10000,63,0.0108,55389265,0,1
24,student,medium,1921460,2412800,2084026,328774,1548000,62,0.0329,24462830,0,1
41,self_employed,medium,21939594,0,4108831,-4108831,305000,105,0.0334,0,305000,0
21,student,low,1335465,0,86162,-86162,911000,52,0.0108,0,911000,0
32,freelancer,low,7283762,4163250,3490759,672491,660000,29,0.0269,27899246,0,1
39,employee,high,11693062,2700625,1694684,1005941,202000,47,0.064,68585493,0,1
28,self_employed,medium,4669618,1509778,928485,581293,1378000,22,0.045,18375224,0,1
19,student,low,4435557,928707,529645,399062,242000,86,0.0245,42760924,0,1
21,student,low,7154555,0,269979,-269979,1623000,113,0.0112,0,1623000,0
36,employee,medium,12689928,2750817,1918566,832251,10000,1,0.0331,13557182,0,1
45,freelancer,medium,8897768,0,349696,-349696,2176000,56,0.0449,0,2176000,0
31,employee,high,19317129,4093506,2925574,1167932,10000,37,0.0707,72134656,0,1
19,student,low,2614017,0,291927,-291927,540000,68,0.0247,0,540000,0
21,student,medium,4498158,478012,354554,123458,1510000,75,0.0391,16210659,0,1
33,self_employed,medium,18903474,3492440,2823648,668792,3075000,51,0.0433,60090035,0,1
25,student,low,4465809,66010,35766,30244,736000,82,0.0195,7752323,0,1
26,professional,low,39792657,5658223,2937344,2720879,1111000,57,0.0147,203199823,0,1
35,freelancer,medium,0,0,0,0,444000,44,0.0552,0,444000,0
42,employee,low,9976868,2879670,1662185,1217485,1976000,21,0.0174,36226445,0,1
23,student,medium,3088583,1801598,1719650,81948,10000,13,0.0598,4392532,0,1
20,student,medium,3117769,0,968455,-968455,1192000,57,0.0312,0,1192000,0
40,self_employed,medium,13684140,0,2740521,-2740521,10000,43,0.0307,0,10000,0
33,employee,medium,11943874,2770066,1770387,999679,1625000,31,0.041,45907980,0,1
36,freelancer,high,24206804,2744171,2019181,724990,10000,35,0.0766,58577133,0,1
30,student,medium,0,0,0,0,642000,81,0.0571,0,642000,0
39,employee,low,26081761,3793267,2575850,1217417,1776000,45,0.0191,84763415,0,1
24,student,low,1520197,0,912118,-912118,628000,59,0.0171,0,628000,0
26,student,low,7345837,0,3091443,-3091443,486000,60,0.0113,0,486000,0
40,employee,medium,27934817,2391675,1817003,574672,1518000,52,0.0393,65632397,0,1
36,self_employed,medium,1172947,0,365606,-365606,10000,18,0.0585,0,10000,0
21,student,low,4919187,0,632107,-632107,388000,73,0.0156,0,388000,0
41,self_employed,high,8014323,5130405,3587672,1542733,10000,1,0.0753,9607346,0,1
21,student,low,5421781,0,914844,-914844,1592000,27,0.0133,0,1592000,0
36,employee,low,23009147,2733754,1791272,942482,1349000,82,0.027,112433445,0,1
54,self_employed,high,2307281,2372173,1434293,937880,10000,32,0.0721,35777471,0,1
37,employee,medium,25911789,1188808,713825,474983,678000,22,0.0479,39184709,0,1
29,freelancer,medium,14786857,684474,542071,142403,1061000,5,0.048,15802703,0,1
23,employee,high,3435461,3142867,1666832,1476035,1886000,53,0.0601,93817981,0,1
27,employee,low,14458808,4415392,2912204,1503188,1541000,110,0.0147,193436247,0,1
24,student,low,700715,0,420429,-420429,519000,41,0.0223,0,519000,0
22,student,low,1533780,0,229138,-229138,1438000,86,0.0288,0,1438000,0
23,freelancer,medium,12759869,1342000,1230678,111322,1286000,40,0.0382,19230446,0,1
35,employee,medium,16221814,2807568,1178358,1629210,417000,54,0.0476,117982756,0,1
33,employee,low,22487441,2627302,2029224,598078,10000,51,0.0107,54725116,0,1
37,self_employed,medium,31008970,6045871,5433292,612579,10000,40,0.0405,61669760,0,1
41,freelancer,low,15377464,1727008,1213737,513271,644000,19,0.028,26033383,0,1
40,employee,low,19338551,2198742,1477820,720922,10000,66,0.0138,70266193,0,1
43,employee,medium,7025585,3648015,2789992,858023,730000,81,0.0593,95685116,0,1
36,employee,medium,30133451,3750817,2194272,1556545,754000,79,0.0348,175848710,0,1
23,student,high,0,14697,9663,5034,2544000,41,0.0749,234379,2309621,0
23,student,medium,0,0,0,0,2291000,44,0.0326,0,2291000,0
40,freelancer,medium,14479006,2633781,1674108,959673,518000,5,0.0586,19681463,0,1
38,freelancer,low,0,2106681,1585720,520961,234000,58,0.026,32159324,0,1
22,student,medium,0,0,0,0,799000,53,0.0326,0,799000,0
29,professional,medium,9927577,3522775,2164797,1357978,1278000,48,0.0542,84931053,0,1
29,employee,low,0,4466087,2566767,1899320,2214000,23,0.018,44412777,0,1
34,employee,medium,13348562,4921274,3341231,1580043,1080000,37,0.0562,79537970,0,1
24,student,high,1966395,0,82281,-82281,1531000,83,0.0698,0,1531000,0
24,student,low,4653217,1425385,1196730,228655,23000,88,0.0157,26531608,0,1
47,self_employed,medium,41483243,3164969,2062784,1102185,10000,27,0.0489,77687987,0,1
33,self_employed,medium,34742294,0,0,0,10000,28,0.0498,39013875,0,1
37,employee,low,26744591,3728198,2040414,1687784,1660000,31,0.0189,81658144,0,1
23,student,low,7253594,2055732,1591135,464597,21000,60,0.0153,36780510,0,1
32,employee,low,27481961,2155401,1412407,742994,1021000,24,0.0161,46490382,0,1
33,self_employed,medium,0,0,0,0,561000,47,0.0508,0,561000,0
36,professional,low,34284524,4790804,3704455,1086349,682000,23,0.0147,60589238,0,1
27,student,low,2006358,962904,999945,-37041,325000,58,0.0239,0,325000,0
29,professional,medium,36888319,3296737,1589395,1707342,307000,25,0.0372,84165851,0,1
26,student,medium,4173792,0,693584,-693584,89000,70,0.0488,0,89000,0
24,student,low,0,0,0,0,10000,55,0.023,0,10000,0
39,freelancer,medium,13930110,4247535,4071087,176448,552000,89,0.0461,38275810,0,1
22,employee,medium,6104206,3960047,2455053,1504994,1998000,65,0.0475,119203419,0,1
20,student,medium,0,177539,139313,38226,2076000,1,0.0571,38226,2037774,0
33,employee,medium,22292628,4228497,2313397,1915100,194000,54,0.0349,137880483,0,1
37,employee,low,27500261,4326711,3896962,429749,10000,55,0.0123,53396612,0,1
33,freelancer,high,7139239,2136774,1812143,324631,3052000,65,0.0923,38991387,0,1
25,student,low,2849147,810496,444795,365701,536000,78,0.0106,32569108,0,1
19,student,low,0,455252,337026,118226,177000,24,0.0143,2876650,0,1
24,student,low,1948037,0,892058,-892058,252000,46,0.0173,0,252000,0
20,student,low,0,1507360,1251330,256030,211000,66,0.0241,18049713,0,1
22,student,high,0,0,0,0,10000,38,0.0933,0,10000,0
42,self_employed,medium,28262077,1941685,842543,1099142,10000,1,0.0359,29445770,0,1
24,student,low,0,0,0,0,1000000,30,0.0156,0,1000000,0
27,employee,high,22682184,3255745,2245093,1010652,402000,63,0.0764,111864264,0,1
46,self_employed,low,12511006,0,921239,-921239,1766000,59,0.0112,0,1766000,0
22,student,medium,7882842,0,0,0,744000,43,0.0499,9422742,0,1
22,employee,medium,16599036,3033726,1427868,1605858,10000,46,0.0486,101009407,0,1
22,employee,medium,7800896,0,449025,-449025,10000,97,0.0338,0,10000,0
22,student,low,0,757928,507377,250551,1482000,36,0.0158,9230803,0,1
26,student,low,5122049,0,2413680,-2413680,673000,25,0.0103,0,673000,0
24,student,low,4015671,0,981347,-981347,403000,46,0.0295,0,403000,0
50,self_employed,medium,9982483,8352071,5956090,2395981,10000,20,0.0442,60378220,0,1
35,freelancer,high,0,0,0,0,1317000,41,0.0973,0,1317000,0
32,employee,low,26807751,0,6818327,-6818327,710000,16,0.0262,0,710000,0
36,employee,medium,2489565,2317221,1456596,860625,800000,8,0.0321,9493150,0,1
28,freelancer,low,30630212,0,4906713,-4906713,1254000,29,0.0116,0,1254000,0
30,freelancer,medium,34053242,4659477,3042247,1617230,1682000,86,0.0522,217692890,0,1
23,student,low,3676924,0,1207479,-1207479,10000,60,0.0282,0,10000,0
23,student,low,7134143,0,2336944,-2336944,10000,33,0.023,0,10000,0
24,self_employed,high,38841881,0,2936637,-2936637,591000,63,0.0827,0,591000,0
35,employee,medium,20939435,2996327,1476084,1520243,1196000,39,0.0321,85643442,0,1
29,employee,low,34059513,4169056,2733330,1435726,1599000,34,0.0234,86810314,0,1
37,freelancer,medium,8253143,0,2656032,-2656032,267000,22,0.0347,0,267000,0
32,professional,medium,17259189,5049331,2181645,2867686,2319000,71,0.0415,252384877,0,1
25,student,low,3207446,0,1282315,-1282315,1310000,61,0.0258,0,1310000,0
28,professional,medium,5356596,4081652,2723918,1357734,10000,1,0.0589,6740622,0,1
21,student,low,7891916,0,3089292,-3089292,1050000,35,0.0258,0,1050000,0
22,employee,low,41314788,3634177,2425862,1208315,494000,32,0.0151,82441063,0,1
32,professional,medium,40111916,6968074,3167906,3800168,10000,16,0.0426,104900642,0,1
29,student,low,0,786903,425095,361808,10000,25,0.0168,9198803,0,1
20,student,high,282125,1141523,654619,486904,1231000,1,0.0758,770811,460189,0
30,employee,low,40972419,4685179,3271901,1413278,1545000,68,0.0281,152081175,0,1
24,student,low,0,0,0,0,1160000,10,0.0285,0,1160000,0
27,self_employed,high,47902309,0,4785657,-4785657,1559000,42,0.078,0,1559000,0
35,employee,medium,24395025,2703390,1518040,1185350,281000,1,0.0517,25685477,0,1
20,student,low,499782,0,176238,-176238,1656000,35,0.0216,0,1656000,0
28,employee,medium,33191097,4350973,2922291,1428682,497000,52,0.0337,118271510,0,1
23,student,low,0,0,0,0,132000,83,0.0236,0,132000,0
24,self_employed,medium,37198067,5734046,2755631,2978415,10000,60,0.0552,254251161,0,1
22,employee,low,21888925,2823783,1931788,891995,10000,58,0.0147,77083632,0,1
50,employee,medium,14162222,2935944,1986534,949410,1044000,42,0.0529,60735873,0,1
36,freelancer,medium,19025589,0,799166,-799166,10000,44,0.0447,0,10000,0
21,student,low,0,0,0,0,10000,15,0.0114,0,10000,0
42,freelancer,low,0,0,0,0,532000,38,0.023,0,532000,0
32,employee,medium,13897216,4520061,2999558,1520503,959000,58,0.0513,117642598,0,1
35,freelancer,low,0,0,0,0,10000,43,0.0105,0,10000,0
33,freelancer,low,26386401,98770,74162,24608,10000,31,0.0257,28983568,0,1
50,self_employed,medium,48159207,0,701362,-701362,10000,42,0.0499,25215271,0,1
39,employee,high,13112846,2848965,2274418,574547,524000,36,0.0929,41057147,0,1
25,freelancer,medium,15854867,0,4567560,-4567560,559000,44,0.0362,0,559000,0
53,employee,low,12047896,1081185,590365,490820,278000,57,0.0171,42189316,0,1
37,self_employed,low,9015968,4144758,3158838,985920,10000,38,0.0271,48896392,0,1
23,student,low,4341795,431921,297147,134774,10000,100,0.0238,20183763,0,1
35,employee,medium,0,3161800,1727410,1434390,10000,57,0.0553,93259607,0,1
33,freelancer,low,18524729,0,3349044,-3349044,10000,32,0.0123,0,10000,0
28,employee,medium,10475809,3099378,1434626,1664752,10000,41,0.0379,84670373,0,1
34,self_employed,low,14981395,3449047,2616220,832827,1778000,35,0.0154,45463147,0,1
25,employee,low,30663619,1750016,1118191,631825,367000,62,0.023,76082363,0,1
31,employee,medium,47977471,3651858,2105173,1546685,1260000,24,0.0495,91895305,0,1
22,student,medium,7832809,0,3673079,-3673079,709000,48,0.0513,0,709000,0
24,student,medium,0,0,0,0,1429000,26,0.0357,0,1429000,0
52,self_employed,medium,12200847,0,4981840,-4981840,785000,65,0.0349,0,785000,0
23,student,low,2931645,0,325592,-325592,10000,28,0.01,0,10000,0
47,self_employed,medium,17638279,3615661,2675936,939725,389000,39,0.0553,61150757,0,1
31,employee,medium,6063911,2260065,1516530,743535,10000,62,0.0348,57680080,0,1
39,self_employed,high,50409903,0,14414547,-14414547,10000,46,0.0958,0,10000,0
22,student,high,1020648,570721,422389,148332,483000,30,0.0697,6060197,0,1
37,freelancer,medium,9672487,5184199,1411797,3772402,2093000,74,0.0446,333368853,0,1
25,student,low,5080986,562868,319449,243419,442000,53,0.0295,19548489,0,1
24,student,low,5018619,1652417,1061277,591140,10000,41,0.028,30924704,0,1
19,student,low,7314400,1705240,1528066,177174,10000,22,0.0252,11644872,0,1
22,freelancer,high,2947455,2355351,1992781,362570,10000,40,0.0774,20297084,0,1
36,freelancer,medium,20582323,0,2879551,-2879551,417000,47,0.0397,0,417000,0
24,student,low,0,144197,122901,21296,10000,45,0.0148,984788,0,1
42,professional,medium,10890220,5916910,2526732,3390178,10000,19,0.0353,77662770,0,1
27,employee,medium,29494721,4947936,3061228,1886708,2272000,33,0.034,97549536,0,1
36,professional,low,27310098,3452843,3001862,450981,1412000,18,0.0116,35973922,0,1
24,student,high,0,0,0,0,110000,61,0.0614,0,110000,0
24,student,low,1579808,0,301872,-301872,1159000,26,0.0106,0,1159000,0
23,student,low,9105179,0,5463107,-5463107,1586000,12,0.0241,0,1586000,0
31,employee,medium,22188143,2981815,1805055,1176760,879000,55,0.0396,97435591,0,1
23,student,medium,0,0,0,0,2816000,29,0.0359,0,2816000,0
29,employee,low,14167715,3162413,1885051,1277362,163000,41,0.0259,70174422,0,1
22,student,medium,3091244,1095412,768234,327178,10000,39,0.0397,17111952,0,1
35,employee,low,14547307,4295955,2350811,1945144,1958000,78,0.0262,182454874,0,1
60,self_employed,high,29415607,3434178,1524886,1909292,1888000,11,0.0947,53923165,0,1
21,student,high,207258,1196247,928676,267571,10000,15,0.0618,4385392,0,1
33,professional,low,41375316,6271046,3579740,2691306,10000,56,0.0145,200102034,0,1
22,student,high,2380434,0,153337,-153337,2192000,51,0.0958,0,2192000,0
41,employee,low,18866450,3980127,2360324,1619803,631000,28,0.018,65960062,0,1
33,employee,low,27121081,2581048,1964323,616725,10000,44,0.023,57789853,0,1
21,student,medium,0,0,0,0,10000,63,0.0318,0,10000,0
22,freelancer,high,11477944,1808687,1126251,682436,10000,93,0.0634,100423452,0,1
30,freelancer,high,22554347,0,1653325,-1653325,730000,33,0.0874,0,730000,0
36,freelancer,high,9575312,0,5745187,-5745187,10000,28,0.0944,0,10000,0
48,self_employed,high,2800920,3296975,3284466,12509,10000,30,0.0767,3803091,0,1
38,employee,low,14312352,1283157,996339,286818,10000,35,0.0139,25143021,0,1
23,student,low,3097561,827190,526594,300596,10000,34,0.0129,13616450,0,1
33,employee,low,23695360,3870602,2398085,1472517,10000,36,0.0199,79730146,0,1
26,student,high,3426140,0,286961,-286961,10000,46,0.0838,0,10000,0
37,employee,medium,24341303,1532870,832307,700563,10000,67,0.0424,83684500,0,1
39,self_employed,low,37356697,0,12680329,-12680329,175000,40,0.0195,0,175000,0
42,self_employed,medium,17530542,5894471,4234853,1659618,171000,35,0.0478,82345627,0,1
28,self_employed,low,979104,0,311440,-311440,862000,51,0.0184,0,862000,0
20,student,medium,4754443,0,859992,-859992,1484000,56,0.0452,0,1484000,0
31,employee,medium,15394766,0,5214655,-5214655,33000,41,0.0463,0,33000,0
20,student,medium,8572621,0,4146672,-4146672,1279000,38,0.0479,0,1279000,0
23,employee,low,18356697,3405394,1984402,1420992,10000,68,0.0265,125463455,0,1
24,self_employed,medium,38061470,0,12128883,-12128883,992000,15,0.0513,0,992000,0
28,student,high,3817388,0,1411488,-1411488,10000,47,0.0794,0,10000,0
38,employee,low,18270626,5151291,3873935,1277356,1251000,1,0.029,19592136,0,1
45,employee,medium,345384,1627535,833403,794132,361000,57,0.0405,50238809,0,1
20,student,low,0,1199523,983827,215696,1442000,64,0.0183,14489075,0,1
34,freelancer,high,1441448,0,469432,-469432,448000,44,0.0951,0,448000,0
22,employee,low,23096985,4090050,1630583,2459467,1092000,22,0.0283,79794913,0,1
47,self_employed,high,2501558,0,506328,-506328,1092000,40,0.0765,0,1092000,0
26,professional,low,12847632,5870309,3957809,1912500,1142000,68,0.0279,155763009,0,1
47,professional,medium,41621866,3227418,2050315,1177103,1646000,62,0.0342,129355292,0,1
20,student,medium,904803,2179455,1290099,889356,2112000,55,0.0584,57113067,0,1
40,freelancer,high,0,0,0,0,400000,13,0.0745,0,400000,0
32,freelancer,medium,17459085,2546152,1856195,689957,1575000,34,0.0577,45970663,0,1
40,freelancer,low,5089025,1602720,1287435,315285,2205000,79,0.0112,31314505,0,1
36,employee,low,9994340,2418078,1463489,954589,1470000,41,0.0117,50312861,0,1
38,employee,medium,25790417,5031369,3185867,1845502,10000,7,0.0453,39545436,0,1
23,student,low,276986,1221137,987038,234099,1832000,34,0.0153,8418361,0,1
31,employee,high,21387051,3220987,1650381,1570606,664000,58,0.0784,141527535,0,1
25,student,medium,2924108,0,0,0,10000,36,0.0496,3392214,0,1
36,employee,low,8408340,3375666,2261445,1114221,714000,29,0.0241,42149641,0,1
25,employee,low,14586734,0,3413216,-3413216,94000,58,0.0174,0,94000,0
34,professional,medium,18525888,4171614,2223911,1947703,353000,40,0.033,102912167,0,1
33,employee,high,31255472,3735668,1877616,1858052,53000,33,0.0641,104120360,0,1
23,student,low,2622422,948042,775593,172449,743000,61,0.0119,13624402,0,1
25,student,low,0,578155,514861,63294,917000,52,0.0261,3480628,0,1
27,student,high,4726990,0,1822038,-1822038,10000,87,0.0804,0,10000,0
26,self_employed,low,15631325,1434145,1107656,326489,10000,38,0.0247,29792579,0,1
27,employee,medium,24774911,3763473,2105401,1658072,1238000,56,0.0421,132546369,0,1
32,self_employed,medium,29884548,4036682,2365015,1671667,1649000,87,0.0543,221995522,0,1
42,professional,high,43730513,3055107,2333891,721216,256000,74,0.0833,142415244,0,1
22,student,low,0,0,0,0,34000,59,0.0292,0,34000,0
26,employee,low,0,3297577,2501840,795737,1044000,64,0.0288,54975422,0,1
31,employee,medium,14988104,2932677,1654239,1278438,10000,69,0.0338,115415454,0,1
42,professional,medium,50233008,2318168,1064171,1253997,1095000,59,0.0361,140798659,0,1
31,self_employed,medium,19947659,2088183,1394940,693243,2302000,55,0.0379,65294280,0,1
22,student,low,1465957,531030,457096,73934,10000,25,0.0237,3432907,0,1
20,student,medium,0,0,0,0,10000,47,0.0565,0,10000,0
33,self_employed,medium,22752284,5685940,2842602,2843338,555000,63,0.0321,221748683,0,1
21,student,low,7346087,0,3076049,-3076049,734000,47,0.0214,0,734000,0
30,employee,medium,22806528,2429165,1576526,852639,322000,4,0.0379,26522766,0,1
21,student,low,0,0,0,0,1052000,70,0.0251,0,1052000,0
46,self_employed,low,36493453,0,2447506,-2447506,10000,62,0.02,0,10000,0
42,self_employed,medium,21549491,0,1813454,-1813454,606000,99,0.0489,0,606000,0
41,self_employed,high,0,3447558,2792066,655492,989000,21,0.0905,14854780,0,1
22,student,medium,167367,0,57025,-57025,1155000,60,0.0349,0,1155000,0
28,employee,high,8865757,2970005,2232962,737043,10000,11,0.0803,17924884,0,1
23,student,low,0,1255027,779928,475099,638000,1,0.0284,475099,162901,0
35,freelancer,medium,21385309,5606775,3388303,2218472,10000,55,0.0491,163294268,0,1
30,professional,medium,10582701,4816028,3224310,1591718,1759000,28,0.0432,58506176,0,1
35,professional,medium,29513022,4963929,3450574,1513355,46000,71,0.0327,154172658,0,1
43,employee,medium,22346596,3201719,2297474,904245,542000,31,0.0488,55153253,0,1
28,student,medium,2998643,0,1010801,-1010801,10000,23,0.0551,0,10000,0
20,student,low,3345130,0,1639670,-1639670,1576000,40,0.0171,0,1576000,0
45,employee,low,10084200,3113931,1371339,1742592,2305000,40,0.0256,83664782,0,1
21,student,low,1862175,736737,504591,232146,10000,51,0.0173,14280528,0,1
21,student,medium,4935354,959491,749434,210057,1146000,90,0.0599,31518047,0,1
33,freelancer,low,27700585,0,4986868,-4986868,10000,31,0.0217,0,10000,0
26,employee,low,10579412,4379830,2757877,1621953,10000,7,0.0123,22044196,0,1
23,student,medium,3797014,1265758,938121,327637,1632000,36,0.0476,17030356,0,1
21,student,low,1677598,0,424205,-424205,1442000,32,0.0197,0,1442000,0
30,freelancer,low,17292110,0,6478016,-6478016,10000,54,0.0242,0,10000,0
36,employee,high,10505995,3186913,1950371,1236542,10000,65,0.0824,117269852,0,1
37,employee,high,14532217,2392608,1709665,682943,500000,55,0.0808,66298907,0,1
22,freelancer,medium,28727090,0,15297662,-15297662,744000,57,0.0419,0,744000,0
22,student,high,5139294,0,2514933,-2514933,977000,68,0.0909,0,977000,0
31,professional,low,54411435,5294397,3047605,2246792,1228000,45,0.0202,163631368,0,1
24,student,low,1293001,0,264420,-264420,10000,29,0.0226,0,10000,0
25,student,low,6841808,443084,348747,94337,10000,71,0.0205,14837899,0,1
50,professional,low,9661797,4277044,2649113,1627931,10000,66,0.02,124260038,0,1
21,student,medium,0,421828,274747,147081,1190000,89,0.035,14921582,0,1
41,freelancer,medium,34675985,0,12655104,-12655104,2112000,31,0.0465,0,2112000,0
24,self_employed,low,51000889,0,3512378,-3512378,249000,65,0.0252,0,249000,0
22,student,high,4696409,0,2817845,-2817845,337000,42,0.0675,0,337000,0
21,student,low,13504085,1646400,633066,1013334,1060000,39,0.0238,55635328,0,1
21,student,low,0,0,0,0,1968000,30,0.0161,0,1968000,0
38,professional,medium,11702938,4295116,2292107,2003009,10000,105,0.0392,266887694,0,1
37,freelancer,medium,3573793,4666695,3620660,1046035,2083000,25,0.0315,30807309,0,1
22,student,low,0,0,0,0,552000,48,0.0159,0,552000,0
24,student,high,3902725,1764178,1252263,511915,208000,44,0.0769,31094649,0,1
41,employee,high,22011305,1899729,1258871,640858,10000,83,0.0764,107074564,0,1
27,student,low,9583596,1380081,890621,489460,622000,76,0.0294,52375101,0,1
29,employee,low,23399073,3030104,2559934,470170,10000,99,0.0289,82184099,0,1
33,employee,low,18048629,5093192,2679514,2413678,2166000,86,0.0204,244200862,0,1
29,self_employed,medium,28410700,2243197,1337576,905621,992000,82,0.0521,129498276,0,1
20,student,low,0,661904,605649,56255,452000,1,0.0252,56255,395745,0
32,employee,medium,0,4496936,2926499,1570437,168000,59,0.0327,100371916,0,1
40,employee,medium,15651467,2520241,1721617,798624,521000,42,0.0474,54876830,0,1
32,employee,medium,17762996,1748314,1249581,498733,1460000,59,0.0496,55903420,0,1
31,employee,high,29310897,3491359,1903875,1587484,10000,17,0.0766,61069710,0,1
39,employee,medium,16861172,3203180,1605799,1597381,1726000,88,0.0554,198220726,0,1
24,student,low,0,1266500,972110,294390,968000,55,0.0121,16640219,0,1
21,student,low,204345,0,67080,-67080,1470000,44,0.0159,0,1470000,0
43,professional,high,38903397,0,16598250,-16598250,1623000,39,0.0789,0,1623000,0
32,self_employed,low,29824450,0,10314579,-10314579,10000,51,0.0167,0,10000,0
20,student,low,1483473,615456,422326,193130,10000,54,0.0234,12634652,0,1
27,student,high,2406188,0,878207,-878207,487000,38,0.0837,0,487000,0
24,student,medium,1925368,421914,323533,98381,1005000,35,0.0525,5955412,0,1
21,student,low,4244119,0,335002,-335002,10000,25,0.019,0,10000,0
31,freelancer,medium,0,0,0,0,1873000,79,0.0412,0,1873000,0
37,self_employed,low,35202061,0,14212870,-14212870,1197000,66,0.0161,0,1197000,0
24,student,low,3151763,0,478756,-478756,1338000,76,0.0227,0,1338000,0
40,employee,low,0,4298704,1569028,2729676,1490000,36,0.0287,102494993,0,1
19,student,low,2701978,0,755209,-755209,2107000,36,0.0167,0,2107000,0
34,professional,medium,14713522,6472556,3515185,2957371,634000,30,0.0461,110352349,0,1
47,freelancer,medium,31244756,3360197,1417355,1942842,10000,38,0.0531,117157873,0,1
30,employee,medium,24372805,3551218,2189637,1361581,885000,7,0.0328,34452558,0,1
41,employee,low,8984389,3502294,1977767,1524527,1119000,41,0.0232,74709160,0,1
45,employee,low,25255826,3028415,1376355,1652060,10000,19,0.0165,57704487,0,1
30,employee,medium,21171251,0,4228002,-4228002,1562000,35,0.0435,0,1562000,0
31,employee,medium,20785439,4184022,3359607,824415,801000,45,0.055,66632017,0,1
22,student,medium,3872731,0,1068930,-1068930,10000,80,0.0377,0,10000,0
40,self_employed,high,8454975,4971441,3437830,1533611,10000,8,0.0962,21631389,0,1
24,student,low,3151776,0,1655200,-1655200,531000,79,0.0219,0,531000,0
33,professional,medium,6288809,5876912,3385410,2491502,404000,47,0.0392,133676380,0,1
48,self_employed,medium,31255813,0,18753487,-18753487,10000,25,0.0503,0,10000,0
21,student,medium,7358148,0,3766082,-3766082,10000,46,0.0409,0,10000,0
20,student,low,0,0,0,0,954000,59,0.015,0,954000,0
34,self_employed,medium,0,0,0,0,2198000,1,0.0532,0,2198000,0
25,employee,medium,31027978,3625883,2395580,1230303,1309000,68,0.0357,130545075,0,1
29,self_employed,high,19034875,0,11420925,-11420925,1986000,53,0.0872,0,1986000,0
29,freelancer,low,31741946,3286621,2403693,882928,10000,26,0.0132,55936929,0,1
41,employee,low,30586270,2319590,1400753,918837,544000,29,0.0227,59673503,0,1
30,self_employed,high,11028474,3789687,1956497,1833190,1483000,29,0.0744,71238726,0,1
24,professional,low,12164849,5723192,2266256,3456936,466000,50,0.0121,189980109,0,1
23,student,low,4173539,0,698644,-698644,10000,41,0.0121,0,10000,0
24,student,low,209526,0,45684,-45684,10000,62,0.0275,0,10000,0
26,student,low,0,0,0,0,250000,83,0.021,0,250000,0
41,freelancer,low,1491780,4856286,4537017,319269,678000,60,0.0122,21327685,0,1
32,professional,high,20295565,5062637,2216471,2846166,866000,47,0.0915,189157085,0,1
23,student,medium,3243719,0,76041,-76041,414000,73,0.0584,0,414000,0
23,employee,high,21406509,2879657,1486510,1393147,2428000,45,0.095,105484315,0,1
36,professional,low,7662226,4065134,1611312,2453822,10000,81,0.0225,223347965,0,1
32,professional,medium,5983131,4770795,3408788,1362007,10000,17,0.0445,30225645,0,1
22,student,low,0,0,0,0,59000,47,0.0231,0,59000,0
20,student,low,0,0,0,0,10000,43,0.0207,0,10000,0
27,self_employed,high,23902413,4400740,2059314,2341426,1919000,6,0.0992,39454859,0,1
34,freelancer,low,27171572,0,3010851,-3010851,10000,73,0.0115,0,10000,0
19,student,low,177213,0,52614,-52614,934000,49,0.0139,0,934000,0
40,self_employed,low,11172174,0,4318115,-4318115,10000,61,0.0249,0,10000,0
26,freelancer,medium,14037128,2962478,1515694,1446784,956000,34,0.0535,69316592,0,1
31,employee,low,12784482,3286727,1962388,1324339,308000,58,0.0146,93255267,0,1
32,freelancer,medium,19765706,3469371,1789750,1679621,1228000,52,0.0555,123607826,0,1
35,freelancer,medium,14731234,3799311,1579702,2219609,468000,10,0.0588,38161155,0,1
40,professional,medium,31105396,4492841,2692174,1800667,10000,34,0.0557,102561924,0,1
27,employee,high,8022775,2799184,1884902,914282,772000,17,0.0929,25690336,0,1
41,professional,low,54364520,5224684,4198356,1026328,10000,44,0.0224,106032708,0,1
22,student,medium,3761734,983150,721611,261539,10000,56,0.0364,20394455,0,1
37,employee,low,26617600,4657415,1758367,2899048,1055000,77,0.0271,275178315,0,1
41,freelancer,medium,0,0,0,0,2573000,21,0.0591,0,2573000,0
27,self_employed,high,108683,8602380,3953600,4648780,1392000,44,0.0999,245970855,0,1
48,self_employed,low,7926454,1933402,1068005,865397,712000,15,0.0263,21373081,0,1
43,self_employed,medium,28289582,0,6319535,-6319535,2436000,14,0.0329,0,2436000,0
39,employee,medium,0,0,0,0,1480000,62,0.0475,0,1480000,0
35,freelancer,high,15520376,3727299,1851027,1876272,10000,34,0.0617,87991253,0,1
24,student,low,0,0,0,0,11000,42,0.0244,0,11000,0
27,freelancer,high,30944569,3438573,2297399,1141174,1454000,24,0.0953,67455450,0,1
23,student,medium,2267603,0,427903,-427903,652000,64,0.0421,0,652000,0
29,employee,low,9283138,0,2346400,-2346400,44000,67,0.0245,0,44000,0
33,freelancer,high,0,0,0,0,761000,46,0.0801,0,761000,0
24,student,low,1066219,216378,120781,95597,942000,70,0.0166,8195956,0,1
34,employee,low,1999011,2671696,2137358,534338,759000,54,0.0207,32407564,0,1
44,self_employed,high,0,0,0,0,10000,53,0.0931,0,10000,0
30,freelancer,medium,48008164,0,20000000,-20000000,941000,60,0.0567,0,941000,0
28,freelancer,medium,14102630,0,3910852,-3910852,1319000,69,0.0496,0,1319000,0
37,freelancer,medium,24699705,4100151,3392370,707781,10000,73,0.0338,87603744,0,1
35,freelancer,high,5254008,0,2400149,-2400149,10000,6,0.0704,0,10000,0
41,professional,medium,24941979,5477745,3992500,1485245,164000,59,0.0483,130298772,0,1
20,student,medium,5368139,876415,739523,136892,10000,67,0.058,18215684,0,1
19,student,low,0,0,0,0,10000,58,0.0239,0,10000,0
33,freelancer,high,10953251,3615837,2289858,1325979,2331000,64,0.0622,115576882,0,1
36,employee,medium,19684384,2148022,1317714,830308,1056000,31,0.0424,49110268,0,1
33,self_employed,medium,59041680,1725855,1072553,653302,1156000,73,0.0498,135453056,0,1
23,student,low,9505951,701779,176560,525219,933000,31,0.0167,26551019,0,1
24,professional,medium,36845458,3239704,2186952,1052752,1291000,68,0.039,125910895,0,1
22,student,medium,7322782,0,3879524,-3879524,10000,19,0.0542,0,10000,0
38,employee,medium,28826815,2442506,1444935,997571,179000,62,0.0352,102289271,0,1
24,student,high,0,908400,669952,238448,10000,49,0.0767,13669734,0,1
38,employee,low,13937896,0,6733556,-6733556,1919000,63,0.0151,0,1919000,0
25,student,low,6165318,0,2055557,-2055557,20000,90,0.0157,0,20000,0
21,student,low,3395715,1508959,832939,676020,2767000,47,0.0269,37240131,0,1
38,professional,medium,21704695,4121579,2186545,1935034,1010000,72,0.0348,181423198,0,1
21,student,medium,874057,1033959,791171,242788,1402000,55,0.0333,15422673,0,1
29,employee,low,11533180,2988609,1805896,1182713,443000,23,0.014,39401022,0,1
19,student,low,2085644,453696,370129,83567,747000,16,0.0291,3529723,0,1
22,freelancer,medium,5813075,947799,643103,304696,13000,61,0.0477,28391237,0,1
37,professional,low,43532874,4287736,2664840,1622896,10000,36,0.0289,108425834,0,1
22,freelancer,medium,21656965,3878483,2465092,1413391,10000,30,0.0387,68298818,0,1
25,employee,low,19668685,0,2573946,-2573946,1438000,84,0.0195,0,1438000,0
30,employee,medium,13701345,2753476,1078124,1675352,10000,66,0.054,146840675,0,1
24,professional,low,1484470,5097963,2628083,2469880,10000,28,0.0136,71757509,0,1
26,self_employed,medium,13165939,0,456412,-456412,10000,58,0.0374,0,10000,0
44,employee,medium,0,2808813,1683384,1125429,1220000,83,0.0317,104289132,0,1
37,professional,medium,14024633,6633464,3865834,2767630,53000,57,0.0507,195783625,0,1
24,student,medium,0,0,0,0,10000,14,0.0462,0,10000,0
21,student,low,781973,0,255788,-255788,10000,90,0.0154,0,10000,0
39,professional,low,7547585,6574706,3818374,2756332,1710000,90,0.0154,271256304,0,1
22,student,medium,1956993,598081,444871,153210,2065000,1,0.0562,2119368,0,1
23,student,low,1358190,0,118365,-118365,1926000,22,0.0114,0,1926000,0
23,student,low,0,1401039,1010204,390835,10000,22,0.0188,8741302,0,1
19,student,medium,0,0,0,0,10000,14,0.0504,0,10000,0
29,freelancer,low,8684968,0,1332626,-1332626,600000,44,0.0163,0,600000,0
22,student,low,764177,2440004,1606119,833885,254000,18,0.012,15916247,0,1
49,self_employed,medium,28348625,0,5743118,-5743118,22000,54,0.0487,0,22000,0
59,freelancer,medium,27064849,0,6405093,-6405093,1431000,46,0.0383,0,1431000,0
26,employee,medium,25043771,2305639,1225410,1080229,10000,38,0.0441,72756376,0,1
22,student,low,0,0,0,0,790000,66,0.0117,0,790000,0
35,employee,high,24043508,0,10153642,-10153642,1305000,94,0.0949,0,1305000,0
22,freelancer,medium,13194720,1684458,1271884,412574,190000,103,0.0427,70242596,0,1
24,student,medium,0,0,0,0,1118000,121,0.0426,0,1118000,0
34,employee,medium,18035773,4218837,2543040,1675797,543000,37,0.0462,87292163,0,1
22,student,medium,381463,947117,600709,346408,10000,11,0.0307,4251943,0,1
20,student,medium,140954,1806727,1080542,726185,1280000,18,0.0448,13645236,0,1
36,employee,high,17255066,3264654,1842511,1422143,2487000,47,0.0769,101007370,0,1
28,freelancer,medium,34544693,0,2171173,-2171173,1617000,99,0.0513,0,1617000,0
24,freelancer,low,6511543,0,351567,-351567,549000,30,0.0102,0,549000,0
30,professional,medium,740176,4517359,2008912,2508447,1666000,87,0.0323,246469223,0,1
30,employee,low,261226,4014942,2489050,1525892,1871000,10,0.0176,15625106,0,1
27,self_employed,high,44600634,0,12562658,-12562658,1395000,58,0.084,0,1395000,0
34,employee,low,40470803,2720575,2301576,418999,10000,62,0.0262,74116360,0,1
35,self_employed,high,0,1989786,1118223,871563,10000,62,0.09,68476301,0,1
36,employee,low,26025108,4515329,2943266,1572063,114000,69,0.012,140127432,0,1
26,student,low,3057445,0,581315,-581315,222000,25,0.0292,0,222000,0
30,employee,high,15547794,2909849,2100220,809629,10000,35,0.0822,51643762,0,1
25,professional,medium,34326396,3860404,2108479,1751925,666000,78,0.0348,196116933,0,1
33,freelancer,medium,7980545,4609340,4011819,597521,891000,49,0.0542,42641571,0,1
23,student,high,0,793537,571777,221760,2193000,81,0.0984,25358537,0,1
37,freelancer,high,37275790,3675424,2678248,997176,10000,38,0.0722,89250844,0,1
21,student,high,0,0,0,0,1108000,73,0.083,0,1108000,0
24,student,high,7195112,269949,184824,85125,10000,23,0.0957,10776993,0,1
24,student,medium,0,0,0,0,275000,69,0.0496,0,275000,0
36,employee,medium,40920464,3431993,2202809,1229184,225000,14,0.043,60637008,0,1
21,student,low,5500728,0,0,0,852000,85,0.0122,5996963,0,1
46,self_employed,low,53659890,5476809,2791397,2685412,763000,68,0.0137,247759816,0,1
27,freelancer,low,10420166,0,4288425,-4288425,362000,89,0.0189,0,362000,0
30,employee,medium,26763223,3199939,2020907,1179032,937000,64,0.0362,115550200,0,1
23,student,low,0,0,0,0,508000,68,0.0123,0,508000,0
45,self_employed,medium,15898322,449570,301417,148153,816000,46,0.0534,27045019,0,1
24,professional,high,67566169,5565390,3069708,2495682,1546000,23,0.0773,139976487,0,1
27,freelancer,medium,7346013,0,2867604,-2867604,1638000,30,0.0461,0,1638000,0
22,student,low,1279730,0,692365,-692365,10000,88,0.0201,0,10000,0
28,self_employed,high,33666776,6264802,3934904,2329898,10000,34,0.0798,130734699,0,1
23,student,low,1238043,1251802,924060,327742,508000,34,0.0242,12847939,0,1
30,freelancer,low,20725858,0,3503519,-3503519,10000,45,0.0261,0,10000,0
22,student,low,0,0,0,0,1552000,69,0.0277,0,1552000,0
48,freelancer,high,27005301,3002464,1242566,1759898,10000,49,0.0764,137683749,0,1
22,student,low,4381637,0,584174,-584174,10000,37,0.0163,0,10000,0
22,student,low,0,0,0,0,10000,64,0.014,0,10000,0
38,freelancer,low,7207194,3390553,2474055,916498,518000,30,0.0195,35719674,0,1
31,employee,medium,11466030,4491336,3835183,656153,1257000,42,0.0599,44708705,0,1
25,student,high,4211228,0,2526736,-2526736,1311000,37,0.0815,0,1311000,0
34,self_employed,high,22202066,0,5843663,-5843663,249000,43,0.0602,0,249000,0
24,student,low,2859876,405421,279498,125923,348000,54,0.0212,10274041,0,1
30,professional,high,49392692,7053146,5524786,1528360,1067000,45,0.0748,144437182,0,1
22,student,medium,2102438,693914,509728,184186,1737000,47,0.033,11619663,0,1
28,professional,medium,43588985,0,16045476,-16045476,946000,42,0.0533,0,946000,0
41,self_employed,medium,0,0,0,0,10000,1,0.0398,0,10000,0
29,professional,medium,12616092,4556584,3252190,1304394,1024000,33,0.0399,59492309,0,1
24,student,low,3178327,0,1273938,-1273938,605000,58,0.0187,0,605000,0
29,self_employed,medium,0,3251253,2404548,846705,10000,83,0.0404,80921467,0,1
21,student,low,5386057,337015,255814,81201,253000,67,0.0144,11498319,0,1
25,student,medium,1754095,0,533785,-533785,10000,59,0.0338,0,10000,0
25,student,low,8282612,0,3555010,-3555010,10000,59,0.022,0,10000,0
24,self_employed,low,12696254,2398241,1363592,1034649,504000,1,0.0146,13746350,0,1
39,employee,low,23947639,2719305,1516231,1203074,10000,34,0.0113,66272897,0,1
33,employee,medium,5349640,3535483,2299271,1236212,1877000,48,0.0333,69488407,0,1
28,freelancer,medium,21110541,783487,571557,211930,1163000,28,0.0325,28927537,0,1
20,student,medium,1464088,0,221915,-221915,633000,31,0.0323,0,633000,0
44,employee,medium,16319309,2783477,2018054,765423,887000,69,0.0339,78048623,0,1
33,freelancer,low,11389583,0,1950973,-1950973,512000,61,0.0224,0,512000,0
48,employee,low,27372358,4424203,3266071,1158132,323000,44,0.0101,80295501,0,1
24,self_employed,medium,11960807,4757179,3498301,1258878,1396000,39,0.0317,64899677,0,1
44,professional,medium,24925907,8350273,5252262,3098011,897000,54,0.0568,222273132,0,1
38,employee,medium,34823790,3223896,1688860,1535036,81000,86,0.039,198057359,0,1
25,student,medium,5107488,0,1369500,-1369500,10000,52,0.0466,0,10000,0
43,self_employed,medium,47267814,1194828,652703,542125,10000,48,0.0358,82466256,0,1
22,student,low,6712941,1189084,717062,472022,203000,48,0.0155,30500644,0,1
25,self_employed,medium,36744997,0,7597312,-7597312,10000,50,0.0315,0,10000,0
29,employee,low,21095157,3968720,2385544,1583176,10000,26,0.0134,63458548,0,1
28,employee,high,29682392,3512203,2244344,1267859,10000,12,0.0774,47828898,0,1
22,employee,low,11204374,2056901,1005498,1051403,1739000,87,0.0133,108309510,0,1
35,professional,medium,31208656,4259081,2726476,1532605,1092000,98,0.0425,223312767,0,1
41,self_employed,low,0,3091440,1842495,1248945,602000,60,0.0298,80699599,0,1
44,employee,low,22154923,2125921,1474098,651823,10000,32,0.02,44773825,0,1
34,freelancer,medium,30063058,0,6001906,-6001906,10000,40,0.032,0,10000,0
20,student,low,5592212,0,1488109,-1488109,1057000,34,0.0298,0,1057000,0
46,freelancer,medium,0,0,0,0,10000,58,0.0414,0,10000,0
26,employee,medium,22168522,2711858,2124093,587765,10000,46,0.0385,54771942,0,1
37,self_employed,medium,36806831,4499621,3360888,1138733,555000,1,0.035,38052917,0,1
22,student,low,4818626,0,2291352,-2291352,2399000,110,0.019,0,2399000,0
31,freelancer,high,29987031,2771026,2249264,521762,1708000,81,0.086,110496680,0,1
27,self_employed,high,0,747186,720392,26794,2152000,58,0.0997,1986252,165748,0
35,employee,high,0,3785716,2188339,1597377,349000,50,0.0881,96078436,0,1
35,employee,low,36803960,3547668,2026098,1521570,838000,3,0.023,41589453,0,1
24,self_employed,high,31598278,1160347,1088291,72056,1545000,47,0.0687,45196028,0,1
29,self_employed,medium,0,0,0,0,2092000,56,0.0574,0,2092000,0
31,professional,high,28748333,2516039,934904,1581135,448000,72,0.0649,181125330,0,1
31,professional,medium,56171268,5119027,3472163,1646864,528000,65,0.0304,182416541,0,1
56,freelancer,medium,20251921,1662485,1018856,643629,2287000,40,0.0573,52796966,0,1
47,self_employed,medium,50395740,0,16756761,-16756761,10000,28,0.0553,0,10000,0
35,employee,medium,23967680,4283123,2403169,1879954,196000,36,0.0552,101695127,0,1
22,student,low,619659,1260977,794004,466973,1333000,1,0.0281,1088083,244917,0
38,professional,medium,20913632,3486549,2180237,1306312,1796000,60,0.0443,113645593,0,1
24,student,low,0,0,0,0,2032000,62,0.0189,0,2032000,0
42,employee,medium,15410024,3404006,1562797,1841209,2961000,63,0.0477,151302770,0,1
35,professional,medium,43854099,3520523,2179990,1340533,1698000,47,0.0437,120606980,0,1
40,freelancer,medium,0,4773873,3344875,1428998,716000,51,0.0442,80012048,0,1
21,student,low,0,1395694,1269063,126631,672000,64,0.0268,8701764,0,1
22,student,low,4582002,0,1075967,-1075967,1111000,35,0.0113,0,1111000,0
24,student,low,237153,1704134,805741,898393,10000,18,0.0176,16617752,0,1
45,employee,high,14086701,4446078,2446835,1999243,10000,61,0.0907,176508936,0,1
24,student,medium,0,693273,543802,149471,581000,43,0.0534,7066091,0,1
28,employee,medium,26233988,5338401,3134870,2203531,369000,57,0.0404,169980036,0,1
42,employee,medium,20340916,3656735,1969604,1687131,1015000,77,0.0587,186915389,0,1
43,employee,low,0,5554257,3925814,1628443,10000,69,0.029,122113831,0,1
19,student,low,455360,0,102418,-102418,2294000,1,0.0207,353727,1940273,0
30,employee,low,9574082,3991564,2501354,1490210,10000,51,0.0214,89974740,0,1
35,employee,high,6518981,2628675,1464481,1164194,10000,48,0.0964,77427855,0,1
21,student,low,1973478,1907527,1241081,666446,411000,79,0.0169,57853931,0,1
23,student,low,3580940,0,0,0,548000,94,0.0168,4084230,0,1
49,self_employed,high,19707769,0,2919174,-2919174,1896000,50,0.069,0,1896000,0
47,self_employed,high,0,0,0,0,10000,69,0.0951,0,10000,0
30,employee,low,28122518,3503393,2224505,1278888,642000,50,0.0296,99774899,0,1
36,employee,low,14752232,2480280,1289740,1190540,10000,51,0.0236,80108042,0,1
34,employee,low,21176787,5319368,3156526,2162842,10000,41,0.0298,116669957,0,1
21,student,low,4240877,408989,315630,93359,10000,19,0.0239,6210247,0,1
24,student,low,2928252,0,702996,-702996,634000,29,0.019,0,634000,0
22,employee,low,3133385,3333932,2251713,1082219,10000,56,0.0158,66224557,0,1
19,student,high,0,1486824,683327,803497,10000,54,0.0671,50488332,0,1
42,self_employed,medium,74619824,0,12042154,-12042154,10000,31,0.0335,0,10000,0
24,student,medium,4152323,0,730724,-730724,1270000,56,0.0599,0,1270000,0
41,freelancer,medium,0,4976485,3469887,1506598,3967000,75,0.0511,132793291,0,1
23,student,low,0,0,0,0,908000,76,0.015,0,908000,0
28,student,medium,6381977,0,1069342,-1069342,1172000,46,0.0477,0,1172000,0
25,employee,medium,19784198,2990872,2105353,885519,1447000,60,0.0562,87369149,0,1
43,self_employed,medium,23615683,0,5905499,-5905499,2052000,35,0.0339,0,2052000,0
40,freelancer,high,15910179,2523288,1725744,797544,283000,42,0.0946,61651876,0,1
32,employee,medium,17362793,3251390,1986439,1264951,1881000,37,0.0375,69021973,0,1
22,student,medium,0,818304,460190,358114,10000,12,0.0588,4415095,0,1
40,self_employed,medium,32840757,1205704,834791,370913,619000,49,0.0554,61498078,0,1
42,freelancer,medium,0,0,0,0,10000,45,0.0509,0,10000,0
21,student,medium,1567139,906965,599577,307388,321000,77,0.034,28356197,0,1
22,student,low,0,2046252,1839604,206648,897000,55,0.0254,12040159,0,1
29,freelancer,high,0,0,0,0,311000,35,0.0948,0,311000,0
24,student,low,0,593376,543941,49435,251000,34,0.0256,1741323,0,1
26,employee,high,2961447,2848796,1745991,1102805,10000,88,0.0635,127904098,0,1
22,student,medium,8707569,0,2428763,-2428763,1705000,56,0.0474,0,1705000,0
24,employee,low,41613758,3208588,2098034,1110554,10000,34,0.028,84294836,0,1
34,freelancer,low,10620265,0,2517733,-2517733,10000,47,0.0228,0,10000,0
33,self_employed,high,57841344,1540319,700861,839458,10000,25,0.0936,93315515,0,1
22,student,low,4386602,582268,477068,105200,1750000,63,0.0127,11538679,0,1
22,student,medium,0,0,0,0,931000,4,0.0537,0,931000,0
37,professional,medium,6883669,3113367,2218162,895205,1021000,59,0.0576,70018286,0,1
34,employee,medium,2053708,2400942,1621975,778967,2172000,21,0.0421,19155610,0,1
22,student,low,0,969135,614666,354469,2238000,1,0.0193,354469,1883531,0
53,self_employed,high,10699868,4704227,3310121,1394106,10000,34,0.0795,66359780,0,1
42,freelancer,high,10236466,3622658,2578919,1043739,588000,93,0.0683,144846519,0,1
24,student,low,0,0,0,0,10000,18,0.0203,0,10000,0
24,student,medium,7751787,1244956,1020025,224931,61000,61,0.0346,24217958,0,1
41,employee,medium,9218020,3454247,2781414,672833,1900000,34,0.0471,34953080,0,1
23,student,low,0,0,0,0,10000,1,0.024,0,10000,0
33,employee,low,42853006,4567713,2849374,1718339,595000,52,0.0222,140877931,0,1
25,student,low,1901775,0,314354,-314354,10000,69,0.016,0,10000,0
35,employee,high,26677861,4312366,2283389,2028977,10000,42,0.0972,138461217,0,1
32,professional,medium,26049108,8455185,6659817,1795368,171000,42,0.0463,112310522,0,1
24,student,medium,0,0,0,0,257000,51,0.0596,0,257000,0
33,freelancer,medium,0,4224967,2335949,1889018,10000,27,0.0564,54245372,0,1
23,student,low,1882263,1487608,1229790,257818,3035000,115,0.0131,33706114,0,1
27,self_employed,medium,44983031,0,20000000,-20000000,1279000,85,0.0319,0,1279000,0
28,freelancer,high,36066390,0,7827817,-7827817,601000,28,0.0687,0,601000,0
24,student,medium,0,0,0,0,10000,36,0.0584,0,10000,0
45,self_employed,medium,26317750,0,4061188,-4061188,1399000,56,0.0417,0,1399000,0
38,self_employed,high,25690004,0,3668875,-3668875,499000,66,0.0696,0,499000,0
26,employee,low,21676061,5540807,3758730,1782077,600000,47,0.0208,110699457,0,1
22,freelancer,medium,1356546,3065193,1791392,1273801,489000,70,0.0486,104650582,0,1
45,self_employed,low,22453133,0,11761250,-11761250,1309000,81,0.0158,0,1309000,0
32,employee,low,15468094,2515060,1491427,1023633,1223000,1,0.0219,16519956,0,1
21,student,medium,3758816,0,500416,-500416,2335000,55,0.0432,0,2335000,0
21,student,high,5409400,0,2151013,-2151013,10000,66,0.0717,0,10000,0
31,employee,medium,25619262,2510566,1886896,623670,72000,53,0.0522,69331147,0,1
39,employee,low,7510173,3761772,2222965,1538807,10000,30,0.0121,54586274,0,1
35,freelancer,medium,2906001,2152593,1621219,531374,1381000,75,0.0498,50603982,0,1
42,freelancer,medium,11914039,3323391,1391816,1931575,2357000,37,0.0577,92243315,0,1
37,professional,high,0,3625581,1493570,2132011,10000,92,0.0782,267530746,0,1
40,freelancer,low,25929877,1207478,698792,508686,1098000,49,0.0218,54385588,0,1
38,professional,medium,33962915,7367211,4553465,2813746,10000,20,0.0552,96031246,0,1
26,self_employed,medium,21916939,894388,581091,313297,1631000,55,0.0313,43795812,0,1
33,employee,medium,20435750,3179745,1869428,1310317,2779000,41,0.0364,80252223,0,1
23,employee,low,4957782,3431937,2141097,1290840,2637000,43,0.0216,63013190,0,1
22,student,low,400282,1899542,1734536,165006,757000,79,0.0281,14782306,0,1
22,student,high,8773452,0,3210754,-3210754,1171000,68,0.0646,0,1171000,0
34,self_employed,high,23751723,2851095,1758161,1092934,2444000,24,0.0758,55853681,0,1
24,student,low,0,897119,1015621,-118502,10000,50,0.0254,0,10000,0
42,employee,medium,21064191,0,10996728,-10996728,10000,56,0.0338,0,10000,0
46,self_employed,low,36793138,0,14175276,-14175276,1834000,41,0.0235,0,1834000,0
38,employee,high,8613115,3800194,2046628,1753566,344000,12,0.0997,31543685,0,1
24,employee,medium,21664817,2100121,1608632,491489,187000,88,0.0335,76638223,0,1
21,student,low,0,0,0,0,1302000,43,0.0257,0,1302000,0
23,employee,medium,33779901,2230647,1192092,1038555,1027000,76,0.0573,143400352,0,1
45,employee,high,11421772,0,6853063,-6853063,10000,44,0.0955,0,10000,0
20,student,low,8846714,2034240,1183239,851001,1465000,72,0.0107,72685601,0,1
34,self_employed,medium,24283071,4613556,2878465,1735091,2010000,33,0.0334,86498502,0,1
39,professional,low,4785191,4048495,2291969,1756526,10000,62,0.0228,120845154,0,1
33,employee,high,0,0,0,0,936000,61,0.0704,0,936000,0
24,student,high,4797413,0,747113,-747113,1207000,54,0.0939,0,1207000,0
31,professional,medium,55314056,6425820,4248053,2177767,10000,60,0.0472,217052989,0,1
25,student,low,2467341,0,503783,-503783,146000,38,0.018,0,146000,0
45,self_employed,medium,24598497,4273014,2588132,1684882,964000,43,0.0309,103983917,0,1
31,employee,medium,10420927,3739831,2197564,1542267,718000,39,0.045,76697837,0,1
36,freelancer,medium,14203015,1955462,1276934,678528,1238000,91,0.0467,94147075,0,1
31,self_employed,medium,47659805,872755,726036,146719,786000,44,0.0559,65620271,0,1
33,employee,low,16342244,2887395,2106121,781274,344000,16,0.0174,29362785,0,1
47,professional,medium,32740053,0,6295484,-6295484,10000,80,0.0356,0,10000,0
41,employee,high,0,2802494,2334002,468492,182000,36,0.0979,19512085,0,1
38,professional,low,55201785,3519693,1376371,2143322,1133000,42,0.0164,151048927,0,1
23,student,low,1318720,1726641,1123286,603355,1186000,92,0.0149,60242982,0,1
43,employee,medium,7716448,3414057,2461777,952280,982000,60,0.0555,75855740,0,1
23,student,medium,2452248,0,1240640,-1240640,267000,94,0.0572,0,267000,0
40,freelancer,low,23916016,0,1485230,-1485230,10000,66,0.0211,0,10000,0
34,freelancer,high,12766616,0,493088,-493088,2192000,57,0.0633,0,2192000,0
28,student,medium,0,599401,421801,177600,1474000,4,0.0337,713398,760602,0
20,student,low,377770,663096,583099,79997,10000,53,0.0257,4907887,0,1
22,student,low,3337040,0,226829,-226829,10000,78,0.0231,0,10000,0
22,student,medium,5075,0,57925,-57925,536000,54,0.0361,0,536000,0
23,student,high,1846816,422952,306724,116228,88000,59,0.0839,11237926,0,1
51,self_employed,high,8894265,0,3890136,-3890136,445000,8,0.0925,0,445000,0
35,professional,medium,27988517,4806602,3589117,1217485,1514000,65,0.0552,129712573,0,1
31,employee,medium,29835297,2414888,1647037,767851,10000,82,0.0566,120540195,0,1
33,self_employed,high,38440056,2900414,2615855,284559,561000,13,0.0935,46398291,0,1
22,student,low,4353936,1878585,1113242,765343,10000,44,0.0215,39716160,0,1
35,professional,medium,30097282,5345974,3684912,1661062,752000,39,0.0373,102727963,0,1
25,student,medium,3406287,949100,610443,338657,10000,76,0.0514,35058889,0,1
21,student,high,0,0,0,0,1778000,54,0.0712,0,1778000,0
23,student,low,0,0,0,0,10000,54,0.0168,0,10000,0
21,student,medium,0,460613,374945,85668,2004000,1,0.036,85668,1918332,0
40,employee,medium,38590728,4600252,2852355,1747897,1094000,65,0.0439,176925035,0,1
24,self_employed,medium,9069547,5998111,3683138,2314973,660000,36,0.0402,98645474,0,1
30,employee,low,18697539,1507021,1047750,459271,687000,67,0.0186,53141315,0,1
30,freelancer,high,2356699,0,656485,-656485,10000,24,0.0866,0,10000,0
23,student,low,0,0,0,0,1149000,45,0.0161,0,1149000,0
34,employee,high,32199942,3561725,2042807,1518918,10000,67,0.0696,171377256,0,1
23,student,medium,424214,0,101687,-101687,10000,45,0.0587,0,10000,0
22,student,low,5964214,0,826456,-826456,10000,76,0.016,0,10000,0
27,student,high,0,1349784,827209,522575,1837000,1,0.0756,522575,1314425,0
28,student,low,0,0,0,0,10000,15,0.0238,0,10000,0
25,student,medium,0,0,0,0,683000,71,0.046,0,683000,0
49,self_employed,medium,3454398,0,1944180,-1944180,441000,120,0.0475,0,441000,0
37,employee,medium,21385514,1744896,1386861,358035,1562000,43,0.0514,42565317,0,1
38,freelancer,low,16382308,3552144,1655437,1896707,1677000,45,0.0179,105732454,0,1
22,employee,medium,13537402,2472171,1137900,1334271,1130000,78,0.0489,140814123,0,1
36,professional,low,42534073,3769630,2512920,1256710,10000,47,0.0282,109868426,0,1
48,freelancer,medium,40081340,1927035,1248247,678788,60000,43,0.0545,80856565,0,1
33,freelancer,low,16845229,0,1960879,-1960879,2543000,39,0.025,0,2543000,0
24,student,low,1640156,609973,411641,198332,1727000,39,0.0233,9796308,0,1
28,self_employed,high,18896190,0,5746359,-5746359,1591000,61,0.0711,0,1591000,0
35,employee,medium,34124227,3035088,1954277,1080811,31000,74,0.0581,144692978,0,1
50,freelancer,high,21277584,3045233,2100660,944573,790000,58,0.0776,97140761,0,1
27,self_employed,low,33998728,0,737456,-737456,570000,83,0.0188,0,570000,0
40,freelancer,medium,30187584,653919,347877,306042,10000,70,0.0457,63886762,0,1
34,employee,high,7664475,3633411,2140579,1492832,394000,16,0.0826,33712500,0,1
36,professional,medium,11486973,3952150,2000952,1951198,530000,45,0.0585,112211048,0,1
41,self_employed,low,10054065,384068,188454,195614,63000,52,0.024,21863257,0,1
22,student,low,0,586777,451509,135268,10000,47,0.0152,6546383,0,1
23,student,low,3188147,577558,503126,74432,825000,43,0.0269,6866342,0,1
33,self_employed,low,0,0,0,0,10000,61,0.0157,0,10000,0
35,employee,high,36820209,3444874,2543269,901605,1362000,36,0.064,80269828,0,1
22,student,low,1183722,0,309179,-309179,10000,63,0.0232,0,10000,0
27,freelancer,low,31206264,0,13754990,-13754990,1192000,40,0.0117,0,1192000,0
48,self_employed,medium,7642270,2984538,1840807,1143731,493000,56,0.0335,78156039,0,1
22,student,medium,1486803,1335314,565974,769340,10000,32,0.0529,28089179,0,1
35,employee,high,6146956,2707621,1248975,1458646,366000,60,0.0964,121819683,0,1
22,freelancer,medium,9117190,0,2589915,-2589915,181000,100,0.0552,0,181000,0
33,freelancer,medium,20366706,6200977,4619613,1581364,958000,16,0.039,47379995,0,1
25,employee,medium,12183591,0,2007241,-2007241,893000,39,0.049,0,893000,0
36,freelancer,high,30831730,0,5014917,-5014917,984000,82,0.072,0,984000,0
43,freelancer,low,0,0,0,0,156000,12,0.0222,0,156000,0
37,self_employed,medium,1749124,4714156,4835719,-121563,10000,67,0.0494,0,10000,0
22,student,medium,0,0,0,0,1239000,54,0.0552,0,1239000,0
43,self_employed,low,27823763,1314018,962342,351676,10000,30,0.0239,40395852,0,1
26,freelancer,medium,0,4083235,2581257,1501978,10000,7,0.0497,10645386,0,1
35,employee,high,40143008,5285801,3246386,2039415,10000,6,0.0718,54026866,0,1
36,employee,medium,29793361,3456406,2493744,962662,10000,58,0.0389,97264645,0,1
25,student,low,8906889,0,3621411,-3621411,2254000,33,0.0269,0,2254000,0
31,freelancer,medium,26143787,0,15686272,-15686272,1488000,77,0.057,0,1488000,0
22,student,medium,2341674,0,944356,-944356,1594000,32,0.0353,0,1594000,0
28,employee,medium,5212313,1463915,936753,527162,104000,20,0.0514,16660971,0,1
23,student,low,5797675,0,2057257,-2057257,231000,46,0.0203,0,231000,0
35,freelancer,medium,6900101,0,2056674,-2056674,324000,17,0.0536,0,324000,0
34,self_employed,medium,2213474,2076779,1336016,740763,502000,52,0.0415,44769750,0,1
24,student,low,4494496,0,935566,-935566,10000,37,0.0152,0,10000,0
20,student,low,2784152,1933585,1493494,440091,1165000,16,0.0268,10045962,0,1
37,professional,medium,4208973,4159307,2728231,1431076,1243000,78,0.0338,129881445,0,1
21,student,medium,3180815,704132,443071,261061,10000,81,0.0557,30227204,0,1
39,freelancer,high,18074914,4461207,2835068,1626139,2220000,36,0.0869,90043154,0,1
39,self_employed,high,15643971,1311301,777535,533766,1637000,77,0.0758,78128284,0,1
44,employee,low,12578788,2283464,1153553,1129911,1189000,45,0.0225,66685990,0,1
40,self_employed,medium,0,3421051,2064184,1356867,10000,4,0.0438,5457256,0,1
51,self_employed,low,21896387,2485435,1702267,783168,10000,41,0.0262,57497206,0,1
37,employee,low,1803843,1560008,833370,726638,3017000,56,0.0214,44746031,0,1
25,student,low,0,0,0,0,2133000,43,0.0111,0,2133000,0
30,employee,medium,1801376,2305687,1860418,445269,845000,65,0.0409,34584802,0,1
30,employee,medium,26754481,3761664,1830857,1930807,10000,56,0.038,150037760,0,1
32,self_employed,medium,0,0,0,0,10000,86,0.0382,0,10000,0
31,employee,medium,15218591,0,4822472,-4822472,335000,34,0.0577,0,335000,0
43,employee,medium,8041381,4263401,3327994,935407,1213000,2,0.0383,9966593,0,1
39,freelancer,low,0,0,0,0,841000,40,0.0193,0,841000,0
24,student,low,0,857976,724564,133412,10000,28,0.011,3782133,0,1
22,student,low,1257871,0,366026,-366026,511000,59,0.0239,0,511000,0
34,employee,low,7706304,3950325,2156226,1794099,537000,55,0.0118,109475725,0,1
25,student,medium,2559991,0,153058,-153058,138000,24,0.055,0,138000,0
41,employee,medium,21044157,3204092,1941182,1262910,10000,66,0.0427,120369850,0,1
28,employee,medium,2157506,1901309,1105320,795989,10000,20,0.0571,19032769,0,1
26,student,low,1811580,0,916855,-916855,983000,54,0.0173,0,983000,0
21,student,low,8941777,0,1604208,-1604208,536000,57,0.0153,0,536000,0
28,student,medium,5707764,0,1097110,-1097110,10000,64,0.0468,0,10000,0
30,freelancer,low,16311644,0,6276630,-6276630,10000,57,0.0265,0,10000,0
20,student,medium,1851742,0,524708,-524708,10000,25,0.0394,0,10000,0
35,professional,low,29507982,2264001,1378024,885977,1056000,79,0.022,109342732,0,1
45,employee,medium,17027185,5290905,3249990,2040915,1868000,66,0.0579,181567314,0,1
30,employee,low,17626024,3102850,1689767,1413083,10000,66,0.0184,117568527,0,1
23,student,low,0,0,0,0,1467000,29,0.0182,0,1467000,0
43,freelancer,high,0,1751164,965544,785620,523000,69,0.0967,72128795,0,1
34,freelancer,high,0,2273235,2055521,217714,441000,49,0.0668,12225899,0,1
39,employee,medium,2757897,0,1241726,-1241726,718000,29,0.0555,0,718000,0
33,self_employed,medium,71482045,0,13881930,-13881930,1436000,35,0.0346,0,1436000,0
33,professional,medium,25112989,7113358,3392712,3720646,10000,52,0.0367,238795637,0,1
22,student,high,2290366,0,186866,-186866,812000,67,0.0816,0,812000,0
30,employee,low,0,2706817,1691490,1015327,89000,61,0.0268,66272906,0,1
38,self_employed,low,45152603,1274388,1139481,134907,10000,47,0.0138,54170049,0,1
21,student,medium,0,0,0,0,337000,48,0.033,0,337000,0
20,student,low,8228673,1076336,395844,680492,360000,81,0.0194,68219881,0,1
24,student,low,1981933,0,1031074,-1031074,955000,46,0.0115,0,955000,0
44,self_employed,medium,2865842,3444669,3263736,180933,1443000,76,0.0419,19451962,0,1
39,freelancer,medium,24301676,901380,459691,441689,1236000,88,0.0491,81482962,0,1
25,student,low,4396210,0,1520627,-1520627,1388000,95,0.0125,0,1388000,0
21,student,low,3532129,0,225762,-225762,10000,86,0.0173,0,10000,0
25,professional,low,13410258,6538244,4611489,1926755,723000,104,0.015,229118867,0,1
33,freelancer,medium,0,275055,143398,131657,489000,66,0.0402,9706748,0,1
34,freelancer,low,0,2893494,2796646,96848,355000,93,0.0103,9371926,0,1
41,employee,medium,14489579,1089196,639789,449407,1226000,40,0.043,36009673,0,1
22,student,medium,3654329,0,1503683,-1503683,10000,110,0.0477,0,10000,0
21,student,low,5608640,0,2860150,-2860150,331000,72,0.0124,0,331000,0
40,employee,medium,16672950,3437728,1926394,1511334,10000,47,0.0435,97054180,0,1
24,freelancer,low,22054439,1100082,752032,348050,2234000,41,0.0157,37918845,0,1
34,self_employed,medium,2674669,1172388,642284,530104,10000,88,0.0368,56958596,0,1
24,self_employed,medium,0,4315053,1510368,2804685,10000,80,0.0403,256914932,0,1
23,student,low,297249,37484,40214,-2730,628000,59,0.0164,154570,473430,0
36,employee,high,5945971,2009218,1405020,604198,10000,73,0.0977,70671040,0,1
24,student,low,2254828,0,1204922,-1204922,1662000,28,0.0267,0,1662000,0
33,freelancer,low,26575605,1450359,786392,663967,3299000,50,0.0215,63762189,0,1
44,self_employed,medium,26338268,4537506,3125728,1411778,312000,13,0.0477,46529516,0,1
42,self_employed,medium,53801011,0,20000000,-20000000,429000,13,0.0466,0,429000,0
42,employee,medium,0,2948841,1907706,1041135,2647000,53,0.0488,61439235,0,1
25,student,high,121190,0,51862,-51862,263000,53,0.0637,0,263000,0
37,employee,low,34321112,1810128,973144,836984,10000,7,0.0203,40618305,0,1
27,freelancer,medium,4770132,0,2374662,-2374662,10000,41,0.0433,0,10000,0
20,student,low,2511267,0,292129,-292129,552000,13,0.0241,0,552000,0
40,employee,high,4100430,3660767,2082927,1577840,771000,57,0.0636,110220826,0,1
24,student,low,8212166,531523,298546,232977,1597000,35,0.0267,17346794,0,1
23,student,medium,2193999,0,533653,-533653,1080000,35,0.0555,0,1080000,0
21,student,medium,5591671,0,331556,-331556,10000,35,0.047,0,10000,0
19,student,low,2762545,0,1559419,-1559419,1809000,75,0.0164,0,1809000,0
28,employee,medium,0,0,0,0,1276000,41,0.0472,0,1276000,0
27,freelancer,high,10063664,0,4407910,-4407910,1001000,82,0.0616,0,1001000,0
45,self_employed,medium,11495050,5552936,3508820,2044116,1383000,60,0.0335,146902923,0,1
24,employee,high,26845303,4491388,3028793,1462595,10000,41,0.0888,106078848,0,1
20,student,low,1106456,318480,241695,76785,1845000,4,0.0156,1419960,425040,0
42,freelancer,medium,9765858,0,3626098,-3626098,827000,41,0.0342,0,827000,0
22,student,low,2450823,1271984,739620,532364,272000,1,0.0179,2986843,0,1
34,self_employed,medium,0,0,0,0,828000,46,0.0421,0,828000,0
31,freelancer,medium,0,0,0,0,1884000,74,0.0542,0,1884000,0
21,student,high,0,2304736,1914732,390004,1407000,99,0.0614,50109584,0,1
24,student,medium,0,0,0,0,10000,55,0.0555,0,10000,0
35,self_employed,medium,24721671,0,7436198,-7436198,1690000,57,0.0537,0,1690000,0
48,freelancer,medium,33046795,0,7876779,-7876779,444000,47,0.0539,0,444000,0
20,student,low,1283948,0,675291,-675291,952000,41,0.0257,0,952000,0
29,freelancer,high,0,1970861,1486409,484452,899000,69,0.0915,43774612,0,1
31,employee,high,29755427,1387703,1143151,244552,502000,78,0.0899,79045472,0,1
22,employee,low,34811721,2222167,1091398,1130769,10000,91,0.0242,154638808,0,1
47,professional,medium,28785978,6050434,2799454,3250980,10000,46,0.0301,190606018,0,1
47,employee,low,11586064,3776568,2911957,864611,815000,29,0.0169,37643120,0,1
41,self_employed,low,46403075,4429635,3514116,915519,364000,52,0.0225,101106603,0,1
39,self_employed,low,36838122,3045476,2366130,679346,1664000,75,0.0282,99574629,0,1
40,self_employed,low,29884861,598995,467661,131334,111000,45,0.028,39413184,0,1
24,professional,medium,0,6104323,3164482,2939841,320000,73,0.0487,249200601,0,1
42,self_employed,medium,0,2108476,1397726,710750,1789000,27,0.0331,19894463,0,1
38,freelancer,high,37598054,0,4223420,-4223420,10000,67,0.0768,0,10000,0
22,employee,high,20434761,2854169,1626063,1228106,10000,39,0.0821,81341274,0,1
33,professional,low,7947881,1869228,907928,961300,635000,39,0.0204,47219641,0,1
25,professional,high,37047111,5617928,2816839,2801089,1983000,70,0.0847,313071133,0,1
21,student,medium,0,1687939,1098362,589577,164000,49,0.0327,30861882,0,1
40,freelancer,medium,31478552,3158455,1269251,1889204,1214000,75,0.032,195060565,0,1
22,student,low,3971081,734828,552709,182119,10000,55,0.0101,14406742,0,1
20,student,low,2712924,0,495838,-495838,943000,31,0.0247,0,943000,0
43,professional,high,44873282,0,7445598,-7445598,1049000,90,0.0682,0,1049000,0
20,student,medium,0,0,0,0,920000,25,0.0359,0,920000,0
32,freelancer,high,7941638,4981559,3090692,1890867,2901000,35,0.0767,83829479,0,1
41,employee,medium,25529499,2774329,1395158,1379171,10000,61,0.0316,121105200,0,1
37,freelancer,medium,38482134,2192952,1183366,1009586,10000,52,0.0442,104335766,0,1
36,employee,low,4896269,4369567,2545511,1824056,77000,54,0.0264,109979965,0,1
30,professional,low,0,5001787,2694560,2307227,113000,72,0.0249,178971470,0,1
32,employee,low,16773402,0,6286271,-6286271,957000,48,0.0211,0,957000,0
26,self_employed,medium,12158303,0,2183999,-2183999,10000,35,0.0404,0,10000,0
20,student,high,9670113,262849,162937,99912,2359000,1,0.0672,9824178,0,1
39,freelancer,medium,32107987,2636547,2358124,278423,684000,52,0.0446,54878815,0,1
40,employee,medium,31991542,2976794,2071350,905444,172000,47,0.0384,83018574,0,1
24,student,high,4039026,1898557,1466344,432213,685000,41,0.0725,25210752,0,1
25,student,medium,10005778,0,2777949,-2777949,10000,15,0.0495,0,10000,0
20,student,medium,0,0,0,0,381000,74,0.0425,0,381000,0
39,employee,low,37963095,3979630,1802101,2177529,1220000,27,0.0171,99346581,0,1
42,freelancer,high,0,3426129,2260836,1165293,1183000,72,0.0818,107851624,0,1
19,student,low,0,750361,382720,367641,10000,46,0.013,17330330,0,1
38,employee,medium,11305418,5032147,3317433,1714714,1523000,2,0.0442,14824598,0,1
31,employee,low,38810236,4520426,2431499,2088927,774000,11,0.0284,63084682,0,1
20,student,medium,1269487,0,715218,-715218,1702000,1,0.032,557654,1144346,0
22,student,low,0,402738,373399,29339,10000,31,0.01,920970,0,1
41,professional,medium,3569529,5186782,3805910,1380872,1042000,43,0.0448,68469205,0,1
22,freelancer,low,17549834,4329878,3460685,869193,1685000,65,0.0126,77227168,0,1
36,freelancer,medium,10678020,1705008,1298227,406781,22000,40,0.0488,30190679,0,1
31,freelancer,high,16339186,0,2267405,-2267405,1917000,55,0.0759,0,1917000,0
30,employee,low,17748854,752601,525214,227387,267000,40,0.0121,27755607,0,1
38,employee,medium,2001240,4023073,2828773,1194300,349000,86,0.0573,129654002,0,1
56,freelancer,high,7677756,2572585,2525765,46820,10000,21,0.0748,9794961,0,1
23,freelancer,medium,23052301,2776487,2108413,668074,10000,50,0.0349,62553350,0,1
50,self_employed,medium,26974085,3889748,1736425,2153323,1499000,64,0.0384,185763412,0,1
30,employee,high,21867834,2800423,2489215,311208,1936000,36,0.0685,39239664,0,1
29,self_employed,low,57148164,2439976,1362208,1077768,10000,45,0.0163,110725308,0,1
19,student,low,12844360,1678777,1803933,-125156,1512000,112,0.0212,166600,1345400,0
21,student,low,540752,0,89493,-89493,10000,9,0.0134,0,10000,0
25,employee,low,7449790,4562320,2651411,1910909,10000,90,0.0248,197772890,0,1
29,employee,high,37114741,3638791,2355432,1283359,1335000,50,0.0857,129768973,0,1
35,employee,low,0,3496665,2362216,1134449,378000,36,0.0173,41887564,0,1
41,professional,medium,14110886,2612070,1470628,1141442,10000,11,0.0436,27471674,0,1
21,student,low,0,0,0,0,10000,68,0.0116,0,10000,0
22,freelancer,low,16728198,3413011,1196528,2216483,1049000,46,0.0189,123640372,0,1
25,student,low,1813078,0,940433,-940433,1051000,1,0.0284,876936,174064,0
22,employee,low,10511715,0,3460766,-3460766,10000,47,0.0267,0,10000,0
36,employee,medium,24630968,2283809,1484164,799645,962000,16,0.0308,38705772,0,1
44,professional,high,51501785,5369724,3798182,1571542,1589000,37,0.0732,129508291,0,1
28,employee,medium,34517571,2428779,1245156,1183623,10000,79,0.0385,150688256,0,1
35,employee,low,31742581,2346526,1567340,779186,10000,51,0.0188,75716236,0,1
23,student,medium,0,0,0,0,10000,18,0.0391,0,10000,0
48,professional,medium,32255276,5759610,4014156,1745454,1086000,23,0.0389,76357886,0,1
24,student,low,2865897,0,1423553,-1423553,620000,43,0.0235,0,620000,0
27,self_employed,medium,30297103,6122054,3620418,2501636,10000,79,0.0366,261626879,0,1
26,student,medium,13567984,121960,82920,39040,1542000,57,0.0542,20073240,0,1
34,self_employed,medium,18001573,2862487,1318359,1544128,10000,72,0.0437,150239151,0,1
22,student,low,3449419,1733350,1165940,567410,10000,56,0.0161,36694529,0,1
35,self_employed,medium,39204221,0,14478114,-14478114,120000,62,0.0454,0,120000,0
22,employee,medium,0,4580521,3649098,931423,690000,68,0.0348,69901711,0,1
28,freelancer,low,13295268,4895175,3946581,948594,1557000,43,0.0135,55722037,0,1
32,employee,medium,12716908,2477190,1778812,698378,2132000,37,0.0307,41044013,0,1
33,freelancer,high,27302278,0,16381366,-16381366,1064000,24,0.0854,0,1064000,0
37,employee,low,17151200,2414563,1509922,904641,2070000,10,0.0285,26706631,0,1
22,freelancer,medium,40400924,2551252,850316,1700936,692000,28,0.0522,96153355,0,1
46,employee,medium,31319142,3275898,2040214,1235684,3044000,56,0.0521,118063219,0,1
46,professional,medium,37703790,0,3571857,-3571857,1972000,21,0.0581,0,1972000,0
24,self_employed,medium,0,3301824,1358722,1943102,10000,42,0.0345,86609853,0,1
28,employee,medium,20092525,3110449,1925471,1184978,613000,36,0.0414,68083137,0,1
24,student,medium,1273673,1979454,1277888,701566,10000,3,0.0424,3399365,0,1
27,self_employed,low,22938063,0,4134830,-4134830,10000,69,0.0283,0,10000,0
30,freelancer,medium,0,0,0,0,360000,44,0.0541,0,360000,0
35,employee,low,20135220,3623570,2678121,945449,19000,77,0.0109,96963648,0,1
41,self_employed,low,35009613,2481542,1505913,975629,2286000,59,0.0249,100730579,0,1
44,self_employed,high,11578819,5565297,4080683,1484614,465000,59,0.0948,129456162,0,1
55,professional,medium,32132406,5973108,4032310,1940798,10000,25,0.0376,85135289,0,1
41,self_employed,low,0,3423909,2119568,1304341,559000,104,0.0232,150090718,0,1
41,professional,medium,30219489,8215879,3929764,4286115,457000,48,0.0573,268587522,0,1
26,freelancer,medium,574168,18458,14070,4388,1325000,28,0.0319,745851,579149,0
35,professional,high,0,3676155,2100114,1576041,1185000,1,0.0848,1576041,0,1
33,employee,medium,18358965,2337990,1597005,740985,1954000,83,0.0451,97082191,0,1
32,professional,low,25196633,4944880,3229317,1715563,1499000,44,0.0228,106043423,0,1
27,employee,medium,0,0,0,0,1016000,65,0.0562,0,1016000,0
48,employee,high,30909977,2400406,1914787,485619,159000,1,0.0979,31647770,0,1
26,professional,medium,24536842,3708489,2548334,1160155,981000,29,0.0427,62574601,0,1
28,employee,low,0,4817666,3691786,1125880,1436000,95,0.0293,120216641,0,1
48,employee,medium,21031608,4885878,3707108,1178770,10000,61,0.0554,110686387,0,1
47,self_employed,medium,23684307,0,9676890,-9676890,271000,50,0.0396,0,271000,0
43,self_employed,medium,0,0,0,0,184000,39,0.0569,0,184000,0
46,self_employed,medium,33037076,0,2049762,-2049762,1413000,44,0.0329,0,1413000,0
33,professional,medium,13584851,1997581,915029,1082552,75000,61,0.0584,94935656,0,1
25,professional,medium,779832,5213684,2868397,2345287,1122000,74,0.0484,202812038,0,1
22,student,medium,972003,0,403740,-403740,502000,102,0.0402,0,502000,0
32,professional,medium,20593069,3597611,1808579,1789032,10000,24,0.0564,68385456,0,1
35,employee,medium,30373398,4335863,2863631,1472232,10000,89,0.039,192204646,0,1
24,student,low,1559247,0,457449,-457449,246000,40,0.0205,0,246000,0
23,student,medium,3291595,472104,298450,173654,531000,53,0.0372,13864515,0,1
21,student,medium,3835282,0,1041950,-1041950,430000,86,0.0383,0,430000,0
23,student,low,832611,0,201361,-201361,1211000,19,0.0259,0,1211000,0
35,self_employed,low,5917463,4299416,2686627,1612789,10000,45,0.0265,82750713,0,1
22,student,low,672746,0,0,0,1587000,50,0.0242,744044,842956,0
35,freelancer,low,0,0,0,0,10000,56,0.0182,0,10000,0
29,employee,medium,21637508,3964971,2403969,1561002,130000,47,0.0326,102723970,0,1
44,professional,medium,13841197,2827875,1933294,894581,1457000,17,0.0326,30037440,0,1
23,student,medium,0,1935221,1311078,624143,1648000,37,0.0574,25197241,0,1
21,student,medium,3267469,717185,692921,24264,10000,67,0.0554,6348816,0,1
22,student,low,770909,0,240660,-240660,100000,112,0.0231,0,100000,0
43,self_employed,medium,59642098,3130173,2142943,987230,10000,72,0.046,160236700,0,1
31,employee,medium,0,5210203,4187516,1022687,663000,57,0.0453,64903810,0,1
22,student,low,1181277,0,288695,-288695,10000,13,0.0109,0,10000,0
29,employee,high,7392520,2096876,1748585,348291,1052000,39,0.0698,24466974,0,1
22,employee,medium,11347587,2992422,1934528,1057894,685000,70,0.0574,103559258,0,1
29,employee,high,30566130,3366333,1604406,1761927,77000,38,0.0622,110993143,0,1
22,employee,medium,37290045,2888431,1362793,1525638,10000,68,0.0464,166880353,0,1
37,self_employed,medium,39264164,396530,344850,51680,10000,51,0.0589,53388329,0,1
44,professional,high,38269733,7950301,4049072,3901229,921000,31,0.0837,181959357,0,1
38,employee,low,17464279,0,10478567,-10478567,710000,61,0.0231,0,710000,0
24,professional,medium,40743504,2514547,1646757,867790,10000,1,0.0355,41731827,0,1
43,freelancer,high,16569438,0,3348257,-3348257,10000,30,0.0948,0,10000,0
19,student,low,1307789,0,784673,-784673,10000,36,0.0185,0,10000,0
37,freelancer,low,21949190,2494382,1754812,739570,1255000,72,0.0195,81111823,0,1
30,employee,low,9225305,3567400,2027887,1539513,10000,31,0.0215,58781711,0,1
24,student,medium,7827649,0,3045883,-3045883,303000,31,0.0352,0,303000,0
36,self_employed,medium,505422,3389865,2045968,1343897,10000,78,0.0534,125702788,0,1
22,student,low,4783270,1121002,1219473,-98471,2177000,39,0.0298,1241826,935174,0
30,professional,low,26061464,3954819,2538601,1416218,10000,29,0.0245,69915556,0,1
24,student,medium,342353,1306522,915579,390943,10000,12,0.0386,5131014,0,1
25,student,low,7748007,0,1647381,-1647381,10000,43,0.0299,0,10000,0
24,student,medium,7873674,0,2666939,-2666939,10000,103,0.0525,0,10000,0
21,student,low,4638397,0,2172073,-2172073,339000,68,0.017,0,339000,0
48,employee,medium,7558736,3486920,2676963,809957,10000,29,0.0461,33244586,0,1
37,employee,high,33396385,3674670,1634420,2040250,10000,36,0.0948,128907888,0,1
20,student,high,0,0,0,0,1678000,61,0.0883,0,1678000,0
22,student,medium,0,370874,233531,137343,10000,77,0.0405,12053657,0,1
21,student,low,3171254,0,728802,-728802,299000,7,0.0199,0,299000,0
42,employee,medium,32539304,4225901,3033418,1192483,10000,19,0.0367,57774823,0,1
30,freelancer,high,0,0,0,0,1612000,63,0.0793,0,1612000,0
25,student,high,963039,0,356906,-356906,10000,54,0.091,0,10000,0
22,student,low,2204357,348770,282182,66588,782000,58,0.0214,6509438,0,1
35,employee,high,12381452,2606136,1068418,1537718,852000,66,0.065,139294270,0,1
40,freelancer,low,22336899,0,12317347,-12317347,10000,38,0.0147,0,10000,0
23,student,medium,1897197,1025909,728739,297170,217000,75,0.0454,28233865,0,1
26,student,medium,652948,896453,470261,426192,194000,69,0.0305,32876973,0,1
24,student,medium,8145224,0,3027036,-3027036,690000,29,0.059,0,690000,0
32,employee,medium,28934241,3286697,1757067,1529630,10000,9,0.0324,43561275,0,1
23,student,low,3253620,663771,564804,98967,10000,77,0.0266,12157874,0,1
28,freelancer,high,15130941,0,9078564,-9078564,223000,26,0.0774,0,223000,0
41,self_employed,low,31265085,1234408,694836,539572,596000,62,0.0248,71186494,0,1
20,student,medium,1682566,0,381625,-381625,349000,63,0.0496,0,349000,0
36,freelancer,high,7313176,2525669,890018,1635651,10000,10,0.0885,24780935,0,1
24,student,medium,2713732,1030268,1111821,-81553,2023000,36,0.0414,0,2023000,0
40,freelancer,medium,24046333,4102153,2525023,1577130,671000,37,0.0474,90523042,0,1
27,self_employed,medium,0,1975450,1613087,362363,1128000,35,0.0455,13535367,0,1
21,student,low,0,134957,125974,8983,10000,62,0.0205,586982,0,1
25,employee,medium,42406125,4223662,2439718,1783944,276000,35,0.0355,112707907,0,1
35,professional,low,31633575,5806708,3331881,2474827,33000,55,0.0243,179187468,0,1
22,student,low,796450,583553,344540,239013,997000,71,0.0276,19348739,0,1
36,freelancer,high,0,0,0,0,10000,30,0.0643,0,10000,0
38,self_employed,medium,17780058,3994401,2318381,1676020,641000,35,0.0467,83082178,0,1
21,student,low,6781251,0,242594,-242594,10000,75,0.0171,0,10000,0
22,employee,medium,11012586,3807857,2414523,1393334,393000,102,0.0495,193006566,0,1
32,freelancer,low,13432291,885869,835521,50348,10000,58,0.0206,17905022,0,1
49,self_employed,high,19789123,0,6353863,-6353863,1235000,63,0.0611,0,1235000,0
29,employee,high,3038444,0,50308,-50308,1811000,56,0.0663,845515,965485,0
28,employee,low,21535825,3079104,1824977,1254127,10000,52,0.0165,90685371,0,1
23,student,low,0,1248969,1327142,-78173,439000,72,0.0266,0,439000,0
21,student,low,1636625,0,905664,-905664,1652000,65,0.019,0,1652000,0
24,student,medium,0,0,0,0,10000,60,0.0483,0,10000,0
21,student,high,4233262,0,326801,-326801,1100000,27,0.0757,0,1100000,0
38,employee,medium,615578,3170042,1485330,1684712,758000,37,0.0532,68300935,0,1
38,self_employed,low,16508117,1354464,726829,627635,10000,64,0.0107,58795088,0,1
27,employee,high,22674423,3061128,2177057,884071,805000,52,0.0679,83682247,0,1
43,self_employed,high,43479268,500610,321298,179312,1328000,38,0.0861,64853185,0,1
43,employee,low,26580744,3125428,2027908,1097520,10000,98,0.0291,154949597,0,1
32,employee,medium,30745869,4695321,3010616,1684705,1580000,79,0.0349,188054077,0,1
51,employee,medium,0,1932139,1424815,507324,706000,1,0.0398,507324,198676,0
45,employee,low,15721179,4486480,2822431,1664049,10000,17,0.0245,45031474,0,1
22,employee,low,0,3176079,1970182,1205897,10000,31,0.0151,38097066,0,1
22,student,high,6971221,977709,787973,189736,1776000,25,0.0824,13427583,0,1
36,employee,high,8815227,3822087,2329062,1493025,10000,74,0.0778,155431842,0,1
40,employee,low,23537378,3236667,1989417,1247250,443000,42,0.0259,80538646,0,1
34,employee,medium,20672852,4516549,3716859,799690,10000,48,0.0477,67208625,0,1
24,self_employed,medium,0,0,0,0,146000,36,0.0596,0,146000,0
41,professional,low,38578339,3661449,2547436,1114013,843000,61,0.0276,117244847,0,1
19,student,medium,0,0,0,0,102000,54,0.0537,0,102000,0
42,freelancer,high,0,3997209,2677082,1320127,10000,25,0.0669,35308420,0,1
25,student,medium,7304325,1901737,1483589,418148,10000,33,0.0336,22445717,0,1
22,student,low,5016517,0,1537311,-1537311,1584000,52,0.0279,0,1584000,0
45,employee,medium,24396817,3903685,2742372,1161313,320000,59,0.0579,111455579,0,1
29,self_employed,high,0,0,0,0,2527000,55,0.0744,0,2527000,0
31,employee,low,21861411,4013159,2027835,1985324,1975000,36,0.0242,97558504,0,1
50,self_employed,medium,6580825,6488216,6808790,-320574,10000,68,0.0478,0,10000,0
34,employee,medium,14577846,4111075,2819908,1291167,10000,59,0.0496,104665248,0,1
43,self_employed,medium,0,1397086,872072,525014,1060000,63,0.0378,36522764,0,1
24,student,medium,0,0,0,0,1337000,73,0.0409,0,1337000,0
24,student,low,4588600,559961,410235,149726,10000,36,0.0146,10300419,0,1
33,employee,low,1091463,2507375,1582261,925114,117000,55,0.0124,53482382,0,1
34,employee,low,22325983,2982548,1946991,1035557,716000,22,0.0174,46181621,0,1
22,freelancer,medium,4481277,2845225,2925550,-80325,43000,64,0.0444,0,43000,0
20,student,low,3592713,0,2155627,-2155627,10000,19,0.019,0,10000,0
20,student,medium,3596608,0,1742398,-1742398,696000,4,0.0347,0,696000,0
44,professional,low,43667181,7312953,3785808,3527145,225000,35,0.0236,174443773,0,1
25,employee,low,18094564,2270165,1096751,1173414,111000,30,0.0219,55261938,0,1
32,self_employed,high,46049061,2869711,1737609,1132102,392000,51,0.099,141438668,0,1
44,self_employed,low,12629410,2150564,1265613,884951,10000,84,0.024,95794443,0,1
40,self_employed,medium,0,8004853,7149813,855040,10000,38,0.041,34632035,0,1
34,employee,low,21445974,4574542,3177666,1396876,10000,9,0.0104,34229388,0,1
21,student,high,5664888,0,1625219,-1625219,10000,64,0.0906,0,10000,0
21,student,medium,0,0,0,0,399000,43,0.0378,0,399000,0
39,professional,medium,32684525,1483285,853865,629420,10000,39,0.0346,62509855,0,1
21,student,low,397902,0,145428,-145428,1202000,80,0.0251,0,1202000,0
35,employee,medium,35648801,1736754,1313985,422769,900000,64,0.0447,75716999,0,1
28,employee,medium,28109380,2440980,1723662,717318,637000,67,0.0531,93587041,0,1
31,professional,low,8051150,5535848,4085389,1450459,144000,47,0.0274,80839620,0,1
21,student,high,0,0,0,0,10000,106,0.0976,0,10000,0
53,freelancer,high,5238513,4322370,3313372,1008998,175000,35,0.0959,47484395,0,1
32,professional,medium,41193806,4129088,1893168,2235920,88000,7,0.0356,57848344,0,1
32,employee,medium,20006344,2840941,2104442,736499,1314000,32,0.0598,48938340,0,1
19,student,medium,7193428,0,836846,-836846,188000,36,0.0362,0,188000,0
24,student,medium,1788295,1773645,1077473,696172,1451000,48,0.0482,38941556,0,1
30,employee,medium,15837522,3324175,2089605,1234570,10000,46,0.031,78052973,0,1
23,student,high,0,1241717,563297,678420,1064000,28,0.0787,20777236,0,1
21,student,medium,2045854,911444,463935,447509,10000,28,0.0599,15764256,0,1
27,self_employed,low,39317134,0,14172686,-14172686,1669000,6,0.0135,0,1669000,0
37,freelancer,high,16501200,3471503,2497671,973832,10000,42,0.0617,65990367,0,1
34,employee,high,7155365,3510498,1870444,1640054,2115000,72,0.0921,169276973,0,1
22,student,high,0,0,0,0,1781000,94,0.0855,0,1781000,0
39,employee,low,3245619,3318466,2508287,810179,10000,1,0.0234,4062127,0,1
20,student,medium,4025190,694513,432702,261811,180000,38,0.0389,15121292,0,1
19,student,low,6781626,2152354,1850917,301437,102000,38,0.0176,18940975,0,1
30,employee,low,25771211,2890702,1642767,1247935,352000,45,0.0297,88129636,0,1
21,student,medium,1319571,0,336392,-336392,10000,14,0.0405,0,10000,0
21,student,high,0,593016,395217,197799,2310000,67,0.06,15696299,0,1
26,employee,low,26826493,3550851,2539576,1011275,1675000,50,0.0138,80428242,0,1
32,self_employed,low,37412044,2637024,2059028,577996,351000,118,0.0175,118796062,0,1
41,employee,low,10935015,3319728,1610933,1708795,616000,75,0.0244,151031040,0,1
22,employee,low,13016238,3614384,2356844,1257540,1590000,35,0.0122,58270678,0,1
27,student,high,0,688010,612067,75943,10000,50,0.0921,4607336,0,1
23,student,low,1775951,548459,393086,155373,792000,29,0.0179,6455591,0,1
36,professional,low,9327040,6840580,3555427,3285153,676000,40,0.0138,144162134,0,1
31,employee,medium,14740948,2545237,1810067,735170,609000,59,0.0335,64456683,0,1
26,student,low,3957256,1126989,902485,224504,1809000,52,0.0103,16071225,0,1
22,student,medium,6130669,0,1243897,-1243897,1172000,36,0.0367,0,1172000,0
22,freelancer,medium,32325369,3455413,2761163,694250,2009000,32,0.0518,60871307,0,1
25,employee,high,10747547,2684216,1339679,1344537,755000,50,0.0688,91901608,0,1
24,student,medium,2920364,0,954547,-954547,50000,55,0.0497,0,50000,0
53,professional,high,37028390,3774782,1709598,2065184,812000,70,0.0759,238725164,0,1
40,self_employed,medium,13136789,0,0,0,653000,61,0.0397,16068999,0,1
29,freelancer,medium,7946093,2195502,1337038,858464,1172000,37,0.0471,43298968,0,1
37,employee,low,25823763,3230123,1734896,1495227,1062000,43,0.0196,94251186,0,1
35,employee,medium,18016440,0,3051825,-3051825,588000,107,0.0396,0,588000,0
39,freelancer,high,35932685,0,15801890,-15801890,1099000,29,0.0695,0,1099000,0
22,student,low,2201965,1710319,1526874,183445,10000,48,0.0192,11522306,0,1
41,self_employed,high,57865032,0,2040206,-2040206,10000,56,0.0796,0,10000,0
38,employee,low,463630,4077803,2587586,1490217,10000,60,0.0177,93923420,0,1
45,self_employed,high,49360958,4546367,3422973,1123394,10000,61,0.0895,164041389,0,1
26,student,high,1274916,0,558905,-558905,10000,51,0.0978,0,10000,0
31,employee,medium,0,1944630,854508,1090122,10000,50,0.0451,59840580,0,1
39,employee,high,32707029,3522707,1692830,1829877,1383000,62,0.0671,181370885,0,1
37,self_employed,medium,54199585,4644850,3532272,1112578,10000,68,0.0539,161761292,0,1
39,freelancer,low,23211397,0,7382953,-7382953,14000,57,0.0221,0,14000,0
22,student,low,0,0,0,0,1847000,61,0.0258,0,1847000,0
30,freelancer,high,3823285,0,1001906,-1001906,913000,45,0.0947,0,913000,0
22,student,low,227379,0,16001,-16001,1386000,65,0.0159,0,1386000,0
23,freelancer,medium,18830227,0,10664562,-10664562,10000,18,0.0469,0,10000,0
19,student,medium,6447879,980613,400602,580011,2598000,53,0.0498,42334644,0,1
24,student,low,3936111,1703018,901002,802016,128000,13,0.0297,14647104,0,1
25,freelancer,high,25071714,3802828,2551550,1251278,1744000,66,0.0659,135199357,0,1
22,student,low,0,1811936,1085393,726543,551000,22,0.0221,16296864,0,1
37,self_employed,medium,0,0,0,0,721000,50,0.0307,0,721000,0
40,employee,low,3439853,2986173,1536899,1449274,1249000,66,0.0111,102241501,0,1
30,professional,medium,11273021,4677259,3659494,1017765,1064000,74,0.0471,102259439,0,1
22,student,low,4118859,0,706589,-706589,652000,40,0.0281,0,652000,0
23,employee,low,25406834,2934940,1941158,993782,1335000,65,0.0249,98149419,0,1
28,employee,medium,11281540,3917199,2321464,1595735,10000,28,0.0489,59869776,0,1
35,employee,medium,30825067,4924650,3316200,1608450,109000,90,0.0363,206550199,0,1
36,freelancer,medium,0,2595675,1682188,913487,571000,62,0.0305,61258482,0,1
33,employee,medium,13606385,2569979,1556777,1013202,917000,37,0.0316,54318177,0,1
37,freelancer,high,20709745,2520485,1795210,725275,413000,67,0.0607,86710203,0,1
24,student,low,8446369,0,3792247,-3792247,822000,34,0.0265,0,822000,0
23,student,medium,1111880,0,640043,-640043,2567000,28,0.0303,0,2567000,0
21,student,low,0,0,0,0,10000,5,0.0204,0,10000,0
24,professional,medium,0,6632028,4971476,1660552,1058000,51,0.0322,90626532,0,1
30,freelancer,medium,0,0,0,0,346000,53,0.0437,0,346000,0
32,employee,low,20238310,4569951,2356231,2213720,843000,62,0.0124,163243732,0,1
38,self_employed,medium,17406955,0,10444173,-10444173,10000,42,0.0542,0,10000,0
25,professional,medium,58246625,4775377,3359569,1415808,1777000,73,0.0475,197279693,0,1
19,student,medium,3771858,0,1388561,-1388561,1078000,36,0.0483,0,1078000,0
29,freelancer,medium,6392231,2119177,1546509,572668,998000,61,0.03,45130210,0,1
23,student,medium,4023383,0,1231258,-1231258,10000,36,0.0395,0,10000,0
20,student,low,4442587,0,2665552,-2665552,10000,72,0.0244,0,10000,0
23,student,medium,3033736,950689,606767,343922,3174000,81,0.0509,37433219,0,1
39,professional,low,18239343,2192946,1514706,678240,10000,50,0.0273,56306883,0,1
22,student,low,40210,0,18028,-18028,1290000,39,0.0289,0,1290000,0
25,student,medium,3087305,438063,294492,143571,215000,51,0.0573,12204769,0,1
35,self_employed,medium,19052967,3473926,1909891,1564035,123000,25,0.05,62259957,0,1
46,self_employed,low,4582494,4328956,2526782,1802174,966000,17,0.0244,35883921,0,1
22,student,medium,4639113,0,824880,-824880,1113000,19,0.0493,0,1113000,0
48,self_employed,high,13171438,3665912,3067433,598479,909000,38,0.087,43407615,0,1
21,student,low,0,348850,228448,120402,2748000,54,0.0128,6688934,0,1
22,student,high,0,1514906,1221309,293597,247000,86,0.0879,34999604,0,1
23,student,high,4382782,0,473333,-473333,45000,47,0.0761,0,45000,0
24,self_employed,high,8580261,940012,706555,233457,1336000,50,0.097,27147009,0,1
33,employee,medium,28425591,3754636,2058001,1696635,80000,39,0.0377,102400575,0,1
24,self_employed,low,0,6043240,3735624,2307616,527000,80,0.0211,198037720,0,1
22,employee,medium,25687774,2609898,1755435,854463,1472000,35,0.0521,62116317,0,1
30,freelancer,low,24380177,3479513,1943006,1536507,1001000,40,0.0288,91259651,0,1
29,employee,medium,25150991,3435641,2286185,1149456,528000,14,0.0546,43378453,0,1
22,student,low,2912829,0,659201,-659201,2802000,84,0.0103,0,2802000,0
22,student,medium,5785088,250118,240458,9660,98000,46,0.0504,7504258,0,1
22,student,low,6926156,1592162,1258326,333836,10000,36,0.0232,19858651,0,1
39,self_employed,low,4796636,6429383,3531782,2897601,324000,51,0.0187,158877224,0,1
39,employee,low,0,4327123,3456597,870526,2258000,54,0.0185,48981237,0,1
21,student,medium,64865,0,1265,-1265,10000,55,0.0356,891,9109,0
22,student,medium,3994960,0,751035,-751035,137000,26,0.0443,0,137000,0
41,employee,medium,33769933,3710822,1353937,2356885,10000,81,0.0531,277289136,0,1
23,student,low,6144156,1565154,784764,780390,1485000,72,0.0102,64449434,0,1
39,self_employed,low,29685310,4525812,3676561,849251,1541000,71,0.0133,94810868,0,1
32,freelancer,medium,0,1952794,1177526,775268,2396000,1,0.0535,775268,1620732,0
25,student,low,0,0,0,0,10000,34,0.0121,0,10000,0
23,student,medium,0,0,0,0,1124000,65,0.0327,0,1124000,0
28,student,medium,7201743,0,809844,-809844,10000,91,0.0391,0,10000,0
39,employee,high,41308212,3216395,2432582,783813,1412000,47,0.0964,104710580,0,1
42,employee,low,15539680,2999349,1875057,1124292,1464000,52,0.0244,78870733,0,1
24,student,medium,3662537,0,1232311,-1232311,10000,109,0.0315,0,10000,0
35,self_employed,low,16929031,0,4010049,-4010049,1204000,54,0.0192,0,1204000,0
21,student,medium,0,0,0,0,10000,47,0.0573,0,10000,0
34,employee,low,0,3504762,2397435,1107327,10000,76,0.0272,91727235,0,1
38,employee,low,42594723,3270021,2136794,1133227,1498000,3,0.0132,46138862,0,1
26,self_employed,high,16181239,3940210,2750548,1189662,10000,4,0.088,21472385,0,1
24,self_employed,high,20293571,5567183,3016028,2551155,86000,32,0.0828,116290218,0,1
35,professional,medium,1421379,0,327646,-327646,10000,20,0.0427,0,10000,0
35,employee,low,22399068,4693335,3042751,1650584,2002000,56,0.0282,124212506,0,1
21,student,medium,730370,559935,399017,160918,10000,62,0.0339,11757180,0,1
26,student,medium,1816495,1483050,933174,549876,10000,82,0.0373,53609835,0,1
31,employee,medium,13070573,3323180,1676683,1646497,1011000,26,0.0585,60354516,0,1
49,self_employed,medium,15863174,0,4716524,-4716524,2443000,42,0.0516,0,2443000,0
24,professional,low,16507781,4279199,2162372,2116827,10000,97,0.0244,246830007,0,1
39,freelancer,low,0,0,0,0,10000,79,0.026,0,10000,0
20,student,high,0,650628,523343,127285,1317000,37,0.0993,5483790,0,1
45,self_employed,high,23126375,0,4546353,-4546353,331000,57,0.0956,0,331000,0
25,student,low,0,1138634,669121,469513,10000,62,0.0259,31111500,0,1
28,self_employed,low,4770378,6029334,4306617,1722717,10000,63,0.0228,120554181,0,1
31,freelancer,low,13573661,2904927,1575985,1328942,1161000,12,0.02,29941939,0,1
26,student,medium,0,0,0,0,1484000,45,0.0566,0,1484000,0
22,student,low,0,284954,118838,166116,10000,54,0.0224,9428698,0,1
22,student,medium,4931337,823545,624090,199455,613000,53,0.0381,17326299,0,1
24,student,medium,0,0,0,0,1275000,50,0.059,0,1275000,0
23,student,high,4113858,2133373,1593533,539840,10000,60,0.0645,43778061,0,1
51,freelancer,medium,0,0,0,0,516000,66,0.0544,0,516000,0
24,student,medium,5028036,590324,465476,124848,561000,61,0.0578,15568690,0,1
42,freelancer,medium,16543397,3262367,2261955,1000412,347000,42,0.0503,65558825,0,1
24,student,high,0,0,0,0,10000,72,0.066,0,10000,0
38,employee,low,20888368,3571367,2900927,670440,10000,47,0.014,54436231,0,1
37,freelancer,high,0,4677689,2016249,2661440,10000,78,0.0819,272910751,0,1
43,self_employed,low,14271357,0,3046092,-3046092,10000,23,0.0241,0,10000,0
19,student,low,0,0,0,0,1933000,58,0.0245,0,1933000,0
52,freelancer,low,0,0,0,0,10000,72,0.0214,0,10000,0
33,self_employed,low,621611,0,296885,-296885,2214000,50,0.0145,0,2214000,0
33,professional,low,0,2418941,1251069,1167872,63000,71,0.0106,85535363,0,1
46,self_employed,high,13012314,0,2441682,-2441682,407000,27,0.0651,0,407000,0
31,freelancer,medium,24283108,1823225,883309,939916,559000,36,0.0493,64532159,0,1
27,student,medium,0,69037,52055,16982,526000,47,0.0328,850452,0,1
35,freelancer,high,0,4164005,2566105,1597900,40000,56,0.0874,109999677,0,1
40,employee,low,23468271,2869795,1783056,1086739,446000,9,0.0193,33653978,0,1
41,freelancer,low,0,0,0,0,733000,42,0.0272,0,733000,0
21,student,high,0,668697,381838,286859,1351000,22,0.0753,6744632,0,1
45,self_employed,medium,3343068,823396,773132,50264,875000,36,0.0445,5751609,0,1
33,employee,medium,35611032,5220740,3550388,1670352,2248000,110,0.0555,297978500,0,1
22,freelancer,high,13530597,0,6543742,-6543742,540000,35,0.0993,0,540000,0
27,freelancer,high,16593803,0,8644232,-8644232,10000,45,0.0711,0,10000,0
23,student,low,1713959,0,247827,-247827,10000,59,0.018,0,10000,0
31,freelancer,high,15459511,3712575,2578713,1133862,10000,43,0.0995,80342605,0,1
23,student,medium,0,0,0,0,10000,90,0.0349,0,10000,0
36,freelancer,medium,11495449,0,3610938,-3610938,10000,50,0.0487,0,10000,0
40,freelancer,medium,7351365,0,1974090,-1974090,2823000,13,0.0531,0,2823000,0
21,student,medium,0,0,0,0,10000,102,0.0507,0,10000,0
47,freelancer,medium,0,1532850,841976,690874,578000,67,0.0461,52676775,0,1
20,student,medium,9020960,0,1910715,-1910715,10000,90,0.043,0,10000,0
36,employee,high,16927254,2697792,1450046,1247746,10000,13,0.0875,35553605,0,1
34,employee,medium,10245381,3163119,1609098,1554021,645000,33,0.0478,66371366,0,1
57,self_employed,medium,26503868,3613748,2124618,1489130,1236000,40,0.054,96820871,0,1
41,professional,high,36720770,0,9266180,-9266180,10000,55,0.0931,0,10000,0
32,employee,low,20217462,4488342,2834930,1653412,726000,51,0.0129,107986732,0,1
33,self_employed,medium,20892938,0,8604765,-8604765,1636000,33,0.0402,0,1636000,0
26,student,medium,0,976946,874742,102204,395000,44,0.0527,4948908,0,1
34,professional,medium,44810180,6026561,4365486,1661075,10000,55,0.0533,160406040,0,1
30,self_employed,medium,38784932,6158779,3113705,3045074,722000,48,0.0426,205024833,0,1
42,self_employed,high,52712434,4664617,3171031,1493586,977000,91,0.0723,271383041,0,1
34,employee,medium,6427811,3742327,2333230,1409097,2184000,90,0.032,151285334,0,1
49,employee,high,15534206,2923068,1811627,1111441,2015000,50,0.0675,84531125,0,1
34,freelancer,medium,4804358,0,532091,-532091,830000,27,0.0561,0,830000,0
34,self_employed,high,31197961,2516016,1460265,1055751,10000,8,0.0736,41391565,0,1
32,professional,medium,52925292,5698574,3573232,2125342,1649000,64,0.0459,221358940,0,1
29,professional,high,23271796,0,8226446,-8226446,371000,75,0.0609,0,371000,0
24,student,high,0,1081496,771247,310249,311000,7,0.0656,2207686,0,1
42,self_employed,medium,16084853,1589721,1333567,256154,119000,34,0.0561,28264752,0,1
36,professional,medium,14169386,5483427,2206389,3277038,1098000,58,0.049,231919568,0,1
26,employee,low,28312559,2995674,1996303,999371,10000,47,0.0152,78413360,0,1
50,professional,medium,29948293,4115387,2724259,1391128,708000,41,0.0429,95977401,0,1
28,employee,low,17041891,0,7653890,-7653890,10000,61,0.0161,0,10000,0
24,student,low,2934068,1090204,767618,322586,10000,1,0.0274,3263353,0,1
42,professional,low,24764902,4517296,3087603,1429693,1524000,22,0.0212,57789132,0,1
23,student,low,2892294,0,798438,-798438,881000,81,0.0264,0,881000,0
23,student,medium,4840131,357587,186413,171174,10000,51,0.0576,16043540,0,1
32,freelancer,medium,16212029,0,4242713,-4242713,10000,70,0.0529,0,10000,0
26,student,medium,2200048,0,1172488,-1172488,10000,106,0.031,0,10000,0
47,freelancer,high,0,1992566,1396678,595888,1811000,25,0.0633,15879460,0,1
23,student,low,0,0,0,0,884000,48,0.0173,0,884000,0
22,student,medium,0,0,0,0,10000,1,0.0563,0,10000,0
33,professional,medium,43967157,7043233,4636270,2406963,10000,74,0.0379,255818559,0,1
44,self_employed,low,39497740,0,12253390,-12253390,1364000,48,0.0225,0,1364000,0
45,self_employed,medium,32526472,1163855,903989,259866,1563000,28,0.0595,45142802,0,1
21,student,medium,1241434,0,485765,-485765,862000,54,0.0402,0,862000,0
33,employee,low,9562256,2881383,1712757,1168626,1372000,35,0.0271,52859750,0,1
28,employee,high,13320331,3564431,3018951,545480,10000,84,0.0928,89629436,0,1
24,employee,high,11118935,0,2819879,-2819879,10000,30,0.0857,0,10000,0
29,employee,medium,931732,1967457,1289131,678326,10000,44,0.0589,34379494,0,1
35,employee,low,36106187,2627584,1616027,1011557,866000,4,0.0173,40369836,0,1
21,student,medium,0,1501760,739698,762062,10000,63,0.0525,55140549,0,1
21,student,high,0,1547003,1581437,-34434,10000,8,0.0826,0,10000,0
36,employee,low,34537913,4028314,2719114,1309200,583000,42,0.0156,92952334,0,1
21,student,medium,3127041,1855324,996027,859297,1148000,66,0.0424,67692366,0,1
36,employee,high,9377602,4317536,3158738,1158798,10000,1,0.0665,10588368,0,1
36,employee,low,15817903,3172812,1773177,1399635,167000,25,0.0163,51931110,0,1
39,employee,medium,18670206,4125084,3671343,453741,1212000,39,0.0438,40501015,0,1
27,student,low,6316657,0,3207344,-3207344,923000,65,0.0124,0,923000,0
33,employee,medium,0,3528768,2394233,1134535,1584000,111,0.0585,166557029,0,1
21,student,low,6016003,0,2887752,-2887752,345000,65,0.0287,0,345000,0
29,employee,low,17186703,3698352,2613358,1084994,10000,27,0.0128,47393299,0,1
24,student,medium,2981008,0,1173733,-1173733,10000,71,0.0357,0,10000,0
20,student,low,432212,863296,644166,219130,10000,48,0.0186,11376202,0,1
42,employee,low,37797883,0,18935070,-18935070,10000,61,0.0189,0,10000,0
24,student,medium,6154653,0,1614852,-1614852,1186000,69,0.0382,0,1186000,0
22,student,low,5478233,0,1510125,-1510125,10000,45,0.026,0,10000,0
36,employee,low,15421846,5277485,3052776,2224709,215000,39,0.0265,107312593,0,1
24,student,low,3954588,1113234,672993,440241,54000,59,0.0217,31783775,0,1
27,employee,medium,6584714,3315717,1883647,1432070,728000,59,0.0447,102500354,0,1
52,freelancer,medium,0,0,0,0,988000,65,0.0599,0,988000,0
39,self_employed,high,25910403,0,7881728,-7881728,10000,69,0.0693,0,10000,0
21,student,medium,0,0,0,0,1069000,70,0.0411,0,1069000,0
34,professional,medium,20694464,3331276,2154550,1176726,10000,16,0.0408,41164833,0,1
35,employee,low,8383190,2132683,1361875,770808,831000,54,0.0236,53190263,0,1
25,self_employed,low,0,0,0,0,1684000,43,0.0226,0,1684000,0
39,professional,medium,33012238,4382385,2632064,1750321,10000,43,0.0493,121513964,0,1
31,freelancer,medium,0,2669083,2014037,655046,10000,40,0.0548,28675975,0,1
21,student,high,5805236,673000,367418,305582,55000,74,0.0623,36001100,0,1
38,self_employed,low,29120773,0,7164335,-7164335,10000,65,0.0268,0,10000,0
31,employee,medium,28314643,3798221,2191650,1606571,585000,23,0.0328,68232930,0,1
34,employee,low,23188851,2791481,1456859,1334622,10000,47,0.0203,90337094,0,1
21,student,medium,0,0,0,0,1134000,6,0.054,0,1134000,0
23,student,low,4192023,0,937816,-937816,1574000,79,0.0128,0,1574000,0
31,freelancer,medium,10610110,0,6026535,-6026535,865000,83,0.0503,0,865000,0
33,employee,high,10755524,3674423,2658951,1015472,868000,62,0.0764,92840424,0,1
22,student,high,0,534021,293645,240376,1128000,19,0.069,4811375,0,1
23,student,low,0,523113,580547,-57434,10000,57,0.0106,0,10000,0
25,self_employed,medium,38172706,0,11024226,-11024226,10000,21,0.0323,0,10000,0
20,student,low,7137734,0,3445640,-3445640,872000,64,0.0137,0,872000,0
34,freelancer,high,41579528,3901700,2807409,1094291,947000,47,0.0748,115227082,0,1
22,student,medium,0,1288648,1033132,255516,907000,47,0.0523,13295699,0,1
33,professional,medium,38617473,0,14468032,-14468032,1540000,22,0.05,0,1540000,0
23,student,low,1883576,0,375004,-375004,778000,42,0.018,0,778000,0
37,freelancer,medium,12201809,0,1729118,-1729118,584000,92,0.0464,0,584000,0
39,self_employed,medium,19798936,0,95416,-95416,722000,69,0.0551,19434114,0,1
29,employee,medium,1018050,3648729,2449708,1199021,2242000,53,0.0479,71871497,0,1
35,freelancer,medium,14210506,0,714397,-714397,167000,88,0.0336,0,167000,0
23,student,high,0,0,0,0,928000,24,0.0945,0,928000,0
28,employee,medium,20319144,4563796,2104518,2459278,729000,38,0.0362,121645101,0,1
36,freelancer,medium,32168730,4497139,2339636,2157503,99000,51,0.0588,165933029,0,1
29,self_employed,high,20142147,0,1648865,-1648865,10000,83,0.078,0,10000,0
32,employee,medium,13077858,4173697,2702273,1471424,10000,50,0.0388,95081174,0,1
42,employee,low,7040430,0,1841368,-1841368,10000,61,0.0102,0,10000,0
20,student,low,0,0,0,0,10000,55,0.0112,0,10000,0
35,employee,high,8525696,3014393,2021282,993111,782000,71,0.0659,98525522,0,1
27,student,medium,2638359,1790024,1593905,196119,1777000,52,0.0514,14690983,0,1
23,student,medium,0,0,0,0,10000,63,0.0352,0,10000,0
27,employee,low,28157364,2895470,2063586,831884,868000,67,0.027,92817055,0,1
19,student,low,5744146,0,2659197,-2659197,10000,34,0.0157,0,10000,0
22,freelancer,medium,13070017,3606184,2344108,1262076,497000,76,0.0442,127738818,0,1
36,professional,low,43960148,4500785,2394948,2105837,2084000,1,0.0203,46140351,0,1
39,employee,high,2594195,3938700,2658409,1280291,619000,90,0.0626,150721087,0,1
21,student,low,1167921,1201259,734740,466519,1645000,62,0.0231,32005489,0,1
25,professional,medium,26704513,5044161,2669931,2374230,1310000,43,0.0549,145038470,0,1
36,employee,medium,14917748,4069671,2627872,1441799,1573000,71,0.0497,138731048,0,1
20,student,medium,5174404,0,1295517,-1295517,10000,80,0.0367,0,10000,0
20,student,medium,0,0,0,0,10000,44,0.0373,0,10000,0
29,employee,low,20036043,3387477,2111854,1275623,898000,10,0.0174,33168256,0,1
31,self_employed,medium,54183762,5545629,3503362,2042267,1396000,62,0.0502,214405673,0,1
40,employee,high,18888225,2331726,1576356,755370,10000,34,0.0841,52837589,0,1
35,freelancer,medium,26536384,364970,255766,109204,10000,24,0.0549,32372172,0,1
32,freelancer,high,18633645,2392868,1052381,1340487,10000,59,0.0865,126600452,0,1
20,student,low,3878356,0,1093421,-1093421,2305000,47,0.0146,0,2305000,0
47,self_employed,medium,2773781,4431120,3447022,984098,2103000,80,0.0374,92812566,0,1
24,student,low,0,43824,33865,9959,2491000,67,0.0297,724793,1766207,0
24,student,medium,19998,0,27660,-27660,106000,45,0.0409,0,106000,0
23,student,high,0,0,0,0,10000,69,0.0958,0,10000,0
20,student,medium,8094452,0,2607453,-2607453,10000,68,0.0584,0,10000,0
19,student,low,4629625,1303504,674432,629072,10000,61,0.0129,44580724,0,1
22,student,medium,3743148,17969,14178,3791,471000,28,0.0575,4392539,0,1
25,student,medium,4025252,0,1848791,-1848791,1020000,8,0.0365,0,1020000,0
34,employee,medium,16133009,2033942,1297373,736569,104000,73,0.0363,80180249,0,1
22,student,medium,0,1104534,634165,470369,921000,52,0.056,27609758,0,1
26,freelancer,low,20285003,3182536,2819725,362811,511000,22,0.0279,29528060,0,1
21,student,high,4079456,1231065,792252,438813,1266000,46,0.0776,28908893,0,1
27,professional,medium,28088086,5763279,4888034,875245,1387000,36,0.0432,65544605,0,1
34,employee,medium,20656142,4434148,2138938,2295210,1300000,49,0.0391,145951991,0,1
29,self_employed,medium,46662455,6713864,5326571,1387293,10000,73,0.0427,175884829,0,1
19,student,low,2226808,0,376575,-376575,1340000,39,0.0149,0,1340000,0
21,student,low,3603824,0,529989,-529989,1752000,40,0.0192,0,1752000,0
41,employee,high,5916819,3578501,2414542,1163959,10000,109,0.0917,210482588,0,1
25,student,high,0,0,0,0,10000,86,0.0646,0,10000,0
39,professional,medium,34185921,5160637,3321597,1839040,10000,113,0.0347,292744201,0,1
22,student,high,3295308,2096014,1811203,284811,2338000,64,0.0621,26129043,0,1
37,freelancer,medium,0,0,0,0,10000,38,0.0381,0,10000,0
33,employee,medium,22652808,1878673,1302348,576325,1215000,34,0.0417,46249914,0,1
37,employee,low,22184593,3824839,2526975,1297864,700000,19,0.0196,47908556,0,1
24,professional,low,31388051,3115581,2042784,1072797,1024000,1,0.0149,32499821,0,1
49,self_employed,medium,35872884,2926088,1675547,1250541,10000,59,0.0358,123308435,0,1
24,self_employed,low,0,0,0,0,1063000,46,0.0148,0,1063000,0
33,employee,low,14415953,1998545,1324441,674104,10000,45,0.0269,47824144,0,1
23,student,medium,1601393,2109777,990247,1119530,633000,45,0.0438,56530966,0,1
22,student,high,5786693,1162835,883493,279342,10000,6,0.0736,7704898,0,1
28,professional,high,16671646,4667460,3072573,1594887,131000,75,0.0771,180014485,0,1
24,self_employed,high,14204373,5546309,3741463,1804846,1216000,40,0.076,100153982,0,1
27,self_employed,medium,18379469,0,4707063,-4707063,1225000,50,0.0503,0,1225000,0
24,student,medium,3665463,0,689510,-689510,470000,45,0.0596,0,470000,0
23,student,medium,190355,1521992,483869,1038123,1998000,73,0.041,86149468,0,1
25,student,low,4967987,0,1219924,-1219924,857000,64,0.012,0,857000,0
21,student,low,0,1772629,1293949,478680,1422000,64,0.0224,32508405,0,1
40,employee,high,58227697,3530762,2147870,1382892,10000,47,0.0972,163791156,0,1
34,self_employed,high,43178290,4849050,2459446,2389604,10000,43,0.0982,183858988,0,1
31,employee,high,4236458,3756581,2238620,1517961,672000,66,0.0921,136829789,0,1
43,professional,low,20733242,4090423,1945835,2144588,1000000,10,0.0153,42568458,0,1
24,professional,medium,24263284,5277893,3945536,1332357,2231000,12,0.0435,41650970,0,1
27,student,medium,582647,0,308611,-308611,1004000,17,0.0491,0,1004000,0
35,freelancer,medium,25209651,0,3652542,-3652542,1878000,62,0.0488,0,1878000,0
39,employee,medium,18607676,3453077,1987118,1465959,1811000,31,0.052,69803016,0,1
29,employee,low,23692976,4489477,2216827,2272650,1700000,63,0.0122,173043475,0,1
38,employee,medium,41263801,2588650,1947978,640672,1264000,28,0.0418,64291913,0,1
26,employee,low,28720136,1887165,1173187,713978,360000,82,0.0109,91693026,0,1
24,student,medium,5747760,1049122,677829,371293,1011000,30,0.041,18075680,0,1
24,student,low,2733525,0,1640115,-1640115,435000,47,0.0242,0,435000,0
25,professional,low,34535922,6549428,3506124,3043304,10000,35,0.018,145673213,0,1
22,student,low,3854213,0,235932,-235932,10000,42,0.0214,0,10000,0
22,student,low,8405898,0,2398460,-2398460,476000,23,0.0172,0,476000,0
21,student,low,1536939,672928,686445,-13517,2022000,17,0.0163,1340515,681485,0
24,student,low,4731689,2238104,1195774,1042330,1310000,34,0.0267,41874800,0,1
25,student,medium,0,1256965,1252731,4234,491000,79,0.0329,372904,118096,0
23,student,low,5428852,0,1081518,-1081518,189000,66,0.0101,0,189000,0
36,employee,medium,16439308,3938320,2540534,1397786,2345000,76,0.0441,144017843,0,1
22,employee,low,34880287,4055061,2967576,1087485,1359000,59,0.0199,105809227,0,1
31,self_employed,high,41464184,2085546,1391187,694359,10000,73,0.0616,121559473,0,1
23,student,low,4865673,1749819,1134809,615010,2823000,94,0.0104,65482352,0,1
38,freelancer,medium,725243,0,108040,-108040,113000,67,0.0598,0,113000,0
32,employee,low,4800951,2487480,1741200,746280,10000,6,0.0141,9325751,0,1
23,student,low,0,0,0,0,1796000,50,0.0175,0,1796000,0
26,self_employed,low,60101749,934965,703409,231556,10000,72,0.019,84997817,0,1
30,professional,low,20748594,0,12449156,-12449156,2396000,38,0.0235,0,2396000,0
22,employee,medium,27343457,4676165,2546953,2129212,10000,47,0.0481,142878388,0,1
22,student,low,6996905,0,0,0,1063000,37,0.027,7603620,0,1
23,student,low,3297846,0,1965351,-1965351,1234000,96,0.0139,0,1234000,0
27,freelancer,high,5603415,0,995730,-995730,182000,55,0.0745,0,182000,0
29,employee,medium,11871982,4637487,3299288,1338199,210000,54,0.0321,91345397,0,1
21,student,low,3670582,0,1326791,-1326791,1009000,34,0.0185,0,1009000,0
37,freelancer,medium,0,5003061,3837690,1165371,603000,39,0.0373,48239482,0,1
26,student,low,2176145,0,690049,-690049,10000,90,0.0216,0,10000,0
43,professional,medium,22756882,5265901,3323601,1942300,1755000,50,0.0345,130550693,0,1
21,student,low,0,1271547,710041,561506,745000,35,0.0107,19953555,0,1
31,employee,medium,0,4435126,3354532,1080594,10000,51,0.0365,59516989,0,1
32,freelancer,medium,13423582,3513424,2039454,1473970,918000,72,0.0396,136589982,0,1
21,student,low,4818332,0,1506202,-1506202,367000,37,0.0147,0,367000,0
31,self_employed,low,23032448,4193701,4813742,-620041,424000,62,0.0129,0,424000,0
21,student,medium,0,657494,407579,249915,18000,43,0.0455,11648096,0,1
32,professional,low,23483006,5826936,4002935,1824001,10000,42,0.0247,105532279,0,1
25,student,medium,2412330,1439607,1398816,40791,2037000,71,0.0361,6209115,0,1
39,self_employed,medium,0,0,0,0,739000,28,0.046,0,739000,0
48,self_employed,medium,0,2051093,1180426,870667,10000,19,0.0323,16949598,0,1
41,self_employed,low,31355970,0,18813582,-18813582,10000,50,0.0248,0,10000,0
21,student,high,0,782582,658744,123838,851000,46,0.0993,6898193,0,1
28,self_employed,low,44276131,3411701,2992090,419611,10000,47,0.0208,68559565,0,1
29,employee,medium,27268875,3853113,2172789,1680324,10000,52,0.0409,127967758,0,1
41,freelancer,medium,5185028,1929751,750481,1179270,603000,48,0.0446,68038492,0,1
35,freelancer,medium,7490210,1818029,1805339,12690,51000,97,0.0566,13379182,0,1
23,student,low,37334,0,49778,-49778,10000,70,0.0259,0,10000,0
29,employee,medium,0,3529558,2007706,1521852,1031000,20,0.059,31901533,0,1
41,freelancer,medium,31253196,3499645,1326138,2173507,1738000,60,0.0311,177403362,0,1
44,employee,low,32844293,3075088,1537974,1537114,1030000,14,0.0156,55149522,0,1
37,professional,medium,0,6681992,3481858,3200134,606000,62,0.0591,231373384,0,1
22,student,low,0,0,0,0,223000,57,0.0176,0,223000,0
44,employee,low,20045628,3646539,2615943,1030596,1635000,5,0.0179,25363958,0,1
32,employee,low,4150637,3861196,2443074,1418122,1780000,48,0.0223,75666541,0,1
39,self_employed,low,24344491,7691327,4027024,3664303,10000,107,0.018,453532481,0,1
22,student,low,1316649,0,157827,-157827,2366000,37,0.0252,0,2366000,0
32,employee,medium,24254665,4812946,2577915,2235031,10000,91,0.0354,264623057,0,1
42,self_employed,low,0,1564099,1302538,261561,1849000,28,0.0282,7560855,0,1
28,freelancer,medium,0,0,0,0,787000,44,0.0487,0,787000,0
36,employee,medium,29525527,0,9000235,-9000235,58000,45,0.0316,0,58000,0
19,student,low,1366928,0,209202,-209202,446000,51,0.0167,0,446000,0
38,employee,medium,15806550,3322016,2639025,682991,10000,68,0.0475,73852386,0,1
23,student,medium,0,2468722,1404214,1064508,10000,32,0.0417,35964439,0,1
52,employee,low,0,3563918,2386616,1177302,10000,57,0.0224,70736749,0,1
42,self_employed,high,12610263,7441965,4781912,2660053,970000,89,0.0953,367766153,0,1
30,self_employed,low,22628992,0,9035242,-9035242,808000,58,0.0203,0,808000,0
32,employee,high,18736122,3193322,2095469,1097853,145000,66,0.0857,122122114,0,1
37,freelancer,low,20583442,1492258,715339,776919,1451000,53,0.0143,64403299,0,1
24,student,medium,5483977,1429062,1073520,355542,10000,24,0.0317,14639757,0,1
24,employee,high,22035395,3485600,2547318,938282,10000,45,0.0926,81394340,0,1
50,professional,high,17624521,6150138,3458983,2691155,2326000,43,0.0811,157313480,0,1
46,professional,low,43807868,5827215,3138097,2689118,1094000,35,0.0201,143299821,0,1
19,student,high,7624855,0,2298585,-2298585,1896000,50,0.0699,0,1896000,0
32,freelancer,medium,0,4116002,3935210,180792,1382000,44,0.0495,8702867,0,1
28,professional,medium,14334973,0,6132477,-6132477,546000,33,0.0525,0,546000,0
28,freelancer,low,3080522,0,272419,-272419,1060000,99,0.0173,0,1060000,0
24,student,low,3491007,2290919,1423319,867600,1179000,65,0.014,62317776,0,1
37,self_employed,high,70266554,3698314,2932508,765806,10000,2,0.0969,72943737,0,1
28,employee,low,20921438,2686135,1783587,902548,897000,47,0.0117,65287062,0,1
32,freelancer,high,13909245,0,8334965,-8334965,10000,1,0.0715,5657156,0,1
20,student,medium,3959915,0,0,0,10000,30,0.054,4530896,0,1
24,student,medium,0,1627072,1699628,-72556,10000,54,0.0405,0,10000,0
24,student,low,0,0,0,0,10000,43,0.0282,0,10000,0
36,freelancer,medium,34288977,0,5250322,-5250322,10000,17,0.0363,0,10000,0
38,freelancer,medium,27949767,2572421,1433092,1139329,1531000,19,0.0524,52881505,0,1
31,self_employed,high,2984461,0,1790676,-1790676,10000,50,0.0891,0,10000,0
28,employee,low,534152,3961946,1910510,2051436,10000,55,0.0251,120042206,0,1
33,employee,medium,35652619,2486190,1427162,1059028,17000,35,0.0458,80312677,0,1
22,employee,low,18961602,3140192,2324386,815806,525000,51,0.0132,62826238,0,1
38,employee,high,15302057,1655224,1101007,554217,334000,60,0.0989,67832055,0,1
34,freelancer,medium,0,0,0,0,10000,68,0.0351,0,10000,0
32,employee,low,17148706,2116065,1327421,788644,703000,30,0.0272,42807596,0,1
20,student,low,3378934,0,792075,-792075,10000,51,0.0168,0,10000,0
38,professional,high,51383325,5221156,3484348,1736808,64000,12,0.074,76880653,0,1
24,self_employed,high,44317754,0,20000000,-20000000,940000,14,0.0959,0,940000,0
21,student,low,0,0,0,0,127000,1,0.0251,0,127000,0
33,employee,low,0,2882779,1515784,1366995,780000,75,0.0232,110215918,0,1
36,employee,low,33119831,2881820,1663186,1218634,508000,1,0.0103,34366893,0,1
45,self_employed,high,7076718,5362962,3818081,1544881,10000,44,0.086,89270516,0,1
22,student,medium,4047026,1427110,962732,464378,280000,59,0.0449,35638792,0,1
22,student,medium,0,0,0,0,10000,40,0.0328,0,10000,0
38,employee,low,5721776,4235665,2516541,1719124,1434000,46,0.0223,88710086,0,1
37,freelancer,medium,3770,0,29890,-29890,590000,35,0.0574,0,590000,0
31,employee,medium,0,3884569,2448864,1435705,10000,73,0.0437,119810224,0,1
22,freelancer,medium,6963253,0,629666,-629666,1056000,92,0.0312,0,1056000,0
22,student,low,1343935,0,367781,-367781,1497000,73,0.016,0,1497000,0
39,self_employed,medium,2173670,0,1108565,-1108565,10000,55,0.0437,0,10000,0
21,student,medium,1397294,52450,41977,10473,10000,35,0.0509,2014677,0,1
36,employee,low,32975174,2988737,1760013,1228724,2152000,45,0.0211,93174254,0,1
25,self_employed,medium,1500264,2869048,1632995,1236053,1386000,51,0.037,69907292,0,1
47,self_employed,high,19669916,0,6622513,-6622513,10000,45,0.0873,0,10000,0
37,employee,low,24016114,2616865,1488879,1127986,10000,1,0.0215,25187129,0,1
25,student,medium,0,947615,874318,73297,10000,46,0.038,3623440,0,1
38,professional,low,0,6237741,2652276,3585465,218000,38,0.0235,141301823,0,1
21,student,medium,5161506,727592,497381,230211,170000,56,0.0545,21294343,0,1
21,student,low,0,0,0,0,917000,29,0.0136,0,917000,0
30,employee,low,11886527,3040958,2098827,942131,10000,27,0.022,38542313,0,1
40,self_employed,medium,0,0,0,0,751000,34,0.0416,0,751000,0
43,self_employed,high,0,0,0,0,1954000,32,0.0808,0,1954000,0
24,student,medium,2484872,95502,73252,22250,1080000,40,0.0544,3951070,0,1
21,student,medium,0,43558,20006,23552,1750000,82,0.0414,2227722,0,1
23,student,low,1197083,0,542544,-542544,1085000,89,0.0126,0,1085000,0
26,student,low,0,0,0,0,745000,8,0.0226,0,745000,0
40,employee,high,0,2087135,1442325,644810,1584000,1,0.0886,644810,939190,0
22,student,medium,0,0,0,0,1886000,43,0.0339,0,1886000,0
41,professional,medium,17524909,6615764,4701897,1913867,1895000,63,0.0433,157095181,0,1
26,freelancer,high,0,3718962,2532599,1186363,10000,16,0.0816,19981291,0,1
34,freelancer,medium,15087556,806517,614805,191712,796000,36,0.0345,23990764,0,1
26,student,medium,0,512328,327534,184794,1156000,70,0.0334,14259876,0,1
23,student,low,4188825,0,0,0,467000,34,0.0105,4315259,0,1
35,employee,high,12200076,1381508,1159939,221569,10000,66,0.0723,36028787,0,1
27,student,medium,8147505,918046,684728,233318,2606000,120,0.0403,46593368,0,1
24,student,low,5329713,0,1548312,-1548312,103000,84,0.0283,0,103000,0
33,freelancer,low,13368671,0,739126,-739126,10000,43,0.0263,0,10000,0
21,student,low,0,0,0,0,26000,90,0.0191,0,26000,0
23,student,low,2526153,0,1143977,-1143977,10000,63,0.0249,0,10000,0
19,student,medium,0,0,0,0,976000,58,0.0335,0,976000,0
40,professional,medium,40410173,5577687,2664606,2913081,661000,75,0.0488,309648381,0,1
44,self_employed,low,0,1599913,1429382,170531,707000,46,0.0242,8211127,0,1
47,self_employed,medium,33730054,0,16191455,-16191455,10000,45,0.0322,0,10000,0
26,employee,medium,7993108,4464392,3051456,1412936,1831000,90,0.0334,154547159,0,1
44,freelancer,high,20508521,0,6799047,-6799047,10000,69,0.0838,0,10000,0
24,self_employed,low,13322006,5197247,2599381,2597866,10000,7,0.0108,31640397,0,1
19,student,low,0,0,0,0,1088000,86,0.0211,0,1088000,0
21,student,medium,0,0,0,0,244000,19,0.0362,0,244000,0
28,freelancer,high,15978262,913944,489671,424273,461000,83,0.0916,78936024,0,1
22,student,medium,0,0,0,0,10000,74,0.053,0,10000,0
25,freelancer,medium,24764903,1548567,1179687,368880,10000,19,0.0519,34169487,0,1
25,student,medium,245080,0,115604,-115604,746000,66,0.0303,0,746000,0
55,self_employed,low,7780051,0,252127,-252127,10000,32,0.023,0,10000,0
36,professional,medium,42809597,5290480,4344757,945723,10000,34,0.0523,84209521,0,1
37,freelancer,medium,16049364,2104663,1027096,1077567,1508000,48,0.0484,76413265,0,1
35,freelancer,high,14342521,1088698,730760,357938,281000,25,0.0876,26980712,0,1
27,student,medium,1546220,0,270944,-270944,2119000,51,0.0311,0,2119000,0
23,student,medium,0,0,0,0,1100000,32,0.0596,0,1100000,0
32,employee,high,21932153,3520861,1954832,1566029,577000,31,0.0966,83012627,0,1
31,employee,low,18875577,4717998,2291075,2426923,88000,21,0.0293,72096668,0,1
28,employee,low,23019838,4645054,3898596,746458,10000,47,0.0263,62426225,0,1
31,freelancer,low,12369365,0,5112440,-5112440,295000,5,0.0164,0,295000,0
38,self_employed,low,17046922,1209943,690345,519598,10000,47,0.0175,43513849,0,1
35,self_employed,high,44216185,5076001,3163901,1912100,10000,62,0.0733,208095576,0,1
26,student,low,943380,611421,439465,171956,1574000,83,0.0192,16327634,0,1
21,student,low,7503390,1003788,815902,187886,605000,70,0.0243,22759328,0,1
35,freelancer,high,13600249,0,3371884,-3371884,1350000,51,0.0872,0,1350000,0
25,student,low,8653204,785127,312745,472382,1324000,59,0.0272,39673904,0,1
39,professional,medium,0,3330387,2615554,714833,1655000,72,0.0581,61402906,0,1
40,freelancer,medium,8369194,0,2325562,-2325562,204000,118,0.0403,0,204000,0
51,self_employed,medium,17816469,0,7467403,-7467403,10000,59,0.0531,0,10000,0
34,employee,low,29180749,3476258,1898447,1577811,740000,1,0.0103,30783607,0,1
51,self_employed,high,33390925,3739081,3208365,530716,1558000,34,0.0631,59610311,0,1
23,student,high,5252204,0,1232959,-1232959,2003000,40,0.0857,0,2003000,0
43,employee,low,23436840,2515629,1547486,968143,1126000,13,0.025,36823973,0,1
41,professional,low,16920703,4227635,2297161,1930474,975000,47,0.0273,114473921,0,1
22,student,medium,0,0,0,0,10000,33,0.0473,0,10000,0
47,freelancer,high,17519182,3371520,2027146,1344374,367000,60,0.0712,121531390,0,1
46,freelancer,medium,17961657,0,0,0,10000,65,0.0394,22226969,0,1
40,self_employed,low,0,0,0,0,10000,42,0.0152,0,10000,0
21,student,medium,0,0,0,0,1805000,22,0.0301,0,1805000,0
21,student,high,0,144458,121374,23084,1102000,2,0.0626,46288,1055712,0
21,student,high,105150,917771,745947,171824,10000,78,0.0802,17692484,0,1
24,student,low,0,0,0,0,235000,107,0.0164,0,235000,0
33,self_employed,medium,24729734,4535900,2993053,1542847,10000,19,0.0369,56354932,0,1
22,student,low,4748071,0,0,0,10000,43,0.0185,5073237,0,1
48,self_employed,low,0,0,0,0,10000,27,0.0161,0,10000,0
20,student,medium,4276350,0,504633,-504633,469000,52,0.0312,0,469000,0
33,employee,low,9280701,3628661,2034988,1593673,10000,5,0.0256,17382554,0,1
34,professional,medium,22363523,0,5864798,-5864798,10000,60,0.0526,0,10000,0
20,student,low,0,0,0,0,10000,30,0.0167,0,10000,0
38,self_employed,high,2346689,0,430194,-430194,10000,67,0.0636,0,10000,0
20,student,low,2364330,0,421214,-421214,468000,40,0.0101,0,468000,0
23,student,low,0,0,0,0,1354000,29,0.0263,0,1354000,0
23,student,low,1281173,2821290,2133175,688115,142000,42,0.0134,30915033,0,1
24,student,high,0,0,0,0,664000,34,0.084,0,664000,0
34,freelancer,low,7902127,2851262,1412998,1438264,1155000,23,0.0175,41787661,0,1
20,student,medium,1734923,1053815,621305,432510,1253000,64,0.0307,32077182,0,1
19,student,medium,10868788,1729961,1657311,72650,269000,47,0.0332,16017002,0,1
33,employee,low,30167068,4372597,2648222,1724375,10000,2,0.0221,33730211,0,1
25,student,medium,3163332,0,1614330,-1614330,10000,7,0.04,0,10000,0
35,professional,medium,12673089,3775659,1983789,1791870,3064000,47,0.0313,103797398,0,1
25,student,medium,989597,352928,399999,-47071,1769000,40,0.0378,0,1769000,0
25,student,high,0,278776,149091,129685,1892000,72,0.0991,12686664,0,1
25,student,high,2027112,1923199,932636,990563,1658000,76,0.0827,101923336,0,1
29,professional,medium,48406617,6365132,4538019,1827113,851000,27,0.0595,107969859,0,1
39,professional,low,5106679,5636249,3152378,2483871,10000,52,0.0162,139187180,0,1
23,student,low,2420408,0,1067535,-1067535,20000,53,0.0144,0,20000,0
21,student,high,0,0,0,0,10000,43,0.0873,0,10000,0
26,self_employed,high,28812463,0,7822540,-7822540,10000,74,0.0633,0,10000,0
32,employee,medium,11815793,3723974,2281822,1442152,1661000,46,0.0566,88563256,0,1
27,student,medium,4978229,0,1237425,-1237425,887000,48,0.0581,0,887000,0
34,professional,low,0,4246738,2506381,1740357,10000,36,0.0163,64165349,0,1
21,student,low,0,0,0,0,1167000,27,0.0179,0,1167000,0
37,professional,high,14634080,5143414,3271972,1871442,1349000,42,0.0641,106157686,0,1
46,self_employed,medium,1330312,0,605442,-605442,657000,69,0.0387,0,657000,0
24,employee,medium,36378904,2008192,1095732,912460,919000,34,0.0334,72476090,0,1
51,self_employed,low,0,3031761,3096081,-64320,13000,82,0.0141,0,13000,0
21,student,high,0,0,0,0,91000,63,0.097,0,91000,0
44,self_employed,high,13952060,3197413,2227304,970109,32000,59,0.0929,94191070,0,1
26,employee,low,31806947,4639024,3717480,921544,352000,47,0.025,80529714,0,1
23,student,medium,0,1661291,1257250,404041,106000,84,0.0347,38353991,0,1
32,employee,low,34013107,5103053,2986758,2116295,1054000,42,0.0286,130957981,0,1
43,self_employed,medium,29828962,2997513,1958411,1039102,601000,20,0.0408,53391397,0,1
32,professional,low,46025773,4791682,2552494,2239188,725000,42,0.0113,143766056,0,1
24,employee,low,11000154,3626555,2103142,1523413,1479000,78,0.0166,137634908,0,1
32,freelancer,high,2079274,3128349,1976489,1151860,836000,45,0.0976,65282340,0,1
38,freelancer,high,34167607,2290834,1965732,325102,194000,62,0.0837,77683647,0,1
25,employee,medium,12665389,3653671,2240535,1413136,1359000,34,0.0329,64186088,0,1
43,self_employed,low,18620044,0,8014678,-8014678,440000,50,0.0233,0,440000,0
22,student,low,3008869,1408892,932956,475936,10000,53,0.0288,30281300,0,1
23,student,low,0,0,0,0,754000,29,0.0211,0,754000,0
48,self_employed,medium,4818498,1861047,1218107,642940,403000,40,0.0517,33723569,0,1
24,student,low,0,877631,440729,436902,1233000,2,0.0282,874831,358169,0
22,student,medium,0,0,0,0,10000,41,0.0413,0,10000,0
30,employee,medium,24416780,2382639,1413268,969371,1014000,50,0.0597,86168606,0,1
42,employee,low,17697000,3612228,2146830,1465398,74000,28,0.0222,60709489,0,1
23,student,low,2016481,1481539,557070,924469,10000,53,0.0172,53043624,0,1
40,freelancer,medium,7858475,1316845,623901,692944,1606000,51,0.0303,46602897,0,1
46,employee,low,30802714,3698458,2475690,1222768,158000,75,0.0171,130989439,0,1
38,self_employed,high,50107636,5727417,5680679,46738,999000,61,0.0976,85802102,0,1
33,employee,medium,24284570,3291303,1968114,1323189,109000,130,0.034,242699032,0,1
24,student,medium,8968431,2303419,1566981,736438,606000,38,0.0318,39318518,0,1
20,student,low,0,0,0,0,1658000,50,0.028,0,1658000,0
52,self_employed,low,21652357,0,5189027,-5189027,409000,84,0.0171,0,409000,0
29,professional,low,0,4544803,2526526,2018277,1260000,36,0.026,75481796,0,1
22,student,medium,0,1933505,1385627,547878,10000,101,0.0484,68139393,0,1
29,employee,medium,31007698,3369006,1794397,1574609,850000,36,0.0559,98215501,0,1
22,student,high,0,53058,44283,8775,2479000,68,0.072,734138,1744862,0
27,employee,low,26321130,3690441,2593152,1097289,1282000,34,0.0154,65603006,0,1
29,professional,low,17652143,2096920,1470228,626692,10000,66,0.0224,63938112,0,1
31,employee,low,13491773,769328,456888,312440,10000,102,0.0226,51445627,0,1
24,student,low,3905065,0,1575307,-1575307,10000,87,0.0116,0,10000,0
45,employee,medium,23569197,4233999,2088997,2145002,602000,48,0.031,136142024,0,1
51,employee,medium,28040190,4067608,3011707,1055901,933000,9,0.032,38325486,0,1
31,freelancer,medium,23285526,0,2319952,-2319952,226000,57,0.0498,0,226000,0
31,employee,medium,17812574,2543071,1513410,1029661,2055000,34,0.035,56413580,0,1
45,freelancer,medium,4319844,2029440,1069641,959799,10000,38,0.0409,43785128,0,1
22,student,low,0,728196,646753,81443,718000,56,0.023,4809709,0,1
23,student,low,8093951,0,1117768,-1117768,10000,97,0.0294,0,10000,0
33,self_employed,low,22613599,6313143,4402411,1910732,3657000,60,0.0242,147257175,0,1
25,student,medium,0,0,0,0,1140000,91,0.0367,0,1140000,0
31,employee,low,12897808,3179232,2139044,1040188,1207000,69,0.0285,93080010,0,1
34,freelancer,medium,29573635,0,6795831,-6795831,1036000,81,0.0479,0,1036000,0
22,freelancer,low,42738689,0,17950448,-17950448,10000,86,0.0248,0,10000,0
29,freelancer,medium,18213469,0,5831715,-5831715,1675000,41,0.0302,0,1675000,0
23,employee,low,6308557,3875980,2741317,1134663,10000,22,0.0194,31927710,0,1
23,student,medium,0,903275,586273,317002,44000,63,0.0374,22028882,0,1
25,employee,low,14469977,3126982,1780864,1346118,1159000,45,0.0148,77543597,0,1
40,employee,low,19532995,2471982,1346502,1125480,10000,19,0.0284,42276059,0,1
40,employee,medium,15395845,2828051,1676919,1151132,1287000,8,0.0568,25351657,0,1
29,employee,medium,9875022,3138700,1428350,1710350,1149000,22,0.0565,50497740,0,1
38,self_employed,medium,11007696,2078187,1604468,473719,3535000,4,0.0364,13045380,0,1
24,self_employed,medium,4004672,0,574303,-574303,10000,58,0.0414,0,10000,0
37,professional,low,31579158,3384228,1894800,1489428,313000,73,0.0109,146104407,0,1
61,self_employed,medium,32420097,3174474,2372732,801742,1875000,42,0.0476,74846594,0,1
47,self_employed,high,40174,5527352,5454579,72773,408000,83,0.0632,7613306,0,1
40,employee,medium,7818001,4680339,2681463,1998876,10000,52,0.0439,123709505,0,1
33,employee,medium,2668878,0,680390,-680390,686000,58,0.0589,0,686000,0
37,employee,low,25054677,2223501,1879111,344390,10000,38,0.0109,39243322,0,1
32,employee,low,29301964,3299370,2623261,676109,1884000,27,0.0225,49529044,0,1
34,professional,low,0,5829131,3385247,2443884,10000,38,0.0248,96507900,0,1
22,student,medium,857984,0,514790,-514790,1748000,1,0.0391,345990,1402010,0
32,employee,medium,31043392,0,12822935,-12822935,1135000,73,0.0356,0,1135000,0
35,freelancer,low,623271,3425932,2241949,1183983,10000,62,0.0244,78857141,0,1
31,self_employed,medium,12532878,2958094,989603,1968491,611000,30,0.0354,75342568,0,1
23,student,low,1113769,0,259021,-259021,436000,91,0.0197,0,436000,0
22,freelancer,low,19916420,0,4564531,-4564531,10000,43,0.0241,0,10000,0
23,student,medium,0,0,0,0,10000,71,0.0356,0,10000,0
22,employee,medium,10544201,4422407,3254380,1168027,288000,55,0.0412,83306175,0,1
27,freelancer,medium,893011,1345612,758630,586982,10000,111,0.0408,80294588,0,1
24,student,medium,2718960,0,990855,-990855,10000,84,0.045,0,10000,0
45,freelancer,high,5240844,2497274,1560899,936375,620000,15,0.0917,20697207,0,1
46,self_employed,high,0,0,0,0,387000,22,0.0777,0,387000,0
32,employee,high,17006972,4212151,2700348,1511803,106000,60,0.068,131546902,0,1
21,student,low,0,0,0,0,479000,24,0.0291,0,479000,0
24,student,low,0,1103334,739426,363908,558000,60,0.0123,22507977,0,1
21,student,low,0,1718182,917689,800493,10000,75,0.0192,63733618,0,1
41,professional,high,3892884,3273284,1810168,1463116,1023000,39,0.0961,71980298,0,1
22,student,low,0,939422,578630,360792,1841000,1,0.0242,360792,1480208,0
42,professional,medium,46076756,3468352,2025216,1443136,313000,95,0.0535,240548208,0,1
38,employee,high,10912126,1399019,710536,688483,1011000,9,0.0729,17872524,0,1
23,student,high,3488915,1385160,418278,966882,10000,102,0.0762,144793518,0,1
49,freelancer,high,0,0,0,0,818000,68,0.0793,0,818000,0
35,freelancer,medium,22713649,4852987,2054262,2798725,10000,62,0.0483,225781546,0,1
35,employee,medium,21922510,3185901,2270436,915465,785000,40,0.0436,64681611,0,1
45,freelancer,medium,0,0,0,0,1338000,22,0.033,0,1338000,0
33,self_employed,high,14711333,0,7175076,-7175076,414000,60,0.0934,0,414000,0
36,professional,low,15084930,5391172,3714384,1676788,1461000,45,0.012,92918428,0,1
35,employee,medium,16743246,4096534,3227851,868683,10000,41,0.0555,59347900,0,1
33,freelancer,high,0,0,0,0,1904000,58,0.0765,0,1904000,0
30,employee,high,29728748,3416330,2687465,728865,10000,45,0.0933,81213658,0,1
41,self_employed,low,52239727,4704604,3746145,958459,10000,73,0.0113,128348416,0,1
21,student,high,0,0,0,0,10000,58,0.0697,0,10000,0
30,freelancer,high,0,0,0,0,2948000,71,0.0705,0,2948000,0
27,employee,low,5408568,810275,564598,245677,1307000,45,0.03,17737617,0,1
24,freelancer,medium,0,4155676,3177730,977946,767000,109,0.03,122359413,0,1
28,employee,low,11178341,3223322,2221814,1001508,1915000,34,0.0271,47420633,0,1
35,employee,low,0,3493247,2800889,692358,562000,25,0.0194,17648943,0,1
34,freelancer,high,0,0,0,0,1144000,39,0.0648,0,1144000,0
28,employee,low,11881317,4364446,2133994,2230452,879000,65,0.0137,163201231,0,1
27,employee,low,9839020,3548237,2009142,1539095,673000,62,0.0179,110689324,0,1
32,freelancer,low,15142347,2702429,2231025,471404,10000,26,0.0224,28441468,0,1
50,freelancer,high,19822946,846930,686001,160929,10000,84,0.0855,54409180,0,1
26,student,medium,0,0,0,0,1625000,12,0.0477,0,1625000,0
20,student,medium,0,0,0,0,1040000,1,0.0482,0,1040000,0
29,employee,medium,44035044,3703496,2167415,1536081,30000,10,0.0546,61759333,0,1
24,student,low,0,2561729,2152785,408944,321000,65,0.0195,28011971,0,1
26,student,low,6399273,0,2936319,-2936319,421000,39,0.0188,0,421000,0
24,student,medium,0,0,0,0,1889000,88,0.046,0,1889000,0
23,student,low,2624318,0,283043,-283043,10000,37,0.0205,0,10000,0
22,student,high,1499705,0,636968,-636968,3002000,25,0.0688,0,3002000,0
42,freelancer,high,0,3464981,2498822,966159,2434000,29,0.0668,30315663,0,1
31,self_employed,low,21631391,0,8538724,-8538724,254000,25,0.0229,0,254000,0
38,employee,low,26041261,1688519,975043,713476,10000,62,0.0252,76849982,0,1
22,freelancer,medium,1904895,0,0,0,479000,60,0.0565,2525058,0,1
34,employee,low,15853791,4113693,3219276,894417,10000,54,0.0208,67993144,0,1
25,freelancer,medium,16489600,3435438,2811001,624437,452000,38,0.0435,44311591,0,1
23,student,medium,0,1748265,1570597,177668,10000,56,0.0598,11443708,0,1
29,employee,high,34380248,4312193,1816788,2495405,40000,3,0.0933,42732990,0,1
30,freelancer,high,0,4800393,2927305,1873088,10000,62,0.0846,145021757,0,1
31,employee,high,8373135,2044789,1050831,993958,10000,41,0.064,55830080,0,1
22,student,low,0,0,0,0,10000,95,0.0236,0,10000,0
41,employee,medium,14594138,2619146,1830040,789106,1493000,2,0.034,16257403,0,1
32,professional,high,44201783,4775446,2527447,2247999,10000,63,0.0978,257844938,0,1
23,student,low,0,1281035,1346549,-65514,10000,95,0.0277,0,10000,0
35,employee,low,7027323,3225420,1240228,1985192,10000,19,0.0235,45684333,0,1
44,freelancer,high,5565641,3283853,1580848,1703005,1056000,80,0.0767,186396474,0,1
22,student,medium,2566436,1506807,1354529,152278,1178000,62,0.0333,13334068,0,1
34,employee,high,20935531,2213856,1605840,608016,476000,35,0.0652,48676407,0,1
20,student,medium,2523977,0,453456,-453456,10000,55,0.0479,0,10000,0
22,student,low,5382653,0,3183529,-3183529,252000,42,0.0297,0,252000,0
21,student,low,4362477,1291357,775747,515610,736000,30,0.0129,20217231,0,1
24,student,low,0,2040411,1558586,481825,453000,5,0.018,2416363,0,1
55,freelancer,medium,33480560,0,0,0,1208000,53,0.0485,41460517,0,1
22,student,high,1223033,296236,219485,76751,632000,1,0.068,1306715,0,1
30,self_employed,high,45289144,2958666,1194103,1764563,1753000,26,0.0874,105003062,0,1
24,student,medium,0,1592156,1593396,-1240,10000,78,0.0453,0,10000,0
34,employee,high,7598136,2978587,1341812,1636775,88000,33,0.0975,71586445,0,1
35,employee,high,12431030,2017453,1378529,638924,676000,22,0.0972,30164153,0,1
29,employee,medium,15233385,2101296,1587651,513645,305000,106,0.032,83026625,0,1
35,self_employed,low,24478147,0,13882254,-13882254,10000,13,0.0229,0,10000,0
26,freelancer,low,0,1817607,995726,821881,10000,57,0.0219,49323218,0,1
31,freelancer,high,6701024,0,923482,-923482,10000,58,0.0936,0,10000,0
50,self_employed,low,45198446,6444341,3645650,2798691,883000,84,0.0166,299874837,0,1
47,self_employed,medium,0,6827520,4922521,1904999,10000,50,0.0315,101641125,0,1
21,student,medium,0,0,0,0,593000,69,0.0435,0,593000,0
22,student,high,4841343,811596,683742,127854,1306000,96,0.0652,24201323,0,1
40,self_employed,high,48770754,4042664,2539343,1503321,2965000,29,0.0664,104382381,0,1
42,employee,medium,37105873,5172629,3831529,1341100,343000,18,0.0542,65330510,0,1
33,self_employed,high,22131163,0,13278697,-13278697,454000,55,0.0733,0,454000,0
24,student,low,4420912,0,516081,-516081,869000,6,0.0194,1354941,0,1
49,self_employed,medium,58127257,5263696,4740432,523264,455000,57,0.0505,107475633,0,1
30,self_employed,medium,0,0,0,0,1411000,50,0.0455,0,1411000,0
24,student,medium,0,0,0,0,10000,72,0.0586,0,10000,0
42,professional,high,14653644,5883068,3764700,2118368,2602000,49,0.0821,143290419,0,1
28,freelancer,medium,11321415,0,2780023,-2780023,10000,82,0.0333,0,10000,0
36,employee,low,25106411,2473137,1489253,983884,1604000,53,0.0137,80395729,0,1
36,professional,low,60922352,3542293,1768353,1773940,366000,44,0.0199,146431900,0,1
28,employee,low,16675888,3994465,2415545,1578920,780000,21,0.0253,51295800,0,1
44,self_employed,low,19944398,0,11966638,-11966638,1871000,103,0.0234,0,1871000,0
42,employee,high,0,4366272,1221375,3144897,10000,1,0.0882,3144897,0,1
39,freelancer,low,27272670,4939830,1638567,3301263,10000,81,0.0105,306255622,0,1
29,employee,medium,0,3662505,2793914,868591,843000,36,0.0315,32749383,0,1
30,professional,low,38589869,3045197,1838146,1207051,553000,40,0.0177,90630454,0,1
23,student,medium,0,0,0,0,727000,66,0.0501,0,727000,0
36,freelancer,high,0,664416,517694,146722,902000,46,0.0724,7752028,0,1
54,self_employed,high,19738138,0,1475997,-1475997,380000,37,0.0909,0,380000,0
35,freelancer,medium,22418422,0,6458538,-6458538,10000,67,0.0459,0,10000,0
36,employee,medium,14447401,1675019,1310861,364158,18000,99,0.0445,64304926,0,1
52,professional,high,23949506,6002922,3935377,2067545,571000,68,0.093,224670719,0,1
19,student,medium,3741595,0,1633843,-1633843,789000,72,0.0545,0,789000,0
23,student,low,404101,0,225475,-225475,2492000,45,0.0137,0,2492000,0
32,professional,medium,12590065,5199485,3329684,1869801,2077000,34,0.037,80895817,0,1
36,employee,high,0,3777257,2146281,1630976,10000,54,0.0769,104835545,0,1
35,employee,low,29654961,3250177,1844170,1406007,173000,55,0.0221,114116904,0,1
22,student,low,2432053,0,693502,-693502,771000,26,0.018,0,771000,0
37,self_employed,high,74435574,6101164,2510753,3590411,827000,41,0.0673,258608277,0,1
21,student,low,0,371042,150563,220479,310000,54,0.0145,12295211,0,1
23,student,low,761763,0,120065,-120065,10000,44,0.0186,0,10000,0
23,student,medium,1741481,0,571104,-571104,330000,82,0.0563,0,330000,0
43,professional,high,43551572,3047176,2299278,747898,729000,36,0.0726,84094364,0,1
38,employee,low,1711438,2878527,2299336,579191,10000,16,0.0171,11117638,0,1
38,employee,low,26716646,3447591,2100010,1347581,259000,57,0.0213,110315466,0,1
35,employee,low,0,3810636,2472370,1338266,1234000,66,0.0256,94737785,0,1
36,self_employed,low,61574894,4499592,2948773,1550819,120000,60,0.017,164080116,0,1
19,student,low,0,0,0,0,139000,52,0.0229,0,139000,0
24,student,medium,3746774,0,1353986,-1353986,1482000,85,0.0396,0,1482000,0
41,self_employed,low,19019377,0,8603798,-8603798,2480000,38,0.027,0,2480000,0
28,employee,medium,30957667,1444188,847994,596194,839000,6,0.0553,35442199,0,1
46,self_employed,medium,0,0,0,0,979000,88,0.0513,0,979000,0
32,employee,medium,26168476,4048966,1912678,2136288,918000,30,0.045,96976831,0,1
30,freelancer,medium,0,4242309,3001022,1241287,658000,68,0.0484,96894272,0,1
45,self_employed,medium,35461383,7555543,6004545,1550998,10000,68,0.0353,159868670,0,1
26,student,low,2170356,0,183906,-183906,10000,49,0.0196,0,10000,0
39,professional,high,37659719,5438945,2354691,3084254,598000,32,0.0698,153474343,0,1
26,freelancer,medium,18640730,4422718,2740542,1682176,10000,50,0.0544,117536893,0,1
20,student,high,0,179714,209023,-29309,443000,52,0.0909,0,443000,0
40,employee,low,0,3850548,2207268,1643280,788000,36,0.0198,60898652,0,1
20,student,low,2638846,0,77840,-77840,659000,39,0.0238,0,659000,0
21,student,medium,1032633,0,573071,-573071,10000,79,0.0512,0,10000,0
34,employee,low,19572484,0,6957266,-6957266,2156000,49,0.0166,0,2156000,0
24,student,medium,0,0,0,0,10000,59,0.0514,0,10000,0
22,student,low,0,0,0,0,303000,13,0.02,0,303000,0
29,freelancer,medium,5168825,1722637,917089,805548,335000,24,0.0553,26165049,0,1
36,professional,medium,23710920,6298960,3433076,2865884,10000,74,0.0505,280554950,0,1
38,freelancer,low,6873895,1920838,1311415,609423,1858000,67,0.0178,50487411,0,1
22,student,low,0,0,0,0,1123000,41,0.0234,0,1123000,0
30,freelancer,high,0,0,0,0,1168000,32,0.0986,0,1168000,0
23,student,medium,5120447,1152766,1131145,21621,742000,41,0.0565,7183230,0,1
27,employee,low,21109308,3470733,1825537,1645196,413000,88,0.0176,178429982,0,1
21,student,low,0,343078,328256,14822,1999000,31,0.0136,467379,1531621,0
23,student,low,3145214,0,1380019,-1380019,1651000,21,0.0187,0,1651000,0
37,professional,medium,16277495,7790165,4355026,3435139,10000,55,0.0309,221436898,0,1
24,student,high,0,0,0,0,10000,22,0.0614,0,10000,0
37,self_employed,high,21205470,4003136,2684400,1318736,1589000,53,0.0741,111775277,0,1
24,self_employed,medium,0,0,0,0,950000,56,0.0408,0,950000,0
41,self_employed,medium,18210368,3461053,3255779,205274,985000,106,0.0553,57621081,0,1
40,employee,medium,10491909,3339253,1555244,1784009,1330000,53,0.0397,115661631,0,1
39,employee,high,7611309,4662215,2688530,1973685,1126000,24,0.0903,60814701,0,1
25,student,low,0,0,0,0,1991000,13,0.0157,0,1991000,0
32,professional,medium,50505079,4146831,2520189,1626642,918000,58,0.0436,167140622,0,1
22,freelancer,medium,24777843,4457247,2906106,1551141,1125000,1,0.0432,26418184,0,1
23,student,medium,411163,741437,258670,482767,666000,36,0.0374,18821789,0,1
26,freelancer,low,23841406,3588577,2208748,1379829,664000,97,0.0113,166198151,0,1
25,student,medium,8398281,0,1861747,-1861747,793000,38,0.038,0,793000,0
35,freelancer,high,0,0,0,0,982000,26,0.0824,0,982000,0
24,freelancer,high,19932015,1696207,1055936,640271,10000,45,0.062,57477626,0,1
38,self_employed,low,8118154,0,3713101,-3713101,10000,49,0.0251,0,10000,0
42,professional,low,40485148,6918501,3757574,3160927,1109000,56,0.0297,236110474,0,1
39,employee,low,18412148,3022487,1805160,1217327,597000,55,0.0205,90360882,0,1
37,employee,medium,0,2843645,1753371,1090274,95000,74,0.0316,88948872,0,1
37,employee,low,11979476,2447952,1413808,1034144,1032000,38,0.0188,53171871,0,1
32,employee,medium,16372977,3205402,2354187,851215,483000,30,0.046,45372345,0,1
23,student,low,0,0,0,0,430000,53,0.027,0,430000,0
29,student,medium,7788906,0,4673343,-4673343,10000,80,0.0479,0,10000,0
22,student,high,4528395,235686,189898,45788,2477000,69,0.092,11813952,0,1
22,employee,medium,38209610,3685232,2072774,1612458,10000,54,0.0407,141254744,0,1
21,student,high,0,0,0,0,1232000,41,0.0693,0,1232000,0
25,student,medium,2026521,0,762745,-762745,2008000,10,0.0319,0,2008000,0
31,freelancer,high,23598005,1686993,343848,1343145,333000,56,0.0881,128164643,0,1
32,freelancer,low,0,2941381,1211732,1729649,602000,40,0.0144,70829795,0,1
24,student,medium,0,0,0,0,890000,23,0.0344,0,890000,0
31,self_employed,high,36947228,5427226,2929028,2498198,614000,67,0.0618,251404494,0,1
41,employee,high,38038348,4393195,2834627,1558568,1886000,52,0.0865,153163967,0,1
31,professional,medium,55675015,3334979,2156948,1178031,900000,77,0.0562,188699830,0,1
25,student,low,0,0,0,0,2068000,1,0.0146,0,2068000,0
42,self_employed,medium,59532831,0,2734142,-2734142,530000,19,0.0346,9561221,0,1
27,employee,high,18706451,0,3083654,-3083654,28000,53,0.0852,0,28000,0
25,self_employed,medium,5822356,2869262,2166716,702546,10000,17,0.0351,18345632,0,1
23,student,medium,2295282,0,895546,-895546,862000,35,0.0584,0,862000,0
47,self_employed,high,44373122,0,9903908,-9903908,10000,40,0.0752,0,10000,0
25,employee,low,0,4189424,2943284,1246140,977000,31,0.0209,39656758,0,1
20,student,medium,2632060,2403052,1861875,541177,10000,16,0.0351,11609383,0,1
22,student,low,2616355,2257749,1266903,990846,705000,1,0.0102,3609425,0,1
23,student,low,0,541138,444476,96662,10000,57,0.0146,5701689,0,1
29,employee,low,970213,4483182,2656707,1826475,402000,28,0.013,52896389,0,1
23,student,medium,2342563,269236,170588,98648,10000,50,0.051,8378623,0,1
40,employee,low,33589105,2860520,2078224,782296,254000,74,0.0159,97827749,0,1
35,self_employed,low,51484049,3072015,1998982,1073033,1370000,35,0.0152,92192597,0,1
25,professional,low,9748333,2937253,1992761,944492,10000,36,0.0122,44725232,0,1
32,self_employed,high,48592716,0,2776816,-2776816,2348000,62,0.0971,0,2348000,0
22,student,medium,2897681,1789137,1494297,294840,197000,40,0.0559,16420616,0,1
47,freelancer,medium,0,0,0,0,10000,86,0.0419,0,10000,0
22,student,low,6903211,0,1425401,-1425401,760000,24,0.0192,0,760000,0
29,freelancer,medium,34059728,3121792,1895138,1226654,2736000,35,0.0488,85296389,0,1
41,freelancer,high,28727965,6947128,5801109,1146019,10000,33,0.0855,78777571,0,1
44,employee,medium,40112821,2664834,1875914,788920,2078000,46,0.0357,84815242,0,1
24,student,medium,9217613,0,1610610,-1610610,1251000,63,0.0358,0,1251000,0
22,student,low,15863,0,47482,-47482,1092000,19,0.0216,0,1092000,0
29,freelancer,high,34467354,1738211,1090924,647287,1789000,27,0.0934,61858766,0,1
29,employee,medium,22394341,2631515,1745165,886350,10000,32,0.0529,56168590,0,1
36,self_employed,high,9882481,4025880,3052602,973278,816000,91,0.0908,146412193,0,1
35,professional,low,34560583,5842445,2759028,3083417,68000,50,0.0174,196934367,0,1
20,student,medium,0,441468,405901,35567,2253000,23,0.0491,855936,1397064,0
31,freelancer,medium,0,1655879,1302774,353105,10000,57,0.0385,22046176,0,1
31,freelancer,high,4788188,0,1877778,-1877778,10000,21,0.0676,0,10000,0
23,student,high,7055831,0,3288538,-3288538,1085000,58,0.0627,0,1085000,0
20,student,high,0,2404856,1382863,1021993,10000,65,0.0603,78332080,0,1
25,student,low,0,1737324,1048521,688803,952000,2,0.0121,1378301,0,1
24,student,medium,3951799,0,922648,-922648,450000,38,0.0335,0,450000,0
26,student,low,0,0,0,0,880000,61,0.0144,0,880000,0
22,student,medium,4745605,1940554,1814633,125921,10000,54,0.0468,13408114,0,1
20,student,high,10191498,676655,475286,201369,561000,83,0.0659,37158360,0,1
21,student,medium,4851993,526402,340290,186112,2315000,2,0.032,5250625,0,1
37,self_employed,high,44185944,4151139,2974543,1176596,1324000,21,0.086,77897180,0,1
30,employee,high,6093426,3366385,2283737,1082648,842000,37,0.0604,51247118,0,1
21,student,high,0,0,0,0,10000,37,0.0652,0,10000,0
54,freelancer,high,4677322,3757715,2332469,1425246,10000,15,0.0785,27543868,0,1
28,freelancer,low,0,0,0,0,10000,25,0.0103,0,10000,0
50,freelancer,medium,16692878,0,6894343,-6894343,2447000,105,0.0527,0,2447000,0
22,student,medium,9638125,0,1624872,-1624872,291000,93,0.0314,0,291000,0
44,self_employed,medium,29802855,0,0,0,645000,58,0.0307,34563494,0,1
37,employee,low,11892846,2913849,1969488,944361,10000,41,0.0227,53071348,0,1
21,student,low,0,0,0,0,10000,34,0.0196,0,10000,0
22,student,low,7066144,0,2944815,-2944815,916000,29,0.0128,0,916000,0
32,professional,low,26627912,3371397,2458814,912583,10000,58,0.0139,83192770,0,1
27,student,high,549359,0,253716,-253716,10000,70,0.0906,0,10000,0
42,self_employed,low,25324965,3733758,2496047,1237711,10000,12,0.014,40630006,0,1
23,student,high,1564500,0,459122,-459122,343000,50,0.0619,0,343000,0
23,student,low,0,528437,352798,175639,10000,41,0.0275,7541305,0,1
22,student,low,8485168,0,818576,-818576,10000,88,0.0116,0,10000,0
23,student,medium,9281415,717304,516007,201297,352000,50,0.0495,22555126,0,1
37,employee,medium,22829361,3372051,1893261,1478790,664000,70,0.0458,148210078,0,1
28,self_employed,medium,29694146,0,803724,-803724,726000,73,0.0482,0,726000,0
24,student,low,0,756303,742609,13694,10000,8,0.0149,110029,0,1
23,freelancer,low,10683177,0,2933984,-2933984,1255000,12,0.0166,0,1255000,0
38,self_employed,high,0,3110652,2804866,305786,10000,47,0.0754,16658977,0,1
31,employee,medium,0,2744165,2005754,738411,979000,52,0.0376,41631876,0,1
20,student,medium,3565581,0,1218154,-1218154,10000,40,0.0555,0,10000,0
42,professional,medium,11095476,5741867,3151369,2590498,253000,36,0.0532,113881267,0,1
35,employee,medium,0,2600319,2017768,582551,10000,16,0.0516,9627529,0,1
23,student,medium,0,834944,771204,63740,10000,81,0.037,5854666,0,1
46,professional,medium,37412689,4726237,2776242,1949995,1409000,58,0.0419,170919650,0,1
22,student,medium,1560360,0,238173,-238173,1136000,47,0.0377,0,1136000,0
26,student,medium,6065962,0,1127579,-1127579,308000,58,0.0546,0,308000,0
32,employee,low,27833798,0,6277771,-6277771,338000,57,0.0174,0,338000,0
46,self_employed,high,47175376,0,6920955,-6920955,10000,55,0.0732,0,10000,0
26,freelancer,medium,12667220,521244,242784,278460,10000,54,0.032,30776642,0,1
21,student,high,4965839,0,1789730,-1789730,1275000,28,0.0883,0,1275000,0
29,freelancer,medium,30674633,4242217,2150163,2092054,196000,41,0.0363,125892162,0,1
31,professional,low,51747962,4841263,3378788,1462475,1123000,32,0.0133,101227325,0,1
41,professional,high,38661763,6424644,4180824,2243820,10000,44,0.0756,164327600,0,1
30,self_employed,medium,0,4140133,2091575,2048558,10000,38,0.0445,83431272,0,1
20,student,high,0,0,0,0,345000,35,0.0785,0,345000,0
25,student,low,0,0,0,0,1042000,64,0.0124,0,1042000,0
32,employee,low,11641866,3040249,1610015,1430234,179000,47,0.0277,83890997,0,1
32,freelancer,medium,15429932,1217981,561663,656318,10000,27,0.0574,36419433,0,1
24,student,medium,406367,0,30863,-30863,10000,31,0.0503,0,10000,0
21,student,low,3194862,2443569,2071509,372060,303000,20,0.0192,10854066,0,1
51,employee,medium,27100322,2640152,1679642,960510,1790000,15,0.0534,43831938,0,1
44,self_employed,high,4793130,2369600,1212103,1157497,10000,47,0.0753,69478271,0,1
24,self_employed,low,23457805,4844617,2758891,2085726,10000,31,0.0189,90839162,0,1
23,student,low,0,0,0,0,275000,50,0.0109,0,275000,0
23,student,high,3240016,0,998423,-998423,523000,60,0.0675,0,523000,0
29,self_employed,low,21742256,2563281,1737587,825694,10000,77,0.0138,90192561,0,1
38,employee,low,15938445,4028263,3078469,949794,1605000,62,0.0298,82165206,0,1
39,professional,high,34711306,2630898,1570341,1060557,10000,54,0.0883,121576993,0,1
22,student,medium,3934191,282768,261386,21382,620000,37,0.0549,5517938,0,1
37,employee,high,24965621,3891857,2551865,1339992,1067000,64,0.0741,141806835,0,1
45,self_employed,high,22505200,0,5972442,-5972442,10000,46,0.0704,0,10000,0
34,self_employed,medium,0,0,0,0,2254000,31,0.0507,0,2254000,0
22,employee,low,19046324,3358884,2043125,1315759,346000,50,0.0281,91116843,0,1
29,employee,low,12293671,3075114,1737042,1338072,1487000,26,0.0171,48174047,0,1
33,professional,low,17964158,1363583,645818,717765,825000,10,0.0285,25650245,0,1
24,self_employed,high,20306216,232920,105258,127662,10000,44,0.076,33262839,0,1
22,student,low,0,1043714,900214,143500,10000,108,0.0258,17424078,0,1
40,employee,medium,25799801,3484335,1956379,1527956,10000,52,0.0569,122860883,0,1
34,employee,medium,19354319,1739154,1060240,678914,306000,47,0.046,58058290,0,1
20,student,medium,2968168,1646329,1062805,583524,2738000,54,0.0313,37206629,0,1
26,student,medium,1385914,1029918,1084004,-54086,1077000,43,0.0406,0,1077000,0
24,student,medium,826186,0,292754,-292754,950000,1,0.0555,537253,412747,0
39,freelancer,high,0,7416734,5367626,2049108,1359000,56,0.0806,138752787,0,1
22,student,medium,1889789,0,777795,-777795,10000,32,0.0392,0,10000,0
21,student,medium,3359511,75301,47310,27991,10000,32,0.0436,4720966,0,1
22,student,medium,1334895,0,750188,-750188,1191000,34,0.0376,0,1191000,0
27,freelancer,medium,0,0,0,0,10000,30,0.047,0,10000,0
27,employee,low,24115314,4032720,3107757,924963,175000,57,0.0262,83386425,0,1
38,employee,low,27749574,3387906,1674683,1713223,1033000,58,0.0108,131194939,0,1
26,freelancer,low,33965032,0,12382102,-12382102,900000,39,0.0172,0,900000,0
37,employee,low,24223667,3143301,2083908,1059393,10000,80,0.0261,121284289,0,1
25,student,high,0,844266,600181,244085,1215000,69,0.0973,22451122,0,1
52,self_employed,high,50895142,2625958,1828560,797398,135000,71,0.0728,148696503,0,1
24,employee,low,10821426,2436454,1827840,608614,2024000,120,0.0206,94318010,0,1
24,student,low,361431,1962122,1558019,404103,60000,63,0.0187,27126928,0,1
24,student,high,0,0,0,0,183000,48,0.0602,0,183000,0
22,employee,low,39115643,3239591,2011576,1228015,487000,35,0.023,86237938,0,1
33,self_employed,medium,32510375,2619019,1766145,852874,436000,28,0.0479,61559683,0,1
46,employee,low,0,3645035,2182114,1462921,1157000,35,0.023,52906294,0,1
22,employee,high,22419286,0,626129,-626129,446000,48,0.072,0,446000,0
41,employee,medium,0,0,0,0,1051000,68,0.0509,0,1051000,0
26,employee,medium,8397641,4740465,3117919,1622546,1290000,74,0.0439,148608057,0,1
23,student,medium,0,0,0,0,331000,52,0.0492,0,331000,0
25,student,medium,0,0,0,0,164000,29,0.0408,0,164000,0
22,student,medium,7411322,0,807526,-807526,70000,33,0.0471,0,70000,0
39,employee,medium,20143117,4295850,3061407,1234443,1379000,78,0.0568,145251012,0,1
19,student,medium,0,0,0,0,1039000,47,0.0546,0,1039000,0
45,freelancer,high,11419648,4269212,2130223,2138989,112000,90,0.0664,267390942,0,1
22,employee,low,22906242,3364837,2282251,1082586,241000,92,0.0109,128730436,0,1
41,employee,high,33158369,3262646,2351663,910983,690000,9,0.086,43797283,0,1
21,student,low,1045613,0,422842,-422842,10000,71,0.0147,0,10000,0
33,self_employed,medium,27610158,4629244,3150331,1478913,10000,15,0.0457,52015084,0,1
29,employee,medium,5352063,4219022,2866675,1352347,1275000,65,0.046,106470549,0,1
40,employee,medium,26078955,4618084,2691777,1926307,512000,65,0.045,174752666,0,1
40,freelancer,medium,18817922,3737690,2277972,1459718,347000,79,0.0573,167097935,0,1
35,employee,medium,22528218,3643443,2054976,1588467,105000,67,0.0557,155221906,0,1
39,freelancer,medium,24828596,5776548,4734368,1042180,1188000,30,0.0382,60064871,0,1
22,freelancer,high,18694746,1523365,634203,889162,10000,57,0.0653,84706862,0,1
23,student,medium,4308923,0,1181562,-1181562,10000,38,0.0314,0,10000,0
25,student,medium,7921895,0,1429958,-1429958,10000,63,0.058,0,10000,0
50,freelancer,high,21439620,0,2959264,-2959264,980000,57,0.0916,0,980000,0
22,student,low,5048539,0,587766,-587766,10000,28,0.0192,0,10000,0
19,student,low,4232122,577082,559328,17754,10000,48,0.0185,5440727,0,1
32,employee,medium,872025,2521990,1281057,1240933,2191000,50,0.0329,67403199,0,1
25,student,low,3200067,0,1604932,-1604932,1389000,42,0.0129,0,1389000,0
22,student,high,0,0,0,0,1432000,39,0.066,0,1432000,0
31,employee,medium,4010243,3874215,2383204,1491011,10000,82,0.048,149923406,0,1
29,freelancer,high,22675089,0,0,0,66000,65,0.0759,34161429,0,1
30,freelancer,low,29307361,0,2482604,-2482604,10000,42,0.0294,0,10000,0
21,student,low,6039583,858808,672749,186059,10000,80,0.0159,22405755,0,1
38,employee,low,16340590,2068742,1130479,938263,1890000,19,0.0278,35278658,0,1
36,employee,high,19815821,4858072,3860766,997306,171000,16,0.0699,38418901,0,1
22,student,low,3012504,1117898,939283,178615,2248000,70,0.0131,16237412,0,1
39,freelancer,medium,18093531,1798795,1266570,532225,10000,31,0.0457,37833382,0,1
36,employee,medium,0,0,0,0,601000,31,0.053,0,601000,0
35,self_employed,low,0,0,0,0,667000,92,0.0211,0,667000,0
23,student,low,5181534,829276,546701,282575,10000,53,0.024,21542738,0,1
32,freelancer,high,0,1660288,939390,720898,1212000,6,0.098,4414666,0,1
40,self_employed,low,29946089,4560272,1536576,3023696,465000,92,0.025,342542005,0,1
35,employee,medium,5645525,5007929,2877868,2130061,10000,59,0.0367,144256223,0,1
22,student,low,0,0,0,0,10000,37,0.0176,0,10000,0
48,freelancer,medium,18241390,0,9471221,-9471221,299000,28,0.0412,0,299000,0
37,professional,low,30331965,4617884,2437126,2180758,428000,48,0.0107,138557834,0,1
48,self_employed,medium,0,0,0,0,1272000,59,0.0494,0,1272000,0
24,student,medium,5512471,1583225,1427915,155310,1206000,53,0.0496,16040995,0,1
30,employee,high,0,3501912,2285930,1215982,2163000,47,0.0752,66219238,0,1
33,employee,low,15485865,1901965,1201377,700588,2571000,53,0.0283,57047012,0,1
43,employee,low,30699136,0,9799781,-9799781,811000,71,0.0202,0,811000,0
22,employee,medium,36609417,2370884,1371649,999235,1073000,73,0.0563,138273760,0,1
22,student,low,743235,0,0,0,126000,34,0.0279,804299,0,1
23,student,medium,9036295,0,1306310,-1306310,10000,59,0.0316,0,10000,0
23,student,low,0,0,0,0,216000,79,0.0123,0,216000,0
32,employee,medium,19763613,3737360,2038484,1698876,1044000,1,0.0406,21529356,0,1
22,student,low,4112936,0,1224042,-1224042,1997000,14,0.0255,0,1997000,0
28,employee,low,28922051,2182067,1489236,692831,270000,51,0.0219,68736170,0,1
20,student,low,4369482,0,1176779,-1176779,10000,23,0.0292,0,10000,0
47,professional,low,20315105,4617228,1735121,2882107,10000,1,0.0163,23224807,0,1
24,student,high,5986645,2235710,1284028,951682,10000,43,0.075,54608235,0,1
22,employee,medium,24348455,3250759,1893357,1357402,1185000,30,0.0551,71488816,0,1
23,student,low,0,1223296,644713,578583,610000,38,0.0121,22401294,0,1
24,professional,medium,28306793,6170419,3756895,2413524,371000,57,0.0575,194932866,0,1
34,freelancer,medium,0,4727143,2171487,2555656,796000,50,0.0318,136442087,0,1
38,self_employed,medium,3632742,0,1524455,-1524455,1329000,53,0.038,0,1329000,0
24,student,low,6852777,0,2654799,-2654799,589000,95,0.0197,0,589000,0
25,student,low,3477574,0,790301,-790301,931000,7,0.0267,0,931000,0
26,student,medium,2185210,0,1283928,-1283928,330000,73,0.0447,0,330000,0
39,employee,low,2222253,0,838885,-838885,1350000,45,0.0176,0,1350000,0
39,employee,medium,8234957,3518028,2095580,1422448,1000000,60,0.0339,102617812,0,1
40,self_employed,high,44264134,6477273,3685434,2791839,10000,22,0.0808,117270398,0,1
20,student,low,1670564,0,452243,-452243,434000,46,0.0181,0,434000,0
30,employee,low,12668392,2918199,1778852,1139347,2463000,37,0.0255,57512513,0,1
38,professional,medium,51545545,6258557,3769028,2489529,911000,49,0.0446,195350864,0,1
35,professional,high,45051353,1685779,1301565,384214,649000,1,0.0941,45788845,0,1
23,student,low,5029097,0,0,0,10000,36,0.0228,5384775,0,1
31,employee,medium,1067927,3389219,2454827,934392,265000,38,0.0344,38647026,0,1
34,employee,medium,19582720,4669464,3568885,1100579,1318000,67,0.0528,111822226,0,1
35,freelancer,medium,42759193,1132937,909909,223028,10000,54,0.0516,67432420,0,1
23,student,medium,2710358,0,429011,-429011,10000,69,0.0459,0,10000,0
35,employee,low,0,3634080,2046943,1587137,397000,44,0.0157,71834869,0,1
30,employee,medium,0,3321947,1959532,1362415,831000,49,0.0599,75418998,0,1
29,employee,low,20552929,2572732,1887905,684827,929000,28,0.0154,40815493,0,1
53,self_employed,medium,39248481,0,11156106,-11156106,830000,37,0.044,0,830000,0
26,student,medium,10048678,0,1042153,-1042153,10000,71,0.0423,0,10000,0
34,self_employed,high,0,3178156,1709421,1468735,10000,1,0.093,1468735,0,1
25,self_employed,high,21859248,6499201,4260594,2238607,206000,61,0.0699,194552062,0,1
37,self_employed,medium,67814208,7408789,4558386,2850403,10000,73,0.0321,311864217,0,1
25,freelancer,medium,18582170,2991970,2283741,708229,1006000,52,0.0358,61469638,0,1
25,employee,medium,23164392,0,8883499,-8883499,10000,43,0.0325,0,10000,0
23,student,low,2716070,1496523,927175,569348,1857000,62,0.0281,41082892,0,1
33,employee,medium,29971585,3319576,2453979,865597,2341000,91,0.0501,139371479,0,1
23,student,medium,0,0,0,0,10000,81,0.0433,0,10000,0
32,professional,low,37547392,5107339,3158589,1948750,673000,81,0.0145,207132449,0,1
22,student,low,0,0,0,0,10000,16,0.016,0,10000,0
23,student,low,0,1289084,1060548,228536,889000,82,0.0131,19593141,0,1
46,self_employed,high,17598296,0,4862138,-4862138,246000,55,0.0782,0,246000,0
43,professional,low,21648287,5319967,2523328,2796639,1273000,66,0.0152,215920772,0,1
22,student,medium,217682,0,129863,-129863,1590000,57,0.0517,0,1590000,0
36,self_employed,high,37328397,2165647,1195822,969825,466000,96,0.0929,215644691,0,1
35,employee,low,15449479,3466995,1846342,1620653,1075000,34,0.0247,73583587,0,1
36,employee,low,18505798,2171227,1191469,979758,340000,1,0.0201,19516553,0,1
23,student,low,6494860,0,593700,-593700,10000,73,0.0138,0,10000,0
39,freelancer,medium,18400406,0,6709665,-6709665,1403000,110,0.0445,0,1403000,0
26,self_employed,medium,20001143,2239390,1465607,773783,10000,107,0.0424,129578105,0,1
27,employee,low,0,3622647,1922518,1700129,1749000,48,0.0189,84700896,0,1
22,student,low,2323810,0,481996,-481996,10000,45,0.0275,0,10000,0
39,freelancer,low,0,1767105,1116255,650850,10000,8,0.0125,5225823,0,1
22,student,low,3298929,0,1135518,-1135518,10000,1,0.0164,2167920,0,1
21,student,medium,8295219,0,1290248,-1290248,10000,21,0.0541,0,10000,0
26,professional,medium,20034221,5470923,3862045,1608878,789000,59,0.0307,125615181,0,1
28,student,medium,2160952,828290,737408,90882,99000,49,0.0325,7222536,0,1
55,professional,high,56237942,4339248,2053223,2286025,10000,35,0.0985,167120337,0,1
23,student,low,3627132,0,404923,-404923,10000,36,0.022,0,10000,0
26,student,medium,389067,0,74325,-74325,208000,35,0.0401,0,208000,0
37,freelancer,high,16156517,1638655,962153,676502,10000,22,0.06,33721302,0,1
38,employee,medium,0,3546520,2042660,1503860,827000,44,0.0567,73358906,0,1
30,employee,medium,3751951,3457984,1733296,1724688,418000,78,0.0488,163082858,0,1
25,student,low,0,199888,133197,66691,21000,22,0.0212,1494742,0,1
25,student,high,5916628,0,1914077,-1914077,27000,68,0.0977,0,27000,0
19,student,medium,0,0,0,0,10000,92,0.0505,0,10000,0
33,freelancer,low,13759861,3496401,1760509,1735892,292000,35,0.0298,78400343,0,1
27,employee,medium,26665057,2430745,1277675,1153070,96000,30,0.0595,68128480,0,1
28,freelancer,low,0,3836445,3565166,271279,2199000,72,0.0293,21325770,0,1
33,employee,low,0,1319180,843476,475704,1635000,1,0.0175,475704,1159296,0
28,self_employed,low,0,0,0,0,2059000,66,0.0125,0,2059000,0
21,student,low,4313764,203505,101746,101759,10000,22,0.0181,6733712,0,1
29,employee,medium,12763719,3552206,2349331,1202875,1456000,36,0.0549,62000514,0,1
28,employee,high,53384352,0,12078062,-12078062,10000,44,0.0867,0,10000,0
20,student,medium,1010928,0,304589,-304589,1802000,60,0.0559,0,1802000,0
23,student,medium,2751541,0,184916,-184916,10000,74,0.052,0,10000,0
26,freelancer,medium,13740055,3191250,2012598,1178652,1274000,9,0.035,24837440,0,1
23,student,low,155832,1207244,796319,410925,10000,42,0.0126,17798456,0,1
39,freelancer,medium,0,0,0,0,1950000,38,0.0504,0,1950000,0
35,self_employed,high,0,2220029,1260631,959398,10000,78,0.0672,93517616,0,1
24,student,low,0,0,0,0,2120000,1,0.0177,0,2120000,0
45,freelancer,medium,16589347,1999357,1372750,626607,24000,1,0.039,17269869,0,1
22,student,low,3287092,0,1244403,-1244403,1014000,47,0.0117,0,1014000,0
36,employee,medium,0,2541508,1931231,610277,248000,82,0.0374,56918290,0,1
24,student,low,3783248,1089197,614308,474889,225000,32,0.0106,19298027,0,1
21,student,low,5647429,1075266,901996,173270,10000,31,0.029,11656926,0,1
21,student,medium,0,339930,164813,175117,10000,27,0.0346,4909719,0,1
27,employee,medium,37701245,4509958,2550929,1959029,754000,88,0.0563,269738640,0,1
38,self_employed,medium,32459058,4730199,2903159,1827040,187000,70,0.0311,178936465,0,1
35,freelancer,medium,25621575,3521971,2110155,1411816,619000,7,0.0493,36372907,0,1
34,self_employed,high,27498069,5386307,4114126,1272181,1250000,87,0.0678,187329593,0,1
43,professional,medium,14443670,8082454,5703802,2378652,507000,37,0.0456,110925457,0,1
36,professional,low,50203011,6411888,4236379,2175509,1537000,54,0.0259,180856858,0,1
56,professional,medium,45454471,4814494,2837654,1976840,10000,47,0.0474,156582316,0,1
30,freelancer,low,0,0,0,0,254000,10,0.0262,0,254000,0
22,employee,high,14766052,5133175,2850849,2282326,535000,67,0.0638,204181827,0,1
36,freelancer,medium,0,293158,265693,27465,1863000,14,0.0567,396545,1466455,0
24,student,low,4663955,0,1910183,-1910183,336000,58,0.0191,0,336000,0
35,freelancer,high,0,865622,595139,270483,10000,37,0.0727,11180504,0,1
35,professional,low,43901196,5964971,3827490,2137481,10000,92,0.0228,266937885,0,1
24,student,high,1084554,1742517,1753349,-10832,887000,68,0.0782,763763,123237,0
49,employee,low,18632687,3498503,2512899,985604,10000,78,0.0255,105507015,0,1
30,freelancer,high,0,2304948,1139165,1165783,146000,42,0.0875,57046902,0,1
26,student,low,7470117,0,2487603,-2487603,623000,37,0.0127,0,623000,0
19,student,medium,1041751,0,298669,-298669,10000,60,0.0562,0,10000,0
21,student,low,6106470,1033815,414318,619497,723000,61,0.0299,47865142,0,1
34,employee,medium,10357324,2374303,1471828,902475,1671000,73,0.0432,88658496,0,1
43,self_employed,medium,36523246,0,20000000,-20000000,1250000,55,0.0415,0,1250000,0
26,employee,medium,28073684,3066818,2192591,874227,10000,75,0.0367,108869501,0,1
25,student,medium,4281040,0,1421983,-1421983,10000,33,0.0544,0,10000,0
35,employee,low,0,5305426,4197421,1108005,301000,75,0.0228,89221917,0,1
22,employee,medium,5973705,4284139,2219584,2064555,10000,32,0.0459,76886641,0,1
39,freelancer,medium,9783736,5032931,2693521,2339410,43000,33,0.0413,92565223,0,1
30,employee,medium,32472362,4166096,2938534,1227562,1537000,79,0.0403,153167106,0,1
39,self_employed,high,22154297,0,2987719,-2987719,38000,92,0.0749,0,38000,0
25,student,low,0,0,0,0,328000,17,0.0272,0,328000,0
27,student,low,697101,911844,386818,525026,459000,34,0.0109,18839990,0,1
24,student,low,0,292877,249828,43049,478000,35,0.0298,1572096,0,1
19,student,low,3285795,0,356887,-356887,122000,45,0.0272,0,122000,0
22,employee,low,39190606,0,8709448,-8709448,10000,31,0.0191,0,10000,0
29,self_employed,medium,4499813,0,3502,-3502,1778000,42,0.044,5088813,0,1
53,freelancer,medium,1469210,0,761075,-761075,1591000,57,0.0424,0,1591000,0
52,self_employed,high,45077255,6629889,3379346,3250543,731000,8,0.0831,74279338,0,1
23,student,low,674330,1204248,1233224,-28976,10000,57,0.0136,0,10000,0
26,student,medium,2905712,0,800727,-800727,10000,50,0.0402,0,10000,0
22,student,low,2603752,0,662708,-662708,464000,38,0.0185,0,464000,0
46,professional,medium,48727623,3669576,2379888,1289688,1855000,55,0.0417,136986467,0,1
40,professional,high,17583891,4460942,3652758,808184,10000,63,0.0989,95892876,0,1
30,professional,medium,39826502,4071805,2269490,1802315,707000,73,0.0527,209548920,0,1
22,student,high,1291178,0,774706,-774706,1558000,41,0.0796,0,1558000,0
25,student,medium,429368,0,254806,-254806,691000,62,0.0536,0,691000,0
20,student,medium,5529103,0,1761104,-1761104,348000,35,0.0346,0,348000,0
23,student,low,2344535,0,759391,-759391,378000,39,0.0257,0,378000,0
32,employee,low,13195951,4305393,2799668,1505725,1411000,73,0.0199,131637872,0,1
23,student,medium,4786924,1977139,975320,1001819,10000,50,0.0493,61356898,0,1
45,employee,low,14207577,4010049,2623107,1386942,924000,43,0.0174,76611949,0,1
26,employee,medium,28683361,4521783,2850641,1671142,491000,51,0.0526,131124430,0,1
22,student,low,2750528,0,1235746,-1235746,10000,75,0.0215,0,10000,0
46,self_employed,high,15184605,0,5286529,-5286529,430000,63,0.0863,0,430000,0
49,self_employed,medium,0,1939646,1082943,856703,2193000,4,0.0581,3451780,0,1
23,student,low,3379773,0,0,0,2036000,26,0.0192,3523220,0,1
39,employee,low,20179217,3139013,2181647,957366,728000,53,0.0244,75990910,0,1
23,student,medium,3716044,0,934181,-934181,1330000,48,0.0421,0,1330000,0
22,student,low,5270966,1073841,1179108,-105267,2024000,47,0.0207,566692,1457308,0
26,student,high,0,0,0,0,10000,46,0.091,0,10000,0
43,self_employed,high,20938317,4180465,3137220,1043245,10000,29,0.0698,57625317,0,1
22,student,medium,4960767,0,2263084,-2263084,144000,59,0.0539,0,144000,0
27,student,medium,4140323,0,191248,-191248,10000,23,0.037,0,10000,0
23,student,high,0,39390,33513,5877,795000,37,0.0739,243380,551620,0
45,self_employed,medium,8726036,1355602,797573,558029,1513000,73,0.0571,60910017,0,1
31,employee,high,8230916,2931024,1644915,1286109,2934000,68,0.0609,115743281,0,1
23,student,low,408157,0,153136,-153136,342000,40,0.0273,0,342000,0
19,student,low,0,212612,211338,1274,481000,36,0.0217,47346,433654,0
22,student,low,0,0,0,0,395000,4,0.0285,0,395000,0
25,employee,medium,6250788,3760728,2727649,1033079,10000,42,0.035,53151587,0,1
24,student,low,0,1939330,1591068,348262,557000,58,0.0139,20880673,0,1
37,freelancer,medium,27492058,1036434,541040,495394,302000,62,0.0399,67821424,0,1
27,freelancer,low,17817554,0,1316201,-1316201,10000,66,0.0289,0,10000,0
35,employee,low,20020807,2303444,1282491,1020953,1720000,63,0.0217,90496337,0,1
23,student,low,2072231,0,511547,-511547,10000,13,0.0102,0,10000,0
30,employee,medium,3350548,3300758,1809932,1490826,1807000,28,0.0531,48126549,0,1
30,professional,high,60708254,5137283,1764670,3372613,10000,21,0.0642,142651934,0,1
32,professional,medium,9952626,4882155,3273175,1608980,1844000,57,0.0439,114024224,0,1
33,employee,medium,11749171,2612424,1776789,835635,2524000,28,0.0529,38134045,0,1
37,professional,medium,35023865,6078118,4158133,1919985,1622000,48,0.0478,143724878,0,1
26,student,medium,8703742,2495557,2214740,280817,797000,28,0.0338,17586218,0,1
35,employee,medium,7473617,3747032,3091215,655817,10000,1,0.045,8157460,0,1
38,freelancer,medium,32655087,0,14501299,-14501299,470000,12,0.0308,0,470000,0
36,freelancer,high,7344672,1758231,953732,804499,10000,18,0.0662,23289643,0,1
21,student,medium,1894085,0,557864,-557864,33000,64,0.0347,0,33000,0
36,professional,low,26966572,0,6657093,-6657093,10000,49,0.0179,0,10000,0
40,self_employed,low,0,3388427,2044588,1343839,1615000,40,0.0262,56106708,0,1
22,student,medium,2743119,0,120668,-120668,661000,40,0.0386,0,661000,0
53,freelancer,low,15545468,2356155,1969190,386965,1989000,54,0.0103,37661195,0,1
20,student,medium,0,0,0,0,1591000,65,0.0442,0,1591000,0
32,employee,medium,8445285,2525329,1739129,786200,322000,68,0.0468,72089977,0,1
29,employee,medium,23404126,0,7013630,-7013630,10000,51,0.0388,0,10000,0
32,employee,medium,5096668,2058563,1472453,586110,1607000,53,0.0544,41501463,0,1
23,student,low,4410058,1715934,1378980,336954,1192000,79,0.0204,33507155,0,1
21,student,medium,3540024,0,847107,-847107,1524000,41,0.0487,0,1524000,0
27,student,high,4139678,731499,503223,228276,2782000,54,0.089,21262526,0,1
37,self_employed,high,0,0,0,0,1913000,8,0.0643,0,1913000,0
43,self_employed,medium,0,2571886,1660439,911447,10000,51,0.0422,50815475,0,1
24,employee,medium,19052030,3212980,2227824,985156,655000,77,0.0563,118434109,0,1
22,student,medium,1363756,656086,539519,116567,390000,45,0.0359,7166008,0,1
37,freelancer,medium,52161619,1108044,802990,305054,211000,37,0.0526,73549112,0,1
41,self_employed,medium,35476063,0,6180593,-6180593,541000,55,0.0426,0,541000,0
23,student,low,0,505454,369556,135898,1679000,10,0.0135,1365881,313119,0
37,employee,medium,6711238,3159408,1667066,1492342,2330000,40,0.045,72068672,0,1
22,student,low,6287518,0,3772510,-3772510,10000,46,0.0275,0,10000,0
21,student,medium,254359,0,57109,-57109,10000,9,0.0512,0,10000,0
22,freelancer,high,3614017,4273958,2564339,1709619,2873000,66,0.0965,154225685,0,1
41,self_employed,medium,7664811,1412559,949011,463548,10000,79,0.0382,51414238,0,1
24,employee,low,15789377,0,5969119,-5969119,10000,75,0.0278,0,10000,0
44,self_employed,high,19517941,6590186,4380853,2209333,2696000,29,0.0627,91687769,0,1
39,freelancer,low,16062912,1275713,860243,415470,10000,59,0.0293,44880413,0,1
39,freelancer,medium,20182482,3794925,2437815,1357110,10000,18,0.0436,46741199,0,1
32,self_employed,medium,44044157,1253694,810145,443549,1088000,55,0.0489,82367349,0,1
21,student,low,0,0,0,0,916000,65,0.01,0,916000,0
22,student,medium,303973,0,91328,-91328,384000,79,0.0462,0,384000,0
25,student,low,0,851459,631395,220064,2447000,3,0.0287,661772,1785228,0
48,employee,medium,23288998,4822492,2621152,2201340,2547000,123,0.0581,411091041,0,1
30,employee,medium,17537698,0,0,0,910000,72,0.0316,21193691,0,1
27,freelancer,low,20753053,3059643,2168418,891225,1219000,30,0.0127,48573304,0,1
22,employee,medium,31433812,4923681,3428773,1494908,10000,78,0.0416,174800143,0,1
39,self_employed,medium,27103113,4913352,3775940,1137412,902000,28,0.0554,64748189,0,1
47,self_employed,high,0,3030770,1082750,1948020,634000,123,0.0763,361703037,0,1
39,professional,medium,73991699,2521537,1543127,978410,10000,40,0.0307,123107403,0,1
40,employee,high,10178388,4008303,2507084,1501219,10000,46,0.0628,90788900,0,1
23,student,medium,11933228,0,2647593,-2647593,1544000,59,0.0509,0,1544000,0
24,self_employed,medium,0,0,0,0,570000,55,0.0427,0,570000,0
20,student,medium,0,1498846,1071512,427334,697000,31,0.0393,13919214,0,1
37,freelancer,medium,9424519,3491081,2179874,1311207,10000,89,0.0559,158451457,0,1
25,student,low,3048197,0,1234998,-1234998,10000,50,0.0209,0,10000,0
26,employee,medium,19880905,3245264,1534735,1710529,293000,49,0.0569,119170079,0,1
42,freelancer,medium,35188950,2972787,1958031,1014756,10000,49,0.0544,99457730,0,1
22,student,low,4349794,0,1309419,-1309419,10000,12,0.0238,0,10000,0
23,student,low,3732438,0,2239462,-2239462,1660000,34,0.0117,0,1660000,0
24,student,medium,0,0,0,0,800000,53,0.0411,0,800000,0
23,student,low,1380571,998422,724388,274034,10000,36,0.0299,11817754,0,1
31,employee,medium,8580935,3993781,2410504,1583277,331000,27,0.0341,53629936,0,1
29,freelancer,high,0,1823016,1028949,794067,718000,45,0.0951,42733674,0,1
23,employee,low,11750700,2542584,1711524,831060,1433000,77,0.0114,78999604,0,1
48,freelancer,low,0,0,0,0,399000,11,0.0151,0,399000,0
48,freelancer,medium,0,0,0,0,10000,55,0.0489,0,10000,0
39,professional,high,32224550,7737359,4190876,3546483,10000,7,0.0884,59304249,0,1
37,self_employed,high,36783522,1814645,1287392,527253,10000,41,0.0952,76287160,0,1
23,student,low,391509,1406351,1002136,404215,736000,90,0.0107,38285559,0,1
34,employee,low,40471643,3230380,1840915,1389465,10000,29,0.0237,84283592,0,1
30,employee,low,31432549,2532814,1552655,980159,1569000,81,0.0164,119002853,0,1
19,student,low,0,675217,482869,192348,1657000,65,0.025,13373802,0,1
21,student,medium,1023253,1524085,1032245,491840,570000,59,0.0467,33836271,0,1
21,student,low,665358,0,134872,-134872,1313000,43,0.0287,0,1313000,0
26,employee,low,36246256,3676875,2824624,852251,1156000,31,0.022,65523286,0,1
23,student,high,1885687,1350482,1429032,-78550,562000,66,0.067,0,562000,0
27,employee,medium,8541190,4040383,2891975,1148408,302000,74,0.0572,113755867,0,1
24,student,medium,9698328,1678582,903295,775287,10000,36,0.0391,40465456,0,1
25,employee,low,12780157,3516270,1822290,1693980,345000,70,0.0126,136732517,0,1
22,student,medium,4002282,0,1130665,-1130665,10000,46,0.0398,0,10000,0
24,student,medium,3037507,0,919644,-919644,10000,58,0.042,0,10000,0
20,student,medium,538101,0,258213,-258213,455000,69,0.0464,0,455000,0
26,freelancer,high,0,0,0,0,734000,16,0.0891,0,734000,0
44,freelancer,medium,9103570,0,2389340,-2389340,3364000,61,0.0348,0,3364000,0
35,self_employed,medium,23271695,0,3437225,-3437225,318000,38,0.0314,0,318000,0
25,student,low,0,4957,2590,2367,355000,76,0.0106,185983,169017,0
23,student,low,4493656,0,680908,-680908,626000,43,0.0128,0,626000,0
23,student,low,628307,0,214347,-214347,10000,9,0.0163,0,10000,0
34,employee,low,25705650,4213138,3039573,1173565,43000,22,0.0107,52276257,0,1
37,freelancer,low,12088037,0,3461107,-3461107,10000,50,0.0188,0,10000,0
19,student,medium,6382984,0,2155206,-2155206,2686000,41,0.0566,0,2686000,0
39,freelancer,high,0,2071292,1933246,138046,10000,66,0.0735,11186399,0,1
52,self_employed,high,0,0,0,0,1473000,73,0.0928,0,1473000,0
50,self_employed,low,23742210,0,2290758,-2290758,1125000,33,0.0116,0,1125000,0
36,employee,low,41339010,3048583,2045109,1003474,10000,36,0.0256,82142213,0,1
19,student,low,0,0,0,0,718000,42,0.0271,0,718000,0
20,student,medium,1741092,0,478102,-478102,10000,70,0.0464,0,10000,0
21,student,low,5366883,36607,27001,9606,1903000,50,0.0274,6523343,0,1
22,student,low,0,0,0,0,994000,25,0.0248,0,994000,0
23,student,low,7456293,0,781031,-781031,36000,24,0.0212,0,36000,0
22,student,medium,0,703895,280096,423799,1280000,42,0.0434,19185192,0,1
30,freelancer,medium,2695004,3025576,2093260,932316,636000,64,0.0475,71225556,0,1
22,employee,medium,17692881,2201080,1003144,1197936,10000,90,0.0569,161165430,0,1
22,student,low,0,382083,327665,54418,915000,17,0.0277,942388,0,1
47,self_employed,medium,0,4967652,3675608,1292044,1455000,53,0.0353,73987614,0,1
39,self_employed,high,0,3753945,2872321,881624,10000,29,0.0866,28326162,0,1
30,professional,low,32216398,5478052,3063987,2414065,10000,90,0.0138,264496403,0,1
34,self_employed,medium,19327012,4481770,4527226,-45456,10000,55,0.0485,21333933,0,1
33,employee,medium,7027341,2607026,2064242,542784,10000,34,0.0432,27534755,0,1
35,freelancer,medium,5419850,2507477,1224375,1283102,1623000,82,0.0561,135810817,0,1
53,professional,medium,20113613,2558612,1816995,741617,366000,64,0.0307,75185700,0,1
41,self_employed,medium,65992033,0,10851676,-10851676,10000,10,0.056,0,10000,0
40,freelancer,low,4352245,4046285,2820809,1225476,1338000,58,0.018,78950579,0,1
35,freelancer,medium,10183726,0,0,0,1130000,32,0.0548,11782220,0,1
23,student,medium,0,2709754,1759535,950219,10000,60,0.0355,62285705,0,1
32,professional,medium,13381646,8924178,5490039,3434139,10000,52,0.0434,212227619,0,1
23,student,low,3606340,1270242,1395957,-125715,1110000,57,0.0239,0,1110000,0
35,employee,low,8193933,2958621,1913535,1045086,390000,18,0.0253,27663016,0,1
24,student,low,4160406,0,1711192,-1711192,1161000,86,0.0243,0,1161000,0
44,freelancer,medium,2811840,4259308,3696219,563089,1461000,52,0.0552,36563816,0,1
21,student,high,1431496,0,156319,-156319,294000,33,0.0764,0,294000,0
28,employee,low,1592597,1627275,765998,861277,763000,6,0.0243,6805939,0,1
25,employee,medium,0,0,0,0,1042000,63,0.0495,0,1042000,0
22,employee,medium,16800512,2286588,1493826,792762,585000,74,0.0449,89594731,0,1
23,freelancer,high,0,0,0,0,1511000,24,0.0687,0,1511000,0
28,self_employed,high,39774521,5107766,3068703,2039063,347000,51,0.0687,173585383,0,1
29,employee,low,25686674,3521687,1950680,1571007,10000,63,0.0218,133557282,0,1
32,employee,medium,29623134,1305723,888413,417310,1392000,71,0.0542,75632438,0,1
21,student,medium,4421628,853911,602960,250951,400000,8,0.0399,6571749,0,1
35,employee,medium,31890364,3091339,2560904,530435,2059000,1,0.054,32564306,0,1
44,employee,low,12287811,2270299,1368367,901932,1078000,50,0.0269,61408060,0,1
22,student,low,0,0,0,0,1529000,40,0.0229,0,1529000,0
28,freelancer,high,41743894,0,3190936,-3190936,1485000,66,0.0914,0,1485000,0
43,employee,low,8197351,2849612,2104343,745269,915000,50,0.013,46923214,0,1
33,freelancer,medium,2999418,3155575,2017816,1137759,732000,59,0.0555,80914392,0,1
45,employee,medium,26592515,3748337,2606788,1141549,2262000,43,0.0454,84476898,0,1
30,self_employed,medium,56421191,0,8181914,-8181914,10000,27,0.06,0,10000,0
33,professional,low,21407454,3677132,1415779,2261353,1351000,9,0.01,41988696,0,1
42,professional,medium,34335192,6380260,3143817,3236443,910000,73,0.0487,320489465,0,1
20,student,low,63496,0,12895,-12895,711000,41,0.0261,0,711000,0
19,student,low,0,0,0,0,10000,2,0.0294,0,10000,0
26,employee,high,28789913,2612128,1521466,1090662,834000,76,0.0812,155979111,0,1
46,employee,high,0,4869577,2700761,2168816,534000,46,0.0619,112271350,0,1
39,self_employed,high,5033703,0,1357425,-1357425,1417000,49,0.0951,0,1417000,0
25,employee,medium,21527380,2179461,1407756,771705,10000,50,0.043,67918621,0,1
26,student,medium,7189628,0,767902,-767902,1403000,36,0.0536,0,1403000,0
35,employee,medium,11123613,3131309,1825905,1305404,10000,1,0.057,12481854,0,1
47,freelancer,medium,0,1776301,1645520,130781,857000,17,0.0442,2290012,0,1
41,employee,low,21553111,4253101,4044434,208667,152000,71,0.0214,40238821,0,1
25,employee,medium,13217771,4097795,1999916,2097879,10000,31,0.0498,84278328,0,1
33,freelancer,medium,0,0,0,0,825000,32,0.0542,0,825000,0
27,freelancer,medium,19639101,0,6691288,-6691288,791000,66,0.0543,0,791000,0
22,student,medium,0,1477911,1316266,161645,1206000,58,0.0372,10253773,0,1
34,professional,low,31341081,0,17416332,-17416332,222000,28,0.0209,0,222000,0
24,self_employed,high,10623622,0,6374173,-6374173,648000,55,0.0836,0,648000,0
30,freelancer,high,3964033,2077106,1283591,793515,620000,66,0.0716,69821776,0,1
47,employee,medium,20791566,1477174,669933,807241,1602000,69,0.0552,93915719,0,1
58,self_employed,medium,34677618,1359875,965794,394081,10000,62,0.0391,69454196,0,1
24,student,medium,0,0,0,0,415000,19,0.0586,0,415000,0
50,self_employed,high,36277857,0,20000000,-20000000,10000,25,0.0674,0,10000,0
21,student,medium,0,0,0,0,1294000,45,0.0345,0,1294000,0
41,self_employed,medium,3808201,5424219,2634914,2789305,377000,42,0.0532,133041084,0,1
24,student,medium,10645730,0,3202795,-3202795,10000,71,0.0324,0,10000,0
22,student,low,0,659830,574365,85465,766000,65,0.0161,5800591,0,1
23,student,low,2012104,0,848005,-848005,10000,9,0.0148,0,10000,0
19,student,medium,0,0,0,0,323000,36,0.0322,0,323000,0
22,student,low,5284046,0,3170427,-3170427,511000,72,0.0286,0,511000,0
42,professional,medium,22731995,2232199,1336275,895924,10000,43,0.0447,68370604,0,1
24,employee,low,31193560,1755311,1089927,665384,10000,25,0.0189,49398126,0,1
24,student,medium,0,0,0,0,10000,56,0.0458,0,10000,0
25,student,low,0,0,0,0,243000,32,0.0178,0,243000,0
21,student,low,9243132,0,1028295,-1028295,10000,37,0.0145,0,10000,0
28,freelancer,low,17162368,2919684,2215094,704590,310000,49,0.0192,54445405,0,1
37,employee,medium,3392985,0,1353481,-1353481,1043000,46,0.0415,0,1043000,0
30,employee,medium,11572121,2997328,1816999,1180329,277000,49,0.0437,77020166,0,1
22,student,medium,6139819,1318921,1153241,165680,868000,41,0.0354,14137443,0,1
26,professional,low,33448304,5985514,3551741,2433773,558000,49,0.0283,163801613,0,1
31,professional,medium,0,5423888,3190022,2233866,10000,44,0.0561,108848273,0,1
25,professional,high,55536836,7371796,3620589,3751207,201000,52,0.0987,327225232,0,1
30,employee,medium,31270816,2827410,1503869,1323541,301000,36,0.036,85067715,0,1
28,freelancer,low,22340659,98564,49453,49111,212000,23,0.022,24454561,0,1
28,freelancer,high,5918318,6353337,3243358,3109979,1085000,78,0.0953,345149164,0,1
23,student,medium,0,0,0,0,1250000,57,0.0532,0,1250000,0
23,student,low,1877321,186437,128018,58419,534000,53,0.0133,5177971,0,1
54,self_employed,low,0,0,0,0,1406000,60,0.0186,0,1406000,0
24,employee,medium,26752207,3515985,2318281,1197704,10000,40,0.0403,81774848,0,1
40,self_employed,low,0,0,0,0,10000,85,0.0262,0,10000,0
35,self_employed,low,49448838,2847940,1263569,1584371,808000,36,0.0262,112759331,0,1
42,freelancer,low,1110285,5951329,4481438,1469891,646000,63,0.0111,96486050,0,1
24,student,low,0,0,0,0,960000,63,0.0293,0,960000,0
32,self_employed,low,0,87958,70110,17848,2028000,1,0.0298,17848,2010152,0
22,student,low,3116861,1340968,969502,371466,458000,48,0.0203,21938218,0,1
44,freelancer,high,9918222,2304365,1494763,809602,785000,46,0.0772,56499469,0,1
37,self_employed,medium,23962296,0,7096566,-7096566,1001000,32,0.048,0,1001000,0
23,student,medium,6158280,783540,413911,369629,10000,59,0.0437,31910403,0,1
23,student,low,0,0,0,0,1032000,55,0.0265,0,1032000,0
41,freelancer,medium,17780436,0,883732,-883732,10000,55,0.0546,0,10000,0
24,student,low,9277594,1014603,794542,220061,2314000,35,0.0215,17818871,0,1
38,employee,high,15810212,4164930,3493831,671099,10000,48,0.0995,62868121,0,1
44,self_employed,low,0,1248702,669963,578739,10000,39,0.0291,23642565,0,1
22,freelancer,low,20398617,3116028,1689314,1426714,521000,43,0.0158,84661957,0,1
41,self_employed,low,16338085,0,4672007,-4672007,266000,44,0.0212,0,266000,0
38,freelancer,medium,5179787,0,2625669,-2625669,1149000,15,0.0566,0,1149000,0
37,professional,high,15293219,5819014,4507732,1311282,1054000,32,0.0704,64451704,0,1
21,student,medium,2900798,865857,472539,393318,1805000,22,0.0506,12229247,0,1
25,self_employed,medium,0,0,0,0,954000,39,0.0551,0,954000,0
36,employee,medium,17344193,4628298,3547665,1080633,54000,51,0.0558,84008024,0,1
35,employee,low,32342333,2750528,1845351,905177,890000,51,0.0121,81395308,0,1
20,student,high,7053093,561997,410495,151502,10000,1,0.0832,7253496,0,1
34,employee,medium,906837,3693270,2768267,925003,199000,47,0.0319,47269799,0,1
23,student,low,1889097,528299,397297,131002,803000,55,0.015,9477195,0,1
23,freelancer,low,0,1382168,705447,676721,1205000,38,0.0177,26429689,0,1
36,employee,medium,17527357,3706554,2071064,1635490,1036000,57,0.0358,122224822,0,1
26,employee,medium,23711977,3772583,2667862,1104721,10000,27,0.0429,57366283,0,1
23,student,low,0,0,0,0,135000,40,0.0232,0,135000,0
28,freelancer,low,18164677,430985,234245,196740,457000,45,0.0254,29256290,0,1
23,student,medium,4306466,0,1085055,-1085055,204000,70,0.0316,0,204000,0
31,employee,medium,17856154,4296855,2272659,2024196,346000,40,0.0522,109471884,0,1
48,freelancer,high,16613888,0,3238295,-3238295,161000,28,0.0645,0,161000,0
26,employee,medium,35409307,2833568,1782227,1051341,10000,34,0.0369,76925661,0,1
30,self_employed,low,7172972,2810034,1962213,847821,10000,52,0.0132,52941293,0,1
20,student,low,0,1895388,1148040,747348,852000,1,0.0165,747348,104652,0
21,student,low,9463164,0,1397627,-1397627,10000,95,0.0159,0,10000,0
31,professional,low,17944075,5496504,3782526,1713978,680000,16,0.0123,45876110,0,1
45,freelancer,medium,16722131,0,1553655,-1553655,1235000,58,0.0375,0,1235000,0
32,freelancer,high,30669778,1735604,1005029,730575,906000,46,0.0693,78338548,0,1
53,professional,medium,34154076,3149901,2601503,548398,163000,22,0.0573,50617061,0,1
21,student,low,3086843,777013,916083,-139070,626000,60,0.0212,0,626000,0
37,freelancer,medium,10043204,4873414,3193602,1679812,1803000,47,0.0383,96700169,0,1
27,freelancer,high,12731736,0,5690152,-5690152,10000,13,0.0713,0,10000,0
33,professional,medium,39859643,4936111,3200878,1735233,1316000,53,0.0575,155769527,0,1
21,student,high,2353305,699000,404333,294667,1645000,44,0.0857,18389181,0,1
23,student,low,19662,0,31778,-31778,390000,110,0.0141,0,390000,0
22,student,medium,5588867,0,1293835,-1293835,10000,66,0.0566,0,10000,0
24,professional,medium,0,4939850,2775314,2164536,1681000,24,0.0419,54089233,0,1
23,student,low,3842433,0,0,0,10000,73,0.0101,4085816,0,1
42,freelancer,medium,0,2456543,1403357,1053186,2150000,14,0.0573,15211096,0,1
30,freelancer,low,8080248,3375780,2094180,1281600,271000,64,0.0201,95497600,0,1
30,professional,medium,12765677,4906167,1992333,2913834,845000,36,0.0343,124466321,0,1
22,student,medium,0,0,0,0,220000,66,0.0505,0,220000,0
22,student,low,0,0,0,0,227000,26,0.018,0,227000,0
38,self_employed,high,22944283,7192294,4945661,2246633,1614000,87,0.0926,321902865,0,1
43,employee,high,12875036,3818815,2519770,1299045,10000,54,0.0655,98600348,0,1
39,employee,high,16265152,4770600,2626484,2144116,1062000,20,0.0772,64098046,0,1
22,freelancer,medium,27640639,0,11062285,-11062285,1203000,70,0.0544,0,1203000,0
22,student,medium,0,1199486,228844,970642,1053000,64,0.0447,70004718,0,1
42,self_employed,high,0,117291,72835,44456,1571000,1,0.0687,44456,1526544,0
23,student,medium,8749426,0,0,0,359000,42,0.0547,10590984,0,1
35,freelancer,low,3729790,4308368,1981506,2326862,10000,34,0.0159,84769164,0,1
21,student,medium,0,1065154,671866,393288,476000,21,0.0474,8593589,0,1
44,professional,low,16343337,4815515,2946421,1869094,312000,59,0.0226,134782990,0,1
22,student,low,0,0,0,0,523000,56,0.0161,0,523000,0
23,student,medium,0,0,0,0,1161000,89,0.0514,0,1161000,0
30,employee,low,14865012,3571251,2671826,899425,639000,21,0.0216,34668955,0,1
19,student,low,5558212,912228,567244,344984,553000,1,0.0153,5910283,0,1
22,student,medium,833907,1266095,841675,424420,1928000,55,0.0359,26315104,0,1
23,student,medium,0,0,0,0,678000,42,0.0549,0,678000,0
37,employee,low,19136947,2799488,2073720,725768,215000,78,0.0273,84714731,0,1
42,freelancer,medium,32331440,0,19398864,-19398864,2050000,57,0.0499,0,2050000,0
56,self_employed,medium,48761880,6876027,4503256,2372771,10000,30,0.0591,133013532,0,1
29,employee,medium,13198305,3557936,2269197,1288739,3423000,39,0.0462,69450314,0,1
32,employee,medium,6255069,3509958,2485558,1024400,1125000,9,0.0465,15840430,0,1
30,professional,low,13587500,3339169,2156031,1183138,2043000,57,0.0298,87999799,0,1
37,employee,medium,29654912,2297506,1403828,893678,1364000,47,0.0302,77902021,0,1
28,employee,low,21967017,3641195,2413027,1228168,2347000,53,0.0238,92964869,0,1
39,employee,high,15273089,2935120,1782251,1152869,997000,98,0.0633,173019067,0,1
25,student,medium,0,0,0,0,10000,83,0.0329,0,10000,0
35,freelancer,medium,37246959,0,9303854,-9303854,10000,49,0.033,0,10000,0
31,employee,high,7934657,3563151,2077950,1485201,78000,37,0.0905,73590395,0,1
38,self_employed,medium,12849936,2251534,1817791,433743,540000,71,0.0301,49013633,0,1
24,student,low,7903894,0,4742336,-4742336,2212000,76,0.0199,0,2212000,0
30,freelancer,low,0,2607265,1598448,1008817,3120000,40,0.0286,42285957,0,1
38,employee,low,1805877,6494008,4328564,2165444,10000,47,0.0295,109775283,0,1
44,professional,medium,13750583,5173766,3555198,1618568,481000,5,0.0368,22105351,0,1
27,employee,high,0,3630155,1639344,1990811,238000,37,0.0763,82751032,0,1
28,professional,low,19138399,0,8067047,-8067047,802000,55,0.0166,0,802000,0
41,freelancer,medium,20684895,3677316,2585384,1091932,2007000,14,0.058,37906134,0,1
30,professional,high,56859071,4388858,2618006,1770852,1252000,46,0.0769,170669451,0,1
35,employee,medium,34701295,3479405,1554681,1924724,1036000,39,0.0571,124025448,0,1
31,self_employed,low,7001614,5444492,3705012,1739480,10000,18,0.0128,38733415,0,1
22,student,high,0,401217,253857,147360,10000,1,0.0782,147360,0,1
35,professional,low,31966316,5960710,4288944,1671766,222000,99,0.0177,215046195,0,1
22,student,medium,3612089,0,170907,-170907,10000,59,0.0359,0,10000,0
24,professional,medium,15898827,4347342,2534500,1812842,10000,10,0.041,34860165,0,1
22,student,medium,1635715,1219099,1291223,-72124,10000,73,0.0428,0,10000,0
46,self_employed,medium,48189894,0,16602177,-16602177,331000,60,0.035,0,331000,0
39,professional,low,20246763,5462947,2516647,2946300,366000,82,0.0235,285568736,0,1
22,student,medium,6682076,1673605,1288439,385166,1334000,61,0.0311,33243524,0,1
26,student,medium,0,1096941,744980,351961,10000,85,0.0508,35916860,0,1
22,student,low,7107069,0,85427,-85427,2037000,66,0.0217,2024430,12570,0
38,professional,high,20006344,0,12003806,-12003806,1576000,82,0.0902,0,1576000,0
27,employee,medium,24802018,3305835,1686161,1619674,179000,64,0.0588,155319388,0,1
28,employee,low,12592853,3263715,2306651,957064,447000,53,0.0124,65412820,0,1
33,self_employed,medium,0,3360506,3128735,231771,762000,33,0.0414,8086086,0,1
21,student,low,3054376,1651147,1426865,224282,10000,94,0.021,26493943,0,1
35,employee,low,11707769,2049896,1234795,815101,2347000,34,0.0278,41465523,0,1
25,student,low,0,0,0,0,1359000,74,0.0169,0,1359000,0
44,freelancer,low,0,3645354,2236638,1408716,805000,23,0.0243,33132523,0,1
34,employee,medium,6557130,1865805,1326056,539749,2950000,43,0.039,32404839,0,1
43,self_employed,high,9493123,3313195,2792696,520499,10000,92,0.0647,77353648,0,1
31,freelancer,low,0,1422475,1089333,333142,10000,63,0.0108,21584372,0,1
25,professional,medium,64625707,6230216,2910544,3319672,1795000,56,0.0598,299191422,0,1
50,freelancer,high,9057207,0,3284822,-3284822,1094000,66,0.0757,0,1094000,0
29,employee,high,17528435,4165815,2601418,1564397,85000,33,0.0929,81170634,0,1
24,student,low,1250585,0,126839,-126839,1309000,53,0.0144,0,1309000,0
42,freelancer,medium,0,0,0,0,80000,75,0.0389,0,80000,0
36,employee,high,0,3256414,1985314,1271100,130000,60,0.0904,95972344,0,1
24,student,low,0,0,0,0,1290000,47,0.0181,0,1290000,0
28,employee,low,0,2614540,1314233,1300307,2072000,103,0.0219,147199465,0,1
41,employee,medium,22393200,1135496,786139,349357,708000,47,0.0414,44120626,0,1
22,student,low,0,1275832,627356,648476,62000,29,0.028,19433226,0,1
46,employee,medium,38943410,2914816,1642010,1272806,1508000,75,0.0586,171070164,0,1
30,freelancer,low,16854016,2090874,1662642,428232,10000,91,0.019,61344592,0,1
31,employee,low,19497886,2486377,1809801,676576,1253000,26,0.014,37947950,0,1
22,student,medium,0,1768830,896015,872815,10000,49,0.0528,47611950,0,1
32,freelancer,low,0,2362143,966283,1395860,10000,108,0.0276,170906078,0,1
41,professional,low,10053129,4875725,2003595,2872130,1190000,51,0.0184,163107083,0,1
19,student,low,3031045,0,1077819,-1077819,1756000,23,0.0253,0,1756000,0
31,employee,low,18828838,2458344,1439900,1018444,1323000,56,0.0278,82256495,0,1
29,professional,low,50203178,2833828,1563404,1270424,10000,21,0.0249,79676611,0,1
26,freelancer,high,25518274,3332755,2355523,977232,679000,81,0.0984,161193975,0,1
24,student,low,0,0,0,0,840000,67,0.0264,0,840000,0
27,employee,medium,28450849,2507956,1564269,943687,287000,46,0.0421,80443575,0,1
33,freelancer,high,2541042,0,966902,-966902,1726000,49,0.0612,0,1726000,0
22,student,low,0,1294791,1371976,-77185,411000,38,0.0101,0,411000,0
44,employee,medium,10532629,3403900,2484291,919609,604000,76,0.045,94691884,0,1
45,self_employed,medium,21394544,0,0,0,1178000,55,0.04,25691608,0,1
33,employee,medium,32569852,3453419,2320927,1132492,389000,13,0.0306,48615986,0,1
44,self_employed,medium,13232369,5529096,4584125,944971,10000,53,0.0462,71662632,0,1
35,employee,medium,28699694,2517079,1733346,783733,1619000,13,0.0597,41110550,0,1
28,professional,high,12285275,5908408,3578030,2330378,358000,32,0.0738,97086359,0,1
22,student,high,3438692,0,536144,-536144,10000,86,0.0801,0,10000,0
29,professional,low,58509247,3623412,2485265,1138147,908000,18,0.0225,81332163,0,1
37,employee,low,31457845,0,13777513,-13777513,480000,87,0.022,0,480000,0
38,professional,low,8926519,4790546,2634227,2156319,10000,75,0.0111,176953088,0,1
31,employee,medium,22498108,3066744,1869065,1197679,10000,66,0.0323,113241736,0,1
39,employee,medium,19020760,3548539,2227508,1321031,10000,60,0.0573,116845443,0,1
25,student,medium,0,1618707,1572638,46069,1323000,30,0.0492,1467467,0,1
35,freelancer,medium,3789902,3781083,1477267,2303816,1617000,87,0.0359,233460536,0,1
21,student,low,2846243,0,869488,-869488,10000,52,0.0149,0,10000,0
22,employee,medium,0,3510437,1941913,1568524,10000,48,0.0347,80639782,0,1
34,self_employed,medium,31670768,1214815,944756,270059,2971000,21,0.058,40999509,0,1
35,employee,low,2183663,3784458,2552514,1231944,406000,36,0.016,47691590,0,1
20,student,low,0,1472360,1570997,-98637,34000,85,0.0269,0,34000,0
33,employee,medium,8707139,4468600,3999918,468682,10000,33,0.0382,25950792,0,1
20,student,medium,510326,0,78227,-78227,1536000,40,0.0371,0,1536000,0
28,freelancer,high,0,0,0,0,10000,29,0.0732,0,10000,0
28,self_employed,medium,21213929,4928909,2324783,2604126,10000,33,0.0485,115966840,0,1
23,student,medium,4666021,0,1228676,-1228676,10000,40,0.0592,0,10000,0
46,freelancer,medium,0,7143610,5858522,1285088,555000,1,0.0332,1285088,0,1
22,student,medium,0,140113,136051,4062,1571000,74,0.0453,346023,1224977,0
36,freelancer,medium,0,0,0,0,2225000,29,0.0551,0,2225000,0
25,employee,medium,38992528,2853446,1722084,1131362,10000,124,0.0506,249493777,0,1
23,student,low,7450651,1335749,824370,511379,10000,13,0.0126,14242966,0,1
31,employee,high,37397803,0,12292361,-12292361,2115000,48,0.0818,0,2115000,0
43,freelancer,low,13351482,3465409,3446982,18427,10000,32,0.0245,14860667,0,1
25,student,low,3420658,0,1023215,-1023215,10000,50,0.0295,0,10000,0
21,student,low,0,0,0,0,953000,42,0.0218,0,953000,0
27,student,low,6696257,0,1653719,-1653719,250000,44,0.0271,0,250000,0
32,employee,medium,9073963,4098470,1864001,2234469,2399000,55,0.0551,151119205,0,1
23,student,medium,0,1438837,1025765,413072,10000,47,0.0433,21116396,0,1
46,self_employed,low,0,0,0,0,752000,61,0.0185,0,752000,0
35,employee,medium,0,2646862,1945076,701786,34000,31,0.0552,23325440,0,1
24,student,high,6622268,0,1513239,-1513239,1831000,48,0.0884,0,1831000,0
22,student,low,0,694440,421956,272484,1797000,73,0.0142,20762933,0,1
24,student,medium,0,2061269,1570581,490688,1112000,102,0.0474,61487595,0,1
27,freelancer,medium,35923536,0,4188243,-4188243,65000,51,0.046,0,65000,0
25,professional,medium,17622285,5183690,3276741,1906949,624000,61,0.0586,158844723,0,1
34,freelancer,medium,0,4585429,2777315,1808114,10000,42,0.0428,81766816,0,1
40,employee,medium,16317859,2284236,1540152,744084,2206000,49,0.0363,58157844,0,1
20,student,medium,0,0,0,0,1090000,47,0.0471,0,1090000,0
52,employee,low,5315257,3385012,1794137,1590875,10000,64,0.0253,114964439,0,1
41,freelancer,low,0,0,0,0,10000,35,0.024,0,10000,0
38,employee,high,24665373,2940066,1573318,1366748,10000,70,0.0842,163231573,0,1
36,employee,medium,5313381,3724048,2084516,1639532,10000,39,0.0435,74667909,0,1
23,student,high,0,0,0,0,10000,48,0.0767,0,10000,0
29,employee,medium,6940354,2170701,1497016,673685,851000,67,0.0569,62512361,0,1
26,employee,low,10386994,2764123,1428629,1335494,10000,31,0.0251,53807970,0,1
23,student,low,2831128,0,850502,-850502,1270000,19,0.0194,0,1270000,0
22,student,high,3180680,0,466918,-466918,1015000,83,0.0987,0,1015000,0
24,freelancer,medium,9099379,0,5459627,-5459627,1659000,61,0.056,0,1659000,0
37,employee,low,23494881,4520969,3449729,1071240,13000,42,0.0299,73451965,0,1
22,employee,low,25850151,3113667,2021990,1091677,10000,26,0.0161,55631944,0,1
39,employee,low,1443283,3193171,2214200,978971,42000,35,0.0294,37302646,0,1
23,student,high,3636248,1252753,822642,430111,10000,85,0.0714,53422942,0,1
39,freelancer,high,0,2988334,2008614,979720,10000,49,0.0982,58766154,0,1
22,freelancer,medium,17610019,0,7674745,-7674745,10000,35,0.0401,0,10000,0
24,student,medium,0,0,0,0,1557000,78,0.0559,0,1557000,0
32,professional,medium,70551663,7053787,4166643,2887144,354000,81,0.0597,392592074,0,1
26,student,low,1265854,0,188161,-188161,372000,50,0.0114,0,372000,0
27,student,medium,3872539,1528023,798742,729281,124000,59,0.0406,52260560,0,1
40,professional,medium,38496630,4332348,2744417,1587931,1524000,59,0.0544,157407720,0,1
40,employee,medium,14168759,2195348,1176410,1018938,10000,37,0.0493,57116805,0,1
30,employee,low,31871132,3515558,2352846,1162712,1555000,14,0.0121,48709095,0,1
45,self_employed,low,18532920,2202831,1262391,940440,1171000,20,0.0239,38454251,0,1
37,self_employed,medium,2216585,5353527,4278448,1075079,615000,20,0.0419,24606592,0,1
23,student,medium,2285630,0,87657,-87657,2389000,76,0.0587,0,2389000,0
42,employee,low,22277009,4463375,2745065,1718310,897000,104,0.0174,218631754,0,1
43,employee,low,21567400,2771574,1524622,1246952,10000,67,0.0273,115252969,0,1
26,freelancer,high,43218625,4903593,2031167,2872426,1573000,50,0.0775,228513428,0,1
42,professional,medium,24350458,0,2911521,-2911521,684000,11,0.0346,0,684000,0
36,employee,medium,20014044,3462677,2271943,1190734,569000,14,0.0361,37873856,0,1
43,self_employed,low,54127871,0,17102290,-17102290,1862000,17,0.0191,0,1862000,0
35,employee,medium,31828248,4322950,2841573,1481377,10000,59,0.0455,137533383,0,1
19,student,low,3482238,0,365721,-365721,2065000,30,0.026,0,2065000,0
32,freelancer,medium,32451553,0,0,0,376000,83,0.0533,46879961,0,1
44,self_employed,medium,0,0,0,0,1737000,15,0.0307,0,1737000,0
33,employee,high,4263987,4073786,2644319,1429467,10000,34,0.0717,58934779,0,1
26,student,medium,3436677,0,1978196,-1978196,790000,55,0.0546,0,790000,0
36,employee,high,14178123,4072376,2636841,1435535,1448000,64,0.0677,130603594,0,1
22,student,low,666315,895050,603185,291865,831000,33,0.0205,10604438,0,1
22,student,low,0,999083,709027,290056,975000,86,0.0247,27258290,0,1
42,professional,medium,18490382,5247354,2747045,2500309,94000,19,0.0449,68990177,0,1
23,student,low,8507621,0,2492869,-2492869,319000,52,0.0141,0,319000,0
19,student,medium,4836564,1083963,808795,275168,10000,48,0.036,19768018,0,1
22,employee,low,25970973,3616615,2818768,797847,1680000,71,0.0187,88857438,0,1
45,self_employed,medium,25920832,5128123,4022717,1105406,468000,44,0.0542,85279561,0,1
29,professional,medium,8785838,5566655,3948251,1618404,10000,73,0.0394,144419530,0,1
24,student,high,754994,1547028,1572616,-25588,660000,71,0.062,0,660000,0
40,self_employed,high,42268775,3915042,2034848,1880194,885000,56,0.0848,191319644,0,1
41,freelancer,low,1111843,0,400083,-400083,10000,69,0.012,0,10000,0
22,student,medium,6991312,0,1817354,-1817354,649000,77,0.0454,0,649000,0
38,employee,low,26671920,3698013,1970607,1727406,1164000,47,0.0192,113002051,0,1
20,student,medium,0,0,0,0,10000,41,0.0541,0,10000,0
46,self_employed,medium,9393105,0,3546759,-3546759,743000,39,0.0304,0,743000,0
38,employee,low,5484040,2743569,1356766,1386803,1279000,42,0.0125,65236129,0,1
42,employee,medium,29732457,0,13995437,-13995437,672000,55,0.0456,0,672000,0
23,student,medium,0,1257064,850263,406801,92000,23,0.05,9798032,0,1
54,self_employed,medium,19561671,1169493,700818,468675,394000,66,0.0419,59340762,0,1
38,freelancer,high,29034022,4722500,2595812,2126688,10000,53,0.0747,173388804,0,1
35,freelancer,medium,17435661,3972679,2330728,1641951,1354000,25,0.0409,61756081,0,1
23,student,medium,4456650,1214082,900227,313855,795000,84,0.0535,38369580,0,1
20,student,high,0,0,0,0,10000,64,0.0996,0,10000,0
19,student,low,0,696933,574400,122533,1561000,33,0.0153,4127175,0,1
23,student,medium,3157315,0,1400135,-1400135,1281000,81,0.0397,0,1281000,0
19,student,medium,2047222,2166386,1866681,299705,10000,94,0.0394,35726926,0,1
22,student,low,6958571,569463,369246,200217,10000,1,0.0274,7174677,0,1
35,employee,high,13842944,2889507,1946441,943066,10000,48,0.0811,72388422,0,1
32,employee,medium,12161726,4331855,2279704,2052151,1986000,47,0.0364,117519070,0,1
31,professional,low,48893282,2945157,1378088,1567069,1974000,46,0.0135,125428930,0,1
30,employee,medium,24848945,3525264,2193145,1332119,10000,15,0.0575,47362257,0,1
24,student,low,2489645,0,737937,-737937,1597000,39,0.027,0,1597000,0
23,student,medium,1434670,0,318707,-318707,10000,34,0.0478,0,10000,0
37,freelancer,medium,37041020,5022597,3390253,1632344,275000,67,0.0567,179104071,0,1
42,employee,low,17235685,2295988,1646668,649320,10000,79,0.0188,74064982,0,1
53,self_employed,low,0,7150803,5101362,2049441,480000,26,0.0143,54086816,0,1
27,employee,low,5301813,4260380,3092350,1168030,1389000,63,0.0144,82109208,0,1
42,employee,medium,9734567,2159449,1785380,374069,2180000,122,0.0323,67449269,0,1
39,freelancer,medium,33556804,0,13580124,-13580124,341000,29,0.0498,0,341000,0
21,student,medium,8135314,0,2064054,-2064054,985000,67,0.0314,0,985000,0
21,student,medium,0,452149,324015,128134,691000,32,0.0591,4429275,0,1
19,student,low,157388,946548,879074,67474,2844000,77,0.0212,5740512,0,1
21,student,low,229462,0,118938,-118938,10000,38,0.0228,0,10000,0
24,freelancer,medium,40202792,0,20000000,-20000000,1562000,15,0.0536,0,1562000,0
36,employee,low,12503462,4159432,2773539,1385893,858000,28,0.0114,52147155,0,1
23,freelancer,low,4329922,0,1060576,-1060576,10000,35,0.0277,0,10000,0
51,employee,medium,29053286,3475566,2288412,1187154,2236000,29,0.0345,67425379,0,1
34,employee,low,8288957,2163580,1256524,907056,1240000,57,0.0121,61968341,0,1
23,student,low,0,509473,315900,193573,10000,76,0.0114,15248144,0,1
34,employee,medium,38375591,3627004,2439168,1187836,10000,49,0.0335,106272457,0,1
19,student,low,5658909,2209261,2139735,69526,1461000,80,0.0226,12575036,0,1
35,employee,medium,22389731,2133614,1350414,783200,10000,58,0.0548,81036980,0,1
34,freelancer,low,3266158,1101262,595094,506168,353000,92,0.0129,52525937,0,1
20,student,medium,6176368,0,1215384,-1215384,10000,35,0.0388,0,10000,0
21,student,low,9932664,1560086,1138842,421244,1365000,65,0.0298,41344979,0,1
24,student,medium,2135152,1227726,959712,268014,1872000,53,0.036,17873925,0,1
21,student,low,1326587,1735066,1063475,671591,10000,69,0.0212,50734761,0,1
39,professional,high,21908534,4659578,2956071,1703507,1553000,21,0.0817,63581204,0,1
22,student,low,4606752,477861,406722,71139,2023000,27,0.0207,6790644,0,1
22,student,high,1532703,2029979,2083005,-53026,1171000,99,0.0916,0,1171000,0
34,freelancer,low,0,0,0,0,10000,27,0.0286,0,10000,0
31,employee,high,9790918,2592156,1622907,969249,87000,73,0.0725,103796427,0,1
41,self_employed,low,25127303,0,6111550,-6111550,139000,49,0.0212,0,139000,0
27,employee,low,0,4060304,2661678,1398626,1648000,1,0.0147,1398626,249374,0
37,employee,low,8822070,2308234,1482518,825716,620000,19,0.0228,25105841,0,1
22,freelancer,low,20155584,0,4841594,-4841594,1049000,8,0.0298,0,1049000,0
19,student,low,6859505,14327,10420,3907,1616000,34,0.0258,7516798,0,1
22,student,low,7997226,0,4147644,-4147644,64000,52,0.0244,0,64000,0
45,self_employed,high,19394679,0,2099875,-2099875,1483000,54,0.0634,0,1483000,0
24,student,high,5563226,0,2666369,-2666369,10000,26,0.0999,0,10000,0
24,student,medium,3348159,0,803923,-803923,449000,65,0.0357,0,449000,0
27,employee,medium,24691973,3190202,2089575,1100627,10000,34,0.0565,69447801,0,1
22,student,medium,0,0,0,0,3313000,86,0.0385,0,3313000,0
25,student,medium,462874,0,0,0,1539000,83,0.0407,613075,925925,0
22,student,low,0,0,0,0,10000,1,0.0169,0,10000,0
21,student,low,91435,0,59546,-59546,374000,64,0.0285,0,374000,0
31,employee,high,17896324,3422420,2320942,1101478,2058000,52,0.0944,97328125,0,1
35,employee,high,8375328,4484938,2650145,1834793,992000,35,0.0761,82098845,0,1
22,student,medium,1342034,0,453266,-453266,321000,81,0.0544,0,321000,0
20,student,medium,0,0,0,0,561000,40,0.0466,0,561000,0
22,employee,low,9811988,1642998,1000944,642054,212000,77,0.0288,66030879,0,1
33,self_employed,medium,11113054,3431934,2549261,882673,10000,29,0.0596,40289734,0,1
22,employee,medium,31039856,3439056,2129231,1309825,10000,30,0.0519,77191814,0,1
50,employee,low,17868207,3782857,1979594,1803263,1768000,69,0.0296,156638366,0,1
22,freelancer,medium,19039147,2272985,1345655,927330,10000,18,0.0453,37613697,0,1
39,professional,low,25875206,2016598,1384626,631972,26000,13,0.0287,35025926,0,1
23,student,medium,1565488,0,352879,-352879,1157000,23,0.0391,0,1157000,0
38,freelancer,medium,0,4275711,3344219,931492,2215000,53,0.0325,53011107,0,1
35,employee,low,35702468,5008493,3352310,1656183,421000,29,0.0203,86680403,0,1
19,student,low,5755596,489793,432779,57014,1058000,83,0.0112,11136859,0,1
22,student,low,2517669,0,870004,-870004,321000,58,0.0266,0,321000,0
30,self_employed,medium,34454110,2777052,1933469,843583,166000,44,0.0599,84287645,0,1
33,self_employed,low,2898527,2135152,1527772,607380,191000,42,0.0121,29068283,0,1
42,self_employed,low,29912524,3470375,2579235,891140,1684000,55,0.0135,82352202,0,1
34,employee,low,21828303,3695256,1683212,2012044,3157000,27,0.0203,78384453,0,1
26,employee,low,28420404,2514453,1877812,636641,10000,8,0.0271,34071510,0,1
39,professional,high,33411169,4977675,3388486,1589189,851000,14,0.0841,60134097,0,1
33,employee,medium,9418928,2657433,1968806,688627,10000,26,0.0423,29037220,0,1
32,professional,medium,23998867,6663465,4827310,1836155,207000,69,0.0565,182471142,0,1
33,employee,medium,32204645,3366611,1468837,1897774,572000,26,0.0381,86322427,0,1
29,employee,high,15254688,2352270,1260723,1091547,926000,59,0.0797,101071219,0,1
26,employee,low,25916939,3822342,2332569,1489773,10000,34,0.0191,79362348,0,1
34,freelancer,high,24792217,0,6528603,-6528603,504000,42,0.0795,0,504000,0
34,professional,medium,10839375,0,5520092,-5520092,1878000,54,0.0486,0,1878000,0
22,student,medium,7210630,0,1655719,-1655719,1064000,32,0.0591,0,1064000,0
22,student,medium,1272413,0,106262,-106262,1929000,40,0.034,0,1929000,0
21,student,low,9222346,0,5504066,-5504066,10000,43,0.0158,0,10000,0
36,self_employed,low,74928773,0,20000000,-20000000,766000,33,0.019,0,766000,0
23,student,low,0,0,0,0,520000,33,0.0183,0,520000,0
24,employee,medium,15175805,2584036,1769245,814791,10000,18,0.0543,31704769,0,1
33,professional,low,44314979,4057864,2827465,1230399,58000,39,0.0292,98993027,0,1
48,self_employed,low,47774128,0,10003846,-10003846,430000,67,0.0283,0,430000,0
55,freelancer,low,33288366,3455984,1911666,1544318,910000,57,0.0291,132494188,0,1
34,freelancer,high,14175069,4113771,2115223,1998548,1635000,54,0.0617,142725530,0,1
37,freelancer,medium,0,3229178,2905027,324151,429000,57,0.0342,20031135,0,1
42,self_employed,low,0,0,0,0,1796000,51,0.0222,0,1796000,0
46,professional,medium,67833246,4773071,2802088,1970983,10000,57,0.0549,216013804,0,1
22,employee,low,41912131,3152543,1968038,1184505,10000,58,0.0116,114956550,0,1
31,employee,medium,22836167,4587384,3063831,1523553,2706000,42,0.058,98720353,0,1
23,student,medium,2208484,881895,975911,-94016,10000,47,0.0519,0,10000,0
30,employee,high,5084519,3448182,2145264,1302918,10000,49,0.0934,84797229,0,1
40,employee,medium,6554598,3493809,2538643,955166,10000,33,0.0583,41789693,0,1
45,self_employed,low,0,0,0,0,916000,10,0.0299,0,916000,0
31,employee,medium,32836346,3012356,2459140,553216,10000,1,0.0571,33545808,0,1
38,employee,low,7336967,4445037,2726626,1718411,10000,61,0.0257,120210393,0,1
52,self_employed,medium,35018310,4618082,3770834,847248,695000,56,0.0538,98784179,0,1
24,student,medium,8474607,1050913,724248,326665,1009000,74,0.0497,39725703,0,1
40,employee,low,18498814,1848885,775665,1073220,879000,43,0.024,68299143,0,1
34,professional,medium,17732272,7117996,4528189,2589807,340000,7,0.0452,36539923,0,1
37,employee,high,22730385,3170371,1908131,1262240,941000,48,0.071,100000140,0,1
22,student,low,0,1565504,754777,810727,1068000,1,0.0101,810727,257273,0
22,freelancer,low,0,2775026,1392380,1382646,1608000,1,0.0204,1382646,225354,0
35,self_employed,low,87567,3375120,2166299,1208821,1748000,39,0.0298,49534570,0,1
28,employee,medium,29724803,4384558,2869150,1515408,10000,22,0.0419,66684055,0,1
28,employee,medium,34396682,2994662,1397427,1597235,1427000,41,0.0427,110159262,0,1
19,student,low,1728098,997324,547988,449336,850000,42,0.0244,21562520,0,1
46,freelancer,low,0,1546751,800908,745843,167000,63,0.0139,48715813,0,1
48,professional,medium,5325630,4360000,2227706,2132294,820000,41,0.0421,99995617,0,1
25,student,low,7968245,0,3196323,-3196323,10000,41,0.0149,0,10000,0
27,professional,low,37154746,2099079,1197555,901524,951000,71,0.024,111519705,0,1
44,employee,low,22155048,3260294,2156787,1103507,195000,99,0.0139,140532150,0,1
33,employee,medium,33015700,4373957,3104865,1269092,1944000,25,0.0349,68361565,0,1
19,student,medium,0,1527560,733066,794494,10000,1,0.0535,794494,0,1
24,employee,medium,1886746,3254933,2142535,1112398,1762000,47,0.0578,60881157,0,1
37,freelancer,high,17389759,2529446,1453069,1076377,1045000,39,0.0765,69767777,0,1
25,employee,medium,6346551,3142901,1512007,1630894,147000,31,0.0572,61699468,0,1
30,employee,medium,16033410,3944954,2203836,1741118,2149000,40,0.0521,94945841,0,1
29,self_employed,medium,4239747,2494455,1420031,1074424,1701000,91,0.0498,124680928,0,1
20,student,low,2056544,0,300613,-300613,994000,20,0.0221,0,994000,0
22,student,medium,0,0,0,0,400000,8,0.0359,0,400000,0
23,student,low,6867002,0,2003534,-2003534,10000,74,0.0223,0,10000,0
38,freelancer,medium,6905431,0,0,0,156000,80,0.0332,8613545,0,1
24,student,low,2907013,0,921464,-921464,706000,39,0.0219,0,706000,0
22,student,medium,5880758,0,1560454,-1560454,1177000,81,0.0513,0,1177000,0
22,student,medium,0,0,0,0,101000,67,0.0368,0,101000,0
41,employee,medium,6301286,3783691,2939250,844441,10000,29,0.0566,33399269,0,1
24,professional,medium,22356985,5093823,2826204,2267619,1487000,10,0.0328,45932797,0,1
25,employee,medium,23685467,2450242,1410237,1040005,10000,13,0.0567,39092394,0,1
20,student,low,7521312,0,371652,-371652,563000,32,0.0247,0,563000,0
35,self_employed,medium,64187039,0,19626096,-19626096,1151000,65,0.0518,0,1151000,0
21,student,low,4045510,1927681,1092641,835040,692000,70,0.0286,68308481,0,1
23,student,medium,3348459,1018733,615139,403594,1995000,56,0.0586,30320059,0,1
30,freelancer,medium,0,0,0,0,832000,64,0.0442,0,832000,0
23,student,low,656696,0,124612,-124612,1124000,74,0.0226,0,1124000,0
32,freelancer,medium,0,0,0,0,809000,37,0.0308,0,809000,0
29,employee,medium,31976371,3038241,2463937,574304,10000,32,0.0405,54989096,0,1
33,employee,medium,22442610,2837433,1929327,908106,2458000,56,0.0391,82616904,0,1
21,student,medium,9817200,0,2551394,-2551394,603000,49,0.0594,0,603000,0
23,student,low,0,0,0,0,961000,37,0.0286,0,961000,0
21,student,high,6352258,0,2488036,-2488036,1376000,30,0.0835,0,1376000,0
23,student,medium,0,0,0,0,10000,70,0.0431,0,10000,0
26,employee,medium,14076015,4548363,3351366,1196997,77000,68,0.0591,116063632,0,1
34,employee,low,46213887,2773810,1865207,908603,1746000,76,0.0239,128232354,0,1
19,student,low,0,309769,317855,-8086,490000,77,0.0204,0,490000,0
25,student,low,449353,430464,290616,139848,1503000,57,0.0105,8642126,0,1
22,employee,low,17145564,0,612322,-612322,311000,68,0.021,0,311000,0
19,student,low,941946,789068,398945,390123,886000,104,0.0202,45422275,0,1
24,student,low,4444372,0,1805158,-1805158,2721000,60,0.0273,0,2721000,0
34,freelancer,high,23622220,6074623,4428183,1646440,208000,36,0.0744,95687881,0,1
40,self_employed,low,28182773,3308119,2278356,1029763,10000,31,0.0109,61348704,0,1
27,employee,low,26876429,0,9994625,-9994625,10000,66,0.0234,0,10000,0
32,self_employed,low,8860140,4548096,2277225,2270871,503000,63,0.0233,162038144,0,1
22,freelancer,medium,3176577,3322479,2188768,1133711,145000,38,0.0592,51085829,0,1
26,employee,low,39717886,3677884,2205266,1472618,756000,33,0.0144,90862410,0,1
24,student,medium,5748524,980195,753339,226856,114000,21,0.0358,11028442,0,1
24,student,low,5956753,0,1643776,-1643776,459000,5,0.0161,0,459000,0
35,employee,high,16294178,3194306,1612968,1581338,10000,29,0.0637,68433631,0,1
23,employee,medium,17499586,4082833,1850185,2232648,950000,60,0.0594,179065922,0,1
46,freelancer,low,0,0,0,0,970000,54,0.011,0,970000,0
23,student,medium,7602372,0,1983189,-1983189,464000,98,0.0595,0,464000,0
42,employee,low,0,4019448,2719986,1299462,1341000,52,0.0297,72018043,0,1
26,employee,low,4260819,2109896,1278214,831682,10000,58,0.025,56023767,0,1
26,student,medium,1099150,1725880,1390776,335104,812000,67,0.0305,25746114,0,1
32,professional,low,66084042,4855505,2572295,2283210,1035000,1,0.0134,68441046,0,1
47,employee,medium,17600056,2568470,1477969,1090501,10000,2,0.0427,19910415,0,1
28,self_employed,medium,40834441,0,19684071,-19684071,446000,15,0.0582,0,446000,0
52,employee,medium,16476093,3636610,1864080,1772530,1861000,68,0.0586,165494204,0,1
22,employee,low,11196570,3495455,1805709,1689746,10000,36,0.0196,74476329,0,1
21,student,medium,584150,0,282183,-282183,2287000,63,0.0564,0,2287000,0
34,employee,medium,31336115,3915919,2649606,1266313,10000,23,0.0325,63356926,0,1
36,employee,low,31100333,2084792,1522136,562656,1138000,88,0.0243,91299934,0,1
21,student,high,6398822,0,2160916,-2160916,1105000,9,0.0673,0,1105000,0
47,freelancer,medium,0,0,0,0,10000,34,0.0333,0,10000,0
19,student,low,1753940,0,242737,-242737,10000,42,0.0242,0,10000,0
29,professional,medium,0,5895144,3592519,2302625,10000,48,0.0397,119571544,0,1
49,self_employed,high,24347580,0,10623397,-10623397,300000,44,0.0814,0,300000,0
35,self_employed,high,16116551,0,4500870,-4500870,15000,49,0.0974,0,15000,0
33,professional,medium,47729084,5863709,4019754,1843955,2011000,39,0.058,136533473,0,1
23,freelancer,high,0,0,0,0,10000,93,0.065,0,10000,0
26,student,medium,2049924,612590,372768,239822,959000,2,0.053,2548775,0,1
46,freelancer,medium,18449210,2317714,1875067,442647,2998000,50,0.0598,48718075,0,1
30,employee,medium,19009593,3507652,2049761,1457891,10000,42,0.0431,88062319,0,1
33,self_employed,medium,7568335,0,1797512,-1797512,10000,62,0.0545,0,10000,0
44,self_employed,low,299839,0,83981,-83981,10000,45,0.0254,0,10000,0
20,student,medium,3553031,0,2131818,-2131818,2356000,89,0.0402,0,2356000,0
31,employee,medium,12343106,3534032,2068713,1465319,10000,57,0.0586,112330641,0,1
22,freelancer,low,51376711,4039217,1744111,2295106,17000,71,0.0279,237537078,0,1
50,employee,low,2307948,2776992,1770045,1006947,905000,26,0.0175,29060560,0,1
23,employee,medium,9624173,3465453,2803748,661705,1027000,61,0.0379,56102795,0,1
34,freelancer,low,9450721,4124132,2561702,1562430,522000,29,0.0172,56083081,0,1
36,employee,low,26460431,1785145,1022967,762178,125000,12,0.03,36538200,0,1
42,freelancer,medium,17414840,2713668,1462908,1250760,252000,51,0.0398,89994789,0,1
32,employee,low,16249596,2777207,1132612,1644595,79000,98,0.0152,189881044,0,1
24,student,high,5850565,0,0,0,445000,40,0.0699,7380654,0,1
24,freelancer,medium,27804645,133930,111849,22081,425000,47,0.0473,34589227,0,1
20,student,high,272021,0,99245,-99245,10000,68,0.0785,0,10000,0
19,student,low,6478319,0,3637216,-3637216,2282000,16,0.0175,0,2282000,0
23,student,low,6690508,1133567,1333844,-200277,1375000,78,0.0281,0,1375000,0
29,employee,low,5305923,3031794,2434024,597770,2307000,26,0.0274,21623900,0,1
22,student,medium,0,0,0,0,895000,101,0.0351,0,895000,0
28,self_employed,medium,39597921,3063434,1788357,1275077,1881000,70,0.0534,158482365,0,1
33,professional,low,13167268,1693072,941922,751150,248000,1,0.0248,13945630,0,1
39,employee,low,31470859,4369452,2651622,1717830,10000,16,0.0174,59995192,0,1
29,self_employed,medium,0,6094958,2578478,3516480,1492000,72,0.052,296385821,0,1
27,employee,medium,0,4384317,2830897,1553420,62000,45,0.0382,75030544,0,1
42,self_employed,high,25007046,2397955,1596936,801019,2036000,48,0.0779,79058954,0,1
21,student,low,0,0,0,0,10000,60,0.0147,0,10000,0
40,self_employed,low,68616390,405407,280393,125014,1360000,73,0.0178,86088375,0,1
43,self_employed,high,55670114,2445197,1802882,642315,1410000,4,0.0771,59708811,0,1
22,student,low,6502267,1699815,1802493,-102678,1510000,80,0.0177,0,1510000,0
22,student,low,0,1428107,1237298,190809,1092000,63,0.0102,12343265,0,1
41,employee,low,27715746,0,0,0,10000,1,0.0225,27767713,0,1
24,freelancer,medium,14154055,1723355,1170213,553142,10000,17,0.054,25026387,0,1
41,employee,low,19411930,4156592,2748465,1408127,99000,99,0.0189,173417033,0,1
31,professional,medium,52378729,3734597,2114699,1619898,2229000,62,0.0588,187947540,0,1
19,student,medium,2599602,0,1211190,-1211190,1682000,45,0.0539,0,1682000,0
41,professional,medium,23996444,4322608,1623579,2699029,2261000,78,0.0472,278423163,0,1
21,student,low,0,0,0,0,10000,47,0.0181,0,10000,0
23,student,medium,0,1021110,556199,464911,10000,64,0.0321,32405921,0,1
25,student,medium,4050170,1778537,1250940,527597,832000,14,0.0374,11768392,0,1
23,employee,medium,29622180,2110896,1158028,952868,1831000,47,0.057,87057226,0,1
24,student,high,0,0,0,0,491000,30,0.0931,0,491000,0
23,student,low,5876101,1364168,974170,389998,10000,57,0.0228,30002338,0,1
24,student,medium,586117,0,154285,-154285,525000,40,0.0388,0,525000,0
22,freelancer,medium,9983688,4513098,2662430,1850668,2223000,55,0.0525,127487948,0,1
32,employee,medium,12661511,2901245,1709774,1191471,740000,13,0.0407,29039561,0,1
36,freelancer,high,22440980,2850386,1596482,1253904,1341000,50,0.0646,101074987,0,1
24,freelancer,medium,23710721,0,7883452,-7883452,1320000,70,0.043,0,1320000,0
24,student,low,0,1640020,1147144,492876,1359000,32,0.0114,16006497,0,1
22,student,medium,1599688,1572670,924589,648081,555000,49,0.0511,37198950,0,1
20,student,low,6350443,632697,480737,151960,1603000,92,0.0129,21696960,0,1
43,freelancer,medium,10398537,987880,788071,199809,10000,43,0.0589,22375225,0,1
38,employee,low,21864601,2654955,1334521,1320434,10000,17,0.0101,44778724,0,1
26,self_employed,medium,26134901,5358139,3455623,1902516,1849000,45,0.0312,120072174,0,1
24,student,medium,5130172,1963827,1373328,590499,206000,49,0.0447,37834210,0,1
39,employee,low,32509745,2580717,1599986,980731,2161000,38,0.0152,72266288,0,1
34,employee,high,6923410,3014703,1852714,1161989,814000,32,0.0965,51159948,0,1
28,employee,medium,3894113,4951477,3597234,1354243,1415000,31,0.0424,48628513,0,1
29,employee,low,16886481,3568749,2653804,914945,438000,70,0.0118,84357312,0,1
22,student,high,441431,1033714,1146851,-113137,752000,45,0.0848,0,752000,0
26,employee,medium,12887818,2742958,1991308,751650,2208000,9,0.0589,20367643,0,1
28,employee,medium,31671155,3107708,2681115,426593,1839000,41,0.0528,57038722,0,1
42,employee,low,41505480,1799658,729453,1070205,360000,39,0.0219,87782789,0,1
42,freelancer,medium,22719118,0,4562662,-4562662,662000,34,0.0411,0,662000,0
42,freelancer,low,0,3254026,2253222,1000804,134000,41,0.0217,42552484,0,1
45,freelancer,high,28925379,2697855,2501021,196834,10000,30,0.0906,42846876,0,1
39,professional,high,0,2658372,1385212,1273160,10000,48,0.0949,73977799,0,1
32,employee,high,17336085,2529605,1804287,725318,1384000,24,0.0788,39072606,0,1
31,freelancer,medium,0,3107742,1459140,1648602,1266000,58,0.0453,106670449,0,1
22,student,low,4089535,0,1298102,-1298102,10000,32,0.0136,0,10000,0
24,employee,medium,6518128,2198652,1223518,975134,54000,14,0.0399,20779080,0,1
23,student,low,1868384,760660,587862,172798,10000,64,0.0267,14025035,0,1
32,employee,medium,36165068,2756297,1643064,1113233,907000,30,0.0467,75986326,0,1
32,employee,medium,22848925,3850526,2318363,1532163,10000,44,0.0532,102017005,0,1
37,employee,high,32328659,3019840,1762408,1257432,1897000,76,0.0676,168416830,0,1
22,employee,low,36057677,2672830,1640784,1032046,1304000,51,0.0203,94226942,0,1
21,student,medium,4796804,0,1628988,-1628988,81000,20,0.0539,0,81000,0
22,student,high,0,0,0,0,649000,64,0.0784,0,649000,0
22,student,medium,2325998,0,639598,-639598,397000,65,0.0306,0,397000,0
46,employee,low,20788255,2427676,1643264,784412,1222000,14,0.0218,32435650,0,1
31,freelancer,medium,22375033,5884935,3838567,2046368,85000,57,0.0383,154535734,0,1
39,freelancer,medium,0,1812416,1228130,584286,1417000,53,0.0339,33354897,0,1
31,professional,low,14651859,6024723,2939968,3084755,2620000,69,0.0236,244505571,0,1
41,self_employed,medium,34315582,3915998,2056239,1859759,10000,13,0.0482,60919451,0,1
32,self_employed,high,0,6760359,5022887,1737472,10000,4,0.097,7034610,0,1
33,employee,high,18759719,3043482,2139186,904296,10000,21,0.0842,42110645,0,1
40,professional,low,3360815,5786793,2980869,2805924,499000,84,0.0191,255807325,0,1
44,self_employed,medium,20362855,1689642,853775,835867,2652000,75,0.0585,104790711,0,1
29,freelancer,high,20843632,0,10168933,-10168933,402000,31,0.0881,0,402000,0
22,student,high,0,1471286,1014690,456596,544000,72,0.0723,41006717,0,1
30,freelancer,high,16507048,0,8724173,-8724173,10000,108,0.0735,0,10000,0
23,student,low,1576563,0,61151,-61151,1096000,44,0.0226,0,1096000,0
22,employee,low,24339356,5170396,2755810,2414586,900000,23,0.0184,81694666,0,1
24,student,medium,5103459,1937247,1292626,644621,1056000,5,0.0593,8485927,0,1
22,student,medium,4784134,296026,204775,91251,457000,71,0.057,14381388,0,1
43,employee,low,0,1079907,671680,408227,10000,73,0.0202,31680601,0,1
32,freelancer,high,0,1770567,1054157,716410,10000,15,0.0695,11192943,0,1
27,freelancer,low,10048770,0,1019855,-1019855,1413000,52,0.014,0,1413000,0
24,student,low,0,230587,177920,52667,10000,35,0.0121,1875296,0,1
35,employee,medium,0,4327850,1992770,2335080,10000,78,0.0339,203441884,0,1
24,self_employed,medium,1752075,0,507185,-507185,10000,46,0.0405,0,10000,0
43,professional,medium,30420818,5559807,3374697,2185110,10000,56,0.0495,175644308,0,1
21,student,high,2120839,0,627310,-627310,10000,74,0.0774,0,10000,0
24,student,medium,2832833,1299405,1032728,266677,1966000,42,0.0399,15255494,0,1
39,freelancer,high,21657063,4339804,2321218,2018586,399000,43,0.0806,129126644,0,1
24,student,medium,0,0,0,0,88000,6,0.0447,0,88000,0
20,student,high,0,770063,539507,230556,333000,72,0.0647,20217147,0,1
31,employee,low,16073250,4433962,3054934,1379028,1433000,37,0.0267,70572491,0,1
27,freelancer,medium,11395736,0,1545741,-1545741,10000,14,0.0465,0,10000,0
23,student,high,0,1202619,851635,350984,10000,65,0.0999,30106398,0,1
36,freelancer,low,21628781,0,10494026,-10494026,10000,35,0.0275,0,10000,0
25,student,medium,0,949894,447273,502621,596000,1,0.0516,502621,93379,0
35,self_employed,medium,55893432,0,19867837,-19867837,1169000,50,0.044,0,1169000,0
30,professional,medium,9721020,1909418,1112765,796653,408000,59,0.0421,64071946,0,1
21,student,high,99735,0,4461,-4461,10000,54,0.0855,0,10000,0
23,student,high,0,1204671,1272552,-67881,1085000,54,0.0847,0,1085000,0
24,self_employed,low,0,15102,11518,3584,1569000,64,0.0216,242879,1326121,0
36,employee,low,20735030,2258207,1851872,406335,10000,46,0.0164,41357334,0,1
35,freelancer,high,0,3311288,2037178,1274110,196000,36,0.0691,50806634,0,1
22,employee,medium,0,2415478,1826675,588803,867000,2,0.043,1179716,0,1
23,student,medium,0,1500232,918852,581380,427000,91,0.0497,64096227,0,1
22,student,low,13124,0,53678,-53678,10000,80,0.0202,0,10000,0
22,student,low,0,0,0,0,694000,18,0.0206,0,694000,0
23,employee,medium,22640164,4070685,3739886,330799,1173000,12,0.0504,27870541,0,1
26,freelancer,medium,21304698,0,3615280,-3615280,1306000,41,0.0547,0,1306000,0
22,employee,medium,8193566,2182285,1439001,743284,2092000,57,0.0312,55104463,0,1
25,student,low,0,0,0,0,10000,76,0.0221,0,10000,0
29,employee,medium,16988235,4520448,3102454,1417994,1028000,79,0.0417,150995872,0,1
45,self_employed,medium,59176705,5644524,3795219,1849305,160000,43,0.0346,151506293,0,1
23,student,medium,756735,1543421,1335403,208018,787000,27,0.0347,6650889,0,1
39,professional,medium,65836116,7405116,4578877,2826239,1391000,62,0.0385,273827577,0,1
35,employee,low,823264,5867756,3252508,2615248,1514000,30,0.0214,81388864,0,1
21,student,high,0,0,0,0,608000,64,0.0855,0,608000,0
22,student,low,3942820,1814077,1637479,176598,875000,37,0.011,10721879,0,1
53,employee,low,16932929,3892022,2402628,1489394,10000,15,0.018,39894968,0,1
25,student,medium,5527627,1262550,669845,592705,10000,56,0.0431,43448930,0,1
21,student,low,76713,0,9702,-9702,2472000,56,0.025,0,2472000,0
32,employee,medium,23574131,4138079,3284639,853440,10000,51,0.054,78442545,0,1
42,professional,high,31322363,3017248,1717761,1299487,1442000,74,0.0798,174864266,0,1
39,freelancer,medium,4782587,5572705,3689024,1883681,341000,42,0.0313,88831398,0,1
26,professional,high,54610380,0,6158502,-6158502,10000,2,0.0737,42928410,0,1
22,student,medium,2071978,0,865191,-865191,727000,30,0.043,0,727000,0
24,student,high,5752609,0,2412809,-2412809,10000,14,0.0785,0,10000,0
45,professional,medium,34708283,3548905,2013370,1535535,10000,73,0.0307,164897167,0,1
33,employee,low,10308534,2691245,1790305,900940,1129000,82,0.0255,92879579,0,1
20,student,low,0,0,0,0,586000,58,0.0234,0,586000,0
26,student,medium,0,1154207,683166,471041,1097000,52,0.0527,27449216,0,1
24,self_employed,medium,29470158,0,10384238,-10384238,506000,37,0.0436,0,506000,0
39,employee,medium,26960878,911605,711298,200307,2052000,62,0.0314,45167015,0,1
36,professional,medium,8397123,0,1541537,-1541537,10000,101,0.0578,0,10000,0
33,self_employed,medium,9054061,0,1721625,-1721625,468000,39,0.0376,0,468000,0
21,student,low,0,352218,120615,231603,706000,68,0.0136,16362128,0,1
24,student,medium,4070254,588596,440822,147774,10000,87,0.0487,21171021,0,1
29,employee,low,8151488,4328088,2904843,1423245,1531000,8,0.0249,19756784,0,1
49,professional,medium,22637530,2996906,1803984,1192922,10000,70,0.0323,119078396,0,1
23,student,medium,3129135,874333,667561,206772,70000,30,0.0535,10197242,0,1
21,student,low,4651875,0,543766,-543766,10000,61,0.0283,0,10000,0
33,professional,high,46653338,6803495,4152428,2651067,10000,91,0.0938,444440255,0,1
34,employee,high,22808119,2478370,1505898,972472,1034000,19,0.0925,46207309,0,1
24,student,medium,70028,492303,454390,37913,10000,68,0.0407,2982283,0,1
44,professional,low,27717279,2439780,1583739,856041,10000,48,0.0262,74046776,0,1
41,employee,low,15651342,2746586,2058054,688532,190000,97,0.0285,94708221,0,1
36,professional,medium,40184908,5223471,3950747,1272724,388000,27,0.0332,78925682,0,1
30,freelancer,medium,6439001,548417,333502,214915,1713000,48,0.0569,19633992,0,1
42,employee,low,15471732,3357809,2189329,1168480,1301000,47,0.0194,73703145,0,1
32,employee,medium,20517640,2169618,1343450,826168,10000,43,0.0429,62247881,0,1
29,employee,low,13239200,0,3010797,-3010797,384000,101,0.0142,0,384000,0
42,employee,low,21680235,2432631,1138137,1294494,2519000,34,0.02,68188121,0,1
25,student,low,4370970,641481,525368,116113,719000,50,0.0255,10978852,0,1
22,student,low,0,0,0,0,30000,17,0.0196,0,30000,0
47,freelancer,medium,15853536,4386193,3227109,1159084,10000,59,0.0429,95551432,0,1
22,student,high,3018231,0,853777,-853777,10000,20,0.0832,0,10000,0
35,professional,low,17012651,5255568,3746598,1508970,10000,12,0.0146,35492008,0,1
43,employee,low,26742874,3484075,1722288,1761787,10000,32,0.023,86517388,0,1
44,employee,medium,33875442,4243549,2324015,1919534,1606000,14,0.0523,63650209,0,1
35,professional,high,37493957,5149343,3166118,1983225,2066000,61,0.0821,206339284,0,1
34,self_employed,low,49056588,1213476,819081,394395,10000,60,0.0237,80318355,0,1
24,student,high,12273531,0,4886876,-4886876,1521000,39,0.0784,0,1521000,0
38,employee,medium,16537892,3825300,3148039,677261,826000,61,0.0554,69493944,0,1
36,employee,medium,24386656,3084967,2046614,1038353,10000,51,0.0377,85954230,0,1
43,employee,low,0,0,0,0,2598000,41,0.0233,0,2598000,0
41,self_employed,high,17322429,0,8168817,-8168817,10000,53,0.0603,0,10000,0
26,employee,low,27410403,5055026,3436493,1618533,2614000,86,0.0215,182317191,0,1
26,self_employed,medium,0,0,0,0,285000,57,0.0551,0,285000,0
21,student,low,1186601,0,108388,-108388,628000,72,0.022,0,628000,0
22,student,low,2648236,1898717,1241012,657705,1663000,92,0.028,70688436,0,1
39,self_employed,low,8391816,0,2429613,-2429613,1986000,59,0.0145,0,1986000,0
24,student,low,2313706,0,369091,-369091,10000,81,0.0288,0,10000,0
22,employee,low,10059327,2307958,1619604,688354,10000,41,0.0185,39825571,0,1
37,professional,medium,30709179,7434920,4471929,2962991,1489000,67,0.0552,273658635,0,1
39,self_employed,high,0,6282943,4178777,2104166,758000,23,0.071,51679979,0,1
39,freelancer,high,0,311751,157889,153862,822000,49,0.0781,8846482,0,1
25,freelancer,low,0,0,0,0,1373000,61,0.0102,0,1373000,0
20,student,low,253524,0,54227,-54227,2304000,40,0.0193,0,2304000,0
21,student,low,0,1288467,735813,552654,1585000,54,0.0186,31102725,0,1
23,student,low,0,829581,587789,241792,10000,27,0.0131,6621881,0,1
19,student,low,470038,0,67219,-67219,10000,51,0.0247,0,10000,0
31,employee,medium,14328802,4015654,2558024,1457630,1500000,81,0.0385,153157849,0,1
23,student,low,0,0,0,0,10000,36,0.0178,0,10000,0
26,freelancer,low,9913610,4429628,2657942,1771686,717000,95,0.0195,193404374,0,1
32,freelancer,medium,7801028,196768,166983,29785,1566000,88,0.0317,12786029,0,1
26,freelancer,low,7959424,0,3506933,-3506933,1344000,13,0.0113,0,1344000,0
33,employee,low,10679775,3071893,1457877,1614016,1115000,30,0.0233,61128458,0,1
22,freelancer,medium,17379435,0,8327160,-8327160,712000,62,0.0499,0,712000,0
24,professional,medium,42233476,5788621,2578969,3209652,2198000,51,0.0331,224109479,0,1
34,professional,medium,23344864,1741723,1093157,648566,1402000,39,0.0501,54871483,0,1
23,student,medium,4867720,0,121607,-121607,1841000,69,0.054,0,1841000,0
25,student,low,11896682,0,5458897,-5458897,10000,25,0.0252,0,10000,0
24,self_employed,medium,23386320,0,14031792,-14031792,10000,26,0.0483,0,10000,0
26,self_employed,low,36119751,1974345,1630288,344057,642000,60,0.0151,60379232,0,1
22,employee,medium,27808806,3508440,2434439,1074001,157000,60,0.0343,103189919,0,1
41,employee,medium,0,4035889,2542099,1493790,10000,24,0.0434,37382370,0,1
22,student,medium,2410697,0,0,0,10000,47,0.0387,2804561,0,1
23,student,medium,6620477,0,1504435,-1504435,1442000,88,0.0596,0,1442000,0
24,freelancer,high,37028910,4895196,2982440,1912756,10000,70,0.0876,235558257,0,1
24,student,low,4797627,922577,705544,217033,10000,13,0.0284,7809191,0,1
31,employee,medium,17728668,2918141,1987407,930734,10000,74,0.0555,106849198,0,1
21,student,high,5529040,1369675,992657,377018,497000,79,0.0843,49247327,0,1
22,student,low,7997523,0,3295214,-3295214,1911000,84,0.0126,0,1911000,0
22,student,high,4510395,516456,232665,283791,2690000,30,0.077,14819911,0,1
23,student,medium,845870,494673,271623,223050,10000,56,0.0366,14601538,0,1
26,student,low,8967709,2272181,1104004,1168177,696000,55,0.0152,76111380,0,1
26,self_employed,low,13277171,5555059,4663572,891487,2631000,29,0.0239,40652894,0,1
40,self_employed,high,4214649,0,1025768,-1025768,516000,46,0.0727,0,516000,0
38,employee,low,24353742,3234659,1339977,1894682,10000,13,0.0143,49541480,0,1
21,student,low,4230855,0,447795,-447795,1566000,26,0.0105,0,1566000,0
20,student,medium,6713035,0,1481473,-1481473,279000,65,0.0514,0,279000,0
27,student,medium,826752,0,340575,-340575,37000,4,0.0377,0,37000,0
40,professional,medium,7584282,3846290,2654929,1191361,322000,87,0.0585,140289402,0,1
22,student,low,408887,0,105980,-105980,2320000,20,0.0195,0,2320000,0
20,student,low,1787709,0,768211,-768211,500000,24,0.0208,0,500000,0
21,student,low,7049730,746324,367727,378597,10000,48,0.0118,25989282,0,1
19,student,low,9557919,0,2366104,-2366104,10000,54,0.0111,0,10000,0
32,freelancer,medium,20604862,0,6273391,-6273391,10000,47,0.0357,0,10000,0
46,self_employed,medium,0,0,0,0,10000,95,0.0482,0,10000,0
37,freelancer,low,0,1947708,1211890,735818,470000,71,0.0228,55874095,0,1
22,employee,high,31674511,3460024,1902403,1557621,10000,107,0.0933,331052249,0,1
32,freelancer,high,0,0,0,0,1015000,53,0.0697,0,1015000,0
34,employee,medium,14423929,2878389,2199029,679360,10000,67,0.0368,68153565,0,1
19,student,low,6500066,0,2670844,-2670844,1744000,16,0.0158,0,1744000,0
30,employee,low,30463671,3336179,1924748,1411431,1617000,28,0.0192,72243993,0,1
25,student,medium,3627645,538459,417176,121283,813000,9,0.0597,4906866,0,1
29,employee,low,5367898,2373026,1248957,1124069,555000,43,0.0158,55376165,0,1
24,student,low,2311517,0,899476,-899476,488000,24,0.0235,0,488000,0
43,employee,medium,31784727,3389117,2650477,738640,10000,46,0.0496,75763451,0,1
20,student,medium,443444,0,61613,-61613,1144000,62,0.0391,0,1144000,0
36,professional,high,0,6482169,4254647,2227522,2406000,1,0.0883,2227522,178478,0
33,employee,low,4345868,3594163,2660058,934105,777000,62,0.03,67633180,0,1
28,employee,low,7254347,3574297,2373389,1200908,10000,56,0.0262,79648807,0,1
20,student,medium,258391,0,80630,-80630,811000,87,0.0588,0,811000,0
25,student,medium,2933353,0,1579721,-1579721,529000,60,0.0417,0,529000,0
22,student,medium,7696487,1407733,1123235,284498,2189000,50,0.0462,24980014,0,1
33,employee,low,38068649,3892814,2447078,1445736,1270000,54,0.0292,126730490,0,1
46,freelancer,low,9885572,3007214,2583993,423221,10000,65,0.0187,39865668,0,1
23,student,low,0,589256,352914,236342,519000,30,0.0241,7300658,0,1
36,self_employed,medium,15938841,6719053,5533507,1185546,880000,48,0.0341,79141981,0,1
33,professional,medium,32283046,3480559,1739918,1740641,1230000,9,0.0518,49498124,0,1
21,student,low,4901680,1873716,1158863,714853,799000,51,0.0269,44072156,0,1
25,student,medium,10990259,0,3982103,-3982103,291000,57,0.051,0,291000,0
22,student,high,0,0,0,0,2493000,65,0.0943,0,2493000,0
22,student,low,4027634,0,112803,-112803,10000,53,0.0175,0,10000,0
24,professional,low,25341084,6052282,3978223,2074059,836000,46,0.0288,129040071,0,1
49,self_employed,high,37258429,3802584,2766231,1036353,851000,29,0.0947,80421052,0,1
21,student,medium,387222,0,68439,-68439,1587000,62,0.0477,0,1587000,0
34,freelancer,medium,29146468,4753057,3527961,1225096,10000,10,0.0408,42592857,0,1
34,employee,low,30406664,2489924,1734344,755580,1274000,1,0.0208,31214949,0,1
20,student,high,3912496,0,681318,-681318,614000,25,0.0873,0,614000,0
40,professional,low,16775587,4049484,2345705,1703779,676000,73,0.0219,152075763,0,1
22,employee,low,14773022,1758228,982987,775241,132000,91,0.0243,95138528,0,1
23,student,medium,1714228,1754900,1006797,748103,1522000,20,0.0559,17524278,0,1
24,student,medium,5335594,0,2201260,-2201260,496000,54,0.0451,0,496000,0
43,freelancer,high,10791907,0,4538267,-4538267,1945000,50,0.0624,0,1945000,0
36,self_employed,medium,30823081,2633682,1626011,1007671,864000,54,0.0319,94004562,0,1
40,employee,low,21755903,2744487,1799459,945028,289000,1,0.0251,22746437,0,1
22,student,medium,783095,933708,613119,320589,383000,26,0.0544,9706055,0,1
20,student,low,0,0,0,0,505000,35,0.0257,0,505000,0
23,student,high,1188793,830218,679272,150946,396000,43,0.0619,8729173,0,1
28,freelancer,low,12003572,3266419,2216517,1049902,532000,80,0.0206,103719358,0,1
39,self_employed,medium,14540658,1356440,930317,426123,10000,6,0.0483,17477971,0,1
37,professional,medium,28680282,2803887,1915439,888448,10000,10,0.0478,38888848,0,1
43,freelancer,high,7826431,5227568,2323671,2903897,453000,48,0.0703,170779374,0,1
19,student,high,0,1009291,527544,481747,10000,86,0.0612,51840475,0,1
37,freelancer,low,0,3797753,3285624,512129,10000,50,0.0121,26249364,0,1
20,student,medium,6734328,0,3723850,-3723850,1507000,20,0.0388,0,1507000,0
36,professional,high,44210870,5277225,4580664,696561,10000,35,0.0646,80099213,0,1
46,self_employed,medium,24397372,0,2322295,-2322295,10000,27,0.0521,0,10000,0
22,student,high,538444,0,21237,-21237,10000,35,0.0932,0,10000,0
26,employee,medium,8284700,4019229,3221942,797287,1486000,49,0.0382,51887065,0,1
25,employee,medium,20299595,2885269,2078889,806380,10000,70,0.0459,91103239,0,1
38,professional,medium,0,4616661,2654055,1962606,1255000,40,0.0454,84583423,0,1
29,employee,medium,8234020,3223152,1975652,1247500,2213000,33,0.054,53823210,0,1
47,freelancer,high,0,0,0,0,10000,76,0.0898,0,10000,0
22,employee,low,4493805,2949516,1462082,1487434,2432000,49,0.0128,79516465,0,1
24,student,low,334947,308689,187147,121542,1562000,49,0.0291,6692869,0,1
34,employee,high,12766297,3762951,2223047,1539904,157000,31,0.098,70501399,0,1
33,freelancer,low,10736605,0,307521,-307521,748000,50,0.0108,0,748000,0
26,student,medium,0,0,0,0,796000,54,0.0594,0,796000,0
24,student,medium,5415236,0,1125960,-1125960,821000,74,0.043,0,821000,0
42,professional,medium,2083497,4704735,2508773,2195962,10000,31,0.0442,74308418,0,1
19,student,medium,0,0,0,0,10000,61,0.0364,0,10000,0
21,student,low,7097990,0,2833733,-2833733,363000,85,0.0114,0,363000,0
25,student,low,1186975,0,548078,-548078,1291000,77,0.0147,0,1291000,0
19,student,medium,7747520,1230699,845094,385605,588000,11,0.0382,12332989,0,1
22,employee,medium,25735567,3516500,2636262,880238,634000,77,0.0514,115857099,0,1
23,student,high,0,0,0,0,1485000,68,0.0788,0,1485000,0
30,freelancer,medium,6547863,3134502,1974682,1159820,10000,24,0.0348,35803167,0,1
38,self_employed,medium,48979478,1868707,1339549,529158,876000,43,0.038,80446713,0,1
23,student,low,0,0,0,0,33000,22,0.0152,0,33000,0
42,employee,low,0,2843856,1203262,1640594,10000,30,0.0147,50102130,0,1
38,professional,low,40810510,5833237,2603197,3230040,527000,43,0.014,185258268,0,1
22,student,low,623730,0,145645,-145645,488000,50,0.0194,0,488000,0
55,self_employed,high,26655540,0,10468448,-10468448,10000,66,0.0635,0,10000,0
41,freelancer,medium,0,0,0,0,1374000,77,0.0497,0,1374000,0
33,employee,high,17721150,4778458,2696934,2081524,2500000,37,0.0855,110811956,0,1
34,employee,medium,21470834,3376670,2067261,1309409,10000,70,0.0362,128395188,0,1
41,self_employed,high,27401079,0,5805106,-5805106,1849000,35,0.0681,0,1849000,0
37,employee,medium,0,2274782,1423645,851137,1533000,34,0.0504,31036951,0,1
38,employee,medium,25963665,2525747,1826475,699272,10000,54,0.0325,70649170,0,1
30,freelancer,high,22844466,3492408,2145539,1346869,23000,50,0.0824,112189378,0,1
30,employee,medium,5482701,3806265,2285749,1520516,1497000,69,0.0399,124601492,0,1
50,self_employed,medium,40886434,7485328,6353676,1131652,654000,59,0.0593,131987567,0,1
21,student,medium,8040830,0,1315614,-1315614,10000,41,0.0443,0,10000,0
24,student,high,0,0,0,0,10000,14,0.0785,0,10000,0
27,employee,low,15560704,2370250,1313757,1056493,1861000,59,0.015,81398191,0,1
41,professional,medium,29652244,5566602,3108203,2458399,846000,48,0.0551,168626015,0,1
37,self_employed,high,16066108,0,3565070,-3565070,820000,49,0.0768,0,820000,0
42,freelancer,medium,5221336,1877096,1732137,144959,10000,8,0.0528,6585671,0,1
40,freelancer,medium,11793762,0,1504475,-1504475,853000,91,0.0313,0,853000,0
36,employee,medium,18093055,2232412,1329878,902534,10000,93,0.0505,129208345,0,1
24,student,medium,304196,0,20775,-20775,556000,25,0.0348,0,556000,0
33,freelancer,medium,10293147,3881229,2964443,916786,1507000,32,0.0424,42525111,0,1
34,employee,low,30697169,4045147,2990135,1055012,10000,65,0.0277,109556173,0,1
23,student,medium,6151580,0,3406243,-3406243,1793000,40,0.0421,0,1793000,0
32,self_employed,high,33022665,0,6397012,-6397012,1194000,51,0.0669,0,1194000,0
29,employee,medium,6019618,1682711,973545,709166,2685000,54,0.0314,48006902,0,1
36,self_employed,medium,0,6812585,5624492,1188093,10000,38,0.0327,47499767,0,1
23,employee,low,22487505,4143443,3164508,978935,615000,88,0.0283,123279680,0,1
23,student,low,0,0,0,0,10000,38,0.0167,0,10000,0
29,employee,low,22372259,4028457,2443725,1584732,10000,108,0.0146,208297993,0,1
32,employee,medium,27464408,2616288,2003557,612731,10000,26,0.0376,46362608,0,1
34,freelancer,medium,35950324,1759805,1002005,757800,334000,8,0.0487,43283439,0,1
51,freelancer,high,0,3436923,1774291,1662632,10000,42,0.0677,78549148,0,1
25,self_employed,medium,6811444,227457,144054,83403,1702000,58,0.0325,13198691,0,1
23,freelancer,medium,43733637,0,20000000,-20000000,613000,128,0.0426,0,613000,0
22,employee,medium,17290240,0,9692747,-9692747,1400000,38,0.0321,0,1400000,0
39,freelancer,high,0,2239947,1248102,991845,2103000,42,0.0966,49331523,0,1
40,employee,low,32836330,4336460,2378326,1958134,790000,81,0.011,199933462,0,1
34,employee,high,11332981,1765136,975966,789170,2016000,88,0.0801,114436831,0,1
23,student,medium,3460113,574318,469775,104543,10000,1,0.0343,3574546,0,1
35,self_employed,medium,34551218,5270826,3623147,1647679,1178000,83,0.0423,204814133,0,1
33,employee,medium,20774950,2712589,2108766,603823,546000,27,0.0407,39806513,0,1
39,self_employed,medium,24016600,649049,346077,302972,943000,35,0.0344,37684951,0,1
36,self_employed,low,21395833,4387949,2848581,1539368,1020000,32,0.0184,72919662,0,1
37,self_employed,medium,38910062,0,3092900,-3092900,10000,55,0.052,0,10000,0
24,student,low,0,583261,650055,-66794,365000,49,0.0269,0,365000,0
22,student,low,1021339,0,242959,-242959,525000,29,0.0177,0,525000,0
33,employee,low,22055570,3366319,1960121,1406198,10000,14,0.0144,42270076,0,1
42,professional,medium,38115831,4516683,3043023,1473660,10000,66,0.0318,151522502,0,1
20,student,medium,0,0,0,0,10000,45,0.03,0,10000,0
24,student,low,689528,0,180142,-180142,2029000,3,0.0142,150913,1878087,0
28,employee,medium,19084877,2257172,1327224,929948,1217000,49,0.0413,72126708,0,1
39,employee,medium,14857390,4005917,1790593,2215324,902000,60,0.0371,163680424,0,1
23,employee,medium,16321215,3767053,2655868,1111185,435000,89,0.0339,133238778,0,1
29,employee,medium,21223259,3888655,2623180,1265475,10000,51,0.0357,94276058,0,1
35,employee,medium,27327776,2823644,1666171,1157473,10000,55,0.0478,105022079,0,1
21,student,medium,0,779343,859916,-80573,1096000,50,0.0594,0,1096000,0
34,employee,low,5381496,2336554,1328152,1008402,10000,46,0.0247,54516441,0,1
42,self_employed,low,38225431,0,15826009,-15826009,1053000,55,0.0229,0,1053000,0
33,employee,low,19990081,3366895,2067929,1298966,10000,48,0.0295,88582479,0,1
49,self_employed,low,0,0,0,0,563000,87,0.0164,0,563000,0
30,employee,medium,33406518,3973555,2132654,1840901,91000,53,0.0462,148957816,0,1
20,student,medium,1811959,660852,355941,304911,10000,69,0.0546,27129159,0,1
26,employee,low,7836316,3362080,2464880,897200,10000,55,0.0226,60631527,0,1
24,student,high,241541,1211788,1304977,-93189,10000,29,0.0947,0,10000,0
20,student,medium,6370451,0,2914767,-2914767,152000,62,0.0356,0,152000,0
25,student,medium,4919956,0,2951973,-2951973,10000,28,0.0423,0,10000,0
23,student,high,0,0,0,0,10000,72,0.0973,0,10000,0
22,freelancer,medium,633187,0,189916,-189916,125000,28,0.0404,0,125000,0
20,student,medium,10289953,0,2265758,-2265758,276000,70,0.0318,0,276000,0
38,freelancer,low,12762164,1656846,1150340,506506,633000,31,0.0178,29418368,0,1
47,self_employed,medium,12340141,7308031,4919141,2388890,772000,54,0.0375,154890039,0,1
26,employee,medium,30400255,2611429,1753712,857717,361000,12,0.0592,42826114,0,1
22,student,medium,0,0,0,0,10000,67,0.0447,0,10000,0
22,student,medium,1253109,0,188574,-188574,1478000,68,0.0409,0,1478000,0
35,professional,low,38422980,3106154,2423121,683033,367000,65,0.0127,87092400,0,1
41,self_employed,medium,25314623,2129314,1175688,953626,333000,47,0.039,77825168,0,1
23,employee,low,24298025,3989964,2827677,1162287,236000,51,0.0265,89861703,0,1
36,freelancer,low,26841286,0,0,0,1664000,29,0.0102,27510858,0,1
23,student,low,3673864,0,249322,-249322,11000,45,0.0126,0,11000,0
47,freelancer,low,17875410,1975559,942178,1033381,61000,52,0.0116,73878453,0,1
35,employee,medium,12464532,3062246,1793586,1268660,10000,62,0.0553,107380425,0,1
23,student,medium,381016,0,161197,-161197,625000,91,0.0409,0,625000,0
27,employee,medium,19086361,4632026,2582580,2049446,1747000,60,0.0425,160336640,0,1
19,student,low,6590321,794014,520717,273297,85000,27,0.0119,14244008,0,1
21,student,low,1001986,0,127661,-127661,10000,63,0.0208,0,10000,0
26,freelancer,medium,0,0,0,0,10000,45,0.0517,0,10000,0
35,freelancer,high,0,0,0,0,343000,87,0.0624,0,343000,0
24,student,low,3925960,374052,154111,219941,398000,40,0.0184,13239965,0,1
28,freelancer,medium,0,0,0,0,492000,27,0.0499,0,492000,0
22,student,low,766401,966654,725918,240736,332000,44,0.0126,11637680,0,1
22,freelancer,medium,17717491,0,9867828,-9867828,10000,86,0.0412,0,10000,0
20,student,low,9817820,1206950,467679,739271,1269000,26,0.03,30310217,0,1
24,student,medium,0,0,0,0,10000,46,0.0311,0,10000,0
45,employee,low,21611549,4054365,2370884,1683481,10000,46,0.0223,104306505,0,1
37,professional,medium,40043844,5669580,3102759,2566821,549000,51,0.055,197656679,0,1
25,student,low,5408248,0,990728,-990728,641000,48,0.0278,0,641000,0
39,employee,medium,1223507,0,229780,-229780,10000,28,0.0527,0,10000,0
45,freelancer,low,22593116,0,7672233,-7672233,1807000,63,0.0278,0,1807000,0
28,employee,medium,31047745,2378590,1449074,929516,1158000,32,0.0426,66216746,0,1
44,self_employed,medium,619873,4848898,3257685,1591213,1845000,43,0.0346,73434761,0,1
35,freelancer,high,13026326,0,4308225,-4308225,1082000,40,0.068,0,1082000,0
24,student,medium,6842907,0,2554533,-2554533,1313000,43,0.0456,0,1313000,0
24,professional,low,35792756,5300657,2880434,2420223,550000,56,0.0145,178432653,0,1
22,student,low,0,0,0,0,405000,3,0.0268,0,405000,0
25,student,medium,4101461,0,1001035,-1001035,10000,21,0.0411,0,10000,0
43,freelancer,high,13437304,4715506,3316795,1398711,156000,71,0.0727,144261401,0,1
34,self_employed,low,20928241,2982494,2652859,329635,190000,77,0.0128,49157408,0,1
27,freelancer,low,14539735,3625401,2598379,1027022,10000,18,0.0299,34089013,0,1
31,employee,medium,31510193,4324875,3254271,1070604,10000,76,0.0333,129340256,0,1
23,student,medium,7465485,0,3344154,-3344154,10000,44,0.0381,0,10000,0
22,freelancer,high,0,3854237,2849775,1004462,43000,36,0.0776,40569407,0,1
46,professional,medium,12802,3453941,2201252,1252689,10000,64,0.0301,86863049,0,1
19,student,low,3982677,0,966358,-966358,10000,28,0.0196,0,10000,0
25,employee,medium,14733983,0,6413847,-6413847,1136000,39,0.0387,0,1136000,0
47,self_employed,low,0,0,0,0,1554000,14,0.0189,0,1554000,0
42,employee,medium,18246772,2711915,1552977,1158938,10000,54,0.0396,90181840,0,1
37,freelancer,high,30218243,0,3978564,-3978564,704000,64,0.0853,0,704000,0
24,student,low,0,1155971,913375,242596,359000,77,0.0164,19684001,0,1
39,freelancer,medium,15325375,0,371472,-371472,620000,54,0.0579,0,620000,0
37,freelancer,medium,26864026,4604435,2998144,1606291,10000,52,0.0451,124707867,0,1
28,professional,medium,16480833,1913879,1071809,842070,762000,31,0.0348,45300945,0,1
23,student,low,1972111,0,676426,-676426,200000,35,0.0105,0,200000,0
33,freelancer,high,11348944,0,4240714,-4240714,237000,54,0.097,0,237000,0
22,freelancer,low,14698737,0,2871220,-2871220,10000,55,0.025,0,10000,0
37,employee,medium,27049651,3565142,2359595,1205547,10000,95,0.0419,173198272,0,1
30,employee,low,14262082,3155584,1726890,1428694,10000,24,0.0245,50083490,0,1
31,professional,high,33585402,3442788,2471663,971125,898000,35,0.0946,83174611,0,1
23,student,low,0,0,0,0,704000,30,0.0161,0,704000,0
23,freelancer,medium,9557925,0,2306399,-2306399,513000,65,0.0419,0,513000,0
30,freelancer,medium,23536182,3095435,2311604,783831,1645000,65,0.03,82930961,0,1
41,self_employed,low,44667010,3947059,2709633,1237426,757000,73,0.0165,144332405,0,1
28,self_employed,low,27436776,3868365,2547556,1320809,814000,49,0.01,94610909,0,1
24,freelancer,medium,15250499,0,4019890,-4019890,10000,66,0.0388,0,10000,0
22,employee,high,12905653,2264569,1770497,494072,10000,13,0.0933,21003989,0,1
26,student,medium,3197258,1393158,1533903,-140745,10000,44,0.0497,0,10000,0
36,employee,medium,19163201,2132330,1295487,836843,1735000,89,0.0384,111475419,0,1
31,employee,medium,17666958,4310859,2673715,1637144,1096000,13,0.0506,40490028,0,1
41,freelancer,low,10560310,0,4207403,-4207403,632000,51,0.0294,0,632000,0
20,student,low,4178311,2569906,2131045,438861,603000,12,0.0238,9603007,0,1
39,freelancer,high,0,0,0,0,1220000,25,0.0921,0,1220000,0
25,employee,medium,10667864,3904275,1911113,1993162,392000,19,0.0385,50320997,0,1
23,freelancer,high,0,2169217,1594636,574581,64000,79,0.0829,60106944,0,1
37,self_employed,high,34160115,11982481,10622983,1359498,1196000,48,0.0834,124776121,0,1
39,employee,low,0,2919413,1711244,1208169,2712000,32,0.0118,39256508,0,1
27,self_employed,medium,13028466,8306260,4782933,3523327,2241000,53,0.0584,229295955,0,1
21,student,low,0,1298060,1002609,295451,10000,1,0.021,295451,0,1
32,professional,medium,37695705,3577970,2266147,1311823,158000,80,0.0556,181251292,0,1
27,freelancer,low,7622611,2957786,2323717,634069,2059000,33,0.019,29494285,0,1
30,employee,medium,5962411,3252901,1836329,1416572,10000,17,0.0375,30980486,0,1
45,employee,medium,5158563,4075656,2179456,1896200,487000,9,0.0314,22526843,0,1
33,freelancer,medium,5198353,0,2433222,-2433222,600000,16,0.0481,0,600000,0
23,student,low,0,0,0,0,1246000,7,0.0103,0,1246000,0
40,employee,low,22653564,4303793,3128350,1175443,467000,66,0.0286,110413307,0,1
49,freelancer,low,0,2287080,1328625,958455,449000,58,0.0244,58937620,0,1
39,self_employed,low,0,1695120,1531604,163516,840000,1,0.027,163516,676484,0
50,self_employed,high,24403235,0,4990431,-4990431,10000,67,0.0803,0,10000,0
31,employee,low,22304923,2082767,879142,1203625,1726000,61,0.0262,103922179,0,1
19,student,low,0,0,0,0,703000,25,0.026,0,703000,0
44,self_employed,high,34978725,0,18879121,-18879121,390000,44,0.0939,0,390000,0
35,employee,medium,29236873,3561569,3061651,499918,87000,36,0.0536,53802687,0,1
38,self_employed,high,11389411,5393684,3063174,2330510,805000,43,0.0869,132608410,0,1
31,professional,medium,28391234,6373887,3562000,2811887,634000,17,0.0574,80466205,0,1
41,self_employed,medium,41788221,4629008,2809750,1819258,1295000,17,0.047,76575217,0,1
25,freelancer,medium,0,0,0,0,1425000,54,0.0562,0,1425000,0
24,student,low,3605461,236341,177637,58704,424000,22,0.0178,5036773,0,1
24,student,low,2677700,749102,390634,358468,714000,59,0.0191,25097159,0,1
21,student,low,1875357,1475858,806895,668963,884000,56,0.0173,41019348,0,1
37,employee,high,15443413,4059041,1940838,2118203,1986000,42,0.0786,122339105,0,1
33,employee,low,14732438,4569007,2584239,1984768,278000,57,0.0232,135925866,0,1
40,employee,medium,53328279,2374575,1610455,764120,10000,12,0.0302,64258704,0,1
22,student,medium,0,0,0,0,1392000,37,0.0364,0,1392000,0
24,student,high,3305790,0,462789,-462789,1651000,39,0.0752,0,1651000,0
22,student,low,6062862,0,2116385,-2116385,2018000,64,0.0172,0,2018000,0
25,professional,medium,19464210,3554624,2457641,1096983,17000,38,0.039,66310646,0,1
19,student,medium,0,2287634,1353970,933664,10000,41,0.0322,40408123,0,1
40,professional,low,19370477,0,1862955,-1862955,10000,55,0.0282,0,10000,0
21,student,low,860997,0,402258,-402258,10000,36,0.0107,0,10000,0
32,freelancer,medium,6872733,0,3303111,-3303111,1966000,30,0.0597,0,1966000,0
22,student,low,759065,0,344271,-344271,1100000,91,0.0248,0,1100000,0
36,employee,low,6639534,4308144,2919019,1389125,576000,49,0.0106,76463415,0,1
34,professional,medium,0,2856460,1059649,1796811,10000,58,0.0309,112244123,0,1
36,freelancer,medium,35311210,4634512,2155273,2479239,773000,69,0.0396,236080262,0,1
22,student,high,4458789,1329440,764572,564868,1126000,42,0.0864,33613966,0,1
26,student,low,5691348,1284476,849214,435262,1207000,60,0.0144,33178010,0,1
34,employee,low,33638652,0,13770544,-13770544,2013000,41,0.025,0,2013000,0
34,employee,medium,22546183,3255401,1695454,1559947,10000,59,0.0464,131469581,0,1
23,student,low,6016603,0,3609961,-3609961,1866000,42,0.0163,0,1866000,0
28,employee,medium,8760543,2539079,1508069,1031010,1113000,63,0.0471,84739249,0,1
44,self_employed,high,5964391,5659104,2698455,2960649,10000,60,0.0827,228083008,0,1
32,employee,high,30296611,4443161,2463834,1979327,10000,16,0.0623,65846395,0,1
20,student,low,10299124,0,4970526,-4970526,1386000,72,0.0112,0,1386000,0
22,student,low,1206202,0,587436,-587436,10000,63,0.016,0,10000,0
35,employee,medium,32009515,3357244,2654174,703070,556000,32,0.0524,60888340,0,1
35,employee,low,19379787,3175564,2127042,1048522,87000,36,0.0272,60308823,0,1
36,professional,medium,23920676,5918711,4633465,1285246,1033000,97,0.0523,191223145,0,1
29,freelancer,medium,14869605,0,7711335,-7711335,83000,61,0.0591,0,83000,0
43,professional,medium,27870470,5110838,3751365,1359473,481000,36,0.055,85936207,0,1
24,student,medium,0,0,0,0,154000,1,0.0501,0,154000,0
26,employee,low,3474594,3371934,1958054,1413880,10000,39,0.0269,61347806,0,1
24,student,high,6346577,0,1235800,-1235800,10000,70,0.0733,0,10000,0
32,freelancer,low,21609095,0,7353013,-7353013,10000,43,0.0137,0,10000,0
35,employee,medium,8221203,3378718,1840620,1538098,1578000,62,0.0511,119571363,0,1
24,student,medium,140859,0,19980,-19980,1849000,83,0.0416,0,1849000,0
52,professional,medium,33600954,6032415,3105694,2926721,161000,19,0.0402,93121906,0,1
33,employee,medium,16770025,3853087,2798596,1054491,10000,38,0.0422,61954272,0,1
21,student,low,263093,604455,650469,-46014,108000,49,0.0113,0,108000,0
40,self_employed,high,42708423,0,19444375,-19444375,794000,48,0.0731,0,794000,0
35,professional,medium,45968653,5032219,3375840,1656379,870000,29,0.0517,103120153,0,1
20,student,high,1038025,0,469832,-469832,926000,39,0.0837,0,926000,0
22,employee,low,0,2302598,1652315,650283,1936000,40,0.016,26699178,0,1
33,employee,medium,15435879,3853770,1424464,2429306,10000,21,0.0479,69886979,0,1
23,student,low,3519666,0,817350,-817350,10000,27,0.0247,0,10000,0
31,professional,low,55489934,6498804,4401322,2097482,842000,74,0.0275,234673045,0,1
24,student,medium,0,1387136,884289,502847,10000,18,0.0375,9295724,0,1
23,student,low,0,984870,475996,508874,842000,52,0.0165,27410878,0,1
19,student,low,0,0,0,0,1780000,54,0.0188,0,1780000,0
25,freelancer,low,7593966,0,1795339,-1795339,1545000,58,0.0114,0,1545000,0
24,student,high,0,0,0,0,1813000,6,0.0766,0,1813000,0
34,freelancer,medium,8543841,3062581,2475529,587052,1142000,28,0.0416,26643518,0,1
22,freelancer,medium,12565232,0,1653154,-1653154,10000,78,0.0405,0,10000,0
22,student,low,2602955,0,846242,-846242,10000,52,0.0108,0,10000,0
44,employee,medium,14677150,4059430,2382204,1677226,677000,50,0.0412,108739873,0,1
26,employee,high,2798592,3183894,1796121,1387773,2425000,55,0.0933,99077633,0,1
42,self_employed,low,35881477,0,14475031,-14475031,10000,44,0.0259,0,10000,0
41,self_employed,low,5797922,111981,62007,49974,561000,56,0.0166,9172293,0,1
40,professional,medium,10821914,4247500,1595558,2651942,10000,76,0.0557,256397466,0,1
25,self_employed,medium,20112463,2506792,2133708,373084,10000,55,0.0335,45590654,0,1
41,freelancer,medium,32369364,3012182,2129172,883010,1143000,3,0.0401,35352844,0,1
30,employee,medium,33519989,3391659,1634437,1757222,10000,55,0.0452,148383425,0,1
36,professional,high,0,5089166,2125560,2963606,2838000,8,0.0859,24311434,0,1
28,employee,medium,12742793,0,3565193,-3565193,10000,48,0.0335,0,10000,0
23,student,medium,3983732,0,1260229,-1260229,1971000,80,0.0353,0,1971000,0
23,employee,low,33543714,3975766,1888888,2086878,1089000,37,0.0209,115459575,0,1
41,employee,medium,22225206,2612281,1599235,1013046,34000,1,0.0403,23312892,0,1
46,freelancer,medium,10516788,0,4815326,-4815326,10000,63,0.0394,0,10000,0
32,self_employed,medium,41547749,0,2647406,-2647406,10000,18,0.0355,0,10000,0
27,freelancer,high,0,0,0,0,1307000,52,0.0746,0,1307000,0
39,self_employed,medium,23330150,1570468,855046,715422,1254000,42,0.0318,57812238,0,1
25,student,low,1846310,0,430667,-430667,18000,62,0.0237,0,18000,0
35,self_employed,medium,47580449,0,20000000,-20000000,1367000,79,0.0392,0,1367000,0
28,freelancer,medium,0,5796079,2829202,2966877,2005000,1,0.0448,2966877,0,1
27,professional,medium,35307234,5967818,3710297,2257521,1649000,63,0.0321,196464549,0,1
22,employee,medium,29456862,3308264,2091356,1216908,740000,52,0.0524,107814326,0,1
36,employee,medium,33892282,3435127,2152722,1282405,10000,52,0.047,115333326,0,1
22,student,low,241362,0,94638,-94638,10000,71,0.0226,0,10000,0
21,student,high,4262096,1118983,821643,297340,1313000,7,0.0941,6632615,0,1
24,student,low,7147520,0,2490692,-2490692,1476000,30,0.0297,0,1476000,0
28,employee,medium,20187016,3317676,2146650,1171026,984000,42,0.0345,74970051,0,1
38,freelancer,medium,15536214,5627036,4638723,988313,10000,66,0.0306,89320687,0,1
25,freelancer,low,36483084,0,12854851,-12854851,1403000,24,0.0155,0,1403000,0
28,employee,medium,12594435,1595367,926018,669349,10000,77,0.0387,74535260,0,1
23,student,low,3968414,0,1511705,-1511705,1308000,59,0.0113,0,1308000,0
24,professional,medium,34885361,3578261,1706561,1871700,791000,18,0.0431,71950006,0,1
44,self_employed,low,39184676,2254205,2216954,37251,10000,33,0.0129,41849593,0,1
36,freelancer,high,5497972,5046390,3629342,1417048,10000,58,0.0604,102523995,0,1
31,employee,low,31567002,4040085,1902364,2137721,442000,34,0.0267,109460140,0,1
34,employee,low,24985198,4693121,2202516,2490605,1638000,61,0.0225,188806394,0,1
19,student,medium,381562,0,107677,-107677,1071000,113,0.0555,0,1071000,0
44,professional,medium,5426039,5516185,4049705,1466480,10000,50,0.04,86052727,0,1
33,employee,low,15062819,2969123,1927794,1041329,749000,51,0.013,70489883,0,1
20,student,low,5710061,0,0,0,1031000,34,0.0122,5910786,0,1
21,student,medium,0,0,0,0,517000,81,0.048,0,517000,0
47,freelancer,low,35135862,0,9886952,-9886952,754000,25,0.0139,0,754000,0
43,professional,low,22729226,2937348,1540036,1397312,1406000,63,0.0192,117680260,0,1
33,employee,low,26674098,3866497,2809189,1057308,1887000,51,0.0177,84716335,0,1
28,employee,high,19572378,2484103,2053334,430769,1288000,40,0.0911,46531660,0,1
20,student,low,1019845,0,174063,-174063,222000,62,0.0296,0,222000,0
29,freelancer,high,5978716,0,821707,-821707,10000,70,0.0968,0,10000,0
40,self_employed,high,29709137,3804190,2960834,843356,1582000,1,0.0606,30702524,0,1
33,employee,low,7423731,3782797,2185927,1596870,764000,93,0.0276,174568498,0,1
27,employee,high,35369012,0,19422039,-19422039,737000,18,0.0959,0,737000,0
47,self_employed,medium,1695032,2928473,3055087,-126614,10000,37,0.0434,0,10000,0
22,employee,low,29839078,2667331,1654316,1013015,10000,18,0.0129,48823615,0,1
36,self_employed,medium,14219253,5751075,4368478,1382597,10000,34,0.0329,64804846,0,1
20,student,low,4512480,0,749083,-749083,786000,52,0.0261,0,786000,0
21,student,low,9077633,2175367,2325484,-150117,76000,36,0.0296,4275366,0,1
22,student,low,0,1802281,1135694,666587,1243000,57,0.0207,39890054,0,1
22,student,low,5514880,1212533,822290,390243,137000,11,0.027,9994212,0,1
39,professional,low,12931275,3220427,2064326,1156101,10000,61,0.0279,90573012,0,1
38,self_employed,high,8512172,0,2675682,-2675682,1217000,43,0.0826,0,1217000,0
24,student,medium,1341415,846041,590319,255722,2038000,58,0.043,18103769,0,1
45,freelancer,low,0,3232625,1949836,1282789,10000,34,0.0192,44786155,0,1
28,employee,low,0,5396951,4064339,1332612,2609000,1,0.0207,1332612,1276388,0
46,self_employed,medium,26176944,0,10723865,-10723865,1468000,65,0.0318,0,1468000,0
38,employee,low,29563477,2523747,2070141,453606,28000,65,0.0289,66442775,0,1
23,student,low,2944179,0,1382237,-1382237,1308000,55,0.0281,0,1308000,0
21,student,medium,0,0,0,0,158000,27,0.0302,0,158000,0
19,student,medium,4506385,0,1814950,-1814950,522000,84,0.0564,0,522000,0
31,employee,medium,0,3390983,2095529,1295454,681000,45,0.053,64335639,0,1
45,freelancer,low,3522154,0,1720888,-1720888,1905000,90,0.027,0,1905000,0
29,employee,medium,27582954,1995161,1131890,863271,1467000,26,0.0555,54890812,0,1
37,self_employed,medium,4188275,0,1284417,-1284417,10000,77,0.0354,0,10000,0
34,employee,medium,33410214,660288,436007,224281,1616000,87,0.0567,74413189,0,1
30,professional,low,29220187,3193294,2023807,1169487,10000,15,0.0129,47369852,0,1
34,employee,medium,17603450,3942661,2864041,1078620,187000,85,0.0477,133481846,0,1
25,employee,medium,23243873,2881201,1854678,1026523,1903000,81,0.0438,127765737,0,1
41,employee,low,18702338,3578620,2183681,1394939,973000,74,0.0193,130590078,0,1
32,employee,low,25352215,3096210,2184710,911500,54000,75,0.0119,98241128,0,1
22,student,medium,6305378,0,2020725,-2020725,114000,43,0.0375,0,114000,0
21,student,low,5755622,0,688008,-688008,592000,89,0.0112,0,592000,0
39,freelancer,high,0,3393957,2856610,537347,1068000,25,0.0831,14611606,0,1
22,employee,high,18980294,3676562,2576206,1100356,1352000,35,0.0847,67791720,0,1
29,employee,medium,12130123,3192795,2354470,838325,10000,85,0.0598,106964692,0,1
28,employee,low,7860252,3188759,2162383,1026376,10000,70,0.0151,83639758,0,1
24,student,high,7472478,0,2686350,-2686350,1028000,41,0.0748,0,1028000,0
24,student,low,1858415,0,557130,-557130,1420000,42,0.0203,0,1420000,0
22,student,medium,5525981,0,1161843,-1161843,141000,11,0.0339,0,141000,0
29,employee,low,10295405,2481428,1859075,622353,1225000,61,0.0291,52796482,0,1
28,employee,low,18799147,2562530,1637790,924740,457000,33,0.0203,51234539,0,1
23,freelancer,low,0,1720005,916154,803851,2625000,62,0.0134,51574729,0,1
26,freelancer,low,11056303,1506703,1268846,237857,696000,64,0.0132,27624775,0,1
28,employee,low,0,2804726,2197785,606941,775000,76,0.0263,50132036,0,1
33,freelancer,medium,3170116,0,383467,-383467,10000,45,0.0406,0,10000,0
39,professional,low,44053752,5461204,3170796,2290408,1744000,47,0.0158,157838637,0,1
22,freelancer,high,24077163,0,9528815,-9528815,10000,3,0.0602,0,10000,0
22,employee,low,16856735,4010873,2726519,1284354,1009000,44,0.018,76378867,0,1
23,freelancer,medium,0,3180505,2871086,309419,1152000,48,0.0377,16003373,0,1
37,self_employed,high,74580390,2611313,1217116,1394197,1005000,34,0.0651,141544496,0,1
28,professional,medium,17480452,5907095,3909108,1997987,1158000,29,0.0462,80716730,0,1
24,student,medium,1097115,0,202781,-202781,342000,1,0.0304,897113,0,1
23,student,low,0,98041,68383,29658,10000,40,0.0151,1215899,0,1
23,student,low,2071750,0,763219,-763219,10000,70,0.0232,0,10000,0
43,self_employed,medium,35623824,2710095,1991284,718811,159000,27,0.0548,60892359,0,1
22,employee,low,8208326,1812408,1540481,271927,10000,9,0.027,10845534,0,1
30,freelancer,medium,19735224,5101934,2424549,2677385,10000,75,0.0426,255354656,0,1
29,professional,medium,44960168,2573569,1599389,974180,1316000,84,0.0438,156617808,0,1
45,professional,high,36464836,3199814,1546061,1653753,1832000,21,0.0735,78394654,0,1
27,professional,low,23000691,3866198,2393108,1473090,10000,49,0.0298,102628662,0,1
28,employee,low,15445916,2217162,1292539,924623,1278000,16,0.0111,30573154,0,1
22,student,medium,4397239,0,621936,-621936,985000,46,0.0422,0,985000,0
24,student,low,3195302,1492861,1024167,468694,10000,6,0.0297,6072669,0,1
40,freelancer,low,5388864,4516930,2677726,1839204,10000,78,0.0231,160888687,0,1
42,self_employed,low,0,0,0,0,90000,51,0.0291,0,90000,0
41,freelancer,high,0,0,0,0,298000,1,0.0875,0,298000,0
32,employee,medium,32445761,1613713,969699,644014,290000,62,0.0591,90562107,0,1
32,self_employed,low,26294560,4383059,3297341,1085718,2073000,50,0.0118,83233572,0,1
23,student,low,5609430,580249,313797,266452,424000,65,0.0132,23968302,0,1
45,self_employed,high,6351160,0,2464449,-2464449,1206000,21,0.0916,0,1206000,0
25,student,medium,6196788,0,2052220,-2052220,10000,79,0.0431,0,10000,0
37,employee,medium,18641542,3312061,1668182,1643879,476000,51,0.041,113598962,0,1
35,professional,medium,2090487,4613506,2521819,2091687,10000,72,0.0319,168268163,0,1
21,student,low,0,1948196,1839800,108396,10000,39,0.0288,4426047,0,1
35,employee,medium,6431269,4058823,2699807,1359016,779000,38,0.0316,61347020,0,1
25,student,low,2774568,980195,537433,442762,10000,74,0.0293,39186465,0,1
42,employee,high,24915352,4843887,2617551,2226336,1795000,68,0.0765,227150282,0,1
27,self_employed,low,0,932434,742888,189546,638000,52,0.0112,10094665,0,1
24,freelancer,medium,4069138,0,511044,-511044,935000,42,0.0453,0,935000,0
25,student,low,0,1163218,670305,492913,287000,44,0.0168,22353967,0,1
33,self_employed,high,5133974,0,457828,-457828,924000,73,0.0765,0,924000,0
42,self_employed,medium,18257740,0,3553314,-3553314,374000,71,0.0442,0,374000,0
35,employee,low,12693833,1811321,1055975,755346,1074000,26,0.0181,33214923,0,1
22,student,low,0,1188970,868820,320150,1717000,67,0.0227,22845652,0,1
42,employee,low,8257429,3108006,2029806,1078200,2595000,16,0.0157,25853506,0,1
28,employee,low,25698881,4471895,3339077,1132818,1074000,16,0.018,44653071,0,1
34,self_employed,medium,15364378,959381,436267,523114,204000,67,0.0331,56916779,0,1
24,employee,medium,0,1418102,675922,742180,694000,42,0.0475,33839812,0,1
25,student,low,6419598,0,1076243,-1076243,457000,22,0.0212,0,457000,0
24,employee,medium,17594632,2307229,1726928,580301,1044000,56,0.039,56679284,0,1
25,employee,low,8225953,4162918,2356927,1805991,615000,59,0.0225,121746492,0,1
21,student,low,890535,341136,162765,178371,840000,49,0.03,10292168,0,1
44,employee,medium,28297587,3435770,2210085,1225685,1354000,43,0.0397,89153181,0,1
47,self_employed,medium,69097876,991361,700657,290704,815000,71,0.0391,110231017,0,1
30,professional,medium,55698903,4344496,2206778,2137718,1167000,28,0.0421,124216749,0,1
40,employee,low,45163961,2176062,1102956,1073106,10000,61,0.0113,115176334,0,1
35,freelancer,medium,0,2664431,2761088,-96657,1143000,66,0.0338,0,1143000,0
39,employee,medium,29663038,0,10844425,-10844425,926000,61,0.0575,0,926000,0
35,self_employed,low,4686790,10575,5994,4581,10000,59,0.0222,5512091,0,1
23,student,low,2748770,721462,403127,318335,321000,51,0.0268,20255505,0,1
37,freelancer,medium,8924200,1022583,853847,168736,665000,42,0.0363,17675902,0,1
22,student,medium,632344,0,177955,-177955,324000,51,0.0547,0,324000,0
25,employee,low,11229614,3788235,1801100,1987135,1062000,31,0.0152,74465112,0,1
48,self_employed,medium,11350467,0,1081897,-1081897,1045000,40,0.0358,0,1045000,0
37,freelancer,medium,1311437,4179072,2935336,1243736,663000,15,0.0552,20673805,0,1
49,self_employed,medium,17788994,0,10673396,-10673396,10000,10,0.0358,0,10000,0
44,self_employed,medium,833481,4669549,2019818,2649731,1861000,56,0.0561,170253708,0,1
45,employee,high,17211158,2311389,1266305,1045084,16000,11,0.0783,30366008,0,1
39,self_employed,low,49835690,0,9485042,-9485042,232000,18,0.0192,0,232000,0
41,self_employed,high,53973073,6363385,5249637,1113748,697000,63,0.0897,175485321,0,1
24,employee,medium,6256918,1997633,1266611,731022,10000,60,0.0316,54775158,0,1
24,student,medium,0,0,0,0,293000,69,0.0578,0,293000,0
24,student,low,9254440,0,3405496,-3405496,1618000,50,0.0239,0,1618000,0
25,employee,medium,3563928,2646200,1759845,886355,906000,74,0.0507,81681286,0,1
22,employee,high,20235189,1903956,1032313,871643,2035000,9,0.0614,29193596,0,1
24,student,low,0,1448329,1299427,148902,10000,60,0.0133,9232588,0,1
31,employee,medium,38065674,2665701,1600240,1065461,10000,74,0.0466,141847041,0,1
24,student,low,0,909345,581897,327448,10000,21,0.0103,6935753,0,1
24,self_employed,medium,37283041,4943423,3807843,1135580,1237000,84,0.0351,155600831,0,1
26,student,low,0,0,0,0,164000,79,0.0179,0,164000,0
24,student,low,0,1234185,1067365,166820,388000,24,0.0168,4068806,0,1
32,employee,low,0,3293346,2514362,778984,10000,49,0.0111,39030006,0,1
29,self_employed,medium,11974538,0,2195230,-2195230,591000,28,0.043,0,591000,0
23,student,medium,0,0,0,0,575000,57,0.0453,0,575000,0
23,student,medium,1009127,2067744,1614605,453139,867000,66,0.0536,36047414,0,1
22,employee,medium,34941494,4096785,2902207,1194578,1830000,46,0.0417,100461151,0,1
22,student,medium,8506479,0,2502687,-2502687,1047000,35,0.031,0,1047000,0
25,employee,low,12937304,3032616,1536867,1495749,2091000,58,0.0255,106854428,0,1
37,professional,low,0,1799070,1042181,756889,10000,42,0.0267,33283295,0,1
23,student,low,2790974,0,228131,-228131,10000,28,0.0194,0,10000,0
19,student,high,2485586,0,160975,-160975,10000,38,0.0821,0,10000,0
27,student,medium,11135412,1227375,804419,422956,10000,56,0.0479,40401127,0,1
38,professional,high,0,7163159,5378827,1784332,1640000,47,0.0972,101567305,0,1
28,self_employed,high,11490410,4510463,2995653,1514810,887000,41,0.0678,84145942,0,1
25,freelancer,low,20706558,0,5914003,-5914003,10000,32,0.0228,0,10000,0
21,student,high,1244622,1020224,572761,447463,637000,82,0.0708,49031858,0,1
30,freelancer,high,12700732,1260711,1175577,85134,482000,1,0.0746,12864822,0,1
21,student,medium,0,0,0,0,182000,53,0.0513,0,182000,0
24,student,medium,645908,0,136832,-136832,10000,33,0.0331,0,10000,0
27,employee,high,15464104,4357061,3505146,851915,662000,69,0.0815,99336819,0,1
55,self_employed,medium,17153466,0,4128809,-4128809,1356000,68,0.053,0,1356000,0
19,student,medium,3576392,0,1381609,-1381609,10000,28,0.0406,0,10000,0
28,employee,medium,32442964,0,4120339,-4120339,154000,29,0.0379,0,154000,0
20,student,medium,0,1237721,1030587,207134,416000,10,0.0437,2105616,0,1
31,freelancer,high,20771239,0,3376118,-3376118,488000,40,0.0881,0,488000,0
24,freelancer,medium,30631477,1448989,1106668,342321,10000,22,0.0499,41428746,0,1
36,employee,low,22084929,3362758,2042176,1320582,1854000,65,0.0113,111954577,0,1
49,self_employed,low,31370821,0,0,0,1697000,4,0.0126,31502786,0,1
41,employee,medium,3686376,3579433,2769172,810261,506000,22,0.0538,22758127,0,1
43,self_employed,medium,10726287,6460672,4170001,2290671,1499000,94,0.0593,290272268,0,1
23,student,medium,2885661,0,696341,-696341,3101000,29,0.0489,0,3101000,0
33,self_employed,medium,51118102,0,0,0,603000,1,0.0311,51250583,0,1
47,employee,medium,28723193,3946386,2788348,1158038,3415000,38,0.0458,80456870,0,1
37,freelancer,medium,12347927,1970682,1249366,721316,742000,55,0.0539,60688264,0,1
39,freelancer,low,20085928,3955392,2588433,1366959,710000,21,0.0105,49416969,0,1
27,self_employed,low,1146898,3717384,2388330,1329054,961000,29,0.0136,40345589,0,1
35,employee,low,6343614,3134328,2174995,959333,10000,44,0.0144,50005555,0,1
48,professional,high,35399309,1429079,735736,693343,1896000,56,0.0967,104311859,0,1
38,professional,high,39912513,3558491,1619621,1938870,122000,38,0.0752,133504300,0,1
33,self_employed,high,36679035,0,16039416,-16039416,10000,71,0.0661,0,10000,0
20,student,low,0,1264973,1312700,-47727,10000,64,0.0259,0,10000,0
44,self_employed,low,39868106,0,16073395,-16073395,10000,19,0.0203,0,10000,0
26,employee,high,22612746,4185983,2390406,1795577,1186000,39,0.0681,106331735,0,1
24,student,low,5757627,0,1475568,-1475568,10000,64,0.0105,0,10000,0
24,freelancer,low,0,0,0,0,2234000,45,0.0138,0,2234000,0
23,student,medium,2457221,0,24995,-24995,2229000,74,0.0461,1128779,1100221,0
27,freelancer,medium,2946461,0,375584,-375584,1062000,34,0.0561,0,1062000,0
40,self_employed,medium,0,618211,449644,168567,1638000,48,0.0494,8925757,0,1
22,student,high,1268880,1371632,962322,409310,10000,51,0.0813,26626176,0,1
35,self_employed,low,6046728,3488959,2109315,1379644,482000,56,0.0137,86182024,0,1
31,self_employed,low,32958698,0,5102379,-5102379,10000,46,0.0226,0,10000,0
20,student,low,3635985,0,1002986,-1002986,290000,31,0.0224,0,290000,0
26,employee,low,20275954,3013925,1965213,1048712,1299000,54,0.0111,79355090,0,1
25,student,medium,8251174,0,2383555,-2383555,1614000,27,0.0548,0,1614000,0
39,freelancer,low,15553879,0,6427281,-6427281,10000,23,0.0293,0,10000,0
21,student,medium,6872214,0,1981934,-1981934,10000,68,0.0451,0,10000,0
22,student,medium,3628952,0,1744788,-1744788,47000,57,0.0568,0,47000,0
33,freelancer,medium,0,0,0,0,1592000,21,0.0392,0,1592000,0
32,employee,medium,19333022,2259768,1237100,1022668,10000,38,0.0395,63228620,0,1
24,student,low,4939032,0,333653,-333653,1773000,33,0.0103,0,1773000,0
45,self_employed,medium,21006468,0,3350237,-3350237,10000,2,0.0501,14467777,0,1
43,self_employed,medium,0,0,0,0,10000,71,0.0579,0,10000,0
39,professional,medium,33899036,6868385,4295930,2572455,10000,70,0.0302,237057635,0,1
24,employee,low,10579552,3011288,1516173,1495115,1035000,53,0.0274,96072208,0,1
39,freelancer,high,2776230,0,298382,-298382,1492000,70,0.0637,0,1492000,0
21,student,low,443764,0,138861,-138861,670000,63,0.0207,0,670000,0
20,student,low,4643027,0,170782,-170782,1767000,76,0.0276,0,1767000,0
49,professional,high,3679581,2996620,2079901,916719,1359000,44,0.0639,49965635,0,1
43,professional,high,16780933,4869249,2481948,2387301,2764000,39,0.0693,125093943,0,1
32,employee,medium,27850871,2753553,1523411,1230142,2625000,33,0.0396,73862589,0,1
38,professional,medium,35662469,4645750,3085848,1559902,10000,33,0.0373,93629516,0,1
39,self_employed,low,7374543,0,669160,-669160,845000,23,0.0192,0,845000,0
50,freelancer,high,18791236,0,980352,-980352,1221000,30,0.0942,0,1221000,0
47,employee,low,6418945,0,354031,-354031,1706000,63,0.0213,0,1706000,0
23,student,low,0,1393245,698793,694452,10000,52,0.0139,37199035,0,1
35,self_employed,low,16152346,108438,80051,28387,433000,52,0.0127,18582355,0,1
34,self_employed,medium,0,3404619,2553813,850806,1610000,76,0.0418,73881912,0,1
27,employee,high,18599690,2579353,1151537,1427816,10000,13,0.0665,39176612,0,1
28,employee,low,13150484,3978701,2919756,1058945,969000,15,0.0158,29444026,0,1
28,employee,high,16635358,2756986,1406431,1350555,793000,72,0.0976,161290585,0,1
23,student,low,735811,0,53482,-53482,829000,58,0.0153,0,829000,0
21,student,medium,5661073,0,522099,-522099,187000,37,0.0471,0,187000,0
26,student,medium,6186301,0,3307604,-3307604,2399000,81,0.0592,0,2399000,0
23,student,low,656180,0,102610,-102610,1681000,1,0.0281,555107,1125893,0
24,student,medium,299135,0,82401,-82401,572000,36,0.0557,0,572000,0
36,employee,low,16204147,3246752,2220007,1026745,487000,47,0.0108,66173520,0,1
20,student,medium,0,0,0,0,10000,20,0.0486,0,10000,0
22,employee,low,39983965,3675734,2105202,1570532,10000,5,0.0254,48294897,0,1
19,student,medium,0,0,0,0,232000,28,0.0524,0,232000,0
39,employee,medium,0,4524973,2294730,2230243,1828000,39,0.0598,95744663,0,1
22,employee,medium,9188466,2735803,1440976,1294827,1613000,45,0.0536,75606374,0,1
21,student,medium,1241782,0,717877,-717877,10000,44,0.0357,0,10000,0
25,self_employed,high,20206734,2246432,931557,1314875,3016000,67,0.0751,139718184,0,1
23,student,low,6398419,104750,54468,50282,559000,33,0.0294,8662561,0,1
23,student,low,7374312,0,2060457,-2060457,1578000,1,0.0227,5327805,0,1
22,student,low,4212217,1200114,689353,510761,438000,24,0.0249,16982345,0,1
30,self_employed,medium,0,2854418,2073382,781036,442000,57,0.0394,48869511,0,1
34,employee,medium,18793880,2087624,1296652,790972,690000,45,0.0533,62245857,0,1
31,self_employed,high,16265812,0,1066480,-1066480,10000,81,0.09,0,10000,0
32,employee,medium,25737934,5336389,3254954,2081435,849000,43,0.0541,129752052,0,1
22,student,low,2174038,0,707958,-707958,858000,21,0.0276,0,858000,0
34,professional,low,45208832,5888973,4106417,1782556,598000,59,0.0106,155537058,0,1
21,student,low,0,1192637,800280,392357,10000,39,0.0241,15900547,0,1
34,employee,low,14355479,4484819,3537582,947237,1119000,64,0.0257,81361997,0,1
30,employee,medium,6023912,3952135,2258907,1693228,951000,38,0.0366,74872656,0,1
38,employee,medium,22139658,4355633,3244606,1111027,2544000,11,0.0455,35536421,0,1
22,freelancer,medium,4473038,3653310,2224544,1428766,1875000,1,0.0488,5919994,0,1
24,student,high,2365463,0,1206456,-1206456,978000,80,0.0895,0,978000,0
45,professional,medium,36447219,1051697,590549,461148,10000,34,0.0346,56644021,0,1
33,professional,medium,34857442,5083276,2547679,2535597,334000,42,0.0431,155247293,0,1
27,employee,medium,21208211,2934022,2217077,716945,1504000,4,0.0329,24321348,0,1
32,employee,medium,29631910,5686273,4502706,1183567,457000,45,0.0304,89544853,0,1
22,student,medium,0,0,0,0,10000,81,0.0599,0,10000,0
23,student,high,0,227834,161149,66685,162000,68,0.0898,5883635,0,1
29,employee,medium,37017644,4480597,3443834,1036763,10000,33,0.0543,79774942,0,1
35,employee,medium,38353188,5129495,3676471,1453024,10000,40,0.039,105629170,0,1
24,student,low,0,0,0,0,10000,35,0.0228,0,10000,0
28,employee,low,7200588,3270354,1555498,1714856,10000,89,0.0195,172387463,0,1
21,student,low,4048729,84717,66197,18520,1169000,62,0.0138,5537222,0,1
29,employee,medium,38067172,4117063,3101942,1015121,408000,27,0.0409,70387913,0,1
35,employee,low,26160409,1753983,1039074,714909,288000,48,0.0287,65655764,0,1
22,student,low,6356127,0,3303310,-3303310,859000,46,0.0231,0,859000,0
41,employee,low,24126932,3582979,2298640,1284339,2193000,58,0.0129,102498655,0,1
24,professional,medium,36092599,5369990,3365069,2004921,10000,44,0.0567,142212356,0,1
37,freelancer,medium,0,1472282,872775,599507,10000,62,0.0341,40581963,0,1
42,professional,medium,12349830,3479705,1601655,1878050,321000,33,0.047,80071613,0,1
38,professional,low,32066736,5562229,2939799,2622430,33000,55,0.0224,187279138,0,1
22,student,low,3994176,943995,583071,360924,10000,35,0.0165,17123094,0,1
31,employee,low,0,2472424,1845742,626682,891000,62,0.0212,41023824,0,1
42,self_employed,low,47553465,0,8852007,-8852007,108000,48,0.0235,0,108000,0
25,student,medium,6684933,0,1342475,-1342475,540000,49,0.0573,0,540000,0
29,freelancer,high,11138233,53624,23593,30031,1740000,29,0.0716,14183213,0,1
23,student,low,900906,162235,96101,66134,10000,62,0.0125,5194312,0,1
24,student,medium,4414395,0,1809695,-1809695,209000,48,0.0504,0,209000,0
25,student,medium,597692,0,28659,-28659,510000,89,0.0588,0,510000,0
22,employee,low,9196694,4403821,3070280,1333541,10000,10,0.0189,22772896,0,1
24,student,low,1331727,0,208416,-208416,10000,59,0.0237,0,10000,0
42,self_employed,low,21145819,0,10557869,-10557869,1735000,49,0.0292,0,1735000,0
34,employee,low,19379360,2970161,1733699,1236462,1069000,42,0.0129,73366319,0,1
24,student,medium,0,2037309,1408861,628448,10000,56,0.0584,40343703,0,1
45,employee,medium,17394434,2023024,1709905,313119,10000,59,0.053,43611280,0,1
38,self_employed,high,36832946,0,13590284,-13590284,3150000,41,0.0773,0,3150000,0
33,freelancer,low,45387525,1944683,1416572,528111,1622000,58,0.0113,79401274,0,1
45,self_employed,high,38398705,0,20000000,-20000000,1803000,42,0.0985,0,1803000,0
41,self_employed,low,0,5569054,1732204,3836850,631000,81,0.02,332443502,0,1
48,freelancer,medium,17522505,2634640,1398539,1236101,10000,31,0.0373,59452717,0,1
37,professional,high,22997765,6698647,3631995,3066652,804000,82,0.0825,376602041,0,1
24,student,low,2390705,1000306,357635,642671,10000,21,0.0275,16318345,0,1
23,student,medium,4112305,2078064,817194,1260870,10000,81,0.0359,120611804,0,1
23,student,medium,9344041,334990,261102,73888,816000,50,0.0543,15845681,0,1
22,employee,low,16134473,3353246,1760057,1593189,120000,67,0.0193,130580367,0,1
21,student,low,2968097,437120,419594,17526,368000,32,0.0221,3725244,0,1
33,freelancer,medium,4147125,0,1312495,-1312495,1998000,31,0.0337,0,1998000,0
33,freelancer,medium,43011398,0,2777427,-2777427,1275000,74,0.0304,0,1275000,0
22,student,medium,5210361,0,1546450,-1546450,133000,42,0.0358,0,133000,0
47,professional,low,2027337,5703772,2979113,2724659,10000,70,0.0204,204639110,0,1
46,self_employed,medium,13336518,7001902,3376072,3625830,1805000,3,0.0564,24454142,0,1
35,freelancer,medium,14517589,1919488,1177841,741647,10000,53,0.0514,62229956,0,1
22,freelancer,medium,12989845,1483552,711542,772010,10000,63,0.0339,68667684,0,1
24,employee,low,22741894,2364618,1364389,1000229,1168000,41,0.0126,65624235,0,1
38,self_employed,low,10906660,6697449,4743745,1953704,106000,75,0.0152,165604532,0,1
22,student,medium,3435289,254596,245837,8759,1370000,49,0.0578,4830050,0,1
30,employee,medium,7506363,3706581,2366978,1339603,800000,45,0.0321,72434880,0,1
34,employee,high,26034566,3087650,1825212,1262438,576000,37,0.0785,85792414,0,1
43,professional,medium,11460546,4385676,2099857,2285819,2810000,74,0.0394,205723495,0,1
21,student,low,3030154,0,1107103,-1107103,961000,28,0.0216,0,961000,0
28,employee,medium,9825017,5120772,2959003,2161769,10000,95,0.0494,265208114,0,1
21,student,low,2711483,1742386,933664,808722,10000,64,0.0226,58010261,0,1
43,employee,medium,23310626,1972687,995523,977164,1197000,30,0.0578,58382628,0,1
19,student,medium,0,19194,15077,4117,980000,29,0.0599,128124,851876,0
25,student,high,5626599,0,839130,-839130,2128000,15,0.0857,0,2128000,0
28,freelancer,medium,0,0,0,0,10000,24,0.0592,0,10000,0
44,employee,medium,20906808,4813215,3558729,1254486,10000,49,0.0345,89973496,0,1
22,freelancer,medium,10377112,0,5978352,-5978352,1476000,55,0.042,0,1476000,0
32,professional,high,18671595,7775306,3565726,4209580,1496000,43,0.0788,233109244,0,1
33,employee,low,42977237,4091015,2261397,1829618,10000,64,0.0297,177053498,0,1
48,self_employed,high,0,2960291,1840170,1120121,72000,55,0.0612,70907659,0,1
33,employee,low,2859330,2088405,1345710,742695,10000,75,0.0249,63543161,0,1
37,professional,high,5536048,2858837,1600660,1258177,10000,82,0.063,137029658,0,1
45,professional,medium,60813484,4247074,1804448,2442626,462000,62,0.0459,247596058,0,1
23,student,low,5203971,403222,288017,115205,3519000,49,0.0131,11285266,0,1
36,freelancer,medium,15880487,0,5115089,-5115089,2069000,62,0.0538,0,2069000,0
22,student,medium,0,0,0,0,496000,91,0.0551,0,496000,0
19,student,low,5367982,0,3220789,-3220789,10000,55,0.0217,0,10000,0
29,freelancer,medium,22176328,3767956,2137439,1630517,452000,44,0.04,102805886,0,1
35,employee,low,10647955,3550486,3148643,401843,1335000,65,0.0232,39875656,0,1
25,student,medium,7502644,994466,884650,109816,40000,24,0.0385,10837325,0,1
48,employee,medium,19504484,2903130,2073780,829350,778000,69,0.0328,86429826,0,1
27,self_employed,low,270133,0,70763,-70763,2237000,1,0.0285,200012,2036988,0
45,self_employed,low,0,1340256,893205,447051,803000,45,0.0245,21047916,0,1
39,professional,medium,29381491,3998430,2633053,1365377,48000,32,0.0301,77268049,0,1
46,freelancer,medium,14723049,1696505,969853,726652,977000,32,0.0597,42395495,0,1
35,freelancer,medium,27257430,0,1337000,-1337000,871000,74,0.0397,0,871000,0
33,freelancer,low,18836941,3020873,1334114,1686759,1885000,44,0.029,99154990,0,1
30,employee,medium,3475787,3069488,1382866,1686622,1498000,47,0.0593,93368835,0,1
32,freelancer,high,0,0,0,0,462000,39,0.0754,0,462000,0
19,student,low,1799021,0,689460,-689460,2262000,32,0.0249,0,2262000,0
44,employee,medium,5354440,3365677,1711165,1654512,879000,33,0.0547,64996617,0,1
39,freelancer,medium,644864,0,198453,-198453,1698000,50,0.0355,0,1698000,0
22,student,high,5609950,0,3365970,-3365970,76000,47,0.0931,0,76000,0
33,freelancer,medium,18389519,0,6665290,-6665290,10000,80,0.0451,0,10000,0
38,self_employed,low,32441015,4034079,2917526,1116553,10000,24,0.0206,61137321,0,1
27,student,low,2816991,36899,28575,8324,995000,41,0.0258,3432669,0,1
44,employee,high,19265651,4498937,1985685,2513252,2733000,56,0.0711,193144367,0,1
30,employee,medium,20843542,2468603,1734236,734367,680000,61,0.0386,74760183,0,1
44,self_employed,high,0,0,0,0,10000,26,0.0755,0,10000,0
40,professional,low,14520807,5965903,3099143,2866760,809000,70,0.0269,233996718,0,1
22,student,medium,4545226,924695,656029,268666,2221000,26,0.0584,12584010,0,1
43,self_employed,high,24696869,0,9427591,-9427591,1338000,86,0.0633,0,1338000,0
31,employee,low,14256377,3216951,2051308,1165643,10000,83,0.0142,117322612,0,1
36,professional,low,4699271,5333889,3104067,2229822,10000,1,0.0286,6940293,0,1
33,freelancer,high,33170183,694039,516371,177668,1698000,52,0.0879,59675977,0,1
23,student,low,0,275007,135994,139013,2111000,44,0.0237,6383626,0,1
40,employee,medium,20598733,0,8993500,-8993500,1307000,55,0.034,0,1307000,0
27,employee,low,10232539,3145356,2048094,1097262,10000,44,0.0289,62240743,0,1
32,professional,medium,36741794,5677519,4122718,1554801,2031000,107,0.0415,254065339,0,1
25,student,low,0,0,0,0,1323000,39,0.013,0,1323000,0
26,student,medium,2027293,1318489,1087912,230577,436000,42,0.0352,12582701,0,1
34,freelancer,low,6862089,0,1148782,-1148782,10000,23,0.0118,0,10000,0
41,self_employed,medium,23872599,4154147,2548488,1605659,386000,44,0.0433,104389535,0,1
42,professional,medium,19096109,5042127,3023690,2018437,10000,90,0.0432,240478456,0,1
30,employee,medium,32941080,3561630,2267504,1294126,2285000,39,0.0328,89823880,0,1
22,employee,low,8703787,1980122,1409451,570671,10000,31,0.0229,27440371,0,1
36,professional,high,32794883,2702158,2382911,319247,10000,25,0.0777,47170488,0,1
22,student,low,0,0,0,0,10000,20,0.0264,0,10000,0
42,employee,medium,46470508,3727538,1992048,1735490,10000,43,0.0571,139585683,0,1
33,professional,high,46871431,5138688,3110972,2027716,984000,25,0.098,113426596,0,1
26,student,low,2427452,0,243719,-243719,149000,65,0.0296,0,149000,0
34,employee,low,26196794,3108263,2209834,898429,1250000,50,0.0207,75427869,0,1
39,freelancer,medium,12556397,1180192,1057503,122689,10000,9,0.0324,13981035,0,1
24,freelancer,high,32589037,0,19553422,-19553422,10000,32,0.078,0,10000,0
42,self_employed,medium,0,3167341,2342419,824922,10000,82,0.0559,82147833,0,1
43,self_employed,low,23134930,5977504,5578714,398790,922000,52,0.0243,47546131,0,1
22,student,high,0,254501,178732,75769,828000,47,0.0707,4089264,0,1
28,student,low,6867298,1054132,598459,455673,10000,28,0.0207,20267285,0,1
38,employee,low,20604476,3005543,2042259,963284,696000,18,0.0123,38478967,0,1
36,employee,medium,28078677,2359287,1262719,1096568,1656000,99,0.0569,182983311,0,1
25,student,medium,0,0,0,0,10000,60,0.0367,0,10000,0
31,freelancer,medium,15487044,0,3615945,-3615945,963000,80,0.035,0,963000,0
24,self_employed,medium,7522258,5823409,4150128,1673281,10000,76,0.0401,154196003,0,1
30,self_employed,medium,19430163,0,6789949,-6789949,585000,66,0.0336,0,585000,0
40,employee,high,26724704,0,2326925,-2326925,10000,57,0.0637,0,10000,0
22,student,low,0,370462,190384,180078,10000,53,0.0218,10009179,0,1
24,student,medium,0,1620997,1328599,292398,10000,39,0.0309,11979576,0,1
33,employee,low,15569490,3883981,2578857,1305124,953000,74,0.0141,117823487,0,1
29,professional,medium,27978650,4055233,2948706,1106527,484000,42,0.0517,84340127,0,1
34,professional,high,36197139,2909639,2015867,893772,1280000,10,0.0849,48068889,0,1
22,student,low,6720323,0,2014144,-2014144,1528000,46,0.0265,0,1528000,0
25,student,medium,0,0,0,0,10000,38,0.0407,0,10000,0
27,freelancer,medium,35323399,0,10061909,-10061909,667000,50,0.0579,0,667000,0
23,student,low,617920,0,83264,-83264,837000,61,0.0177,0,837000,0
33,self_employed,low,33142416,0,12707606,-12707606,1205000,20,0.0143,0,1205000,0
21,student,low,7339336,0,2670536,-2670536,1584000,50,0.0127,0,1584000,0
29,employee,low,36910992,3191814,1454538,1737276,10000,39,0.0173,108687267,0,1
26,employee,medium,21456218,0,8274483,-8274483,408000,31,0.0432,0,408000,0
47,professional,low,18992938,4987789,2396792,2590997,838000,78,0.0218,238787552,0,1
48,professional,low,0,6218482,4964931,1253551,1507000,80,0.0223,108014113,0,1
36,professional,medium,17534345,4021321,2606206,1415115,1315000,88,0.0423,169606861,0,1
41,self_employed,low,10475581,0,2516869,-2516869,283000,21,0.0204,0,283000,0
47,employee,medium,23623241,2404002,1199804,1204198,10000,6,0.0367,31340712,0,1
23,student,low,0,0,0,0,80000,36,0.0113,0,80000,0
22,student,low,3092503,0,204857,-204857,1810000,31,0.02,0,1810000,0
20,student,medium,0,29495,20089,9406,3011000,66,0.0362,685770,2325230,0
36,employee,low,13034345,2896281,1714034,1182247,905000,25,0.0147,43434204,0,1
32,freelancer,medium,12466139,2527926,1801221,726705,430000,52,0.0424,56378552,0,1
27,employee,medium,23792949,2982799,2190718,792081,88000,43,0.043,64501528,0,1
30,employee,low,26981866,3974546,2162820,1811726,10000,89,0.0133,199143275,0,1
21,student,medium,0,0,0,0,10000,51,0.0569,0,10000,0
44,self_employed,medium,0,0,0,0,1830000,70,0.0389,0,1830000,0
40,employee,medium,21735474,792565,544380,248185,10000,79,0.0323,48692415,0,1
38,employee,low,12304092,0,2870172,-2870172,2227000,29,0.0213,0,2227000,0
28,employee,medium,33176423,3078359,2167678,910681,1171000,44,0.0395,81378705,0,1
22,student,low,0,653699,518964,134735,10000,76,0.027,11153834,0,1
35,professional,medium,29808919,3177210,2219780,957430,10000,12,0.0465,42962174,0,1
22,student,medium,4596949,0,685115,-685115,673000,53,0.0464,0,673000,0
43,employee,medium,28669620,3670399,1996998,1673401,444000,31,0.0458,87221131,0,1
24,student,medium,0,4679,2967,1712,1842000,66,0.0531,130889,1711111,0
20,student,medium,0,0,0,0,761000,43,0.0533,0,761000,0
35,employee,medium,15754855,0,398431,-398431,10000,84,0.0388,0,10000,0
48,professional,medium,21072676,5235574,3841101,1394473,10000,43,0.0317,87016151,0,1
39,self_employed,high,39497074,544254,391533,152721,577000,26,0.0842,51710975,0,1
36,employee,high,9077250,1910118,976277,933841,391000,27,0.074,38059069,0,1
36,professional,medium,0,2660316,1612665,1047651,1646000,33,0.0435,36654884,0,1
31,self_employed,high,7671347,0,4602808,-4602808,560000,34,0.0727,0,560000,0
38,freelancer,medium,16060489,0,3499307,-3499307,570000,20,0.0369,0,570000,0
24,student,medium,0,2188498,2213149,-24651,10000,93,0.054,0,10000,0
31,employee,medium,7713934,4821765,2197304,2624461,1940000,60,0.0528,189798995,0,1
19,student,medium,3503072,0,2101843,-2101843,1869000,34,0.0442,0,1869000,0
21,student,low,5208722,0,0,0,10000,23,0.0281,5496601,0,1
33,employee,medium,10370857,3395283,2356707,1038576,751000,26,0.0358,39240430,0,1
39,freelancer,medium,0,4383578,2255033,2128545,1659000,52,0.05,123304641,0,1
24,student,medium,5186787,0,2135463,-2135463,10000,88,0.055,0,10000,0
27,student,low,0,846988,696520,150468,2531000,5,0.0148,754198,1776802,0
43,freelancer,low,0,0,0,0,2352000,42,0.0169,0,2352000,0
42,employee,low,1823863,4006105,1851364,2154741,722000,53,0.0251,122676104,0,1
33,self_employed,high,0,1443077,1227082,215995,1979000,61,0.078,16106788,0,1
23,student,low,0,1189333,585092,604241,10000,47,0.0276,29954819,0,1
42,freelancer,low,0,0,0,0,1486000,79,0.027,0,1486000,0
36,employee,low,12668124,2493146,1707509,785637,220000,7,0.03,18432363,0,1
39,employee,medium,30936741,3640825,2273804,1367021,1149000,61,0.0415,130847619,0,1
19,student,low,0,0,0,0,10000,6,0.016,0,10000,0
47,self_employed,high,0,4775056,3082779,1692277,10000,1,0.0698,1692277,0,1
21,student,high,4517820,1031599,661783,369816,2140000,54,0.0798,30393762,0,1
47,professional,medium,16658509,6359009,4569930,1789079,10000,53,0.0436,124546967,0,1
33,professional,high,0,6419063,3757186,2661877,47000,22,0.089,63355405,0,1
23,student,medium,0,953122,542004,411118,10000,61,0.0437,28025020,0,1
20,student,low,0,391332,244261,147071,650000,72,0.0203,11250883,0,1
31,professional,high,0,5231391,3873048,1358343,1498000,79,0.0909,146172618,0,1
40,employee,medium,8087962,4228818,3016714,1212104,794000,91,0.0525,147161634,0,1
33,self_employed,medium,0,3587194,2740353,846841,10000,25,0.047,22196596,0,1
29,professional,medium,33800323,3189814,2055232,1134582,10000,124,0.0386,222878749,0,1
24,student,low,0,339088,292833,46255,800000,60,0.0222,2932325,0,1
22,student,low,3527517,468534,290693,177841,1194000,61,0.0183,15230968,0,1
31,professional,low,11502089,7232347,4895924,2336423,10000,20,0.0247,59638546,0,1
53,self_employed,medium,13010574,0,4648354,-4648354,10000,80,0.0493,0,10000,0
28,student,low,5561781,0,2935459,-2935459,351000,22,0.0162,0,351000,0
32,self_employed,high,37060852,5316443,3698973,1617470,10000,52,0.08,152490662,0,1
40,employee,medium,0,0,0,0,412000,89,0.032,0,412000,0
40,self_employed,medium,20051025,0,3716176,-3716176,10000,10,0.033,0,10000,0
41,self_employed,medium,0,0,0,0,575000,31,0.0584,0,575000,0
26,freelancer,low,9353578,6840126,5485351,1354775,1290000,62,0.0107,96206663,0,1
35,employee,low,20006381,2944746,1926595,1018151,1766000,113,0.0291,158480126,0,1
33,freelancer,medium,23569618,0,5675293,-5675293,1525000,51,0.0454,0,1525000,0
22,student,medium,0,0,0,0,10000,32,0.0407,0,10000,0
39,self_employed,high,12939749,1851103,1078788,772315,436000,19,0.078,30199699,0,1
31,self_employed,high,0,6670144,3660091,3010053,10000,114,0.0799,511239511,0,1
43,employee,medium,23572798,2718226,1814570,903656,1092000,54,0.0564,85766645,0,1
27,freelancer,high,7699341,1720718,913028,807690,100000,70,0.0683,80675006,0,1
31,freelancer,medium,11236661,5903794,4218031,1685763,433000,53,0.0342,109364498,0,1
34,freelancer,medium,17254528,2227138,1494397,732741,2998000,53,0.0394,62871739,0,1
22,freelancer,low,0,4469590,3323654,1145936,719000,43,0.0139,50493065,0,1
34,self_employed,medium,12542033,4258712,2307977,1950735,10000,9,0.0351,30639527,0,1
24,self_employed,medium,30541220,5858214,3104240,2753974,1922000,29,0.0422,117738851,0,1
22,student,high,936918,0,300314,-300314,10000,1,0.0916,643756,0,1
23,student,medium,4888212,0,752658,-752658,64000,36,0.0533,0,64000,0
53,employee,medium,21093409,3724798,2421905,1302893,525000,39,0.0339,77184270,0,1
36,professional,medium,31083266,1278792,821596,457196,810000,84,0.0469,88489862,0,1
28,self_employed,high,39161666,0,7259139,-7259139,168000,38,0.094,0,168000,0
44,employee,low,0,3258336,2266566,991770,10000,34,0.0256,34934592,0,1
20,student,high,0,1778545,1152064,626481,185000,55,0.0852,41972638,0,1
30,professional,medium,41190108,6752985,3391164,3361821,3358000,39,0.0306,183159117,0,1
24,employee,medium,11639934,3854114,2034937,1819177,2133000,19,0.0389,47969707,0,1
20,student,low,3768920,0,217928,-217928,789000,44,0.0247,0,789000,0
37,employee,low,6144348,3505780,1397352,2108428,128000,84,0.0168,194713663,0,1
32,freelancer,low,0,3741679,3270524,471155,10000,1,0.0276,471155,0,1
35,professional,high,45239038,7376537,4761343,2615194,750000,31,0.0611,140531570,0,1
32,freelancer,medium,26761189,5906304,3827415,2078889,10000,29,0.0441,93259649,0,1
27,student,low,18544,2236741,2101766,134975,1047000,39,0.0195,5449614,0,1
24,self_employed,medium,14485393,3529393,2937158,592235,10000,32,0.0493,36725569,0,1
44,employee,medium,22300723,0,13380433,-13380433,791000,70,0.0343,0,791000,0
38,employee,medium,0,3476817,2494381,982436,10000,35,0.032,35990775,0,1
23,student,medium,412175,0,247305,-247305,797000,70,0.0324,0,797000,0
22,employee,medium,27041800,3606665,2059858,1546807,10000,55,0.0356,124087005,0,1
28,professional,medium,28616906,4186642,2384571,1802071,2902000,95,0.0359,235670679,0,1
22,student,low,0,55852,43709,12143,912000,63,0.0139,793138,118862,0
23,student,low,0,390101,222124,167977,31000,55,0.019,9644970,0,1
41,self_employed,high,30394995,0,14126944,-14126944,814000,38,0.0858,0,814000,0
35,self_employed,medium,15612775,3722048,2036736,1685312,1111000,42,0.0438,94540975,0,1
20,student,low,0,0,0,0,557000,41,0.0153,0,557000,0
22,student,low,0,0,0,0,10000,31,0.0223,0,10000,0
37,employee,low,22832055,2017966,1072482,945484,2489000,13,0.0174,35665000,0,1
49,employee,high,20355822,2831235,2030938,800297,800000,67,0.0821,99878229,0,1
30,employee,low,9292969,3011695,1781497,1230198,10000,88,0.013,123743179,0,1
30,employee,low,32040313,2653506,2199700,453806,10000,70,0.0275,72021998,0,1
51,self_employed,medium,40020137,0,3769699,-3769699,10000,49,0.0389,0,10000,0
19,student,low,0,152279,129942,22337,1500000,65,0.014,1507462,0,1
26,student,low,0,0,0,0,1377000,30,0.0198,0,1377000,0
35,employee,low,29672577,3330893,2022326,1308567,10000,76,0.0296,145018665,0,1
30,professional,medium,44033518,3602709,1194942,2407767,2098000,66,0.0511,241333263,0,1
19,student,low,0,353873,290692,63181,1589000,1,0.0213,63181,1525819,0
35,self_employed,medium,15063338,4368055,3078823,1289232,1893000,34,0.0481,64118830,0,1
49,freelancer,high,16978071,2329315,1677912,651403,738000,95,0.081,118518129,0,1
35,freelancer,low,0,0,0,0,1298000,39,0.0189,0,1298000,0
42,self_employed,high,16298585,0,4376787,-4376787,771000,64,0.0714,0,771000,0
22,student,medium,0,1083805,669771,414034,754000,1,0.057,414034,339966,0
24,student,high,0,224310,180114,44196,634000,68,0.0894,3894737,0,1
36,employee,medium,0,4674233,3056740,1617493,351000,14,0.0563,23348606,0,1
28,self_employed,high,0,2263627,2311780,-48153,709000,33,0.0674,0,709000,0
38,self_employed,medium,26309885,5364347,3997298,1367049,1298000,72,0.0351,141849612,0,1
36,employee,low,9232583,3345503,2172838,1172665,10000,37,0.0282,55345546,0,1
24,freelancer,high,22910825,0,5907535,-5907535,10000,27,0.0848,0,10000,0
21,student,low,0,0,0,0,10000,4,0.0168,0,10000,0
24,student,high,7793447,1020674,792120,228554,1358000,44,0.0702,21505073,0,1
55,self_employed,low,31349118,0,10992562,-10992562,10000,82,0.0136,0,10000,0
37,freelancer,high,0,2528484,1609390,919094,1235000,63,0.082,72062708,0,1
35,self_employed,medium,30912978,5729739,4097007,1632732,10000,52,0.0415,129831739,0,1
34,professional,medium,13622772,3725224,2088714,1636510,10000,48,0.0421,101507953,0,1
33,employee,high,20466528,4630489,2805908,1824581,543000,52,0.0918,146404094,0,1
22,freelancer,high,6578467,0,2472417,-2472417,1161000,17,0.0931,0,1161000,0
25,freelancer,medium,14399974,0,5954997,-5954997,1073000,45,0.0445,0,1073000,0
25,student,low,1332015,365492,212355,153137,1134000,66,0.0261,12393192,0,1
28,professional,low,22315994,7000491,5454850,1545641,295000,93,0.0174,179303352,0,1
24,student,medium,9179630,759844,497496,262348,1093000,28,0.0307,17465584,0,1
32,self_employed,high,23132290,4926263,3955745,970518,578000,33,0.0676,62932909,0,1
45,self_employed,medium,57942456,0,20000000,-20000000,10000,22,0.0307,0,10000,0
43,professional,low,37225237,6693928,3871723,2822205,1960000,80,0.0296,294589850,0,1
23,student,low,9610714,1117151,1014836,102315,10000,56,0.0134,16139713,0,1
22,student,low,4174100,0,0,0,79000,48,0.0199,4519642,0,1
22,student,low,3326762,1345392,955269,390123,1697000,22,0.0135,12094933,0,1
22,student,medium,6238894,0,1059287,-1059287,116000,62,0.0535,0,116000,0
26,student,medium,397146,0,58795,-58795,670000,84,0.0369,0,670000,0
22,student,low,11207236,0,1873226,-1873226,10000,43,0.0205,0,10000,0
50,professional,low,40554054,4182122,2160914,2021208,273000,22,0.017,86971274,0,1
26,employee,medium,17481268,3041700,1820807,1220893,2499000,61,0.0541,108502338,0,1
25,employee,high,4733661,2070794,1617520,453274,285000,79,0.099,59263893,0,1
24,student,low,0,1720363,981733,738630,524000,77,0.0254,61700969,0,1
34,freelancer,high,0,0,0,0,584000,18,0.0807,0,584000,0
48,employee,low,11137742,2698176,1313613,1384563,10000,71,0.0185,116226444,0,1
45,freelancer,high,3054726,0,554681,-554681,1079000,113,0.0892,0,1079000,0
37,employee,low,9047626,2430457,1893829,536628,585000,87,0.0164,59728740,0,1
22,student,medium,7916780,272661,235755,36906,681000,48,0.0327,10911283,0,1
35,freelancer,high,0,0,0,0,10000,74,0.0665,0,10000,0
24,student,low,8776043,1450795,1087173,363622,1403000,71,0.0255,38038249,0,1
23,freelancer,medium,15618847,0,4177815,-4177815,306000,72,0.0433,0,306000,0
22,student,medium,1984842,1347533,710637,636896,1247000,21,0.0339,15865481,0,1
29,employee,high,18664315,4062415,2651748,1410667,541000,42,0.0955,96061971,0,1
44,self_employed,medium,0,2083989,2036070,47919,10000,16,0.0418,787063,0,1
53,self_employed,low,1480610,3166334,2899004,267330,577000,34,0.0111,10757216,0,1
33,employee,medium,37096799,3117885,1917083,1200802,1901000,59,0.0305,119421104,0,1
25,employee,low,4864547,2900185,1448687,1451498,1871000,1,0.0273,6327112,0,1
35,employee,medium,15105844,2429328,2116353,312975,591000,42,0.0369,31193533,0,1
40,freelancer,medium,8046373,0,3580525,-3580525,10000,47,0.0363,0,10000,0
22,employee,low,21686949,2019189,1264726,754463,729000,99,0.0285,111519217,0,1
31,self_employed,low,11004679,1111461,629289,482172,2465000,14,0.0145,17995995,0,1
23,student,medium,503269,0,0,0,1049000,47,0.0585,632508,416492,0
24,self_employed,medium,22313638,456434,249069,207365,1649000,43,0.0418,35513501,0,1
28,employee,medium,7583013,4388854,2356181,2032673,10000,70,0.0563,178495253,0,1
24,employee,medium,0,4124531,1932365,2192166,10000,27,0.0573,63013089,0,1
25,professional,high,19303996,2841887,1777681,1064206,10000,28,0.0758,55509507,0,1
22,freelancer,medium,23148189,2944001,1603748,1340253,1256000,56,0.0389,109900483,0,1
41,self_employed,medium,27566908,2431716,1663274,768442,24000,44,0.0313,66693443,0,1
25,student,high,3906853,755357,523073,232284,312000,50,0.09,19705109,0,1
26,student,medium,0,1313616,1118048,195568,10000,21,0.0368,4235354,0,1
58,self_employed,high,204794,0,66912,-66912,64000,59,0.0891,0,64000,0
23,student,high,3728558,0,1597299,-1597299,10000,66,0.0948,0,10000,0
41,professional,medium,2573155,5015092,2033559,2981533,10000,55,0.0414,183343536,0,1
38,self_employed,high,2811031,1673274,1419909,253365,10000,50,0.087,19237214,0,1
41,employee,low,10536254,4061009,2418061,1642948,10000,72,0.0118,133826886,0,1
27,freelancer,high,26441132,0,3573411,-3573411,1986000,101,0.0769,0,1986000,0
28,employee,low,12334719,2495124,1677904,817220,1540000,43,0.0282,50576347,0,1
28,freelancer,medium,18812659,2628500,1767942,860558,156000,21,0.0493,39338014,0,1
27,employee,high,30371423,2984403,2190511,793892,1409000,72,0.0641,114055342,0,1
25,professional,high,33102990,4706090,2769622,1936468,382000,78,0.0983,272839125,0,1
33,employee,medium,13351163,1553566,1033181,520385,286000,36,0.038,34770930,0,1
20,student,low,0,0,0,0,1472000,42,0.0137,0,1472000,0
21,student,low,0,0,0,0,995000,77,0.0215,0,995000,0
22,student,medium,3994910,0,2396946,-2396946,10000,61,0.0579,0,10000,0
26,student,low,2671420,1560421,1114121,446300,1160000,24,0.0244,13770318,0,1
22,student,low,0,0,0,0,10000,48,0.0133,0,10000,0
31,professional,medium,24750326,3872311,1691396,2180915,10000,51,0.0345,148262656,0,1
37,freelancer,medium,15290717,2865135,2081548,783587,1949000,86,0.0528,104000376,0,1
22,employee,medium,31067870,3495525,2446318,1049207,724000,73,0.0383,125300749,0,1
19,student,low,0,776330,625715,150615,10000,47,0.0103,7220471,0,1
24,student,low,5429508,0,1174808,-1174808,10000,36,0.0158,0,10000,0
46,self_employed,medium,12855918,3429884,2445080,984804,1355000,42,0.0458,59855462,0,1
23,student,low,0,1093102,993683,99419,1447000,40,0.027,4156318,0,1
26,student,low,0,0,0,0,1458000,47,0.013,0,1458000,0
19,student,medium,6476180,0,2765222,-2765222,10000,52,0.0518,0,10000,0
38,freelancer,medium,33261872,4973679,3303779,1669900,1916000,34,0.0547,100086250,0,1
34,freelancer,high,13013074,0,1848156,-1848156,1535000,27,0.0706,0,1535000,0
28,professional,low,37325098,4374710,2371071,2003639,303000,61,0.0148,167095525,0,1
34,professional,low,47603258,5350964,3601120,1749844,548000,47,0.0284,140079617,0,1
21,student,high,0,0,0,0,980000,54,0.097,0,980000,0
28,employee,low,27805239,2590493,2095113,495380,708000,78,0.0102,69642165,0,1
34,professional,low,21475696,4885365,3071961,1813404,795000,70,0.0192,158225042,0,1
42,freelancer,medium,22057373,0,4023702,-4023702,279000,28,0.0443,0,279000,0
40,self_employed,high,16042214,4432717,2932705,1500012,1364000,59,0.0968,138540643,0,1
19,student,low,7233625,399673,276820,122853,478000,33,0.0122,11601097,0,1
42,employee,low,13120509,2925048,1994193,930855,681000,28,0.0154,40120793,0,1
43,self_employed,low,21110040,0,7621642,-7621642,102000,38,0.0124,0,102000,0
20,student,medium,1387396,676699,757501,-80802,1445000,36,0.0302,0,1445000,0
27,employee,medium,16547796,2962813,2086983,875830,10000,60,0.0586,83052895,0,1
24,student,low,4185570,0,1387989,-1387989,1304000,70,0.0103,0,1304000,0
23,employee,medium,0,3389656,1673316,1716340,647000,53,0.0465,100764969,0,1
36,self_employed,medium,0,0,0,0,10000,56,0.0465,0,10000,0
22,employee,medium,0,4082515,2169756,1912759,505000,66,0.0403,141062533,0,1
30,employee,medium,21232176,4090896,2369701,1721195,806000,42,0.0569,105681467,0,1
36,employee,medium,21734671,2976629,1699831,1276798,10000,81,0.0484,152139327,0,1
35,self_employed,low,27651128,170406,112598,57808,10000,81,0.0258,38014089,0,1
35,employee,medium,17377112,3633897,1923723,1710174,92000,75,0.0504,174191290,0,1
36,freelancer,low,4540371,0,1155133,-1155133,739000,65,0.0244,0,739000,0
32,self_employed,low,8547247,0,2881195,-2881195,567000,20,0.0167,0,567000,0
41,employee,high,28003308,3130383,2049166,1081217,10000,63,0.0603,118300343,0,1
44,self_employed,medium,0,2109825,1390556,719269,2408000,19,0.0523,14215637,0,1
48,freelancer,high,19311336,0,3846811,-3846811,48000,68,0.0835,0,48000,0
32,employee,medium,33651540,4963057,3077004,1886053,10000,56,0.0419,157333553,0,1
36,self_employed,medium,25488697,6426286,4992365,1433921,357000,73,0.0581,161465527,0,1
52,self_employed,high,26185604,3018183,1519040,1499143,10000,66,0.0764,162307927,0,1
39,employee,low,12803454,5076075,2579786,2496289,10000,61,0.0174,173077078,0,1
19,student,medium,0,0,0,0,643000,36,0.0312,0,643000,0
20,student,medium,0,0,0,0,59000,11,0.0489,0,59000,0
43,freelancer,high,1883278,4381121,2055931,2325190,365000,53,0.0991,156739429,0,1
37,freelancer,medium,0,3551511,1625457,1926054,483000,27,0.0448,54607670,0,1
34,self_employed,medium,27914273,500205,395162,105043,10000,50,0.0371,38243370,0,1
37,freelancer,medium,0,0,0,0,1356000,98,0.0428,0,1356000,0
21,student,medium,879721,0,152657,-152657,939000,36,0.0403,0,939000,0
34,professional,medium,19720594,5858491,4196957,1661534,401000,58,0.036,128552091,0,1
36,self_employed,low,21849958,1755402,1287954,467448,2002000,81,0.025,67060896,0,1
40,employee,medium,18731257,3275195,2178381,1096814,10000,55,0.0398,88530370,0,1
21,student,medium,6055810,0,2210864,-2210864,565000,68,0.0452,0,565000,0
23,student,low,6915456,0,4000937,-4000937,571000,23,0.0235,0,571000,0
54,self_employed,high,13202534,0,1176020,-1176020,704000,79,0.0811,0,704000,0
41,freelancer,medium,0,468233,231185,237048,2607000,27,0.0491,6752637,0,1
31,employee,high,11244470,2960942,2232980,727962,136000,58,0.0963,71375685,0,1
40,freelancer,medium,14757598,1109540,511911,597629,1743000,60,0.0356,56811855,0,1
23,student,high,1472137,953821,434773,519048,10000,30,0.0864,19137516,0,1
24,student,high,5948939,250618,114364,136254,708000,36,0.0976,13635399,0,1
22,employee,medium,25872212,2820175,1290870,1529305,1046000,27,0.0482,72350856,0,1
30,professional,medium,52156730,5133148,4068244,1064904,10000,77,0.0597,176048666,0,1
23,student,low,0,0,0,0,10000,70,0.011,0,10000,0
45,self_employed,low,11152974,0,3925877,-3925877,156000,36,0.0197,0,156000,0
39,employee,medium,26831532,0,5001101,-5001101,10000,41,0.0496,0,10000,0
22,student,low,6929804,0,354916,-354916,952000,60,0.0187,0,952000,0
22,freelancer,high,0,5209815,3418696,1791119,502000,34,0.0936,69429046,0,1
49,employee,low,1965323,2544295,1730316,813979,1385000,54,0.0282,49037981,0,1
38,self_employed,low,13050821,3320348,2478093,842255,2589000,31,0.0206,40557054,0,1
30,employee,high,0,3075450,2300797,774653,10000,67,0.0734,63913579,0,1
32,employee,low,19946418,2314279,1543928,770351,1251000,53,0.0213,64683132,0,1
37,employee,medium,35597338,4718048,1972433,2745615,10000,61,0.0476,234381827,0,1
27,employee,high,43425852,3840617,2578079,1262538,109000,14,0.0746,65769774,0,1
44,professional,medium,37083977,5978561,2573103,3405458,695000,16,0.0488,95753068,0,1
32,professional,medium,6201390,4498308,2028592,2469716,1030000,1,0.0348,8689090,0,1
40,self_employed,high,0,3180881,2653143,527738,10000,29,0.0716,16654225,0,1
22,student,medium,5271068,64116,45486,18630,1069000,25,0.0555,6408131,0,1
37,employee,low,11419430,3618496,2146963,1471533,1353000,41,0.0161,74045132,0,1
24,student,low,2046354,0,904741,-904741,1557000,43,0.0199,0,1557000,0
33,self_employed,low,14352389,4002857,2011119,1991738,10000,6,0.0168,26465704,0,1
19,student,low,0,1660672,1762057,-101385,2097000,71,0.0194,0,2097000,0
40,freelancer,low,21696466,0,641011,-641011,449000,48,0.0158,0,449000,0
38,employee,low,14865273,4134065,2991398,1142667,864000,9,0.0273,25550510,0,1
24,student,high,3031158,0,791832,-791832,2887000,112,0.0894,0,2887000,0
25,student,medium,2401735,0,1071036,-1071036,25000,24,0.0326,0,25000,0
25,employee,low,13109027,3993854,2951623,1042231,10000,25,0.0196,40227857,0,1
19,student,medium,2969804,495111,179294,315817,1464000,35,0.0324,14840078,0,1
35,freelancer,medium,14989980,2624473,1844797,779676,10000,66,0.0519,79336964,0,1
27,employee,high,21078081,3258169,1829208,1428961,156000,63,0.0724,139918845,0,1
22,student,low,869491,731911,522286,209625,1226000,76,0.0234,18162821,0,1
20,student,low,10438213,0,2317300,-2317300,10000,57,0.0235,0,10000,0
22,student,high,0,1516260,1176193,340067,10000,6,0.0872,2077830,0,1
35,professional,medium,62263274,4741051,3007620,1733431,10000,46,0.0393,158274775,0,1
31,employee,low,19485696,3176913,2073514,1103399,1056000,1,0.0206,20622545,0,1
21,student,low,2564215,1408857,672230,736627,964000,24,0.025,20804696,0,1
22,student,low,3022707,849559,452119,397440,1222000,27,0.0291,14303094,0,1
38,self_employed,high,6075004,4761518,4268575,492943,1398000,19,0.0887,17003267,0,1
38,self_employed,high,23961328,5493405,3452865,2040540,2223000,56,0.0884,176955412,0,1
22,student,low,12140500,0,3860957,-3860957,10000,62,0.0299,0,10000,0
36,employee,low,27673766,3213892,1766086,1447806,91000,65,0.0171,128887501,0,1
33,self_employed,high,40054846,2611458,1897443,714015,10000,51,0.0838,100682719,0,1
26,employee,medium,2788219,3794323,1860111,1934212,2469000,28,0.0457,60137798,0,1
31,self_employed,medium,282669,0,70348,-70348,61000,76,0.0444,0,61000,0
37,employee,low,11540760,3254970,2043084,1211886,1295000,80,0.0242,118654054,0,1
22,student,low,0,747469,562035,185434,10000,58,0.0112,11046308,0,1
37,freelancer,medium,0,0,0,0,1347000,36,0.0388,0,1347000,0
24,student,medium,3387160,815572,364659,450913,1352000,70,0.0599,42469263,0,1
44,self_employed,low,33907998,0,20000000,-20000000,1659000,35,0.0142,0,1659000,0
23,student,low,3859945,1151203,765929,385274,1219000,28,0.0188,15051858,0,1
37,freelancer,medium,23580194,6054402,5824690,229712,1012000,73,0.0417,49426000,0,1
23,student,medium,0,1087281,1103265,-15984,572000,75,0.0385,0,572000,0
34,self_employed,medium,50891574,3643354,2449060,1194294,1418000,23,0.0451,84112282,0,1
50,employee,low,30895236,4365182,3369228,995954,1414000,29,0.0145,61372992,0,1
25,student,medium,0,0,0,0,493000,55,0.0314,0,493000,0
30,professional,low,20963230,5214176,3376947,1837229,2339000,85,0.0276,197740757,0,1
41,self_employed,medium,18319587,6940622,6178514,762108,859000,46,0.0471,60275776,0,1
37,self_employed,low,4248060,0,706859,-706859,3153000,70,0.0184,0,3153000,0
39,freelancer,medium,6024425,1421631,850895,570736,340000,32,0.0539,26547515,0,1
24,student,low,0,0,0,0,1003000,28,0.0203,0,1003000,0
23,student,low,2823338,0,237594,-237594,1645000,37,0.0125,0,1645000,0
21,student,medium,3663961,0,1000345,-1000345,178000,62,0.0482,0,178000,0
22,student,medium,5946578,0,866310,-866310,1320000,78,0.0415,0,1320000,0
23,employee,medium,18946556,2038529,1306448,732081,10000,46,0.0484,59721191,0,1
33,freelancer,low,0,2172086,1808585,363501,48000,3,0.03,1093232,0,1
34,employee,high,7011388,4403558,2936420,1467138,909000,52,0.0962,104812216,0,1
22,student,low,3011392,1171265,904316,266949,10000,70,0.02,23186357,0,1
21,student,medium,6766518,0,2665326,-2665326,1058000,83,0.0342,0,1058000,0
20,student,low,4483605,0,699269,-699269,458000,41,0.0249,0,458000,0
22,employee,medium,15909608,2570884,1463163,1107721,1744000,49,0.0414,77859782,0,1
20,student,low,2088700,1184895,592765,592130,118000,98,0.0164,64436722,0,1
49,professional,medium,30909031,5155992,3414844,1741148,10000,52,0.0551,141222964,0,1
25,student,low,0,1128037,881770,246267,468000,22,0.0199,5513264,0,1
22,freelancer,low,17186749,890790,431608,459182,665000,81,0.0239,60510814,0,1
31,freelancer,high,29882141,997062,612395,384667,1783000,35,0.08,52813338,0,1
20,student,low,2793259,0,1675955,-1675955,1392000,23,0.0202,0,1392000,0
25,student,high,5965484,1101555,995311,106244,1166000,73,0.0777,19430886,0,1
20,student,low,1704569,0,342720,-342720,982000,37,0.0283,0,982000,0
24,student,medium,0,0,0,0,188000,9,0.0533,0,188000,0
32,employee,low,30932183,2138342,957513,1180829,358000,21,0.0138,56772516,0,1
26,freelancer,high,20265587,5389636,3098987,2290649,10000,68,0.0844,231494930,0,1
26,employee,high,32485713,3399799,2564781,835018,10000,38,0.0749,76835663,0,1
31,professional,low,23796080,6166572,2946702,3219870,698000,86,0.0283,335728758,0,1
22,student,low,5486180,209366,108650,100716,10000,78,0.0109,14025791,0,1
40,self_employed,medium,0,50641,31782,18859,836000,35,0.0452,704136,131864,0
38,self_employed,low,13296087,0,1173344,-1173344,744000,46,0.0189,0,744000,0
24,student,medium,469343,0,121900,-121900,10000,26,0.0394,0,10000,0
40,self_employed,high,0,0,0,0,737000,65,0.0933,0,737000,0
20,student,medium,0,946274,491123,455151,1535000,59,0.0303,28918053,0,1
42,self_employed,low,0,4070970,2521519,1549451,10000,67,0.0114,107135781,0,1
29,professional,medium,14235301,3208059,2244239,963820,131000,65,0.0357,86270121,0,1
30,employee,medium,41380450,0,14100177,-14100177,124000,11,0.0356,0,124000,0
20,student,low,0,0,0,0,1346000,50,0.0236,0,1346000,0
22,student,medium,1253419,1137797,1211136,-73339,10000,56,0.0516,0,10000,0
41,freelancer,medium,0,3344699,1655951,1688748,874000,50,0.0547,94593488,0,1
22,student,high,3118903,0,1162226,-1162226,721000,50,0.0745,0,721000,0
21,student,low,5959883,0,0,0,10000,57,0.0151,6402770,0,1
23,student,medium,3270678,0,1074530,-1074530,10000,74,0.058,0,10000,0
27,employee,high,18879139,2566982,1947776,619206,2261000,18,0.0689,32635189,0,1
39,freelancer,medium,38853307,2050124,1245740,804384,399000,24,0.054,63611976,0,1
32,freelancer,medium,682679,0,55318,-55318,1441000,68,0.0525,0,1441000,0
37,freelancer,high,33733362,1049282,567585,481697,10000,71,0.0893,101951608,0,1
31,freelancer,medium,0,4842037,1892579,2949458,10000,60,0.0503,200734696,0,1
23,student,low,0,988833,674206,314627,10000,34,0.0265,11096442,0,1
33,employee,high,16490364,4521069,3140855,1380214,10000,76,0.0839,165815926,0,1
22,student,medium,0,0,0,0,10000,60,0.0557,0,10000,0
27,employee,low,40012012,3466839,2170169,1296670,10000,5,0.0291,47014387,0,1
36,employee,low,17015120,3627322,2399616,1227706,212000,43,0.0204,73024929,0,1
51,professional,medium,30439862,4058567,3038572,1019995,10000,57,0.0525,104908344,0,1
30,freelancer,low,24151591,2373861,1570009,803852,574000,52,0.0132,68567123,0,1
40,professional,medium,0,7462474,3689905,3772569,10000,8,0.0434,30565363,0,1
38,employee,medium,29139085,0,771452,-771452,626000,51,0.0352,0,626000,0
37,professional,high,52527098,4020999,3135939,885060,307000,74,0.0826,172299688,0,1
44,employee,medium,14771134,2705737,1923720,782017,363000,56,0.0409,66032912,0,1
28,student,high,0,894673,477107,417566,1399000,46,0.0642,21712552,0,1
41,professional,low,21310282,4048401,2061580,1986821,10000,45,0.0174,115065286,0,1
22,student,medium,6279067,1039856,1033749,6107,109000,32,0.0385,7162290,0,1
30,freelancer,medium,6275936,1196469,556942,639527,243000,37,0.054,33093891,0,1
23,student,medium,2780767,741986,626348,115638,10000,90,0.0563,17150023,0,1
22,employee,high,22548135,3009748,1644094,1365654,10000,56,0.0706,121585723,0,1
41,freelancer,low,0,5773488,3199238,2574250,10000,67,0.0128,178688598,0,1
42,self_employed,low,33331550,0,19286562,-19286562,23000,31,0.013,0,23000,0
24,student,low,5594843,2345062,1447009,898053,10000,74,0.0252,78350768,0,1
24,student,low,3514324,0,1274101,-1274101,669000,34,0.0295,0,669000,0
32,professional,low,3904774,2518015,1273967,1244048,473000,77,0.0158,105067282,0,1
37,self_employed,high,41961873,381897,269178,112719,10000,72,0.0715,74457491,0,1
20,student,medium,453585,692727,528143,164584,10000,40,0.053,7724432,0,1
32,employee,low,1401585,3153338,1646061,1507277,307000,52,0.0274,84698691,0,1
24,student,low,8256577,0,1497978,-1497978,771000,30,0.0129,0,771000,0
46,freelancer,high,0,1478793,904735,574058,10000,18,0.0634,10810422,0,1
27,employee,low,40414993,0,9657417,-9657417,2108000,28,0.0207,0,2108000,0
38,freelancer,medium,0,5727447,4012899,1714548,255000,37,0.0574,69217918,0,1
21,student,medium,2820528,1135711,935540,200171,10000,68,0.0515,19540970,0,1
36,professional,medium,42802965,3530620,2378158,1152462,10000,54,0.0388,118830976,0,1
29,self_employed,low,0,6189121,4958630,1230491,394000,19,0.0123,23596261,0,1
24,professional,high,52552001,3989539,2448420,1541119,86000,68,0.0724,208196738,0,1
26,student,medium,0,0,0,0,1664000,50,0.0522,0,1664000,0
25,student,medium,1446042,110574,81363,29211,1259000,4,0.0347,1580192,0,1
40,self_employed,medium,38515958,3467214,1434694,2032520,1958000,67,0.035,196969532,0,1
25,student,high,3781476,1187050,685419,501631,10000,29,0.0935,20987328,0,1
31,freelancer,low,0,0,0,0,2042000,34,0.0223,0,2042000,0
23,student,medium,0,0,0,0,504000,68,0.0392,0,504000,0
38,self_employed,low,26627670,0,3586255,-3586255,311000,29,0.0113,0,311000,0
26,student,high,0,0,0,0,324000,94,0.0782,0,324000,0
22,student,medium,4600600,994165,389573,604592,10000,30,0.0416,24183597,0,1
27,employee,low,765324,3372011,2287901,1084110,707000,29,0.0284,33323037,0,1
37,employee,low,12138270,3843121,1573190,2269931,10000,27,0.0203,75360212,0,1
43,professional,low,66752783,4124231,2256171,1868060,10000,43,0.0159,153266473,0,1
21,student,low,0,0,0,0,10000,59,0.0298,0,10000,0
29,professional,low,50098343,5790833,3017402,2773431,475000,26,0.0296,127789443,0,1
22,student,low,8268689,2213184,1467977,745207,696000,78,0.023,72232009,0,1
34,employee,low,29794189,2559173,1609796,949377,700000,63,0.0273,98610891,0,1
45,freelancer,medium,20923544,0,0,0,934000,48,0.0304,23625373,0,1
35,professional,medium,29841512,4965959,3295423,1670536,2091000,60,0.0361,145402607,0,1
43,freelancer,low,9617274,0,3144807,-3144807,10000,41,0.0261,0,10000,0
38,self_employed,high,958817,0,213835,-213835,220000,23,0.0917,0,220000,0
42,employee,medium,30107950,4576541,2782547,1793994,10000,42,0.0337,113724052,0,1
24,student,low,3914490,933201,669208,263993,511000,73,0.0274,25568362,0,1
35,professional,medium,17487524,3040301,2450484,589817,344000,37,0.0393,42896662,0,1
27,employee,low,2598095,2904368,1427622,1476746,10000,67,0.0267,109585113,0,1
20,student,low,2701808,0,1566706,-1566706,878000,26,0.0287,0,878000,0
45,self_employed,medium,27119655,0,5903254,-5903254,1563000,73,0.0379,0,1563000,0
40,self_employed,medium,36587768,0,11958633,-11958633,10000,19,0.0307,0,10000,0
29,employee,low,6820188,3772600,2013918,1758682,1045000,65,0.0226,129191746,0,1
35,freelancer,medium,0,3721770,2834866,886904,1794000,44,0.0591,43455784,0,1
37,professional,medium,0,6111416,3149048,2962368,10000,67,0.0499,228341001,0,1
25,student,medium,0,0,0,0,2001000,50,0.0371,0,2001000,0
32,self_employed,high,22083079,2850681,2249871,600810,456000,51,0.0684,64952304,0,1
21,student,high,352265,0,63070,-63070,1731000,52,0.0711,0,1731000,0
19,student,low,0,0,0,0,519000,73,0.013,0,519000,0
29,employee,medium,5121280,3404233,2047556,1356677,275000,67,0.0388,107670027,0,1
33,freelancer,high,7917830,4473788,3716915,756873,10000,16,0.099,21919120,0,1
23,student,high,2903708,0,1012420,-1012420,1981000,34,0.0842,0,1981000,0
20,student,low,11900236,0,1027006,-1027006,2680000,49,0.0207,0,2680000,0
32,self_employed,low,12552552,2040984,1321081,719903,477000,67,0.0156,64056366,0,1
23,student,medium,2362716,283223,294693,-11470,1869000,38,0.0523,2314373,0,1
27,student,high,0,772139,394651,377488,10000,65,0.0902,31489527,0,1
22,student,low,4101757,0,1464976,-1464976,10000,55,0.0121,0,10000,0
37,freelancer,low,0,0,0,0,1577000,84,0.0259,0,1577000,0
20,student,low,0,0,0,0,10000,35,0.0183,0,10000,0
33,employee,medium,4084774,2910562,1737039,1173523,10000,52,0.0501,73068926,0,1
20,student,low,3193846,0,1518975,-1518975,10000,52,0.0204,0,10000,0
29,freelancer,medium,26189925,429604,280308,149296,1266000,33,0.0364,34116401,0,1
34,employee,low,35595151,4755887,2864841,1891046,1245000,71,0.0129,177859923,0,1
40,self_employed,high,29165971,3853055,2828930,1024125,1102000,65,0.0741,125120717,0,1
21,student,low,0,875649,399985,475664,1921000,2,0.016,951962,969038,0
35,employee,low,8290311,2838175,1259181,1578994,10000,17,0.0199,35729139,0,1
22,employee,medium,2859871,2568155,1613553,954602,10000,1,0.0524,3826961,0,1
56,employee,high,9100295,1864031,1327344,536687,91000,70,0.0627,58324027,0,1
26,employee,medium,0,4523164,2356440,2166724,1698000,49,0.0338,113673764,0,1
20,student,high,0,1853507,1487903,365604,603000,41,0.0758,17048761,0,1
44,freelancer,medium,6346982,3545538,3206150,339388,10000,22,0.0406,14574442,0,1
21,student,high,5579043,0,1177446,-1177446,10000,35,0.0936,0,10000,0
27,professional,medium,20497421,2795667,1826943,968724,31000,1,0.0373,21529858,0,1
31,professional,low,42722369,6154122,3662424,2491698,1806000,45,0.0183,161726551,0,1
28,employee,low,5884770,2392475,1924587,467888,10000,11,0.0275,11240975,0,1
23,employee,medium,24553803,1682181,997281,684900,10000,61,0.0352,75034080,0,1
31,employee,low,19286063,3258649,1980562,1278087,10000,25,0.0295,53419758,0,1
31,professional,low,57457393,5175645,2257487,2918158,1890000,82,0.0245,328114493,0,1
22,student,medium,2408178,1256901,718979,537922,10000,68,0.035,43328971,0,1
44,freelancer,medium,29365363,0,15092629,-15092629,507000,14,0.0304,0,507000,0
24,self_employed,high,43605078,1848694,732742,1115952,10000,42,0.0979,116973813,0,1
24,student,medium,3196279,0,1295200,-1295200,1797000,59,0.0531,0,1797000,0
22,student,low,3923448,0,1493349,-1493349,881000,24,0.0268,0,881000,0
19,student,low,0,826973,814757,12216,682000,37,0.0247,469148,212852,0
34,professional,high,14978012,4803261,2281901,2521360,1159000,59,0.0922,210840452,0,1
23,student,low,4596648,1750193,1474071,276122,10000,18,0.0259,9840979,0,1
24,student,low,7147850,0,2991156,-2991156,10000,72,0.0215,0,10000,0
26,student,low,7242262,0,2871679,-2871679,130000,32,0.0106,0,130000,0
36,employee,low,12923654,2580131,1755234,824897,383000,44,0.0267,52338428,0,1
45,employee,medium,11350200,4268427,2664270,1604157,99000,27,0.0547,58812207,0,1
28,employee,high,8030582,3320588,1517288,1803300,3009000,40,0.0826,93280657,0,1
21,student,low,4018217,0,971811,-971811,36000,75,0.0165,0,36000,0
30,employee,medium,0,0,0,0,1685000,43,0.0577,0,1685000,0
34,freelancer,low,28900355,2103071,822054,1281017,1367000,72,0.017,129030403,0,1
37,employee,medium,18586154,0,8076932,-8076932,429000,12,0.037,0,429000,0
23,student,high,0,1531015,1057521,473494,10000,32,0.0748,16711248,0,1
25,student,medium,3826086,0,1921143,-1921143,336000,67,0.048,0,336000,0
51,self_employed,medium,39030758,1938818,1107184,831634,10000,7,0.0426,45894868,0,1
40,self_employed,low,17353741,3503582,1827391,1676191,10000,57,0.0111,116352763,0,1
26,employee,high,6580878,2960794,2020130,940664,10000,14,0.0722,20854344,0,1
44,employee,low,0,5110003,3077442,2032561,3229000,39,0.0244,82410564,0,1
47,freelancer,high,0,0,0,0,171000,39,0.0931,0,171000,0
37,self_employed,high,24699267,2303663,1470069,833594,2557000,60,0.0613,91886374,0,1
36,freelancer,medium,30944805,2318549,1825751,492798,2058000,56,0.0356,66501710,0,1
35,professional,low,15544365,5299623,3270850,2028773,10000,62,0.0118,146152719,0,1
32,employee,medium,22910778,2964778,1834574,1130204,2133000,99,0.0468,169922751,0,1
21,student,low,0,43829,34536,9293,526000,19,0.0259,180039,345961,0
45,professional,medium,15051197,7518671,4975204,2543467,10000,31,0.0452,100380617,0,1
36,employee,medium,11757449,0,4078221,-4078221,682000,71,0.0583,0,682000,0
32,employee,high,22058013,0,7472196,-7472196,832000,50,0.0742,0,832000,0
42,employee,low,8121183,1706632,1075444,631188,916000,58,0.0256,48115669,0,1
24,student,low,0,0,0,0,2464000,21,0.0246,0,2464000,0
41,freelancer,medium,19683666,5361306,2791759,2569547,1682000,42,0.0508,141342917,0,1
25,student,medium,7098866,0,633660,-633660,10000,73,0.0576,0,10000,0
36,freelancer,low,0,3203113,1697908,1505205,10000,68,0.0112,105620927,0,1
37,freelancer,medium,15258612,1998165,1098913,899252,25000,18,0.0506,33239143,0,1
24,freelancer,low,0,411495,212830,198665,10000,38,0.022,7811041,0,1
43,employee,medium,4761140,3627713,2653270,974443,632000,39,0.0339,45430878,0,1
39,employee,low,14734818,3014538,1658009,1356529,10000,61,0.0142,101592464,0,1
21,student,low,4729235,0,2564966,-2564966,10000,38,0.0185,0,10000,0
21,student,medium,1891985,1253244,1234748,18496,614000,99,0.0424,4870300,0,1
31,professional,medium,34910463,2188577,875730,1312847,2664000,59,0.0572,135420414,0,1
28,freelancer,high,0,3411798,2537314,874484,341000,52,0.0918,55589122,0,1
23,student,medium,3170166,1564976,1196973,368003,1096000,53,0.0355,24790123,0,1
45,self_employed,high,14137031,5537790,4284412,1253378,326000,65,0.0976,130735437,0,1
19,student,medium,3013567,1368080,778744,589336,1689000,65,0.0488,47669033,0,1
22,student,low,1637278,0,660774,-660774,10000,36,0.0263,0,10000,0
36,employee,high,39978595,4949902,1910833,3039069,457000,63,0.0603,279401512,0,1
42,professional,low,32858630,5303376,3579172,1724204,10000,59,0.0144,140618118,0,1
26,student,low,3128950,1838080,1448511,389569,2184000,43,0.0243,20897260,0,1
48,self_employed,medium,27357697,3772110,2683372,1088738,10000,27,0.0417,60807076,0,1
23,student,low,4427733,0,1722088,-1722088,1008000,22,0.0112,0,1008000,0
25,student,low,0,0,0,0,874000,68,0.016,0,874000,0
26,student,low,0,0,0,0,818000,45,0.0239,0,818000,0
41,self_employed,medium,0,3016923,1469116,1547807,2129000,1,0.0429,1547807,581193,0
31,employee,medium,15433000,1863732,1215636,648096,1796000,41,0.0575,48058978,0,1
38,employee,low,51485060,2399075,1770149,628926,433000,54,0.0109,88864677,0,1
22,student,low,0,0,0,0,1541000,57,0.022,0,1541000,0
33,freelancer,low,0,0,0,0,563000,38,0.0137,0,563000,0
40,employee,low,29632020,2732295,1580081,1152214,692000,43,0.0141,81954315,0,1
22,student,low,5745757,1155313,815402,339911,3306000,32,0.0148,17064586,0,1
32,self_employed,low,22185770,0,8894279,-8894279,733000,88,0.0272,0,733000,0
19,student,low,4473449,0,888842,-888842,10000,61,0.0245,0,10000,0
28,freelancer,high,0,3907030,2158611,1748419,10000,71,0.067,151830780,0,1
43,self_employed,medium,65620096,0,13764899,-13764899,584000,53,0.0388,0,584000,0
34,self_employed,high,64897541,3882880,3042105,840775,10000,49,0.0789,137894859,0,1
42,employee,medium,20316819,3373693,1699946,1673747,854000,57,0.042,130176467,0,1
41,freelancer,low,0,4238951,3618674,620277,815000,7,0.0127,4355749,0,1
23,student,low,0,191728,211160,-19432,1088000,55,0.0197,0,1088000,0
23,student,low,10127569,0,4864528,-4864528,10000,57,0.0111,0,10000,0
30,freelancer,medium,0,3530696,1660069,1870627,1438000,67,0.051,144644676,0,1
37,employee,low,22108034,3811296,2202636,1608660,744000,92,0.0207,186144296,0,1
31,professional,medium,35787012,3302791,1358150,1944641,106000,24,0.0596,89742355,0,1
20,student,medium,775017,0,0,0,1647000,51,0.0428,929328,717672,0
33,employee,medium,1198144,1843445,1512531,330914,10000,63,0.0477,25175482,0,1
25,student,low,0,0,0,0,10000,54,0.0104,0,10000,0
44,employee,medium,25094674,0,786326,-786326,910000,42,0.056,0,910000,0
41,professional,medium,36854292,5597267,4354736,1242531,10000,35,0.0337,86285576,0,1
22,student,low,2830768,0,709416,-709416,1927000,72,0.0261,0,1927000,0
24,self_employed,low,50801641,1570242,1115422,454820,10000,50,0.0255,80456362,0,1
24,student,low,739832,628933,381705,247228,1596000,52,0.0209,14253650,0,1
22,student,low,904707,846510,637443,209067,3472000,60,0.0193,14154405,0,1
33,freelancer,medium,0,825577,433837,391740,1239000,1,0.044,391740,847260,0
28,freelancer,high,0,0,0,0,79000,11,0.0834,0,79000,0
24,student,low,0,0,0,0,1554000,54,0.0277,0,1554000,0
22,student,medium,2418034,0,120720,-120720,10000,37,0.055,0,10000,0
24,student,medium,75495,973217,618547,354670,10000,32,0.0508,12213092,0,1
34,freelancer,low,16521197,1991565,1767567,223998,817000,35,0.0184,25479121,0,1
40,employee,low,16187860,0,3895722,-3895722,10000,29,0.0211,0,10000,0
20,student,medium,5028696,0,2242157,-2242157,929000,48,0.0379,0,929000,0
37,employee,low,28852796,2181405,1491419,689986,177000,48,0.017,65127809,0,1
23,student,low,1253172,0,241374,-241374,10000,6,0.0292,0,10000,0
38,freelancer,medium,4674098,2398212,1290961,1107251,527000,72,0.0304,92942792,0,1
26,student,low,4586439,0,2350175,-2350175,351000,49,0.0227,0,351000,0
24,student,high,0,970127,948532,21595,2307000,5,0.0836,109490,2197510,0
25,student,high,10075,1253413,1084783,168630,10000,70,0.0807,15027898,0,1
39,self_employed,medium,0,0,0,0,1227000,68,0.0343,0,1227000,0
20,student,medium,0,0,0,0,954000,29,0.0584,0,954000,0
23,student,low,5716979,0,738836,-738836,10000,79,0.025,0,10000,0
21,student,low,644975,0,67291,-67291,10000,50,0.0158,0,10000,0
22,student,medium,0,0,0,0,10000,58,0.0323,0,10000,0
41,self_employed,medium,0,0,0,0,884000,30,0.0539,0,884000,0
22,student,low,0,1051447,871988,179459,1378000,45,0.0109,8239155,0,1
48,employee,medium,31495094,2541166,1423199,1117967,10000,69,0.0432,127745883,0,1
49,professional,medium,23634115,6205188,4844952,1360236,266000,55,0.0352,108822630,0,1
46,freelancer,low,32993449,0,4090086,-4090086,1100000,40,0.0216,0,1100000,0
21,student,low,6559066,0,876252,-876252,1607000,71,0.0223,0,1607000,0
23,student,low,2304489,0,398334,-398334,1955000,78,0.0102,0,1955000,0
31,employee,medium,61609016,2844069,1773059,1071010,1163000,41,0.0539,122132824,0,1
35,freelancer,medium,11948415,3969490,3119810,849680,747000,89,0.0438,105684057,0,1
29,employee,low,40450243,4332381,2158947,2173434,633000,30,0.021,109513551,0,1
34,employee,medium,13443296,2402683,1076375,1326308,2504000,58,0.0356,99768605,0,1
20,student,low,0,0,0,0,10000,11,0.0225,0,10000,0
23,student,high,2243328,812564,335188,477376,101000,35,0.0723,21306804,0,1
37,employee,low,18671112,4307648,3709766,597882,10000,24,0.0115,33613739,0,1
25,employee,medium,0,2421866,1304342,1117524,258000,93,0.0361,119718094,0,1
40,professional,low,18166501,4376820,3213375,1163445,764000,34,0.0111,58913515,0,1
29,employee,low,6012067,3935588,2191159,1744429,748000,63,0.0255,124333981,0,1
25,student,high,275650,0,0,0,10000,28,0.0696,324103,0,1
31,employee,low,19595437,2793579,1546516,1247063,10000,40,0.0105,71036261,0,1
39,employee,medium,0,3015023,1814613,1200410,10000,45,0.0529,59604257,0,1
19,student,medium,0,0,0,0,633000,44,0.0458,0,633000,0
38,professional,medium,27695658,5729590,3075351,2654239,10000,116,0.0399,415652790,0,1
19,student,medium,1782603,0,1069561,-1069561,137000,47,0.0447,0,137000,0
40,freelancer,low,0,3977666,2693020,1284646,345000,59,0.023,80164628,0,1
24,student,low,4635409,1624816,1338054,286762,1312000,51,0.0231,20464429,0,1
41,employee,low,23478344,3751020,2116379,1634641,1044000,53,0.0145,114444711,0,1
21,student,medium,3735323,0,442866,-442866,10000,47,0.0544,0,10000,0
24,student,low,5833353,0,2648553,-2648553,352000,15,0.0105,0,352000,0
43,employee,high,11937514,2394505,1539709,854796,798000,58,0.0791,77624378,0,1
22,employee,high,17649680,2630279,1640535,989744,1246000,33,0.092,59713336,0,1
22,student,low,342578,1380395,1448032,-67637,10000,51,0.0227,0,10000,0
39,self_employed,low,17345860,4384322,2528508,1855814,260000,73,0.015,160757186,0,1
38,self_employed,medium,0,1105898,723749,382149,10000,26,0.0492,10462191,0,1
22,student,medium,5221233,0,2534469,-2534469,1080000,51,0.0525,0,1080000,0
23,student,low,3515175,0,1372211,-1372211,989000,31,0.0136,0,989000,0
44,self_employed,low,0,0,0,0,1090000,44,0.0101,0,1090000,0
23,student,low,0,0,0,0,10000,31,0.0197,0,10000,0
22,student,low,0,0,0,0,534000,96,0.027,0,534000,0
44,self_employed,medium,36283180,0,2535231,-2535231,1560000,58,0.0589,0,1560000,0
23,student,low,1182433,0,242833,-242833,1911000,24,0.0269,0,1911000,0
28,professional,low,26975351,3674982,1820027,1854955,10000,71,0.0106,164578107,0,1
27,self_employed,high,13194448,0,3959444,-3959444,2000000,8,0.0728,0,2000000,0
24,student,medium,1684879,0,117747,-117747,1827000,28,0.0553,0,1827000,0
33,freelancer,medium,6218412,2818926,2418390,400536,10000,28,0.0389,18528123,0,1
29,self_employed,low,12314716,0,7388829,-7388829,10000,49,0.0284,0,10000,0
21,student,medium,3809962,0,778008,-778008,1554000,60,0.0318,0,1554000,0
38,self_employed,medium,18125786,3282728,3031534,251194,10000,50,0.0577,37198556,0,1
30,freelancer,medium,29909132,0,0,0,10000,68,0.0594,41843376,0,1
26,student,low,708406,0,204726,-204726,596000,1,0.0234,505061,90939,0
24,student,low,4514251,0,0,0,1144000,31,0.0225,4784157,0,1
24,student,medium,9494806,0,1926064,-1926064,10000,35,0.0486,0,10000,0
33,freelancer,low,6902806,1233078,945963,287115,653000,67,0.0232,28373508,0,1
25,employee,medium,20297780,4031201,2492604,1538597,2180000,7,0.0478,31770299,0,1
21,student,medium,0,0,0,0,10000,31,0.0582,0,10000,0
24,student,low,7246247,0,3568857,-3568857,10000,86,0.02,0,10000,0
24,professional,high,0,3936844,1440299,2496545,1262000,59,0.0707,175528410,0,1
25,employee,high,2532889,2622956,1316568,1306388,1193000,17,0.0863,26394483,0,1
45,freelancer,medium,5081353,0,1331190,-1331190,1494000,43,0.0469,0,1494000,0
37,professional,medium,25156346,5406914,3639504,1767410,10000,84,0.0586,220871604,0,1
19,student,low,3463976,0,252107,-252107,10000,81,0.0181,0,10000,0
36,employee,low,2444418,3502596,2038860,1463736,3086000,44,0.0192,69292906,0,1
26,freelancer,medium,14523792,771109,392415,378694,1418000,55,0.0541,42178323,0,1
22,student,medium,3182274,1621784,1155680,466104,10000,57,0.0492,33878582,0,1
21,student,low,2219528,0,977992,-977992,36000,58,0.0228,0,36000,0
24,student,low,0,0,0,0,356000,15,0.0124,0,356000,0
24,student,low,0,0,0,0,692000,58,0.0296,0,692000,0
33,employee,medium,6695872,3803617,2450098,1353519,10000,60,0.0465,99674929,0,1
27,student,medium,0,0,0,0,1112000,74,0.0428,0,1112000,0
27,professional,high,0,5475327,2955362,2519965,10000,38,0.0832,109128266,0,1
31,professional,low,33582678,4188105,2443254,1744851,454000,34,0.011,94876385,0,1
26,employee,medium,46030685,4420435,2725303,1695132,1305000,78,0.053,222354671,0,1
31,freelancer,medium,27288008,1271761,1034683,237078,745000,47,0.0543,46123728,0,1
22,student,low,0,1348728,947752,400976,1079000,4,0.0223,1608380,0,1
21,student,low,0,307400,165794,141606,418000,27,0.0248,3927874,0,1
30,employee,low,0,3132918,2191158,941760,690000,79,0.0235,80377824,0,1
22,student,medium,2924872,0,225641,-225641,1586000,54,0.0333,0,1586000,0
28,employee,low,19462286,2846560,1346493,1500067,1881000,49,0.0102,95312563,0,1
22,freelancer,high,30578702,0,11287481,-11287481,97000,60,0.0864,0,97000,0
22,student,medium,1683552,158133,45719,112414,669000,38,0.0486,6570955,0,1
49,self_employed,medium,36908968,0,16608267,-16608267,45000,38,0.0558,0,45000,0
31,employee,medium,36587305,4015398,2314240,1701158,10000,33,0.0567,103342322,0,1
36,employee,medium,7341508,4165824,2551458,1614366,69000,36,0.0522,71350690,0,1
23,student,low,2785983,502575,359388,143187,352000,75,0.0128,14191964,0,1
24,student,medium,0,0,0,0,985000,43,0.0357,0,985000,0
23,freelancer,medium,19956506,2066356,1183451,882905,1548000,66,0.0348,88279226,0,1
26,freelancer,low,9355312,0,4201096,-4201096,152000,53,0.0175,0,152000,0
22,student,low,67973,622645,569289,53356,10000,37,0.0145,2088801,0,1
20,student,high,0,1335218,1120321,214897,2221000,67,0.096,18951644,0,1
22,employee,low,15301140,4784903,2547285,2237618,1360000,65,0.0263,173772661,0,1
23,student,low,6961548,0,1557661,-1557661,883000,55,0.0108,0,883000,0
23,student,low,4728670,0,2303651,-2303651,2602000,2,0.0144,129959,2472041,0
40,employee,medium,12687410,2993170,2085162,908008,10000,1,0.0412,13638978,0,1
21,student,medium,4582299,0,2749379,-2749379,1035000,46,0.0584,0,1035000,0
23,student,medium,0,0,0,0,1389000,35,0.0581,0,1389000,0
25,student,low,1014082,456231,453582,2649,945000,77,0.0173,1348610,0,1
35,employee,medium,36110848,4102083,2906165,1195918,69000,69,0.0365,136191506,0,1
51,self_employed,high,20608737,5193784,5431286,-237502,1418000,36,0.0904,17221895,0,1
22,student,medium,572108,0,266396,-266396,1737000,49,0.045,0,1737000,0
27,employee,low,12782455,3539775,2066636,1473139,1738000,60,0.0266,109022533,0,1
29,employee,high,24214032,3661498,2431892,1229606,1713000,75,0.089,164919954,0,1
26,freelancer,medium,2551288,0,681099,-681099,418000,45,0.0342,0,418000,0
31,employee,medium,4503985,3145563,2374728,770835,10000,63,0.055,62160053,0,1
21,student,medium,874384,0,23615,-23615,1001000,50,0.0511,0,1001000,0
34,employee,medium,29053711,3079420,2083339,996081,1500000,41,0.0493,78753402,0,1
21,student,low,0,0,0,0,2271000,15,0.0238,0,2271000,0
21,student,low,0,0,0,0,870000,31,0.0188,0,870000,0
37,professional,medium,25434406,3144338,1287791,1856547,1131000,35,0.054,99967729,0,1
30,freelancer,low,23654451,4314769,2343946,1970823,663000,74,0.0133,177575970,0,1
37,self_employed,high,30791605,3625688,2929538,696150,1607000,52,0.0864,88433759,0,1
32,employee,low,19324741,4492400,2697026,1795374,2093000,9,0.0214,35911235,0,1
25,student,low,3394773,1678490,970515,707975,64000,39,0.0173,31971927,0,1
21,student,low,3226805,0,385417,-385417,385000,81,0.0204,0,385000,0
34,self_employed,low,53128103,3108700,2533281,575419,37000,71,0.0284,107267544,0,1
25,student,high,323124,0,0,0,203000,41,0.0994,453164,0,1
29,employee,low,7337350,3181302,1610123,1571179,973000,31,0.0115,56971729,0,1
31,employee,low,16167002,3179821,1710646,1469175,1573000,43,0.0241,83537222,0,1
21,student,low,3903807,0,1490278,-1490278,298000,56,0.0232,0,298000,0
24,student,low,0,0,0,0,10000,26,0.019,0,10000,0
28,employee,medium,18558797,3620822,2307309,1313513,966000,30,0.0517,63082586,0,1
24,student,high,4096474,0,0,0,187000,40,0.0689,5150720,0,1
29,employee,low,32357798,2338262,1628723,709539,10000,25,0.0155,51435206,0,1
22,freelancer,medium,8530489,2841144,1993898,847246,10000,6,0.055,13909863,0,1
35,professional,medium,24461333,6565934,4103783,2462151,1821000,57,0.0518,189998300,0,1
24,employee,medium,35966271,2339777,1605018,734759,10000,56,0.0522,92340068,0,1
47,self_employed,low,0,3913553,2165183,1748370,60000,45,0.0124,80492013,0,1
19,student,medium,3301057,0,616885,-616885,10000,34,0.0465,0,10000,0
25,employee,high,12432408,0,1961507,-1961507,514000,67,0.0696,0,514000,0
24,student,high,6270010,253665,199256,54409,1066000,81,0.0836,16897246,0,1
50,self_employed,medium,10833242,0,5809861,-5809861,530000,63,0.0463,0,530000,0
24,student,medium,4074587,0,942744,-942744,518000,30,0.0489,0,518000,0
31,professional,medium,10333578,5684027,4156742,1527285,719000,106,0.0493,218315359,0,1
36,self_employed,high,54051012,4853855,3280037,1573818,509000,33,0.0841,126265075,0,1
44,self_employed,high,46000963,3882294,2935649,946645,1165000,42,0.098,111934592,0,1
21,student,low,4148007,2352518,1987865,364653,1927000,12,0.0269,8691166,0,1
40,employee,medium,9511106,4424914,3065834,1359080,863000,62,0.0313,102508208,0,1
25,student,medium,7069494,0,3084950,-3084950,229000,46,0.0338,0,229000,0
41,self_employed,low,48637987,0,12732764,-12732764,10000,60,0.0142,0,10000,0
36,employee,medium,0,4445480,3042594,1402886,1428000,23,0.0333,33270710,0,1
21,student,high,6414225,1311392,1119899,191493,2172000,22,0.0819,11978526,0,1
22,student,low,3131284,0,1546457,-1546457,1606000,61,0.016,0,1606000,0
35,employee,low,17572376,1965796,1101589,864207,1818000,63,0.017,76118063,0,1
20,student,low,0,0,0,0,523000,56,0.0233,0,523000,0
23,freelancer,medium,25905631,2792580,2122344,670236,1792000,53,0.0301,67525185,0,1
37,employee,medium,11307943,2499645,1721043,778602,118000,74,0.0309,77060607,0,1
23,student,low,0,0,0,0,1806000,72,0.0105,0,1806000,0
22,employee,low,22747591,4200766,2809963,1390803,1809000,43,0.0244,87254435,0,1
28,employee,medium,18480677,3878858,2338120,1540738,2081000,53,0.0575,116522573,0,1
20,student,low,2331768,0,809797,-809797,10000,22,0.0166,0,10000,0
24,student,low,821978,0,72090,-72090,10000,54,0.0154,0,10000,0
34,employee,medium,11225655,0,4246860,-4246860,525000,61,0.052,0,525000,0
42,professional,low,9804147,2062320,1210003,852317,731000,90,0.0206,94315504,0,1
27,student,low,5171121,0,1960433,-1960433,1272000,40,0.0149,0,1272000,0
21,student,low,4236935,0,1724962,-1724962,127000,44,0.02,0,127000,0
53,self_employed,medium,0,0,0,0,10000,9,0.0548,0,10000,0
19,student,high,0,2301727,1712209,589518,10000,34,0.0998,23054639,0,1
34,freelancer,medium,13722811,6757835,4360898,2396937,423000,26,0.0542,81398054,0,1
23,student,low,565160,905199,580924,324275,1735000,40,0.0267,14167676,0,1
35,professional,medium,15634994,4134320,2248604,1885716,10000,28,0.0593,74427157,0,1
22,student,high,0,0,0,0,10000,54,0.0968,0,10000,0
22,student,low,0,9958,5997,3961,1353000,17,0.0263,68531,1284469,0
23,student,low,5293556,0,1728819,-1728819,1310000,37,0.0172,0,1310000,0
31,self_employed,high,0,4580024,2774856,1805168,246000,42,0.0813,87364520,0,1
32,self_employed,high,55937968,2943059,1437261,1505798,10000,55,0.0642,171012503,0,1
28,freelancer,medium,0,2233236,1428454,804782,429000,29,0.0478,24688090,0,1
26,professional,low,40933557,5453272,3648913,1804359,1112000,33,0.0245,105314095,0,1
34,employee,low,24038218,3869464,2622462,1247002,10000,60,0.0135,103073934,0,1
39,freelancer,low,22578499,1995208,996389,998819,1500000,95,0.0136,125268074,0,1
20,student,low,0,11587,7091,4496,10000,50,0.0245,236421,0,1
27,student,low,4457173,897256,409697,487559,10000,1,0.0215,4952718,0,1
23,student,low,0,0,0,0,1155000,36,0.0126,0,1155000,0
23,student,low,9963847,236474,136867,99607,225000,47,0.0206,15671560,0,1
24,student,high,4318824,0,1172767,-1172767,1156000,51,0.0842,0,1156000,0
47,employee,medium,23785855,2376505,1385451,991054,10000,77,0.0521,123589053,0,1
30,employee,medium,26948753,2689481,1551793,1137688,10000,68,0.0349,118238537,0,1
25,student,low,5055073,0,1825449,-1825449,297000,32,0.0144,0,297000,0
38,freelancer,medium,10042825,4049187,2530640,1518547,1321000,82,0.0501,162259234,0,1
28,employee,medium,19510319,1784878,1084327,700551,10000,17,0.0597,33623098,0,1
20,student,low,4131305,0,1844340,-1844340,390000,35,0.0145,0,390000,0
23,student,low,473433,0,251379,-251379,10000,12,0.0104,0,10000,0
29,professional,medium,29145308,5664344,3989549,1674795,208000,70,0.031,163237722,0,1
29,employee,high,15648343,1820873,1357875,462998,1451000,34,0.0726,36629988,0,1
22,student,low,5519238,0,2353365,-2353365,988000,39,0.0124,0,988000,0
23,student,medium,4647157,641761,540187,101574,10000,46,0.0356,10323874,0,1
32,employee,low,23328350,3725999,1907547,1818452,110000,46,0.0257,113550087,0,1
40,employee,medium,19690203,3716705,2553413,1163292,831000,49,0.0476,86686386,0,1
22,student,low,5186581,2156189,2350444,-194255,2959000,71,0.0268,0,2959000,0
24,self_employed,high,28694214,4686684,3659766,1026918,10000,47,0.0618,90979613,0,1
34,employee,low,12963494,3757971,1676643,2081328,10000,31,0.0294,80934580,0,1
20,student,low,0,253869,206932,46937,1461000,14,0.0294,667686,793314,0
22,student,medium,0,366476,260841,105635,10000,11,0.0582,1190577,0,1
23,employee,low,12574585,3538618,2327888,1210730,604000,23,0.0291,41897329,0,1
22,student,low,450610,0,155981,-155981,1273000,60,0.0185,0,1273000,0
22,employee,medium,20658052,4670733,2460391,2210342,1006000,39,0.0377,114900392,0,1
24,freelancer,high,20287115,0,3086405,-3086405,10000,48,0.0668,0,10000,0
28,employee,medium,8717084,2424417,1633920,790497,10000,26,0.0511,31420513,0,1
31,employee,low,0,3619649,2194750,1424899,10000,14,0.0226,20194639,0,1
39,self_employed,high,3766467,0,718195,-718195,838000,45,0.0845,0,838000,0
34,freelancer,medium,16899344,3583224,2720023,863201,271000,37,0.0548,54711737,0,1
33,employee,medium,29850585,3637234,2294348,1342886,1372000,29,0.0591,76173202,0,1
35,employee,high,8315,3457031,2643674,813357,10000,8,0.0799,6669297,0,1
21,student,low,0,0,0,0,104000,92,0.0208,0,104000,0
32,freelancer,medium,35186060,2132413,1546990,585423,184000,52,0.0584,79836180,0,1
33,employee,medium,40764686,0,3806058,-3806058,10000,9,0.0452,7392429,0,1
31,professional,medium,44791434,5395769,2584892,2810877,135000,77,0.0498,316015169,0,1
38,employee,low,10717099,1719233,1143422,575811,118000,47,0.0189,39606908,0,1
39,self_employed,medium,49359052,4717664,4376860,340804,242000,64,0.0352,83490587,0,1
34,freelancer,low,5712284,1728530,898489,830041,10000,43,0.0198,43088772,0,1
34,employee,medium,24048274,4026953,2108487,1918466,1153000,24,0.054,75290876,0,1
42,self_employed,medium,7747373,3761022,2568085,1192937,1167000,69,0.0341,100217681,0,1
49,employee,medium,22817329,3357741,1884423,1473318,2212000,42,0.0436,93291370,0,1
26,student,low,0,0,0,0,2070000,77,0.0286,0,2070000,0
22,student,low,3335909,0,675335,-675335,790000,43,0.0193,0,790000,0
21,student,medium,1371731,0,375186,-375186,10000,20,0.0513,0,10000,0
42,employee,high,13895001,0,3766311,-3766311,1502000,62,0.0853,0,1502000,0
48,self_employed,high,8718121,0,1157086,-1157086,278000,71,0.0956,0,278000,0
46,self_employed,low,0,3390545,1512625,1877920,463000,72,0.0236,145098454,0,1
43,freelancer,medium,3363506,0,1433294,-1433294,10000,63,0.0361,0,10000,0
25,employee,medium,13534777,3538847,2738151,800696,10000,73,0.0483,85934120,0,1
39,self_employed,medium,41417368,4023436,2505907,1517529,10000,60,0.0563,159724062,0,1
22,student,medium,0,550650,263966,286684,576000,65,0.0514,21434456,0,1
30,employee,low,9430647,3731273,2373744,1357529,758000,38,0.0115,62291526,0,1
24,student,low,4205910,869619,442989,426630,10000,88,0.0209,45437158,0,1
41,self_employed,low,31827080,5679363,3952152,1727211,10000,30,0.0195,86471744,0,1
41,employee,high,0,4194208,2989381,1204827,1015000,14,0.0949,17762676,0,1
30,professional,high,21895548,0,13137328,-13137328,730000,93,0.0903,0,730000,0
25,student,medium,0,0,0,0,1234000,36,0.0431,0,1234000,0
22,student,medium,3208868,0,1446371,-1446371,10000,24,0.0508,0,10000,0
22,student,medium,285038,0,89691,-89691,10000,68,0.0405,0,10000,0
34,employee,medium,26962288,3591307,1727045,1864262,706000,23,0.0589,75450847,0,1
24,student,medium,0,644933,395935,248998,10000,38,0.0393,10058388,0,1
58,self_employed,high,3003628,5358161,3777527,1580634,1661000,68,0.0676,134929476,0,1
25,student,low,9292261,547998,401792,146206,10000,57,0.0273,19464733,0,1
40,self_employed,high,15979881,4982274,3231670,1750604,2187000,76,0.095,210608115,0,1
20,student,low,3136992,0,1119965,-1119965,10000,77,0.0219,0,10000,0
44,employee,medium,0,2806073,2453660,352413,10000,69,0.0437,27587592,0,1
46,freelancer,medium,0,1031279,591914,439365,726000,65,0.0546,33143836,0,1
28,freelancer,high,15389796,3174718,2276906,897812,253000,56,0.081,83283914,0,1
35,professional,low,51874558,6778384,4111887,2666497,574000,87,0.0137,301039493,0,1
35,employee,medium,17196059,3023047,1774456,1248591,2051000,30,0.0562,59899791,0,1
40,self_employed,high,6266848,3969530,2687242,1282288,10000,21,0.0897,36367223,0,1
21,student,low,7670938,0,640071,-640071,765000,41,0.0228,0,765000,0
20,student,medium,1983728,0,869448,-869448,186000,9,0.0531,0,186000,0
24,student,high,0,360548,204069,156479,10000,39,0.0657,6782575,0,1
26,student,medium,2803041,1471564,1130750,340814,10000,70,0.0363,29989477,0,1
37,employee,low,15199116,4499345,3303517,1195828,516000,40,0.0261,66497975,0,1
38,employee,low,8597729,4269227,2602406,1666821,786000,35,0.0255,69757168,0,1
32,employee,medium,20964585,3972763,1931977,2040786,39000,23,0.0457,71837749,0,1
32,employee,medium,14254426,4449236,3264842,1184394,2860000,31,0.047,55048037,0,1
36,freelancer,medium,8377661,4724285,1920437,2803848,1058000,43,0.0379,138512545,0,1
35,employee,low,24872785,2829276,1303598,1525678,10000,62,0.0179,126307793,0,1
42,employee,high,8635257,1464022,918066,545956,10000,24,0.0873,24536059,0,1
54,self_employed,high,2164934,1363899,911195,452704,486000,61,0.0699,36128859,0,1
35,employee,low,49882253,2597042,1884451,712591,1936000,18,0.0263,64955603,0,1
21,student,low,2724469,0,110267,-110267,352000,37,0.0106,0,352000,0
19,student,medium,6704745,0,3611360,-3611360,10000,23,0.0586,0,10000,0
28,professional,low,39607071,4021468,2586635,1434833,1078000,1,0.0227,41116827,0,1
43,employee,medium,14717017,2571114,1328772,1242342,543000,22,0.0331,43774305,0,1
24,student,low,10613362,638143,320980,317163,10000,52,0.0169,28518101,0,1
27,student,low,4139129,616146,480795,135351,10000,69,0.0128,14141219,0,1
39,employee,medium,12997175,4266805,3156914,1109891,1987000,31,0.0572,52045518,0,1
34,professional,high,12407553,3697317,2402828,1294489,362000,51,0.0721,93823980,0,1
23,student,medium,0,1697876,1916912,-219036,494000,69,0.0536,0,494000,0
26,professional,low,37145369,3762286,1635418,2126868,367000,43,0.021,134943898,0,1
22,student,medium,4745950,0,403404,-403404,1290000,52,0.0335,0,1290000,0
47,professional,low,31976721,4751121,2793032,1958089,1800000,84,0.02,213169902,0,1
21,student,high,0,788030,437023,351007,636000,40,0.079,16002607,0,1
24,student,low,5497795,0,1439384,-1439384,209000,88,0.0177,0,209000,0
53,freelancer,high,6529255,4955645,2693560,2262085,95000,36,0.0912,101835338,0,1
38,self_employed,medium,42823427,3365290,2297699,1067591,10000,41,0.0427,96572292,0,1
23,student,medium,431970,0,110722,-110722,546000,23,0.054,0,546000,0
35,freelancer,low,10510549,3188123,3531247,-343124,597000,48,0.022,0,597000,0
42,freelancer,medium,37233736,0,6134712,-6134712,776000,61,0.0312,0,776000,0
24,student,medium,1756064,0,457428,-457428,10000,47,0.0568,0,10000,0
22,student,high,4266125,416035,225173,190862,1378000,17,0.0996,8379058,0,1
22,student,medium,2529390,0,730345,-730345,100000,52,0.0421,0,100000,0
22,student,medium,3568602,0,1133248,-1133248,256000,34,0.0493,0,256000,0
39,employee,high,31603140,0,10017031,-10017031,1191000,65,0.0812,0,1191000,0
41,freelancer,high,0,892062,574353,317709,172000,20,0.0664,6699553,0,1
34,self_employed,low,30759265,667411,558284,109127,229000,24,0.0281,35226100,0,1
24,student,medium,7385174,1196430,590282,606148,10000,61,0.0449,50722892,0,1
40,employee,low,39523001,3798461,2445505,1352956,1677000,28,0.0156,79542335,0,1
35,self_employed,low,23210532,0,7823325,-7823325,10000,62,0.0148,0,10000,0
50,self_employed,low,13759220,4719027,3247466,1471561,493000,52,0.0123,93067932,0,1
31,professional,low,38352100,3453243,2491920,961323,659000,54,0.0261,98145730,0,1
54,self_employed,medium,48397179,3488119,2664901,823218,1101000,75,0.0451,135290303,0,1
19,student,medium,0,0,0,0,1347000,55,0.0513,0,1347000,0
33,self_employed,high,28532041,4007548,3624154,383394,969000,35,0.0694,49739107,0,1
41,employee,low,10159619,1613607,972883,640724,1707000,35,0.0152,33534893,0,1
42,freelancer,high,1898050,0,83508,-83508,1835000,72,0.0968,0,1835000,0
31,employee,medium,24416814,3428456,2296233,1132223,1177000,50,0.05,92854396,0,1
23,student,low,1057548,0,31837,-31837,10000,38,0.0122,0,10000,0
38,employee,medium,14205131,2575301,1982703,592598,10000,24,0.0474,30502269,0,1
28,employee,low,31782913,1902401,1030574,871827,458000,28,0.0171,57962368,0,1
26,student,low,5890029,0,2427259,-2427259,318000,50,0.0275,0,318000,0
29,self_employed,low,1262383,2007037,1239313,767724,10000,3,0.0254,3578467,0,1
30,employee,medium,8526907,2457840,1254256,1203584,1720000,44,0.0411,66962343,0,1
43,employee,medium,17258712,3038406,2142567,895839,10000,1,0.0553,18234085,0,1
38,employee,high,37706136,3985966,2751300,1234666,10000,46,0.0637,112241463,0,1
23,student,low,6575043,1416030,1219378,196652,10000,45,0.0131,15971158,0,1
24,student,medium,1825980,0,65570,-65570,2008000,29,0.0499,43002,1964998,0
23,student,medium,9902636,0,1522291,-1522291,691000,28,0.0346,0,691000,0
25,student,medium,3890014,0,0,0,741000,61,0.0496,5002944,0,1
25,freelancer,high,0,1578732,1010618,568114,1709000,47,0.0617,30116956,0,1
40,employee,high,15344729,2784116,1529535,1254581,10000,53,0.0789,100959037,0,1
23,student,medium,6716549,0,2092487,-2092487,2102000,33,0.0444,0,2102000,0
23,employee,medium,9641474,3225771,1864236,1361535,1569000,60,0.0357,100814634,0,1
25,student,low,3696766,0,2019728,-2019728,23000,43,0.0183,0,23000,0
35,freelancer,high,24409909,3188730,2522055,666675,2259000,12,0.0832,34832409,0,1
30,self_employed,medium,33652370,0,8720583,-8720583,315000,70,0.0419,0,315000,0
41,employee,low,0,0,0,0,933000,77,0.0227,0,933000,0
24,student,medium,2739872,0,373117,-373117,944000,43,0.0399,0,944000,0
22,student,high,5779980,0,1222209,-1222209,1655000,66,0.0928,0,1655000,0
23,employee,low,26796222,0,15556105,-15556105,1833000,68,0.0108,0,1833000,0
22,employee,low,28785407,1789631,1055014,734617,830000,64,0.0189,81261558,0,1
41,self_employed,high,35111433,0,12137500,-12137500,169000,80,0.0769,0,169000,0
22,student,medium,0,0,0,0,10000,5,0.0485,0,10000,0
35,employee,medium,5597422,1630983,1021213,609770,1976000,75,0.0509,61399823,0,1
21,student,medium,4744029,0,1265976,-1265976,911000,60,0.0451,0,911000,0
25,freelancer,low,1918749,0,663130,-663130,10000,34,0.0265,0,10000,0
40,freelancer,medium,21726090,4609989,2747187,1862802,10000,67,0.0336,163274490,0,1
23,student,low,0,773657,574147,199510,2422000,70,0.0182,14722228,0,1
33,employee,medium,19081531,3281687,2260066,1021621,216000,48,0.0579,79073840,0,1
43,employee,medium,25008069,1914267,861852,1052415,10000,68,0.0376,110557711,0,1
39,professional,medium,20200088,4949568,2678318,2271250,2055000,74,0.0387,215114656,0,1
21,student,high,0,2515800,2059375,456425,1305000,1,0.0945,456425,848575,0
24,student,medium,6189719,0,2911192,-2911192,10000,80,0.05,0,10000,0
30,employee,low,19411356,3365765,2276967,1088798,2060000,48,0.0278,76903008,0,1
31,employee,low,6577317,2437892,1847521,590371,685000,29,0.0243,24589819,0,1
53,professional,medium,38722039,5718366,3752788,1965578,10000,54,0.0561,170235669,0,1
24,student,high,1431559,790488,437201,353287,1342000,76,0.0958,39350494,0,1
29,employee,low,33557797,2029848,1139373,890475,177000,69,0.0128,99844527,0,1
31,freelancer,high,0,0,0,0,847000,88,0.0992,0,847000,0
22,student,medium,8075078,0,0,0,10000,56,0.0574,10548784,0,1
23,student,medium,6466845,409798,291247,118551,877000,87,0.0369,20251525,0,1
36,freelancer,medium,0,4326772,2936768,1390004,1065000,51,0.0384,76869569,0,1
22,employee,medium,18893472,3171651,2194482,977169,1660000,34,0.0358,55819762,0,1
23,student,medium,184038,0,68548,-68548,423000,3,0.0541,0,423000,0
36,employee,medium,15008005,5077012,3718299,1358713,49000,63,0.0327,111062184,0,1
36,employee,medium,15062119,3659328,2743549,915779,900000,49,0.0318,64996940,0,1
24,professional,medium,26549909,4722317,3167958,1554359,1306000,3,0.0538,31592623,0,1
28,freelancer,medium,13538096,0,4068369,-4068369,811000,60,0.038,0,811000,0
21,student,low,0,0,0,0,10000,38,0.0171,0,10000,0
26,employee,medium,991891,1325266,865012,460254,454000,72,0.0406,38716869,0,1
32,self_employed,medium,31824700,3303070,1819989,1483081,747000,45,0.0327,106871036,0,1
40,employee,medium,32003947,4397132,3088181,1308951,10000,17,0.0439,56969137,0,1
28,professional,high,19742458,3801694,1656766,2144928,490000,49,0.0852,153099253,0,1
29,employee,low,0,3815573,3645574,169999,1923000,71,0.0132,12546601,0,1
28,employee,low,10021267,4228061,2791013,1437048,10000,34,0.0134,60179523,0,1
31,self_employed,medium,0,4748835,2970377,1778458,10000,19,0.0447,34947808,0,1
39,self_employed,medium,31851576,1035667,817470,218197,10000,78,0.0402,60757978,0,1
40,employee,medium,20844941,3741763,2052855,1688908,414000,56,0.0424,129778591,0,1
33,freelancer,high,6485406,1109345,704633,404712,2144000,34,0.0696,23056968,0,1
47,self_employed,medium,48551718,3946835,2575792,1371043,10000,80,0.0598,206623666,0,1
19,student,low,1972674,0,1087045,-1087045,10000,61,0.0153,0,10000,0
34,freelancer,high,18544194,0,3593210,-3593210,569000,92,0.0915,0,569000,0
25,employee,low,27274003,3183773,1931639,1252134,913000,96,0.0164,159448126,0,1
21,student,low,0,759477,622622,136855,10000,74,0.0185,10718815,0,1
24,student,medium,0,0,0,0,996000,45,0.0436,0,996000,0
27,employee,medium,3334397,3878516,2459792,1418724,10000,71,0.0552,123424363,0,1
38,employee,medium,1758124,3748123,2518640,1229483,473000,67,0.0535,98122553,0,1
21,student,medium,0,1269017,880714,388303,446000,1,0.0453,388303,57697,0
23,employee,high,17715557,3028326,2026937,1001389,1987000,48,0.0604,76760223,0,1
26,employee,medium,25932166,2865842,1711696,1154146,10000,48,0.0456,91757423,0,1
60,self_employed,low,15518535,0,2258382,-2258382,159000,21,0.0236,0,159000,0
24,student,low,994165,0,265912,-265912,10000,1,0.0202,729927,0,1
27,freelancer,medium,19379323,4543955,3572110,971845,986000,93,0.0578,143977279,0,1
26,student,low,0,979223,520635,458588,3102000,50,0.0112,23461635,0,1
34,freelancer,medium,0,4291753,1983445,2308308,1396000,39,0.0365,95427279,0,1
24,student,low,4199619,0,980717,-980717,10000,83,0.0187,0,10000,0
21,student,medium,2197749,1795873,1084192,711681,313000,12,0.0324,10938165,0,1
33,freelancer,high,0,0,0,0,10000,78,0.0762,0,10000,0
20,student,medium,819165,0,157311,-157311,10000,50,0.0418,0,10000,0
26,student,medium,0,0,0,0,3101000,30,0.0338,0,3101000,0
22,student,low,1595101,0,813943,-813943,10000,25,0.0204,0,10000,0
23,student,high,2370666,0,1225313,-1225313,1269000,53,0.0676,0,1269000,0
25,student,low,2207850,0,1075333,-1075333,725000,19,0.0245,0,725000,0
28,professional,low,19268767,5140785,3017896,2122889,496000,84,0.0281,220267716,0,1
23,student,low,0,0,0,0,10000,52,0.0293,0,10000,0
52,employee,high,16681590,3511787,2410251,1101536,224000,28,0.0759,53529418,0,1
35,self_employed,high,5282349,6077357,3643416,2433941,1848000,55,0.0854,170947726,0,1
21,student,medium,7374653,0,989852,-989852,1500000,8,0.0443,0,1500000,0
23,freelancer,medium,31937651,4140788,1553916,2586872,589000,56,0.0559,206511290,0,1
37,freelancer,medium,4408886,0,867592,-867592,10000,23,0.0464,0,10000,0
28,employee,medium,13652810,3524897,2215727,1309170,583000,45,0.0491,80947387,0,1
39,employee,low,22171367,3036961,1972703,1064258,136000,22,0.0278,47321392,0,1
28,employee,low,21880004,2410469,1664084,746385,10000,51,0.0149,62581031,0,1
38,employee,medium,8948804,2527971,1631855,896116,1203000,47,0.0427,56330527,0,1
50,professional,high,40729538,6845335,5123220,1722115,2443000,31,0.0911,111426663,0,1
41,self_employed,high,23591612,7357849,4848307,2509542,10000,44,0.0894,162804041,0,1
24,student,low,9677699,0,2934042,-2934042,1071000,39,0.0177,0,1071000,0
38,employee,high,19138866,2217303,1520063,697240,10000,48,0.0915,67789138,0,1
33,self_employed,medium,22583961,676268,549134,127134,10000,42,0.0553,33271090,0,1
37,employee,medium,21601589,4521071,2717992,1803079,1489000,45,0.0318,110387344,0,1
22,student,high,5857715,0,1828990,-1828990,10000,77,0.0657,0,10000,0
27,employee,high,28650983,1426668,962390,464278,2089000,87,0.0767,103678934,0,1
41,employee,medium,15294732,2942792,2346894,595898,1107000,70,0.0376,65598977,0,1
39,self_employed,low,33915659,0,14082369,-14082369,67000,51,0.0276,0,67000,0
28,employee,low,26046697,2583410,980060,1603350,194000,53,0.0297,120376008,0,1
35,employee,low,16686635,0,1375664,-1375664,864000,49,0.0174,0,864000,0
20,student,medium,8033651,0,1847188,-1847188,1691000,65,0.0378,0,1691000,0
50,self_employed,medium,0,6565851,4259083,2306768,1745000,51,0.0368,127133522,0,1
50,self_employed,high,11815973,2370463,1346378,1024085,959000,73,0.0663,109441627,0,1
39,freelancer,medium,7839884,0,789216,-789216,1018000,41,0.0467,0,1018000,0
36,employee,medium,12739919,3601169,2338223,1262946,1125000,84,0.0452,141987583,0,1
44,self_employed,low,39499524,0,13960201,-13960201,10000,32,0.0234,0,10000,0
39,professional,medium,30664544,3710805,1847401,1863404,10000,80,0.0538,222692487,0,1
39,employee,low,21161523,4381918,3231066,1150852,468000,90,0.0128,131943132,0,1
42,employee,low,22125846,3436524,1796647,1639877,1125000,52,0.0144,111485544,0,1
40,self_employed,medium,38936353,4135948,2306488,1829460,791000,29,0.0473,99730281,0,1
29,professional,high,5362465,4724719,2318341,2406378,890000,15,0.0783,43703862,0,1
23,freelancer,medium,15665511,2234062,1209043,1025019,10000,26,0.0483,45425647,0,1
24,student,low,0,1226107,1331351,-105244,664000,79,0.0234,0,664000,0
28,student,medium,0,1178268,1206886,-28618,384000,58,0.0526,0,384000,0
54,self_employed,low,61750977,1109878,874680,235198,534000,51,0.025,81307307,0,1
27,freelancer,medium,0,0,0,0,1396000,69,0.0309,0,1396000,0
24,student,medium,0,0,0,0,1720000,73,0.0352,0,1720000,0
39,employee,low,8897240,4625118,2586062,2039056,696000,25,0.0153,60949238,0,1
50,freelancer,high,5180346,0,383179,-383179,10000,46,0.0934,0,10000,0
22,student,medium,0,0,0,0,1025000,57,0.0548,0,1025000,0
24,student,low,0,0,0,0,733000,79,0.0285,0,733000,0
43,self_employed,low,52103029,0,17419380,-17419380,10000,30,0.0217,0,10000,0
20,student,low,0,0,0,0,10000,1,0.0215,0,10000,0
34,freelancer,medium,0,6253369,3717404,2535965,10000,52,0.032,141249253,0,1
26,employee,medium,31652327,4766164,2789549,1976615,10000,41,0.0335,121219692,0,1
45,employee,medium,26377450,0,14175765,-14175765,10000,49,0.0387,0,10000,0
23,student,low,884016,0,530409,-530409,1398000,88,0.0124,0,1398000,0
41,employee,medium,187798,4160590,2676219,1484371,1918000,75,0.0543,132461177,0,1
19,student,low,5405598,447434,334043,113391,439000,65,0.0221,13914414,0,1
21,student,medium,2818669,0,234726,-234726,10000,77,0.0339,0,10000,0
37,freelancer,low,0,0,0,0,155000,73,0.0198,0,155000,0
21,student,medium,4492549,44438,25008,19430,292000,44,0.0537,6410398,0,1
25,employee,low,5786375,4621135,2881085,1740050,1789000,99,0.0231,196573600,0,1
24,student,low,10253375,0,2863362,-2863362,10000,59,0.029,0,10000,0
25,student,high,1019488,0,59328,-59328,351000,50,0.0762,0,351000,0
32,employee,high,38245005,0,8496421,-8496421,10000,69,0.0789,0,10000,0
26,student,low,0,579434,171007,408427,130000,35,0.0172,14648821,0,1
23,student,low,2761698,0,1514943,-1514943,131000,52,0.0215,0,131000,0
34,professional,low,17012480,5348990,2961262,2387728,481000,15,0.0131,53384111,0,1
48,professional,high,21357776,4535836,3629458,906378,2787000,45,0.0952,79265300,0,1
25,employee,low,14146428,3437210,2460473,976737,918000,49,0.0218,65469661,0,1
23,student,medium,0,0,0,0,526000,42,0.048,0,526000,0
39,self_employed,high,25627562,1680964,990692,690272,1163000,1,0.086,26501498,0,1
23,freelancer,high,6531338,0,211127,-211127,10000,41,0.0864,0,10000,0
56,self_employed,high,59600896,3596622,1706850,1889772,1724000,94,0.0874,371689213,0,1
39,self_employed,high,29140249,4725605,3662333,1063272,2054000,28,0.0697,66498425,0,1
20,student,low,3928476,0,0,0,112000,57,0.0296,4520752,0,1
32,self_employed,high,0,0,0,0,10000,34,0.089,0,10000,0
49,self_employed,medium,0,0,0,0,953000,34,0.0521,0,953000,0
20,student,low,4895190,0,816525,-816525,502000,64,0.0184,0,502000,0
33,employee,medium,21241979,3253461,1694378,1559083,35000,76,0.0336,158108252,0,1
23,student,low,0,0,0,0,1250000,49,0.0164,0,1250000,0
36,freelancer,medium,0,6252093,3263803,2988290,10000,10,0.0513,30464375,0,1
34,self_employed,medium,23551840,2806303,1263186,1543117,600000,41,0.0446,95627062,0,1
26,student,low,2013081,0,560793,-560793,1683000,29,0.0125,0,1683000,0
23,student,medium,4181656,0,0,0,49000,59,0.055,5476719,0,1
24,self_employed,high,18949965,0,7246225,-7246225,2210000,42,0.0689,0,2210000,0
33,freelancer,high,14941281,2038259,1257134,781125,10000,22,0.0785,35664168,0,1
22,employee,medium,2528320,2120246,1573235,547011,1112000,33,0.0423,21947180,0,1
40,employee,low,36926833,4143273,2407401,1735872,10000,49,0.0181,127968064,0,1
28,student,low,4553138,0,2172628,-2172628,1560000,74,0.0298,0,1560000,0
25,self_employed,medium,0,0,0,0,551000,37,0.054,0,551000,0
52,freelancer,high,0,0,0,0,1561000,67,0.0954,0,1561000,0
43,freelancer,medium,0,4279356,3970090,309266,3668000,37,0.0353,12070065,0,1
22,freelancer,medium,19549413,0,8882767,-8882767,10000,25,0.0514,0,10000,0
21,student,medium,0,0,0,0,1207000,19,0.053,0,1207000,0
22,student,low,0,0,0,0,717000,36,0.0217,0,717000,0
21,student,medium,3167576,0,170995,-170995,227000,23,0.0584,0,227000,0
22,freelancer,low,3474911,0,2084946,-2084946,10000,39,0.0269,0,10000,0
20,student,medium,0,0,0,0,365000,14,0.0353,0,365000,0
22,employee,low,7903265,3688657,1916799,1771858,10000,54,0.0203,108756695,0,1
35,freelancer,low,15239567,0,3491945,-3491945,518000,56,0.0262,0,518000,0
24,self_employed,low,0,846076,336443,509633,10000,47,0.0293,25348515,0,1
53,professional,high,19796686,3598429,3142266,456163,1208000,51,0.0666,53058442,0,1
20,student,low,5360560,0,1351095,-1351095,1776000,93,0.0138,0,1776000,0
22,student,high,5821841,0,3493104,-3493104,1905000,68,0.0635,0,1905000,0
29,employee,low,0,3556778,2355381,1201397,1262000,1,0.0242,1201397,60603,0
43,freelancer,low,14683667,1466731,1306449,160282,788000,24,0.0178,19128527,0,1
27,employee,medium,12276873,1174784,847528,327256,1418000,14,0.0528,17770094,0,1
40,self_employed,high,39413225,0,8430191,-8430191,10000,57,0.0971,0,10000,0
30,professional,high,36165419,5970230,2785172,3185058,737000,62,0.0673,286530477,0,1
24,student,low,3188360,0,885725,-885725,870000,38,0.0235,0,870000,0
37,employee,medium,30718007,3759218,2571945,1187273,389000,47,0.0423,96817251,0,1
24,student,medium,8096342,998095,933340,64755,203000,40,0.0459,12225214,0,1
39,freelancer,low,8806403,4120955,3994249,126706,10000,82,0.0102,20197636,0,1
23,employee,low,4735634,0,945394,-945394,1441000,81,0.0172,0,1441000,0
44,self_employed,high,26239329,0,13686655,-13686655,172000,41,0.0996,0,172000,0
24,student,medium,573165,110883,94550,16333,10000,28,0.0577,1143842,0,1
25,employee,medium,6689948,3131371,1875674,1255697,10000,35,0.0381,53881490,0,1
22,employee,low,4956365,2437424,1477932,959492,10000,16,0.0239,20700025,0,1
33,employee,medium,811322,2542241,1324115,1218126,10000,51,0.0412,68734818,0,1
36,employee,low,29550172,3595207,2006709,1588498,10000,66,0.0253,146315712,0,1
21,student,high,0,109695,124289,-14594,10000,2,0.0951,0,10000,0
20,student,medium,0,0,0,0,10000,44,0.0411,0,10000,0
36,employee,medium,41442928,2194528,1367081,827447,10000,52,0.0365,95073214,0,1
25,freelancer,low,8125869,4480247,2694521,1785726,1822000,59,0.015,118016772,0,1
37,employee,medium,25674976,2968783,2050641,918142,10000,58,0.0573,95035395,0,1
24,student,low,1790752,2462037,1824259,637778,36000,53,0.0268,37857170,0,1
46,self_employed,medium,11187134,0,1772759,-1772759,10000,25,0.0455,0,10000,0
58,self_employed,medium,0,5329925,3859041,1470884,10000,60,0.0485,99647159,0,1
33,employee,high,13253699,3266060,2719290,546770,1010000,33,0.0839,36895469,0,1
25,student,low,1128016,81382,41459,39923,1276000,1,0.0199,1169810,106190,0
37,freelancer,high,10937526,4110219,2518668,1591551,162000,9,0.0739,26240811,0,1
23,student,high,2064006,0,949986,-949986,240000,28,0.0611,0,240000,0
37,freelancer,medium,0,5914345,5167219,747126,329000,31,0.0452,24518427,0,1
22,employee,low,5284881,4127451,3087945,1039506,10000,26,0.0238,33272227,0,1
20,student,low,1988364,1091297,711936,379361,555000,49,0.0149,21266579,0,1
44,freelancer,low,0,6531292,5391065,1140227,1594000,64,0.0297,78966129,0,1
38,professional,low,39422377,0,18065905,-18065905,10000,37,0.0241,0,10000,0
20,student,low,1317429,0,790457,-790457,10000,49,0.0112,0,10000,0
20,student,low,1925374,0,606641,-606641,245000,44,0.0112,0,245000,0
23,student,medium,2256120,0,1280564,-1280564,1445000,34,0.059,0,1445000,0
20,student,low,0,0,0,0,10000,31,0.0108,0,10000,0
22,employee,low,4628823,3304881,2248805,1056076,411000,94,0.0218,113634144,0,1
22,student,medium,2430773,0,0,0,471000,53,0.0561,3112440,0,1
21,student,high,226981,0,78951,-78951,796000,44,0.0835,0,796000,0
28,employee,low,37731523,2955143,1592389,1362754,1345000,88,0.0229,175068697,0,1
19,student,low,0,0,0,0,2197000,8,0.0208,0,2197000,0
36,self_employed,low,33026235,3035442,1833739,1201703,222000,62,0.0155,113296114,0,1
22,employee,low,5135938,3130074,1957500,1172574,794000,30,0.0135,41069253,0,1
19,student,medium,5599915,1765055,684864,1080191,1943000,72,0.0545,99513076,0,1
38,employee,medium,23865919,2847947,1826841,1021106,10000,49,0.034,81007544,0,1
25,student,low,0,963027,615532,347495,10000,56,0.0257,20651281,0,1
19,student,high,7895046,0,3791237,-3791237,10000,6,0.0692,0,10000,0
22,student,low,5445945,0,265833,-265833,10000,48,0.01,0,10000,0
33,self_employed,medium,21361648,4732926,2689152,2043774,64000,29,0.0492,86853328,0,1
22,student,medium,2081377,1035424,791028,244396,10000,28,0.0452,9515119,0,1
30,employee,medium,0,3766424,1833991,1932433,10000,3,0.0341,5813789,0,1
40,employee,medium,0,2356453,1681162,675291,1120000,60,0.0477,45655404,0,1
39,employee,low,12624445,2935368,2341653,593715,689000,51,0.0208,45419712,0,1
48,professional,medium,43721545,4538583,3120380,1418203,1101000,70,0.0576,178788190,0,1
24,student,low,0,1207292,756893,450399,879000,23,0.0127,10480673,0,1
30,freelancer,medium,0,3798851,2755164,1043687,1296000,52,0.034,58384626,0,1
29,student,low,0,453325,451723,1602,10000,15,0.0156,24250,0,1
25,student,medium,0,851955,608413,243542,902000,41,0.0419,10715253,0,1
42,freelancer,high,37936724,3302676,2558414,744262,10000,29,0.0703,68390238,0,1
19,student,medium,0,394793,193080,201713,1019000,15,0.034,3086448,0,1
40,employee,low,5774115,0,1493572,-1493572,10000,68,0.0154,0,10000,0
22,student,low,0,0,0,0,772000,58,0.0264,0,772000,0
19,student,low,826491,0,271493,-271493,2111000,43,0.029,0,2111000,0
36,employee,low,7565116,2969366,2197527,771839,10000,25,0.0241,27722492,0,1
22,employee,low,11641229,4704163,3649113,1055050,487000,46,0.0231,63412946,0,1
25,student,low,3842171,0,660494,-660494,2144000,45,0.0245,0,2144000,0
36,professional,medium,24130686,3423616,1729517,1694099,954000,66,0.051,160678511,0,1
43,employee,low,24903941,4489012,1739317,2749695,669000,53,0.0237,181124077,0,1
55,self_employed,medium,341615,0,136536,-136536,666000,81,0.0421,0,666000,0
22,student,medium,512671,0,185316,-185316,233000,74,0.0501,0,233000,0
23,employee,medium,28346871,3007354,1837726,1169628,10000,53,0.0517,105072193,0,1
22,student,low,2673999,0,1604399,-1604399,10000,61,0.0256,0,10000,0
21,student,high,0,0,0,0,10000,5,0.0686,0,10000,0
31,employee,medium,16176615,3687080,2513726,1173354,10000,57,0.0376,92435129,0,1
24,student,medium,0,35958,27253,8705,1900000,53,0.0322,495072,1404928,0
39,self_employed,high,7712192,0,2872682,-2872682,561000,51,0.0923,0,561000,0
35,freelancer,high,42848301,0,4165940,-4165940,10000,67,0.0603,0,10000,0
27,student,low,5532902,766721,669841,96880,10000,41,0.0165,9936843,0,1
22,student,medium,0,0,0,0,10000,44,0.031,0,10000,0
25,student,low,3956850,0,372950,-372950,1647000,39,0.0148,0,1647000,0
24,professional,low,41706526,0,2190488,-2190488,914000,53,0.0206,0,914000,0
19,student,low,769591,681673,483838,197835,533000,43,0.0219,9673572,0,1
23,student,medium,0,895919,505257,390662,10000,69,0.0389,30153739,0,1
22,student,medium,0,850115,960361,-110246,10000,89,0.0491,0,10000,0
22,freelancer,medium,13904502,0,4916639,-4916639,10000,26,0.0488,0,10000,0
29,freelancer,medium,0,2050770,1592042,458728,1202000,44,0.0527,22212465,0,1
28,employee,low,351614,2763294,1456338,1306956,668000,22,0.0265,29798761,0,1
26,employee,medium,27549651,2658796,1486999,1171797,3038000,42,0.0448,85393733,0,1
39,self_employed,medium,7056051,0,2065448,-2065448,1126000,23,0.0359,0,1126000,0
37,self_employed,medium,5859388,0,2938177,-2938177,908000,14,0.03,0,908000,0
25,employee,medium,4028524,2963971,1621612,1342359,716000,66,0.0457,105685452,0,1
33,self_employed,low,0,4987043,2981249,2005794,1182000,82,0.0274,180654350,0,1
42,employee,medium,26415921,3131687,1432373,1699314,10000,26,0.057,76787503,0,1
48,self_employed,low,29088161,0,7705709,-7705709,10000,27,0.0207,0,10000,0
20,student,medium,0,1061796,907695,154101,1038000,39,0.0531,6543934,0,1
29,freelancer,medium,15489140,6008056,4434769,1573287,750000,40,0.0309,83364301,0,1
26,student,high,0,0,0,0,2171000,41,0.0681,0,2171000,0
25,student,low,2979065,207812,190561,17251,192000,58,0.0234,4393666,0,1
33,employee,low,14241617,0,661823,-661823,10000,98,0.0145,0,10000,0
25,student,low,3603586,231439,222424,9015,37000,24,0.0263,4019892,0,1
34,employee,medium,26235492,3750601,2345393,1405208,158000,40,0.0473,91458792,0,1
22,employee,high,16007590,4880182,3695241,1184941,599000,110,0.0897,237425519,0,1
22,student,low,2378833,592177,410464,181713,10000,44,0.0156,10741740,0,1
24,freelancer,low,3914777,793001,444190,348811,262000,47,0.0126,20909055,0,1
23,student,medium,4681426,69926,30943,38983,10000,24,0.0351,5989106,0,1
40,employee,low,27014257,2603339,1414587,1188752,10000,55,0.0234,99014813,0,1
34,freelancer,high,0,1673050,1323281,349769,366000,48,0.0979,20450120,0,1
22,employee,medium,30904657,4595894,2961139,1634755,10000,77,0.0345,179221697,0,1
34,employee,low,0,0,0,0,10000,65,0.0206,0,10000,0
19,student,medium,730557,0,438334,-438334,183000,43,0.0357,0,183000,0
31,self_employed,medium,65215703,5772513,6187125,-414612,10000,9,0.0532,64066065,0,1
19,student,low,0,0,0,0,237000,11,0.0191,0,237000,0
41,employee,medium,13066939,3915551,2556144,1359407,10000,19,0.0415,40601428,0,1
26,student,high,5770405,0,0,0,10000,26,0.0784,6835000,0,1
29,freelancer,low,16634090,2334266,1206511,1127755,10000,59,0.0113,85971464,0,1
25,student,medium,0,232353,69789,162564,10000,18,0.0399,3010337,0,1
24,freelancer,medium,0,4062723,2981959,1080764,10000,37,0.0469,42934089,0,1
42,freelancer,medium,3725197,0,0,0,261000,50,0.0364,4334286,0,1
29,employee,high,12090544,3034831,2252538,782293,10000,54,0.0959,71149723,0,1
43,employee,high,15389684,1824810,968762,856048,10000,94,0.0781,138812712,0,1
24,employee,medium,36182675,5089765,3529359,1560406,10000,73,0.0325,169843420,0,1
37,professional,high,44141725,0,17938476,-17938476,3564000,73,0.094,0,3564000,0
27,employee,medium,27760974,2410045,1322093,1087952,10000,33,0.0381,68609903,0,1
38,employee,low,16509323,4460983,2449178,2011805,1574000,51,0.0215,125422654,0,1
26,freelancer,low,0,4524735,3057028,1467707,10000,55,0.0298,86381746,0,1
31,employee,medium,23333064,2887621,1966889,920732,653000,44,0.0329,69314806,0,1
23,student,high,3532092,0,1294319,-1294319,1228000,19,0.0937,0,1228000,0
25,student,medium,5644261,0,1292059,-1292059,1379000,64,0.0597,0,1379000,0
42,professional,medium,10987407,3907043,2210120,1696923,10000,39,0.0552,85447334,0,1
34,employee,medium,6722538,0,3241273,-3241273,500000,57,0.0511,0,500000,0
40,self_employed,medium,31835243,0,9305121,-9305121,450000,66,0.0587,0,450000,0
34,employee,low,26049901,3259188,2140831,1118357,10000,65,0.0267,108217960,0,1
24,student,medium,0,0,0,0,943000,48,0.0363,0,943000,0
23,student,high,0,0,0,0,979000,33,0.0827,0,979000,0
20,student,low,1991127,0,723000,-723000,609000,55,0.0201,0,609000,0
35,employee,low,31928212,4082300,2684941,1397359,553000,45,0.017,98909725,0,1
25,employee,high,15469112,2157476,1490907,666569,1428000,4,0.0621,18478861,0,1
21,student,low,8039890,0,0,0,10000,32,0.0156,8381177,0,1
24,freelancer,medium,22308321,2556087,1454444,1101643,1489000,18,0.0459,44382845,0,1
28,employee,low,3897548,3844521,2184002,1660519,2065000,28,0.0203,51658525,0,1
33,freelancer,medium,0,0,0,0,2630000,48,0.04,0,2630000,0
22,student,low,4036281,903012,617323,285689,2118000,40,0.0229,16219402,0,1
24,student,low,2945040,2268241,1940959,327282,10000,49,0.0224,20003578,0,1
19,student,high,0,1570993,1067576,503417,10000,80,0.0763,52286463,0,1
26,freelancer,high,0,0,0,0,1291000,1,0.0699,0,1291000,0
37,employee,high,11579128,3788072,3208444,579628,1818000,31,0.0901,34748135,0,1
21,student,medium,1277284,336827,227919,108908,1535000,64,0.0385,9291517,0,1
31,employee,high,1475762,3303152,1384975,1918177,974000,45,0.0709,100473682,0,1
24,professional,medium,30764385,4121845,1082281,3039564,75000,55,0.0591,231779511,0,1
35,professional,high,35839515,2458864,1505317,953547,10000,60,0.0879,127056841,0,1
29,self_employed,low,35705919,6821058,5086019,1735039,1997000,52,0.0254,135123857,0,1
25,student,medium,3219295,0,754354,-754354,663000,108,0.052,0,663000,0
23,student,low,6383409,0,1357031,-1357031,1620000,55,0.0265,0,1620000,0
35,professional,low,18116553,4606415,2803671,1802744,1661000,45,0.0299,105996761,0,1
22,student,medium,0,0,0,0,10000,47,0.0596,0,10000,0
39,employee,low,16530062,2199498,1236849,962649,217000,50,0.0154,67302149,0,1
40,employee,medium,14822385,2926223,1986045,940178,10000,76,0.0525,105203269,0,1
21,student,medium,697961,383536,165194,218342,10000,17,0.0427,4560786,0,1
24,student,low,0,0,0,0,1642000,1,0.013,0,1642000,0
22,student,medium,0,0,0,0,1026000,49,0.0506,0,1026000,0
25,employee,medium,20212502,3295645,2445634,850011,2393000,14,0.0332,33126181,0,1
22,freelancer,medium,13639797,2564988,1721780,843208,81000,25,0.0309,36290156,0,1
28,employee,low,22712961,4733461,3151356,1582105,478000,74,0.0225,151551118,0,1
37,professional,low,11348248,6471192,3605917,2865275,661000,56,0.0131,177431690,0,1
22,employee,medium,0,3100807,2442391,658416,1312000,17,0.046,11542994,0,1
52,self_employed,medium,24676116,7524313,4884308,2640005,1642000,56,0.0329,188322460,0,1
44,freelancer,medium,23387431,1407224,940051,467173,984000,42,0.0356,47349111,0,1
23,student,medium,0,1640851,1324225,316626,373000,1,0.0413,316626,56374,0
45,self_employed,medium,0,0,0,0,753000,48,0.0559,0,753000,0
22,student,low,0,0,0,0,10000,52,0.028,0,10000,0
35,employee,low,18256847,0,0,0,1264000,16,0.0148,18620467,0,1
49,self_employed,high,12827858,5801398,3124849,2676549,1562000,21,0.0729,74324902,0,1
25,student,medium,4339809,0,1070409,-1070409,781000,57,0.0493,0,781000,0
21,student,medium,6104717,131781,103724,28057,802000,33,0.0412,7814355,0,1
42,self_employed,low,32939599,4340172,2566587,1773585,963000,15,0.0149,60394715,0,1
37,freelancer,high,26368454,2281421,1819876,461545,1247000,33,0.0656,48207518,0,1
38,self_employed,low,14928777,4349893,3601930,747963,10000,96,0.026,98098699,0,1
34,employee,low,4587193,3305975,2686210,619765,2081000,87,0.0128,61502126,0,1
39,self_employed,high,12676294,5154247,3657846,1496401,705000,75,0.0709,160419159,0,1
37,freelancer,high,0,4658637,2836960,1821677,773000,29,0.0985,59372954,0,1
29,self_employed,medium,10279851,0,2514521,-2514521,925000,71,0.0541,0,925000,0
24,student,medium,0,805765,457395,348370,1550000,1,0.0316,348370,1201630,0
22,student,low,7374605,0,1422246,-1422246,1006000,35,0.0152,0,1006000,0
24,student,low,0,1555544,1036398,519146,603000,25,0.0288,13359404,0,1
22,freelancer,high,4576260,0,609090,-609090,2717000,9,0.0922,0,2717000,0
24,student,medium,0,0,0,0,10000,86,0.0395,0,10000,0
23,student,medium,0,964173,699127,265046,1181000,21,0.0553,5830108,0,1
36,employee,high,24038487,2562474,1447451,1115023,1033000,26,0.0811,60216769,0,1
26,self_employed,medium,36327790,526734,434716,92018,108000,71,0.0406,53543710,0,1
29,employee,high,31998485,2768253,1690802,1077451,2387000,29,0.0964,75383481,0,1
19,student,medium,7619694,0,1737958,-1737958,10000,30,0.0348,0,10000,0
21,student,medium,0,729111,531507,197604,1629000,39,0.0571,8445993,0,1
20,student,low,0,1057711,728979,328732,10000,80,0.0109,27264809,0,1
42,employee,medium,14269609,2734149,1716986,1017163,513000,1,0.0426,15337429,0,1
26,student,low,2731045,0,974382,-974382,10000,47,0.0239,0,10000,0
21,student,low,4757849,230697,189129,41568,10000,68,0.0274,8610152,0,1
34,professional,high,0,5132317,2400415,2731902,380000,28,0.0901,84775899,0,1
20,student,high,2596524,0,319417,-319417,1658000,98,0.0752,0,1658000,0
23,student,low,4135557,0,407893,-407893,849000,61,0.0221,0,849000,0
50,freelancer,high,0,2516456,1424924,1091532,10000,90,0.0976,144013500,0,1
23,freelancer,low,0,751125,413142,337983,37000,67,0.0157,23650858,0,1
29,employee,low,13309065,3922445,1925587,1996858,10000,36,0.0285,89452292,0,1
22,student,low,0,1546271,958142,588129,10000,59,0.0272,37081960,0,1
24,student,medium,2135739,0,716339,-716339,457000,67,0.0486,0,457000,0
27,student,high,0,1596458,827710,768748,996000,1,0.0675,768748,227252,0
32,professional,medium,75959900,3904400,2211084,1693316,10000,64,0.0324,208392544,0,1
23,student,medium,4758661,0,1086029,-1086029,10000,53,0.0502,0,10000,0
46,employee,low,23921531,3971687,2766820,1204867,965000,87,0.0274,144986148,0,1
27,employee,low,13123445,0,2597419,-2597419,1951000,57,0.0224,0,1951000,0
25,student,low,4800777,0,2880466,-2880466,10000,27,0.0204,0,10000,0
43,self_employed,medium,42494694,5407769,4650543,757226,2016000,42,0.0345,81692097,0,1
24,student,low,5711312,762878,550708,212170,10000,73,0.0147,22436920,0,1
34,employee,medium,34242016,3110179,1586396,1523783,92000,60,0.0455,145416317,0,1
34,employee,medium,52994311,3257790,2914868,342922,10000,38,0.0373,73436671,0,1
20,student,low,6387084,0,770534,-770534,3250000,69,0.0151,0,3250000,0
31,employee,low,17454483,1770209,1381979,388230,397000,14,0.0295,23587832,0,1
21,student,low,1207614,0,393347,-393347,694000,49,0.0251,0,694000,0
35,freelancer,high,14301994,0,0,0,10000,84,0.0784,24715090,0,1
25,freelancer,high,7984283,0,0,0,1810000,1,0.0948,8047359,0,1
37,professional,medium,29714178,5920266,3855278,2064988,454000,44,0.0447,133526103,0,1
21,student,low,2622863,0,422593,-422593,10000,28,0.024,0,10000,0
50,freelancer,high,1764041,3328242,2932008,396234,1774000,58,0.0689,29637970,0,1
33,employee,medium,3606914,2677557,1656108,1021449,509000,29,0.0304,34578486,0,1
43,employee,medium,23777940,3573285,2245354,1327931,10000,28,0.0361,64596585,0,1
25,student,high,3881591,0,1585102,-1585102,135000,43,0.0845,0,135000,0
45,self_employed,high,45869991,0,15134422,-15134422,78000,38,0.091,0,78000,0
20,student,low,6353830,0,3461854,-3461854,10000,64,0.0293,0,10000,0
35,employee,high,29973926,0,6631838,-6631838,270000,62,0.0796,0,270000,0
27,employee,low,14848777,2733937,1889595,844342,136000,37,0.0187,47862490,0,1
41,freelancer,high,13603291,3779419,2188668,1590751,10000,67,0.0927,161699690,0,1
36,employee,medium,16407889,4713386,2765444,1947942,1962000,73,0.0522,189471274,0,1
25,employee,high,10631930,4359442,3017467,1341975,746000,72,0.0715,136525485,0,1
38,professional,medium,33256846,4874694,2600275,2274419,10000,26,0.0339,97058866,0,1
34,employee,medium,18741380,3113724,2430761,682963,1260000,12,0.0476,28029933,0,1
27,freelancer,high,6723133,0,1634606,-1634606,60000,17,0.0764,0,60000,0
29,self_employed,medium,12111610,862203,697517,164686,1911000,63,0.0428,26767244,0,1
30,employee,medium,26147356,0,5595505,-5595505,722000,49,0.049,0,722000,0
25,student,low,0,102568,89806,12762,2043000,20,0.0299,261373,1781627,0
27,self_employed,medium,2639177,4736023,2533798,2202225,10000,88,0.0332,222448502,0,1
49,professional,medium,23514434,5382942,3491301,1891641,10000,47,0.0565,128575117,0,1
20,student,medium,6180356,965227,1067220,-101993,484000,59,0.0408,899520,0,1
21,student,high,0,852013,579225,272788,10000,34,0.0633,10129385,0,1
25,student,medium,0,1425681,1313796,111885,1573000,67,0.0526,8691256,0,1
25,student,high,1735621,267486,228402,39084,132000,68,0.0801,6078131,0,1
41,employee,medium,27600967,2026817,1212029,814788,444000,30,0.0457,56777537,0,1
29,employee,medium,13786101,0,4112390,-4112390,610000,53,0.0581,0,610000,0
50,self_employed,medium,30744143,0,6731567,-6731567,950000,69,0.0351,0,950000,0
22,student,low,3964019,0,661058,-661058,10000,15,0.0185,0,10000,0
44,employee,low,16437491,1713671,908857,804814,1352000,81,0.0168,87388755,0,1
21,student,low,3288423,0,1193807,-1193807,10000,82,0.0263,0,10000,0
39,employee,medium,11067652,2136669,1479396,657273,1154000,26,0.0481,30254208,0,1
41,freelancer,high,33668362,2321971,1386222,935749,886000,33,0.0727,75163952,0,1
34,professional,low,14189408,1475178,1138660,336518,179000,30,0.022,25359494,0,1
51,self_employed,low,1900066,4423127,2023563,2399564,10000,29,0.0157,72850595,0,1
44,employee,low,42194867,3018821,1830658,1188163,704000,73,0.0107,134611259,0,1
30,employee,medium,15021694,2553962,1615380,938582,2292000,55,0.0545,77764813,0,1
21,student,medium,3210448,818638,612399,206239,10000,76,0.031,21200003,0,1
31,employee,medium,32849991,3971956,2983606,988350,694000,55,0.0563,104347642,0,1
26,student,medium,3428383,0,1319800,-1319800,1848000,65,0.0378,0,1848000,0
34,employee,low,7115012,2892507,1552554,1339953,10000,64,0.0108,95770725,0,1
26,professional,low,49246621,4726648,2789189,1937459,10000,46,0.0281,148824838,0,1
35,freelancer,high,0,0,0,0,879000,19,0.0853,0,879000,0
44,professional,low,43463285,3567511,2183809,1383702,10000,9,0.0153,56481597,0,1
22,freelancer,medium,26772421,2815052,2147172,667880,10000,87,0.0397,102888016,0,1
22,student,medium,5744850,110883,84640,26243,2272000,51,0.0564,8805285,0,1
35,self_employed,medium,25986902,3422805,2738461,684344,1291000,9,0.0462,33156143,0,1
26,student,low,1761111,929850,653026,276824,2970000,75,0.0174,23879298,0,1
25,employee,high,7439349,0,3060673,-3060673,10000,64,0.0789,0,10000,0
22,student,low,0,0,0,0,10000,77,0.0233,0,10000,0
41,freelancer,low,0,0,0,0,10000,43,0.0239,0,10000,0
23,student,medium,4235923,0,1398159,-1398159,761000,29,0.0523,0,761000,0
35,freelancer,medium,2493831,0,445348,-445348,1607000,22,0.0471,0,1607000,0
21,student,low,1599818,204298,158464,45834,155000,86,0.0155,5953798,0,1
40,employee,high,23571322,3632498,2284991,1347507,561000,14,0.0606,44790667,0,1
28,professional,low,0,0,0,0,440000,29,0.0223,0,440000,0
22,student,low,0,1488823,1020058,468765,10000,62,0.013,30044877,0,1
24,student,medium,0,87456,46182,41274,1662000,30,0.0361,1293780,368220,0
30,employee,medium,6400574,3712221,2008046,1704175,1485000,37,0.0356,73683113,0,1
27,employee,medium,19319063,1510636,1058724,451912,1609000,43,0.0452,43760350,0,1
25,student,high,6650966,0,0,0,1464000,53,0.0602,8670971,0,1
39,employee,low,0,3870527,1536376,2334151,10000,44,0.0288,108184628,0,1
38,freelancer,high,10489555,0,4125973,-4125973,1024000,45,0.0698,0,1024000,0
22,freelancer,high,7001145,2382249,1357627,1024622,1979000,35,0.0924,50136601,0,1
34,employee,low,23974475,2200217,901193,1299024,10000,77,0.0291,138716722,0,1
33,self_employed,high,0,5397713,5038483,359230,1744000,30,0.0973,12145314,0,1
22,student,low,2610081,0,1112773,-1112773,1300000,44,0.0299,0,1300000,0
23,student,low,1526436,1445611,728576,717035,1857000,69,0.0295,55655524,0,1
26,student,medium,3612852,0,946545,-946545,10000,50,0.0551,0,10000,0
32,employee,low,14032703,3036865,1438094,1598771,1382000,99,0.0222,190374339,0,1
25,freelancer,medium,5140769,0,479854,-479854,2266000,68,0.0322,0,2266000,0
26,student,low,5666,0,37617,-37617,10000,64,0.0285,0,10000,0
22,freelancer,low,21308027,0,7275947,-7275947,1070000,40,0.0162,0,1070000,0
28,professional,medium,39275615,5798680,3919469,1879211,955000,45,0.0516,140721195,0,1
20,student,high,0,0,0,0,10000,35,0.087,0,10000,0
50,employee,low,0,3346434,1787381,1559053,10000,67,0.0236,111533971,0,1
41,employee,low,12730416,2709577,1650036,1059541,2316000,37,0.0135,53278590,0,1
24,student,low,4365640,0,598769,-598769,10000,64,0.0244,0,10000,0
21,student,medium,3236064,0,864828,-864828,926000,63,0.0512,0,926000,0
22,employee,medium,25414313,2612481,1954311,658170,1892000,89,0.0422,103374572,0,1
50,self_employed,medium,25975677,0,3443673,-3443673,540000,76,0.0504,0,540000,0
30,employee,medium,6922672,3976836,2282953,1693883,10000,50,0.039,99944420,0,1
21,student,medium,172685,0,50578,-50578,1955000,20,0.0412,0,1955000,0
30,freelancer,medium,23131265,3281981,2311844,970137,2849000,35,0.0464,62761197,0,1
45,self_employed,low,43445797,4410408,3255873,1154535,10000,51,0.0237,109929679,0,1
30,professional,medium,26541230,7955699,4383602,3572097,10000,54,0.0516,250067200,0,1
22,student,high,5203057,78839,31229,47610,827000,34,0.0966,8687014,0,1
37,self_employed,low,13502843,0,4263366,-4263366,195000,45,0.0276,0,195000,0
37,employee,low,4478042,2112953,1400712,712241,10000,42,0.0275,36293315,0,1
25,student,medium,2582110,1609465,882534,726931,10000,32,0.0394,27353110,0,1
43,employee,low,26848270,2325156,1805648,519508,10000,37,0.0249,48945853,0,1
26,student,medium,711331,1682631,1347686,334945,1161000,75,0.0473,30117785,0,1
21,student,low,4449013,1046600,658889,387711,869000,26,0.0101,14734662,0,1
23,student,high,1209052,0,627564,-627564,131000,84,0.0909,0,131000,0
29,employee,low,6999158,3354709,2302238,1052471,73000,15,0.0128,23017473,0,1
20,student,high,7094252,0,744752,-744752,10000,40,0.0856,0,10000,0
25,employee,low,11628020,3722901,2121297,1601604,1455000,71,0.0297,138008356,0,1
45,freelancer,high,2396636,5128113,2513860,2614253,400000,23,0.0724,67044278,0,1
39,employee,medium,25836185,0,7376163,-7376163,196000,29,0.0413,0,196000,0
30,professional,medium,40940180,6309239,3174326,3134913,10000,60,0.0512,266702994,0,1
21,student,low,0,0,0,0,244000,13,0.0227,0,244000,0
22,student,medium,1841686,2295389,1473925,821464,1800000,10,0.0331,10210479,0,1
31,employee,high,2999216,2006229,861963,1144266,2267000,30,0.0841,41754079,0,1
42,professional,medium,44206212,3803012,2185870,1617142,45000,46,0.0474,134395166,0,1
42,freelancer,high,11609020,1402848,886058,516790,202000,36,0.0943,36794173,0,1
43,self_employed,high,25622063,0,8103956,-8103956,979000,93,0.0972,0,979000,0
24,student,low,0,1758353,1364175,394178,10000,28,0.0147,11221461,0,1
25,employee,medium,17965148,2930396,1436761,1493635,1774000,73,0.0464,149512433,0,1
19,student,medium,5556764,0,1192177,-1192177,10000,31,0.0558,0,10000,0
25,student,medium,0,0,0,0,216000,45,0.0557,0,216000,0
34,employee,low,11777841,4114561,2769536,1345025,858000,72,0.0195,115884699,0,1
30,freelancer,medium,4297109,0,2142738,-2142738,1170000,52,0.0454,0,1170000,0
23,student,medium,0,0,0,0,737000,69,0.0412,0,737000,0
27,freelancer,medium,23181036,4490348,2145192,2345156,667000,82,0.037,248255214,0,1
27,employee,medium,4153018,3477708,1641686,1836022,1975000,29,0.0409,60448697,0,1
21,student,low,0,0,0,0,465000,68,0.023,0,465000,0
33,employee,high,12102535,2434934,1893225,541709,1543000,50,0.0842,49478022,0,1
41,freelancer,high,11651251,0,1704084,-1704084,10000,65,0.0977,0,10000,0
32,employee,low,36751335,1915452,1170695,744757,232000,13,0.0228,47462500,0,1
20,student,low,1707348,0,489061,-489061,10000,39,0.017,0,10000,0
21,student,low,0,1873016,1406406,466610,2117000,48,0.0104,22859559,0,1
21,student,medium,7557970,0,1357090,-1357090,886000,20,0.0446,0,886000,0
24,student,low,0,1527153,923027,604126,10000,76,0.0229,49359469,0,1
40,self_employed,medium,11962091,0,1519788,-1519788,10000,25,0.0536,0,10000,0
35,employee,medium,28782450,3504803,2506094,998709,10000,29,0.0562,63903112,0,1
39,employee,high,26265261,3530569,1636038,1894531,10000,23,0.0893,78482724,0,1
21,student,low,3428877,0,698152,-698152,372000,35,0.0219,0,372000,0
25,student,low,0,0,0,0,10000,31,0.0234,0,10000,0
48,self_employed,high,33920055,0,6761535,-6761535,909000,71,0.082,0,909000,0
45,self_employed,medium,0,929869,648876,280993,10000,51,0.0491,15899517,0,1
34,employee,medium,36587614,4009331,2335217,1674114,10000,52,0.0319,135229070,0,1
37,self_employed,high,28840142,4275986,3032290,1243696,2671000,15,0.0844,51639742,0,1
22,employee,medium,53138650,3423243,2694052,729191,656000,39,0.0373,90160026,0,1
23,student,high,2161275,0,409494,-409494,231000,54,0.0667,0,231000,0
25,employee,low,31173685,1275054,829671,445383,10000,2,0.0167,32151898,0,1
34,self_employed,low,0,3097758,1575621,1522137,1069000,58,0.0114,90717181,0,1
29,self_employed,low,30993457,0,9797470,-9797470,472000,30,0.0276,0,472000,0
35,employee,low,37178527,5098391,3889353,1209038,10000,87,0.0112,149843490,0,1
40,professional,medium,25663612,4273719,2230830,2042889,174000,67,0.0337,181334541,0,1
24,employee,low,27078019,2343792,1542527,801265,1075000,42,0.0111,62449416,0,1
50,professional,high,23694331,5507707,2867452,2640255,1230000,25,0.0743,98799503,0,1
29,self_employed,medium,0,2907935,1737119,1170816,10000,47,0.0494,60575454,0,1
36,freelancer,medium,4133843,0,963937,-963937,1297000,109,0.0498,0,1297000,0
48,employee,low,7455991,0,2803350,-2803350,10000,38,0.026,0,10000,0
30,professional,high,0,5156415,2335573,2820842,244000,45,0.0738,145729439,0,1
34,freelancer,medium,10578495,1119374,433077,686297,665000,39,0.0342,40087478,0,1
24,student,high,6519776,0,1701571,-1701571,1559000,36,0.0933,0,1559000,0
35,freelancer,medium,14736814,4857068,3617031,1240037,160000,29,0.0334,53371956,0,1
36,professional,high,16595784,5963648,3592941,2370707,10000,38,0.073,121903783,0,1
28,employee,medium,28968552,3475705,2190977,1284728,10000,53,0.059,115137429,0,1
24,freelancer,medium,6033471,0,2437262,-2437262,1323000,94,0.0534,0,1323000,0
39,professional,medium,29886434,4935466,3048073,1887393,1652000,71,0.0417,189919686,0,1
20,student,medium,4337504,1788403,1219101,569302,1238000,68,0.0553,51272574,0,1
31,professional,medium,28756362,4645144,2884167,1760977,10000,25,0.0385,76915687,0,1
29,freelancer,medium,0,3249731,2414330,835401,1372000,57,0.039,52220999,0,1
44,self_employed,high,0,4801239,3576798,1224441,10000,39,0.0743,53824939,0,1
28,freelancer,low,0,0,0,0,1902000,64,0.0185,0,1902000,0
38,self_employed,high,26782389,0,5377363,-5377363,10000,48,0.0628,0,10000,0
23,student,low,5040336,0,1222329,-1222329,101000,4,0.012,163873,0,1
22,student,medium,2144261,0,1093674,-1093674,1676000,38,0.0339,0,1676000,0
36,professional,medium,41531505,5463537,3520400,1943137,1496000,51,0.0387,156470895,0,1
34,employee,low,42444610,4504219,3469785,1034434,146000,28,0.0294,75397489,0,1
37,employee,low,19919463,3150847,2205773,945074,845000,56,0.0297,79569033,0,1
48,freelancer,low,9875824,6158322,4201217,1957105,242000,23,0.0149,55795347,0,1
32,freelancer,medium,26709688,3062471,1844493,1217978,84000,1,0.0552,28050531,0,1
23,freelancer,medium,5958187,5397149,4248415,1148734,10000,73,0.0304,99151828,0,1
34,employee,low,25160486,2998294,2069051,929243,10000,70,0.0164,95895794,0,1
33,employee,low,33962076,3430808,2476156,954652,1713000,36,0.0161,70828349,0,1
20,student,medium,5278357,549038,423126,125912,2836000,18,0.0366,7901915,0,1
23,freelancer,medium,13398458,0,7858705,-7858705,1692000,50,0.0443,0,1692000,0
24,student,medium,3109618,0,127067,-127067,1813000,59,0.0588,0,1813000,0
29,employee,high,0,3661810,2036862,1624948,10000,57,0.0871,114216390,0,1
22,student,medium,1990752,0,389842,-389842,2370000,97,0.0387,0,2370000,0
32,employee,low,5161383,1497160,1142755,354405,1769000,51,0.0146,24127097,0,1
20,student,low,1531880,0,247279,-247279,842000,36,0.0193,0,842000,0
20,student,medium,6661223,0,2174949,-2174949,10000,57,0.0403,0,10000,0
48,employee,medium,28892849,2207488,1212962,994526,478000,36,0.0404,70604168,0,1
37,employee,high,1177745,4046934,3453628,593306,1812000,34,0.097,24658712,0,1
28,freelancer,medium,0,1444340,790831,653509,10000,31,0.0305,21050464,0,1
35,professional,high,5995846,2363369,1412512,950857,10000,34,0.0683,42830016,0,1
30,employee,medium,7910160,0,0,0,10000,78,0.0373,10076661,0,1
24,student,low,3670470,0,698229,-698229,737000,80,0.0217,0,737000,0
23,student,low,1763516,0,1058109,-1058109,1984000,18,0.0125,0,1984000,0
19,student,high,2896727,0,1411320,-1411320,976000,22,0.0766,0,976000,0
21,student,low,0,0,0,0,1198000,60,0.0229,0,1198000,0
33,professional,low,41235336,3670193,1868515,1801678,10000,2,0.0126,44927223,0,1
19,student,low,8319919,0,1572607,-1572607,656000,75,0.0232,0,656000,0
27,professional,high,30229556,7134057,4238428,2895629,10000,62,0.0688,257937433,0,1
39,employee,medium,31448108,0,1793281,-1793281,1308000,34,0.0459,0,1308000,0
24,student,low,5040855,0,150280,-150280,10000,21,0.0215,2020884,0,1
24,professional,medium,18322283,2870521,1915182,955339,358000,39,0.0446,61188553,0,1
39,employee,medium,23489871,3186205,2285264,900941,10000,1,0.0584,24505129,0,1
22,freelancer,medium,34241407,3360508,2825835,534673,871000,63,0.0429,80577742,0,1
39,professional,low,18942496,4995793,2049239,2946554,362000,73,0.0282,256833789,0,1
36,employee,low,9239413,4591650,3099409,1492241,10000,54,0.0104,92141702,0,1
27,freelancer,low,0,2563888,1405292,1158596,1806000,26,0.021,30791766,0,1
40,employee,high,3634901,3351778,2109384,1242394,10000,30,0.0605,44356067,0,1
23,student,low,2055422,0,616982,-616982,485000,47,0.019,0,485000,0
38,employee,medium,31931791,2416388,1513685,902703,1207000,46,0.0555,85636400,0,1
24,student,medium,0,1388972,845303,543669,10000,22,0.034,12323362,0,1
38,employee,medium,34953831,2795626,1493914,1301712,10000,68,0.0447,145533643,0,1
28,freelancer,medium,7175109,0,1062987,-1062987,503000,40,0.0336,0,503000,0
39,self_employed,high,28033957,0,6035939,-6035939,10000,85,0.0958,0,10000,0
29,freelancer,low,0,3405727,1896397,1509330,10000,69,0.019,109953713,0,1
35,freelancer,medium,8688536,0,3261140,-3261140,1129000,77,0.0496,0,1129000,0
34,employee,high,13118906,4498793,3274108,1224685,10000,19,0.083,39730484,0,1
25,student,medium,0,0,0,0,1249000,1,0.0598,0,1249000,0
26,employee,medium,25213979,5587646,3113510,2474136,316000,31,0.0584,111878937,0,1
30,freelancer,medium,25659131,0,11667613,-11667613,10000,43,0.0556,0,10000,0
43,employee,medium,16151640,4451374,4129698,321676,640000,39,0.0328,31185313,0,1
45,professional,high,37537520,3163108,1929327,1233781,1096000,71,0.0898,178779640,0,1
32,freelancer,medium,15438332,5472964,3361196,2111768,867000,71,0.0527,196566995,0,1
24,employee,medium,39647426,4018590,2154157,1864433,742000,58,0.0305,162291591,0,1
35,self_employed,medium,86082252,2108629,1665796,442833,677000,58,0.0433,134594452,0,1
23,student,low,4780396,823345,454270,369075,120000,47,0.0161,22984075,0,1
23,student,medium,3209650,754180,336147,418033,10000,43,0.0312,22581473,0,1
48,self_employed,medium,0,0,0,0,10000,25,0.0593,0,10000,0
26,freelancer,medium,26091394,2793141,2338236,454905,285000,98,0.0385,88000682,0,1
41,self_employed,low,6982796,973468,447835,525633,10000,87,0.0237,58130791,0,1
22,student,medium,1620150,0,710386,-710386,10000,69,0.0439,0,10000,0
21,student,low,2954038,0,884028,-884028,538000,45,0.0189,0,538000,0
25,employee,medium,19509580,3008499,2111760,896739,10000,62,0.0528,89373699,0,1
36,employee,medium,0,2174724,1556501,618223,895000,31,0.0544,20527094,0,1
19,student,medium,0,0,0,0,472000,52,0.0469,0,472000,0
35,professional,medium,38800725,4156483,2168615,1987868,881000,82,0.0462,244414184,0,1
20,student,low,2762983,0,584278,-584278,1403000,65,0.0293,0,1403000,0
44,freelancer,low,19584705,0,598675,-598675,10000,49,0.0262,0,10000,0
32,freelancer,low,18664037,1259712,553735,705977,2997000,54,0.0228,60785652,0,1
29,employee,high,0,2250463,1330962,919501,10000,57,0.0781,63209774,0,1
43,professional,medium,24990747,5217493,1575467,3642026,363000,14,0.0417,78390620,0,1
24,student,low,5460370,0,284215,-284215,578000,79,0.0121,0,578000,0
50,self_employed,high,41529106,2611931,2367554,244377,10000,15,0.0878,50187411,0,1
37,employee,low,36285492,1863923,911554,952369,1580000,17,0.0212,53811935,0,1
45,professional,medium,6395894,3978352,2581151,1397201,10000,13,0.0393,25198464,0,1
24,employee,low,31823565,0,17753074,-17753074,10000,73,0.0281,0,10000,0
44,freelancer,low,37825241,3006018,1847911,1158107,10000,75,0.017,133634145,0,1
39,professional,high,63944060,4495361,3013302,1482059,10000,45,0.0793,163379386,0,1
22,student,low,10203846,0,1081279,-1081279,538000,60,0.0277,0,538000,0
22,employee,low,33577935,4194827,2163997,2030830,10000,67,0.0162,179062942,0,1
37,employee,low,16746847,3208825,2041987,1166838,46000,27,0.0251,50095207,0,1
21,student,medium,168358,0,44304,-44304,1104000,22,0.0427,0,1104000,0
22,freelancer,low,0,0,0,0,567000,53,0.0286,0,567000,0
37,freelancer,medium,22951065,0,3695921,-3695921,983000,47,0.0589,0,983000,0
39,self_employed,high,34143742,0,12559711,-12559711,1442000,115,0.0604,0,1442000,0
27,employee,medium,43717453,2509729,1295562,1214167,10000,38,0.0543,102118514,0,1
41,employee,medium,14998491,3276138,2039997,1236141,10000,30,0.0573,57072694,0,1
24,freelancer,low,7589120,6010613,4655236,1355377,582000,42,0.0256,67787409,0,1
22,freelancer,low,0,0,0,0,24000,8,0.0264,0,24000,0
21,student,high,6382260,0,3829356,-3829356,1192000,56,0.0759,0,1192000,0
22,employee,medium,27602495,3949603,1961089,1988514,10000,59,0.0324,159360493,0,1
25,freelancer,high,10398158,4176333,2670079,1506254,161000,77,0.0743,164750381,0,1
39,employee,medium,28211038,3717822,1845229,1872593,516000,50,0.035,133276829,0,1
30,employee,low,4983966,1812544,1366131,446413,1263000,70,0.0225,39041283,0,1
26,freelancer,high,0,1234348,957855,276493,10000,30,0.0825,9177288,0,1
44,professional,high,10380834,4720963,3727083,993880,382000,98,0.0912,165664640,0,1
28,professional,high,29052559,5106338,1679151,3427187,1253000,25,0.0815,127449352,0,1
21,student,low,0,1139354,705936,433418,411000,31,0.0129,13654881,0,1
26,professional,medium,41947171,2857449,1932937,924512,1710000,15,0.038,58163779,0,1
37,employee,medium,12306644,3143039,2178175,964864,1348000,56,0.0383,73770111,0,1
25,student,low,0,0,0,0,198000,61,0.0105,0,198000,0
50,freelancer,high,27317487,5920576,3928535,1992041,10000,67,0.065,199614912,0,1
23,student,low,4401391,0,0,0,817000,48,0.0204,4775274,0,1
32,employee,medium,29365355,4279533,2542794,1736739,155000,66,0.0439,166749359,0,1
22,student,low,0,507818,393886,113932,738000,66,0.0143,7818281,0,1
26,freelancer,high,19352474,2297536,1319185,978351,961000,40,0.098,72856042,0,1
23,student,low,0,154694,94081,60613,340000,1,0.0129,60613,279387,0
31,employee,medium,32059873,3652013,2095374,1556639,189000,31,0.0374,85887903,0,1
22,student,low,5141493,0,408728,-408728,10000,18,0.0194,0,10000,0
24,student,medium,0,0,0,0,884000,23,0.0582,0,884000,0
22,student,low,4342734,0,1242724,-1242724,559000,53,0.0251,0,559000,0
20,student,medium,4400444,0,672449,-672449,10000,16,0.053,0,10000,0
21,student,medium,3110438,0,1466525,-1466525,3590000,1,0.0376,1653659,1936341,0
33,professional,low,9856182,5885426,2740863,3144563,10000,50,0.0251,176503455,0,1
20,student,medium,908378,2221785,1467824,753961,622000,1,0.0327,1664814,0,1
19,student,medium,0,0,0,0,10000,62,0.0537,0,10000,0
38,self_employed,low,0,0,0,0,10000,69,0.0231,0,10000,0
36,employee,high,39398866,3415858,2429545,986313,515000,45,0.0748,103162408,0,1
34,professional,medium,4519803,5853381,2560026,3293355,10000,55,0.0426,205129706,0,1
49,self_employed,high,6125753,6721899,3114261,3607638,872000,48,0.0908,216652924,0,1
42,self_employed,low,24593303,0,14755981,-14755981,2153000,40,0.016,0,2153000,0
21,student,low,0,0,0,0,10000,58,0.0241,0,10000,0
32,professional,medium,15730537,3708200,2510792,1197408,232000,23,0.0558,46497852,0,1
42,professional,low,39661928,2942764,1771388,1171376,1213000,31,0.0179,78674587,0,1
22,employee,low,26278758,4733838,3900995,832843,2208000,44,0.0116,64837138,0,1
39,self_employed,medium,51482901,0,2197208,-2197208,671000,23,0.0369,2967359,0,1
26,freelancer,low,15739689,4907476,4100467,807009,1715000,119,0.0221,126852656,0,1
38,employee,high,9177996,4204911,2606624,1598287,1466000,91,0.0874,223061215,0,1
25,employee,medium,2178800,3668729,2259961,1408768,2031000,44,0.0442,69718896,0,1
21,student,low,0,1335594,1475063,-139469,1246000,38,0.0144,0,1246000,0
24,employee,medium,11537576,0,1511321,-1511321,1579000,24,0.042,0,1579000,0
41,professional,low,21503878,4922958,3159270,1763688,954000,14,0.0114,46636336,0,1
33,freelancer,low,34254168,0,4528821,-4528821,10000,37,0.0217,0,10000,0
24,student,high,4256758,114912,88292,26620,1053000,66,0.0837,8956180,0,1
21,student,medium,3740907,0,2244544,-2244544,658000,23,0.0543,0,658000,0
24,student,medium,0,2010348,1345630,664718,762000,103,0.0401,81564319,0,1
37,self_employed,medium,109720,2556185,1498495,1057690,18000,54,0.0444,63226093,0,1
24,student,high,0,0,0,0,836000,18,0.0816,0,836000,0
44,freelancer,medium,22549137,5606698,4002608,1604090,301000,35,0.0427,85210311,0,1
23,student,medium,6117230,1230299,1053989,176310,264000,26,0.0496,11638668,0,1
23,student,medium,0,928330,675829,252501,1294000,2,0.0533,506124,787876,0
30,employee,medium,29787349,3337154,2459721,877433,1992000,38,0.0308,67810448,0,1
33,employee,medium,25404409,2473759,1607455,866304,797000,43,0.0506,71191095,0,1
38,self_employed,high,0,0,0,0,10000,79,0.079,0,10000,0
37,freelancer,medium,0,5144914,3050104,2094810,1943000,8,0.0329,16920176,0,1
26,freelancer,medium,31184619,2556960,823956,1733004,699000,60,0.039,152492864,0,1
30,freelancer,medium,1093451,0,523740,-523740,668000,69,0.0346,0,668000,0
20,student,medium,3323644,1531729,1361143,170586,10000,65,0.0578,17525825,0,1
25,professional,medium,50647270,0,20000000,-20000000,1580000,14,0.0576,0,1580000,0
41,employee,low,18981399,1820109,1060340,759769,711000,38,0.0212,50133375,0,1
39,employee,low,16143294,1756433,865448,890985,164000,42,0.0245,56618238,0,1
37,self_employed,high,0,6657742,5579112,1078630,52000,71,0.0943,102020347,0,1
32,self_employed,low,34664169,0,5203433,-5203433,2207000,39,0.028,0,2207000,0
29,employee,high,9148538,4227034,2263098,1963936,2693000,70,0.0873,193631030,0,1
22,employee,low,30318172,3380378,2838383,541995,945000,45,0.015,57143989,0,1
29,employee,low,0,1929017,982912,946105,881000,26,0.024,25223652,0,1
28,employee,medium,10435987,3975004,2668722,1306282,741000,76,0.0487,130215132,0,1
39,self_employed,low,21048599,0,2730532,-2730532,297000,89,0.0102,0,297000,0
36,professional,high,1469176,2708713,1718844,989869,77000,51,0.0912,63544210,0,1
21,student,low,0,0,0,0,1236000,61,0.0116,0,1236000,0
25,student,low,3436883,0,384805,-384805,1483000,45,0.0138,0,1483000,0
25,professional,medium,4715385,4366552,2705801,1660751,439000,87,0.0323,168516841,0,1
26,student,medium,2790135,502172,349865,152307,1510000,35,0.0463,8888422,0,1
20,student,low,2312362,1774000,866099,907901,500000,39,0.012,38493545,0,1
33,employee,medium,0,2998917,2100057,898860,1417000,32,0.0442,30467813,0,1
22,student,low,5135027,0,1544033,-1544033,10000,48,0.017,0,10000,0
49,self_employed,medium,0,0,0,0,1258000,56,0.0478,0,1258000,0
32,employee,low,29202681,4170371,2930581,1239790,2249000,94,0.017,157921084,0,1
24,student,low,0,1529246,1400009,129237,848000,5,0.0161,647921,200079,0
39,freelancer,medium,21776187,2323632,1409238,914394,10000,55,0.0577,85762269,0,1
31,employee,medium,9262143,3075201,2221456,853745,522000,87,0.0322,95229956,0,1
34,self_employed,high,19670507,0,9119878,-9119878,1194000,90,0.0723,0,1194000,0
28,professional,medium,2143173,3513666,2034289,1479377,96000,21,0.0321,34179049,0,1
41,employee,high,23793159,4517235,3359566,1157669,10000,30,0.063,65348505,0,1
36,employee,low,13860705,3353088,2228569,1124519,10000,44,0.027,67250977,0,1
31,employee,low,20719226,2564936,1445434,1119502,281000,70,0.0166,105049515,0,1
35,professional,medium,16543647,5926757,2765152,3161605,490000,23,0.0525,94616946,0,1
46,freelancer,high,25542429,2144418,1265228,879190,1073000,30,0.0974,62281134,0,1
27,student,medium,7589990,0,2526785,-2526785,537000,35,0.0569,0,537000,0
42,employee,low,0,4521808,2533174,1988634,1683000,99,0.0282,221369102,0,1
28,employee,high,0,2749769,1955275,794494,962000,60,0.0608,55545986,0,1
23,student,high,0,1639020,906052,732968,522000,67,0.0917,63820175,0,1
27,employee,medium,15519297,1807113,962604,844509,797000,55,0.0382,69158022,0,1
28,freelancer,low,14482781,0,5307942,-5307942,613000,44,0.0153,0,613000,0
42,professional,medium,44304760,4659121,2361403,2297718,10000,69,0.0495,241832060,0,1
19,student,low,1882819,575295,425540,149755,953000,3,0.0175,2340989,0,1
36,employee,low,46842251,3111928,1718131,1393797,297000,57,0.0206,135041351,0,1
30,employee,low,27239086,4199287,2654432,1544855,17000,66,0.0262,141000461,0,1
27,freelancer,medium,38684115,0,977204,-977204,882000,63,0.0557,0,882000,0
35,employee,medium,21548358,4826850,2445286,2381564,727000,77,0.0487,244193103,0,1
38,freelancer,medium,3196080,4001444,3096762,904682,10000,12,0.0316,14313358,0,1
22,freelancer,medium,5159291,2602250,1412078,1190172,10000,1,0.0315,6363006,0,1
31,employee,low,25450612,1975483,1249707,725776,1694000,40,0.0213,57380424,0,1
20,student,low,5831492,0,2517634,-2517634,10000,25,0.0194,0,10000,0
29,professional,low,16455786,5319659,3220180,2099479,10000,72,0.0246,181778868,0,1
30,professional,medium,33766068,7993556,4588439,3405117,441000,42,0.0391,191705705,0,1
41,self_employed,high,6668991,0,2728671,-2728671,1094000,56,0.0958,0,1094000,0
37,professional,low,10580360,3646649,2289219,1357430,10000,51,0.0245,84623461,0,1
29,freelancer,high,0,1796011,1230273,565738,183000,65,0.0615,43507755,0,1
21,student,low,3485959,0,1142231,-1142231,323000,24,0.0212,0,323000,0
21,student,low,1002477,0,217491,-217491,10000,35,0.0209,0,10000,0
44,self_employed,medium,27892945,0,3389608,-3389608,777000,29,0.0451,0,777000,0
27,student,low,0,0,0,0,209000,85,0.0186,0,209000,0
22,student,medium,2019363,0,925277,-925277,1460000,26,0.0447,0,1460000,0
37,professional,medium,4790825,2545384,2045782,499602,384000,81,0.0429,53236173,0,1
19,student,medium,0,0,0,0,3220000,65,0.0395,0,3220000,0
22,student,medium,1191328,0,445472,-445472,1072000,44,0.0356,0,1072000,0
22,student,low,0,0,0,0,725000,75,0.0172,0,725000,0
35,freelancer,high,0,0,0,0,38000,37,0.0772,0,38000,0
59,freelancer,medium,15162145,0,7928739,-7928739,10000,25,0.0513,0,10000,0
21,student,low,0,0,0,0,609000,41,0.023,0,609000,0
32,freelancer,medium,22586102,1404036,812160,591876,10000,37,0.0467,49582305,0,1
21,student,low,5871935,0,2026017,-2026017,10000,56,0.0158,0,10000,0
24,student,low,3589784,0,0,0,1694000,45,0.0211,3885095,0,1
22,student,high,5265438,132482,103156,29326,1146000,47,0.0754,8665512,0,1
26,student,high,0,442089,343726,98363,10000,10,0.0977,1020461,0,1
23,student,low,5402228,0,2124256,-2124256,706000,21,0.0253,0,706000,0
31,freelancer,high,22889065,0,6375039,-6375039,10000,57,0.0692,0,10000,0
23,student,low,1186384,0,273952,-273952,1662000,92,0.0117,0,1662000,0
20,student,low,3756352,708004,418356,289648,1045000,95,0.0169,33713775,0,1
29,freelancer,medium,36847376,764038,803697,-39659,1547000,12,0.0398,37856265,0,1
22,student,low,5319738,0,1911893,-1911893,10000,42,0.0251,0,10000,0
34,self_employed,medium,18781745,4675512,2458171,2217341,1218000,36,0.0421,106231268,0,1
21,student,low,5282028,0,2289958,-2289958,10000,71,0.0158,0,10000,0
35,employee,low,27386440,0,3712245,-3712245,10000,36,0.0145,0,10000,0
27,freelancer,low,35765126,3138697,1921265,1217432,1341000,25,0.0164,67947570,0,1
45,self_employed,medium,0,0,0,0,561000,39,0.0598,0,561000,0
22,student,low,3554094,0,579281,-579281,10000,70,0.0109,0,10000,0
23,student,medium,9969901,0,4302317,-4302317,1521000,26,0.0323,0,1521000,0
20,student,high,0,941425,586499,354926,10000,88,0.0771,41816147,0,1
22,freelancer,high,14373564,0,3029354,-3029354,534000,81,0.0914,0,534000,0
20,student,low,0,910054,706080,203974,10000,48,0.0268,10322651,0,1
44,employee,high,18377771,2776647,1329020,1447627,10000,83,0.0689,182933295,0,1
29,employee,low,22006497,4394293,2083486,2310807,10000,111,0.0272,319573406,0,1
39,employee,high,26562686,4838326,2178433,2659893,529000,37,0.0746,143680082,0,1
34,employee,low,26680851,3742510,1948898,1793612,574000,97,0.0124,212391410,0,1
25,student,medium,609607,0,129809,-129809,50000,76,0.0471,0,50000,0
20,student,medium,0,0,0,0,10000,55,0.0558,0,10000,0
24,student,low,4830640,0,2746122,-2746122,251000,65,0.0233,0,251000,0
36,employee,low,8628026,3377929,3275446,102483,1853000,62,0.0281,16804233,0,1
39,freelancer,medium,20471002,2476361,1641281,835080,139000,48,0.0377,66988256,0,1
32,professional,medium,28931034,3713983,2715532,998451,316000,54,0.0314,91146133,0,1
37,professional,medium,0,4760280,3193584,1566696,94000,39,0.0592,67192849,0,1
26,student,low,0,0,0,0,170000,84,0.024,0,170000,0
22,student,medium,4220596,0,1911087,-1911087,158000,36,0.0541,0,158000,0
25,student,low,10504381,1702368,1022332,680036,1018000,68,0.0273,62209496,0,1
46,self_employed,medium,32272576,0,17142347,-17142347,10000,51,0.0437,0,10000,0
35,professional,low,3037301,2859038,938846,1920192,2603000,61,0.023,127541495,0,1
47,freelancer,high,0,3479572,1493870,1985702,10000,44,0.0633,98052910,0,1
22,student,medium,1116142,0,302086,-302086,321000,44,0.0456,0,321000,0
34,freelancer,medium,0,2622836,1897422,725414,1662000,48,0.0424,37874146,0,1
23,student,high,1545337,0,265378,-265378,10000,84,0.0731,0,10000,0
30,freelancer,medium,0,0,0,0,217000,36,0.0497,0,217000,0
31,freelancer,medium,28538261,0,4818488,-4818488,702000,36,0.0491,0,702000,0
25,student,medium,1515458,0,909274,-909274,10000,36,0.0359,0,10000,0
23,student,low,1371672,505419,356416,149003,1459000,67,0.0129,11819802,0,1
42,professional,low,19358042,3441954,2158462,1283492,1187000,22,0.0244,49090665,0,1
42,employee,low,0,2461418,1865795,595623,2193000,70,0.0149,43530990,0,1
24,student,medium,7243950,0,3506741,-3506741,974000,35,0.0468,0,974000,0
35,employee,medium,27640088,3008480,1424146,1584334,982000,16,0.0512,55765485,0,1
26,employee,medium,21922203,2961240,1431040,1530200,631000,84,0.0403,177266791,0,1
31,employee,low,33470708,3357196,2974892,382304,1441000,36,0.0247,50312806,0,1
29,employee,medium,15149286,3604804,2007592,1597212,2746000,32,0.0422,70947633,0,1
32,employee,medium,38068101,0,9014141,-9014141,638000,48,0.0307,0,638000,0
40,professional,high,43929534,4249079,2330878,1918201,10000,70,0.0618,224112393,0,1
25,student,low,5262385,729600,484049,245551,10000,53,0.0287,19830034,0,1
26,student,medium,6516213,1019353,960779,58574,29000,61,0.054,12670222,0,1
24,student,medium,6307082,0,1098670,-1098670,518000,43,0.0563,0,518000,0
22,freelancer,high,11210823,1745679,1020305,725374,477000,63,0.0952,77431314,0,1
24,freelancer,medium,32014117,1159124,759983,399141,10000,82,0.0471,82663176,0,1
44,freelancer,medium,6663090,0,1924007,-1924007,10000,41,0.0403,0,10000,0
40,freelancer,medium,16462129,5845084,3721684,2123400,10000,22,0.0498,66840305,0,1
22,employee,low,26770831,3991901,2408572,1583329,448000,69,0.016,143701934,0,1
25,freelancer,low,12740552,0,665459,-665459,469000,50,0.0275,0,469000,0
33,professional,medium,34222191,8189343,5465135,2724208,89000,77,0.0448,288098120,0,1
25,student,medium,1993690,0,1156997,-1156997,1812000,70,0.0571,0,1812000,0
24,employee,low,4624432,4485479,3275235,1210244,1723000,35,0.0167,48231278,0,1
20,student,medium,7240344,0,932852,-932852,1424000,21,0.0587,0,1424000,0
26,freelancer,high,6176213,4884696,2925177,1959519,10000,44,0.062,104275484,0,1
32,professional,high,18626794,3305100,2406394,898706,326000,80,0.0794,125946174,0,1
38,employee,low,5787562,2462345,1340474,1121871,10000,18,0.0269,26608684,0,1
38,employee,medium,34487665,2833932,2342200,491732,1089000,22,0.0475,48898970,0,1
34,employee,medium,36325242,2235663,1307343,928320,1721000,22,0.0446,60654422,0,1
23,employee,low,2097830,3233801,1044179,2189622,3092000,36,0.0288,84515869,0,1
22,student,low,1820463,600261,425340,174921,10000,31,0.0203,7480819,0,1
33,employee,medium,34190065,3938433,2404864,1533569,1480000,31,0.053,90023977,0,1
37,self_employed,high,11598880,3939415,2545395,1394020,1869000,82,0.0894,178107121,0,1
22,student,low,0,0,0,0,10000,27,0.0296,0,10000,0
23,student,low,7709377,963778,762719,201059,10000,38,0.0174,15994563,0,1
54,self_employed,high,33220331,5359792,3274413,2085379,249000,84,0.0644,272666482,0,1
19,student,low,14128392,0,1027926,-1027926,514000,71,0.0243,0,514000,0
28,employee,high,18656305,1170223,717251,452972,1451000,88,0.0767,85966705,0,1
24,self_employed,high,45558844,0,11838421,-11838421,10000,33,0.0961,0,10000,0
23,student,high,1564076,0,380269,-380269,2066000,26,0.0652,0,2066000,0
47,self_employed,medium,0,2168628,1720630,447998,1472000,62,0.042,30959671,0,1
21,student,medium,4707712,1130873,1060208,70665,75000,87,0.0489,14066924,0,1
24,student,low,0,0,0,0,10000,58,0.0232,0,10000,0
21,student,medium,1517453,884051,920856,-36805,394000,71,0.0469,0,394000,0
33,employee,low,22399162,3761059,3166754,594305,149000,23,0.023,37368799,0,1
39,freelancer,low,17607092,0,9207952,-9207952,10000,72,0.0255,0,10000,0
19,student,medium,5803476,0,587579,-587579,10000,58,0.0545,0,10000,0
32,freelancer,medium,43333302,1490981,986305,504676,1642000,78,0.0413,101717453,0,1
41,self_employed,low,0,1725901,1229462,496439,100000,56,0.0104,28473621,0,1
44,freelancer,medium,1279673,3628236,2041597,1586639,10000,64,0.0438,115767680,0,1
20,student,low,0,533856,312387,221469,10000,55,0.0242,12868302,0,1
32,employee,medium,17940922,3216543,1794418,1422125,10000,1,0.0538,19443482,0,1
36,employee,medium,4072146,2327210,1398598,928612,10000,37,0.0398,41094400,0,1
23,student,high,1489720,694375,310812,383563,10000,8,0.0706,4693736,0,1
27,employee,low,43483406,3817225,2015322,1801903,1772000,46,0.0103,129742497,0,1
46,freelancer,low,0,0,0,0,1898000,37,0.026,0,1898000,0
19,student,medium,4991,687150,556302,130848,729000,84,0.0597,13610399,0,1
23,student,low,1924045,1103975,858340,245635,694000,15,0.0239,5718674,0,1
22,student,medium,0,308578,194003,114575,10000,33,0.0405,3992452,0,1
40,self_employed,high,0,0,0,0,935000,47,0.0736,0,935000,0
27,student,low,458525,2014990,1507194,507796,48000,71,0.0209,38860810,0,1
28,freelancer,medium,26956060,5828038,4226517,1601521,10000,41,0.0593,105582934,0,1
37,freelancer,medium,23141299,0,10679790,-10679790,10000,22,0.0477,0,10000,0
35,self_employed,low,16427651,2545043,1477616,1067427,10000,56,0.0229,81302034,0,1
36,employee,low,20483093,1967641,1544222,423419,1125000,58,0.0216,48596551,0,1
39,freelancer,low,12599702,3948167,2740800,1207367,496000,57,0.0256,87323308,0,1
28,student,medium,6660650,0,552480,-552480,10000,52,0.0308,0,10000,0
22,freelancer,low,0,6363114,3457662,2905452,10000,61,0.0201,186439149,0,1
28,freelancer,high,15719615,3363913,1690971,1672942,1189000,39,0.0679,92363428,0,1
38,freelancer,medium,10446449,0,4299369,-4299369,1216000,79,0.0576,0,1216000,0
38,self_employed,high,11808381,5029569,3753614,1275955,246000,19,0.0651,38550832,0,1
22,student,low,0,6741,6179,562,92000,40,0.025,23418,68582,0
23,freelancer,medium,43728059,0,2118952,-2118952,1397000,22,0.0446,0,1397000,0
42,self_employed,medium,0,0,0,0,10000,45,0.0475,0,10000,0
23,student,high,1705501,1140304,810854,329450,2708000,28,0.0793,12147602,0,1
23,student,medium,5957274,0,1180527,-1180527,934000,39,0.0479,0,934000,0
26,freelancer,medium,0,0,0,0,10000,15,0.0488,0,10000,0
21,student,medium,7464483,972657,622728,349929,10000,17,0.0387,13989229,0,1
22,student,low,10352319,0,3975407,-3975407,117000,91,0.0237,0,117000,0
25,employee,low,18580906,3507521,2002999,1504522,1846000,66,0.0109,122015812,0,1
22,student,low,11355340,1622896,1456818,166078,10000,47,0.0276,20883285,0,1
33,professional,medium,36542661,6122843,3836402,2286441,32000,33,0.0547,123683914,0,1
26,employee,medium,12391796,4628498,2994614,1633884,10000,57,0.0508,120844090,0,1
41,self_employed,medium,10938670,0,4627812,-4627812,1483000,63,0.0582,0,1483000,0
22,freelancer,low,31449087,0,17379725,-17379725,265000,79,0.0141,0,265000,0
43,employee,low,9659894,3504421,2049272,1455149,1379000,59,0.0239,101868686,0,1
27,professional,high,36356948,5356043,2977983,2378060,703000,61,0.0723,227126791,0,1
39,freelancer,high,1516758,0,554351,-554351,1164000,7,0.0656,0,1164000,0
27,professional,low,5505101,4919009,2905638,2013371,1251000,72,0.0102,155277389,0,1
21,student,medium,6477984,1350564,906233,444331,650000,51,0.0352,31926866,0,1
35,employee,low,3170255,4391075,3177885,1213190,1967000,90,0.0102,116844195,0,1
32,employee,low,30236055,3222195,1709932,1512263,10000,58,0.0129,122633446,0,1
36,employee,low,19883584,1516809,838143,678666,321000,19,0.0204,33629601,0,1
20,student,low,4412283,355287,248572,106715,97000,54,0.0188,10809972,0,1
29,employee,low,21437188,2577406,1477650,1099756,10000,64,0.0227,98940607,0,1
30,employee,high,1516268,3656055,2207529,1448526,309000,37,0.0685,61359352,0,1
24,student,medium,4595897,1398224,1058803,339421,1113000,29,0.0354,15266491,0,1
22,freelancer,medium,30086433,0,17820925,-17820925,614000,43,0.0301,0,614000,0
27,freelancer,high,0,0,0,0,1383000,54,0.0658,0,1383000,0
24,student,medium,4676158,0,1123432,-1123432,10000,35,0.0545,0,10000,0
22,employee,medium,9167983,0,2540886,-2540886,10000,71,0.036,0,10000,0
34,employee,medium,6381458,3836775,3624116,212659,10000,26,0.0339,12595975,0,1
23,student,medium,0,806139,716583,89556,2088000,42,0.0581,4159963,0,1
28,freelancer,high,12255444,420591,322562,98029,10000,45,0.0837,21917136,0,1
38,employee,medium,42077431,4685457,3051935,1633522,10000,64,0.0599,180685990,0,1
31,self_employed,high,10174341,0,1675567,-1675567,1156000,12,0.066,0,1156000,0
20,student,medium,5144990,1245578,906167,339411,10000,63,0.0352,29636204,0,1
21,student,medium,2555041,0,894524,-894524,1050000,58,0.0342,0,1050000,0
20,student,medium,0,0,0,0,10000,93,0.0409,0,10000,0
45,self_employed,low,15608244,1526752,613797,912955,2283000,27,0.0263,41923760,0,1
35,employee,low,9061356,3033221,2020889,1012332,307000,74,0.029,92754178,0,1
26,student,low,4533481,595384,413816,181568,2716000,55,0.0168,15269315,0,1
27,employee,medium,12847695,2764077,1781695,982382,10000,42,0.0507,60380137,0,1
43,freelancer,low,15996391,0,7603580,-7603580,1222000,44,0.0169,0,1222000,0
22,student,medium,3283766,1545396,1091574,453822,321000,33,0.049,19753567,0,1
20,student,low,3565152,1045047,635437,409610,10000,29,0.0214,15934285,0,1
24,student,low,0,0,0,0,1380000,63,0.0163,0,1380000,0
25,student,medium,2614697,1773207,1176902,596305,1953000,62,0.0382,43984353,0,1
28,employee,low,0,3464395,1774780,1689615,10000,59,0.0139,103110856,0,1
21,student,low,1914526,1103269,1009386,93883,10000,45,0.0186,6424773,0,1
26,student,low,0,0,0,0,585000,1,0.0184,0,585000,0
28,employee,medium,21528542,3382169,2144886,1237283,306000,43,0.0348,80958783,0,1
41,freelancer,low,18505982,0,5572839,-5572839,796000,49,0.0282,0,796000,0
23,student,low,4742592,0,874449,-874449,1800000,36,0.0196,0,1800000,0
37,self_employed,high,3356105,0,0,0,967000,55,0.0643,4502814,0,1
19,student,low,1901565,2112133,1400205,711928,1579000,37,0.0273,29517567,0,1
33,freelancer,medium,23522835,0,11408788,-11408788,10000,37,0.0401,0,10000,0
22,employee,high,6601888,3282952,1749498,1533454,599000,32,0.0977,64356087,0,1
34,freelancer,low,10527344,0,4632042,-4632042,10000,66,0.0225,0,10000,0
46,freelancer,high,26411868,0,13242653,-13242653,1140000,74,0.0799,0,1140000,0
39,professional,high,18408439,5925073,3697077,2227996,10000,28,0.0631,88341222,0,1
41,self_employed,low,30377748,5474797,4482865,991932,438000,44,0.0275,79462794,0,1
30,freelancer,medium,15052802,1149196,663658,485538,302000,56,0.0553,50413239,0,1
46,self_employed,low,6142622,3580734,2269280,1311454,10000,70,0.0235,105332897,0,1
23,student,medium,3475519,0,1044164,-1044164,1628000,55,0.0475,0,1628000,0
32,professional,high,29633728,820160,362643,457517,83000,42,0.0877,62631705,0,1
23,student,medium,2262887,0,1212645,-1212645,1094000,60,0.0303,0,1094000,0
36,employee,low,50801,4422971,2767464,1655507,389000,22,0.0282,37387577,0,1
21,student,medium,3781812,45492,36438,9054,312000,1,0.0552,3808262,0,1
22,student,low,4057409,0,876007,-876007,10000,39,0.0287,0,10000,0
35,freelancer,low,0,0,0,0,1756000,63,0.0254,0,1756000,0
35,self_employed,high,0,1944634,1100516,844118,667000,53,0.0671,51906422,0,1
20,student,medium,0,0,0,0,87000,47,0.0447,0,87000,0
25,student,low,7697075,0,4549915,-4549915,10000,32,0.0228,0,10000,0
34,employee,medium,32306302,2710062,1567181,1142881,137000,48,0.0595,102727941,0,1
29,employee,low,10395629,4895803,3342234,1553569,512000,46,0.0172,84921724,0,1
23,student,medium,1999774,778747,197300,581447,3113000,17,0.032,12190699,0,1
20,student,medium,0,924058,854776,69282,321000,56,0.0532,4392873,0,1
36,freelancer,medium,22390664,3837127,1935496,1901631,1341000,89,0.0453,232012529,0,1
42,freelancer,low,31049794,3434672,2874692,559980,552000,80,0.0123,80363245,0,1
34,self_employed,high,46268832,0,20000000,-20000000,102000,4,0.0881,0,102000,0
22,student,medium,2076395,0,96050,-96050,857000,39,0.043,0,857000,0
31,employee,low,39008775,3824657,2676717,1147940,106000,52,0.0128,102578146,0,1
29,employee,low,15016238,0,4185182,-4185182,274000,29,0.0283,0,274000,0
21,student,medium,1783840,0,561784,-561784,224000,70,0.0537,0,224000,0
52,employee,low,13518760,2073470,1537006,536464,1617000,34,0.0169,32851414,0,1
22,employee,low,5909555,4390942,3205382,1185560,1436000,32,0.0269,45634672,0,1
23,student,medium,1966338,0,635914,-635914,533000,78,0.0366,0,533000,0
24,professional,low,43905799,3277430,1696216,1581214,10000,42,0.0298,118632779,0,1
22,student,medium,0,1371933,1470401,-98468,1716000,69,0.0463,0,1716000,0
24,student,low,0,0,0,0,12000,24,0.0127,0,12000,0
23,student,low,0,0,0,0,10000,43,0.0207,0,10000,0
23,employee,low,30119936,3077390,1921623,1155767,10000,41,0.0279,82786768,0,1
26,employee,high,38994408,3268797,2278964,989833,311000,24,0.0609,69227171,0,1
32,employee,medium,0,3836154,2624015,1212139,801000,18,0.0481,22578010,0,1
48,freelancer,low,0,0,0,0,2412000,27,0.0258,0,2412000,0
27,employee,medium,26560651,2452822,1802018,650804,10000,22,0.035,43082996,0,1
25,student,low,7758541,0,3201131,-3201131,1035000,48,0.0118,0,1035000,0
42,freelancer,medium,20680727,1120249,704524,415725,49000,30,0.0511,36765829,0,1
25,student,medium,0,302450,245085,57365,10000,73,0.0552,4963099,0,1
52,self_employed,high,0,6526571,3579966,2946605,1853000,55,0.0606,186268436,0,1
36,employee,medium,42750626,1760810,1212404,548406,50000,97,0.0353,118301168,0,1
47,professional,high,51383942,6190221,3630355,2559866,1151000,72,0.098,341826910,0,1
29,employee,medium,1770016,2336194,1554431,781763,10000,31,0.0412,27493611,0,1
20,student,low,8769286,50367,42923,7444,10000,45,0.0216,9857060,0,1
43,employee,medium,22324291,3563477,1892382,1671095,10000,16,0.0536,51626483,0,1
37,employee,medium,13210308,3654100,2645614,1008486,1279000,40,0.0532,59798223,0,1
19,student,low,1775200,438923,311767,127156,2489000,21,0.0286,4601087,0,1
45,employee,high,0,2156026,1062939,1093087,407000,73,0.0921,106447743,0,1
28,freelancer,low,23643081,3504131,2300374,1203757,246000,59,0.0142,98866309,0,1
38,employee,medium,29836356,4226574,2305948,1920626,2513000,33,0.0557,103084387,0,1
23,student,low,0,1072361,1108009,-35648,10000,44,0.0267,0,10000,0
24,student,low,6131569,0,1886734,-1886734,694000,75,0.0271,0,694000,0
25,professional,low,39733555,4757974,3316438,1441536,10000,58,0.0228,132659305,0,1
19,student,low,4183126,0,2210110,-2210110,2123000,21,0.0141,0,2123000,0
36,self_employed,high,28125286,2441705,1800967,640738,2586000,77,0.0623,102369102,0,1
21,student,medium,2681109,0,876636,-876636,1022000,22,0.0478,0,1022000,0
37,employee,low,32930582,2487019,1425725,1061294,2038000,67,0.0294,115970505,0,1
41,freelancer,high,0,0,0,0,10000,58,0.0912,0,10000,0
32,employee,medium,30126674,2044088,1301221,742867,1045000,54,0.0556,84129111,0,1
39,professional,high,52822508,5958552,3048541,2910011,10000,57,0.0629,263889585,0,1
22,student,medium,1138795,0,226226,-226226,10000,41,0.0445,0,10000,0
21,student,high,0,0,0,0,701000,18,0.0916,0,701000,0
36,employee,medium,17532807,0,6682721,-6682721,10000,4,0.0581,0,10000,0
46,freelancer,high,16346437,2771345,2206694,564651,925000,1,0.0876,17030417,0,1
46,professional,high,23377650,4398441,1959662,2438779,10000,28,0.0743,102100386,0,1
24,student,low,1553082,0,590290,-590290,754000,26,0.0205,0,754000,0
25,student,medium,4063283,0,1172938,-1172938,1952000,27,0.0342,0,1952000,0
37,employee,low,25551823,3624062,2082135,1541927,1318000,77,0.0266,159608643,0,1
21,student,low,0,0,0,0,1428000,83,0.0186,0,1428000,0
24,student,medium,0,982304,797554,184750,2609000,30,0.0316,5759426,0,1
44,freelancer,high,191421,1073308,724676,348632,10000,104,0.0804,52556369,0,1
26,employee,low,16801688,1944586,1128185,816401,1464000,65,0.0177,74141166,0,1
34,self_employed,medium,0,0,0,0,394000,53,0.0495,0,394000,0
22,student,low,2515911,0,300281,-300281,991000,36,0.0231,0,991000,0
23,employee,low,31030554,2270773,1019546,1251227,10000,43,0.0112,87171510,0,1
28,employee,low,39725625,4868743,2638417,2230326,249000,59,0.0285,186768847,0,1
21,student,low,4933799,0,1959846,-1959846,10000,83,0.0174,0,10000,0
44,employee,low,21428712,5762148,3314879,2447269,2349000,54,0.016,159959065,0,1
32,freelancer,medium,3999151,2153683,1328946,824737,10000,83,0.0535,88401584,0,1
36,professional,low,1296846,4273704,2670930,1602774,481000,27,0.0172,45438949,0,1
41,employee,medium,11540756,2690185,1921000,769185,10000,63,0.0425,68603378,0,1
22,freelancer,medium,0,0,0,0,412000,70,0.0429,0,412000,0
23,student,medium,6001910,0,358309,-358309,10000,39,0.0551,0,10000,0
44,freelancer,high,19407938,0,974308,-974308,597000,95,0.0913,0,597000,0
37,freelancer,high,41369188,125001,73466,51535,92000,46,0.083,59583971,0,1
46,freelancer,medium,1069731,0,641838,-641838,296000,74,0.0345,0,296000,0
44,self_employed,medium,9556377,3483891,3133140,350751,1138000,17,0.0521,16461195,0,1
26,employee,medium,0,3695887,1949277,1746610,800000,74,0.0467,149448405,0,1
46,self_employed,high,5706207,1453075,631275,821800,783000,9,0.09,13725149,0,1
31,professional,high,34168960,4752362,2973343,1779019,912000,48,0.0763,145809531,0,1
29,freelancer,medium,44402121,3446334,1860287,1586047,677000,50,0.0431,139818895,0,1
43,employee,low,2811643,3917282,2599449,1317833,10000,36,0.0211,51926543,0,1
43,self_employed,low,19793363,916149,644101,272048,10000,20,0.0129,25720180,0,1
42,professional,high,41106738,5810441,2846629,2963812,596000,11,0.0818,78032443,0,1
43,freelancer,medium,0,1580129,921840,658289,874000,28,0.0311,19091707,0,1
36,employee,medium,43907515,4680475,2578214,2102261,10000,69,0.0415,219225963,0,1
20,student,medium,5666403,639084,442168,196916,1414000,42,0.0568,16035474,0,1
31,professional,low,27734201,6681933,4164101,2517832,1050000,55,0.0117,171451146,0,1
25,employee,medium,33282962,2687228,2124238,562990,238000,1,0.0496,33983522,0,1
46,self_employed,low,39638825,7141046,4394914,2746132,313000,86,0.0199,299322009,0,1
37,freelancer,low,5177590,0,1710068,-1710068,945000,105,0.0129,0,945000,0
34,freelancer,high,8513811,0,3141737,-3141737,775000,73,0.0879,0,775000,0
22,student,high,2922283,0,1625779,-1625779,1540000,51,0.094,0,1540000,0
28,professional,medium,21412789,5303493,3098561,2204932,516000,74,0.044,215128779,0,1
34,self_employed,low,7805592,0,2412458,-2412458,10000,73,0.0173,0,10000,0
22,student,medium,0,895453,865637,29816,996000,68,0.0582,2395004,0,1
21,student,medium,3817965,1113050,773405,339645,1433000,30,0.0562,15304978,0,1
23,student,low,2441205,1058340,662011,396329,1757000,39,0.0271,18804614,0,1
24,student,low,7717156,1692081,1296443,395638,1315000,54,0.0134,30205616,0,1
22,employee,high,33696980,4341188,3275559,1065629,1817000,49,0.0634,103043877,0,1
21,student,low,0,0,0,0,10000,33,0.018,0,10000,0
31,self_employed,high,63391442,0,0,0,669000,69,0.0848,103049977,0,1
54,freelancer,medium,14943868,1292426,883358,409068,10000,1,0.0502,15415451,0,1
33,employee,medium,0,4681356,2211361,2469995,863000,53,0.0577,148697755,0,1
40,professional,medium,5377679,2859671,1859810,999861,785000,46,0.049,56970240,0,1
24,student,low,1609188,0,384453,-384453,1015000,73,0.0271,0,1015000,0
23,student,low,6697276,0,1091018,-1091018,1878000,81,0.0212,0,1878000,0
32,freelancer,low,16268448,4075522,3133290,942232,10000,57,0.0127,72609571,0,1
19,student,high,7081134,418368,271235,147133,10000,1,0.0879,7280136,0,1
38,employee,medium,32001166,4373337,2732425,1640912,2073000,47,0.0381,120175075,0,1
38,employee,low,28958342,2902111,1799206,1102905,1514000,45,0.0102,80657195,0,1
23,student,low,0,0,0,0,10000,37,0.0173,0,10000,0
20,student,high,0,0,0,0,1001000,49,0.0872,0,1001000,0
28,freelancer,low,1058741,5033163,5263646,-230483,89000,41,0.0157,0,89000,0
35,professional,medium,41003699,1262851,566920,695931,935000,40,0.0479,78204704,0,1
25,freelancer,medium,19201103,2284956,1585703,699253,1523000,51,0.0502,63416587,0,1
43,employee,low,16393176,3957357,2412436,1544921,2042000,5,0.0141,24232492,0,1
39,employee,low,33801293,3778261,2494791,1283470,822000,66,0.0217,127967074,0,1
25,student,medium,1499841,0,624862,-624862,1123000,38,0.0311,0,1123000,0
34,freelancer,low,34678928,0,10650627,-10650627,2080000,49,0.0269,0,2080000,0
23,student,low,0,204345,205438,-1093,448000,10,0.0112,0,448000,0
35,freelancer,high,9081349,0,739727,-739727,10000,64,0.0962,0,10000,0
23,employee,low,8129921,3589655,2662068,927587,10000,49,0.0119,55085032,0,1
24,student,low,0,0,0,0,703000,13,0.0243,0,703000,0
22,employee,low,21870035,2911069,1722934,1188135,1546000,18,0.0238,44414910,0,1
31,freelancer,medium,5677710,0,3361923,-3361923,10000,40,0.0343,0,10000,0
35,employee,low,8660920,1668030,803316,864714,10000,70,0.0225,74491706,0,1
26,self_employed,medium,0,4056068,3203828,852240,10000,62,0.0449,59346168,0,1
24,student,low,0,0,0,0,266000,33,0.0182,0,266000,0
24,student,low,1802064,0,916668,-916668,2098000,27,0.0204,0,2098000,0
22,student,high,4341295,0,2152978,-2152978,669000,31,0.0907,0,669000,0
52,self_employed,high,5119365,0,2053788,-2053788,1554000,68,0.0986,0,1554000,0
23,student,low,6950285,829902,765807,64095,341000,50,0.0268,11156962,0,1
37,employee,low,4248528,2018552,1266287,752265,10000,118,0.0248,105830787,0,1
21,student,low,0,0,0,0,322000,47,0.0188,0,322000,0
51,employee,medium,12953595,2584329,1618386,965943,133000,79,0.0411,104430690,0,1
21,student,low,0,0,0,0,10000,66,0.0278,0,10000,0
21,student,medium,4689594,0,952137,-952137,2803000,78,0.0498,0,2803000,0
23,student,medium,0,1501734,1155311,346423,10000,59,0.0381,22439628,0,1
32,employee,medium,39488853,2901251,2033019,868232,1419000,34,0.0433,75980340,0,1
20,student,medium,2957702,0,1774621,-1774621,10000,63,0.0473,0,10000,0
23,student,medium,0,0,0,0,10000,1,0.0372,0,10000,0
31,employee,high,27478371,4168629,3107049,1061580,806000,32,0.0862,72590600,0,1
41,employee,medium,26520728,4614379,2802667,1811712,10000,57,0.0494,149639863,0,1
41,self_employed,medium,0,0,0,0,1386000,51,0.0407,0,1386000,0
22,employee,medium,0,0,0,0,10000,24,0.0587,0,10000,0
34,freelancer,medium,16762589,4914859,3373186,1541673,2038000,71,0.0401,144546023,0,1
28,employee,medium,19632125,3081418,1574285,1507133,553000,11,0.0458,37370743,0,1
42,self_employed,low,2678836,5008829,2647853,2360976,950000,98,0.0167,250781593,0,1
23,student,low,2257565,745619,526320,219299,85000,19,0.0131,6512727,0,1
35,professional,medium,17684257,5244744,1934426,3310318,523000,50,0.0413,201271708,0,1
39,employee,low,32472441,4387618,2351421,2036197,2945000,50,0.0211,141775542,0,1
25,student,medium,4871850,0,1645104,-1645104,1229000,59,0.0543,0,1229000,0
20,student,low,0,0,0,0,10000,51,0.0233,0,10000,0
32,freelancer,low,0,2126570,1322309,804261,1067000,62,0.0207,52580521,0,1
26,student,low,2223179,629723,782533,-152810,10000,63,0.0158,0,10000,0
40,professional,high,34642767,3572263,2213369,1358894,1077000,13,0.0888,56599117,0,1
27,employee,low,0,3308469,1927415,1381054,47000,60,0.0194,86941542,0,1
23,student,medium,0,601586,575871,25715,2003000,56,0.0303,1544734,458266,0
23,student,medium,0,222850,137562,85288,359000,84,0.0366,8151504,0,1
27,self_employed,high,52458457,2658896,1975807,683089,103000,46,0.0929,112368348,0,1
44,self_employed,high,10881503,0,4682551,-4682551,1770000,31,0.0691,0,1770000,0
37,employee,medium,9105957,6279593,3389694,2889899,222000,50,0.0454,169734788,0,1
29,employee,medium,0,4783617,3303119,1480498,1346000,17,0.0315,25704005,0,1
27,student,low,1967414,0,351210,-351210,10000,47,0.0259,0,10000,0
28,self_employed,high,16359773,5992562,3563726,2428836,997000,51,0.0791,169538022,0,1
30,professional,medium,45943449,5587042,3605984,1981058,1983000,58,0.0443,184758326,0,1
21,student,medium,3367231,0,982364,-982364,512000,74,0.035,0,512000,0
22,student,low,0,0,0,0,609000,47,0.0226,0,609000,0
39,freelancer,high,11920924,5614829,4328579,1286250,1665000,18,0.0791,37913914,0,1
24,freelancer,low,26803605,0,13317853,-13317853,15000,53,0.0114,0,15000,0
34,freelancer,high,24199115,0,13780720,-13780720,394000,71,0.0694,0,394000,0
39,self_employed,high,41888247,4377045,3265967,1111078,10000,46,0.0858,118397631,0,1
31,employee,medium,31283815,3720848,2303089,1417759,10000,64,0.0566,147909630,0,1
42,self_employed,medium,10397980,0,2345538,-2345538,10000,44,0.0309,0,10000,0
40,professional,low,30672069,3311822,1407223,1904599,10000,32,0.0224,95302167,0,1
47,self_employed,high,43457754,1138905,758981,379924,1481000,107,0.0714,138596672,0,1
34,professional,medium,3027954,2586636,2081651,504985,1876000,31,0.0584,20372701,0,1
38,employee,medium,17536444,2477143,1591392,885751,10000,75,0.0333,95324257,0,1
25,freelancer,medium,29435868,0,17661520,-17661520,1246000,61,0.046,0,1246000,0
24,professional,medium,32278748,3642496,1789825,1852671,10000,66,0.0467,180819133,0,1
50,self_employed,high,16279465,0,7647277,-7647277,1088000,32,0.0864,0,1088000,0
38,employee,medium,21323660,4029687,2245963,1783724,10000,68,0.0554,171276056,0,1
23,student,medium,144415,0,10251,-10251,1354000,7,0.0506,76061,1277939,0
25,student,medium,1086488,1228685,1019182,209503,10000,43,0.0539,11230357,0,1
23,student,medium,4914155,0,1746540,-1746540,770000,56,0.0505,0,770000,0
40,employee,medium,17619058,4503941,3161285,1342656,1222000,88,0.0599,175212299,0,1
28,freelancer,medium,12115048,4439215,3758386,680829,1620000,42,0.0346,44024186,0,1
42,freelancer,high,997842,0,82253,-82253,10000,43,0.0873,0,10000,0
23,student,medium,3523034,0,787789,-787789,1345000,6,0.0341,0,1345000,0
20,student,low,0,2118392,1820163,298229,10000,48,0.0205,14905027,0,1
26,student,medium,1706630,1119748,867985,251763,1582000,77,0.0504,25188110,0,1
24,student,low,5900151,0,932304,-932304,631000,47,0.0262,0,631000,0
21,student,medium,5635265,993130,506186,486944,2282000,15,0.0485,13501210,0,1
19,student,medium,9215205,0,1148408,-1148408,10000,33,0.0563,0,10000,0
27,professional,medium,22762208,5148456,4047956,1100500,1337000,40,0.0413,73222863,0,1
28,employee,medium,38978064,3019018,2032543,986475,236000,34,0.0546,81668248,0,1
30,employee,medium,1476660,5360875,2481390,2879485,10000,79,0.0356,257786934,0,1
46,self_employed,high,0,0,0,0,2498000,21,0.0795,0,2498000,0
21,student,medium,0,1708089,1175944,532145,364000,60,0.0491,36106116,0,1
43,self_employed,low,50236004,5137272,3382536,1754736,287000,16,0.0198,80004677,0,1
35,employee,low,0,3103924,2165618,938306,842000,40,0.0162,38537385,0,1
36,self_employed,medium,25813184,1611789,944753,667036,1326000,82,0.0496,101152650,0,1
22,student,medium,2593021,683713,511192,172521,1025000,42,0.0413,10776920,0,1
28,self_employed,medium,0,2879976,1729933,1150043,842000,58,0.0409,73614088,0,1
23,student,low,1867160,261379,152898,108481,1484000,59,0.0139,8619335,0,1
23,student,low,8736024,0,3882011,-3882011,10000,46,0.021,0,10000,0
24,professional,low,35237492,0,4296846,-4296846,10000,47,0.017,0,10000,0
31,professional,medium,45176381,2659477,1233950,1425527,55000,48,0.0514,131251944,0,1
27,freelancer,high,15160964,4669096,3429258,1239838,466000,66,0.0967,133212875,0,1
43,freelancer,medium,24347842,1016487,694819,321668,1055000,56,0.0576,52446440,0,1
23,student,high,0,1087671,968706,118965,10000,77,0.0616,11200006,0,1
29,employee,medium,44573432,3997814,2182399,1815415,1221000,15,0.0363,74454819,0,1
32,self_employed,medium,22542097,5324769,3447138,1877631,115000,60,0.0364,150390874,0,1
21,student,medium,0,647467,454273,193194,1864000,64,0.0365,13627135,0,1
23,student,high,2131026,0,523213,-523213,10000,77,0.0911,0,10000,0
25,student,medium,0,0,0,0,10000,38,0.041,0,10000,0
23,student,low,518615,0,198280,-198280,2553000,4,0.0279,0,2553000,0
40,employee,low,28124148,3093739,1687361,1406378,1365000,55,0.0109,108842825,0,1
23,student,high,1366686,0,820011,-820011,1959000,45,0.0853,0,1959000,0
22,employee,low,13120920,2456860,1261168,1195692,10000,60,0.0287,92188397,0,1
26,employee,medium,13917340,3356405,1991178,1365227,1076000,83,0.0414,149466632,0,1
24,student,low,0,0,0,0,10000,49,0.0124,0,10000,0
38,professional,high,29689550,4799412,2828109,1971303,899000,25,0.0723,87516193,0,1
20,student,low,0,0,0,0,537000,5,0.0224,0,537000,0
36,employee,medium,45087256,2662436,2010734,651702,899000,69,0.04,107190064,0,1
22,freelancer,high,19399080,0,5339125,-5339125,10000,54,0.0707,0,10000,0
38,self_employed,high,0,0,0,0,1173000,105,0.0726,0,1173000,0
36,freelancer,high,0,2044507,1466718,577789,10000,46,0.065,30090555,0,1
44,employee,medium,12044673,3315396,1862848,1452548,1003000,25,0.0526,51725952,0,1
20,student,high,2017338,0,585351,-585351,10000,15,0.0982,0,10000,0
32,freelancer,low,14915667,2769381,1919320,850061,1724000,13,0.0126,26241235,0,1
25,freelancer,low,25275650,0,15165390,-15165390,2149000,59,0.0139,0,2149000,0
31,freelancer,medium,0,4154275,3033357,1120918,10000,7,0.0359,7917200,0,1
49,self_employed,medium,38364351,0,8437553,-8437553,1457000,63,0.0331,0,1457000,0
39,professional,medium,32726944,5762265,4782957,979308,10000,74,0.0563,132674111,0,1
24,student,high,8955577,0,4509207,-4509207,679000,45,0.0734,0,679000,0
28,employee,medium,38146186,3700774,2749172,951602,1411000,61,0.0513,115642797,0,1
22,freelancer,high,0,644980,564592,80388,115000,56,0.0641,5231358,0,1
41,self_employed,medium,13766309,5567421,3645238,1922183,10000,24,0.0329,62317852,0,1
25,student,medium,0,0,0,0,205000,11,0.0383,0,205000,0
39,freelancer,medium,15555868,2952121,2558696,393425,10000,12,0.0437,21066259,0,1
33,professional,medium,21305689,4081254,1730490,2350764,480000,42,0.0599,135803153,0,1
26,student,medium,0,1237973,753605,484368,523000,74,0.0381,40332193,0,1
32,employee,high,27961700,1901010,1489063,411947,1919000,52,0.0764,64193145,0,1
23,student,medium,2529316,0,105862,-105862,192000,56,0.0396,0,192000,0
26,employee,medium,21849932,1654329,888995,765334,10000,73,0.0493,94470590,0,1
34,employee,low,25304281,4031149,2632051,1399098,10000,47,0.0137,94212574,0,1
29,employee,medium,17409354,4624810,3615767,1009043,689000,21,0.0414,40652322,0,1
40,employee,low,8467397,1671956,1004795,667161,448000,68,0.0274,58906033,0,1
40,self_employed,high,0,0,0,0,90000,53,0.0933,0,90000,0
22,student,low,9037618,962765,588407,374358,10000,38,0.0101,23780580,0,1
29,freelancer,medium,11001851,3511583,1954716,1556867,1812000,64,0.0586,131662469,0,1
23,employee,medium,33288932,2220670,1423722,796948,1637000,20,0.0546,53099910,0,1
22,student,medium,3077336,1323144,1093214,229930,10000,48,0.0323,15265607,0,1
24,student,low,1887192,0,618644,-618644,651000,55,0.0238,0,651000,0
22,employee,medium,22666425,2725571,1802901,922670,10000,49,0.039,75496233,0,1
32,self_employed,medium,6994354,1962900,1095893,867007,10000,42,0.0348,46564178,0,1
24,student,low,2852093,0,1203585,-1203585,555000,52,0.0124,0,555000,0
41,employee,low,30129454,4513897,2976943,1536954,10000,71,0.0169,147976684,0,1
22,employee,high,5924424,4312912,2704249,1608663,1150000,91,0.0999,230258746,0,1
35,employee,low,25330630,4245216,2915578,1329638,2249000,40,0.015,81131211,0,1
26,student,medium,0,0,0,0,10000,42,0.0524,0,10000,0
36,self_employed,medium,11218491,0,3562143,-3562143,10000,66,0.0385,0,10000,0
35,freelancer,medium,6106306,0,2592694,-2592694,2306000,56,0.0396,0,2306000,0
33,employee,medium,1140205,3512010,1870158,1641852,539000,47,0.0394,84622230,0,1
33,employee,medium,43680614,4049283,3103725,945558,10000,73,0.043,135448930,0,1
30,employee,medium,23415113,4526153,1966300,2559853,2053000,70,0.05,238886353,0,1
29,self_employed,low,4491296,0,0,0,146000,1,0.0148,4496835,0,1
43,self_employed,medium,0,33045,22886,10159,10000,55,0.0364,607058,0,1
35,self_employed,high,0,450664,240422,210242,1167000,80,0.0718,21491092,0,1
33,freelancer,high,10817358,4305937,2624101,1681836,1181000,29,0.0728,66042409,0,1
33,professional,high,29866585,4882292,2581545,2300747,67000,69,0.0858,253136249,0,1
35,freelancer,low,18689921,3060989,1940317,1120672,176000,47,0.0117,73436082,0,1
23,student,low,1104523,0,38809,-38809,1179000,43,0.0246,0,1179000,0
23,student,medium,2688085,79423,48783,30640,10000,84,0.0303,6185378,0,1
35,employee,medium,25169499,1756321,1044902,711419,10000,42,0.0559,63513300,0,1
22,student,low,3103980,0,629969,-629969,1215000,43,0.0189,0,1215000,0
30,employee,high,20927754,0,12556652,-12556652,2345000,39,0.0793,0,2345000,0
25,student,low,0,40904,35021,5883,865000,31,0.0149,185811,679189,0
38,freelancer,high,6273638,0,3319286,-3319286,1670000,28,0.0608,0,1670000,0
34,employee,low,0,3113759,2040714,1073045,623000,61,0.0286,70362988,0,1
22,employee,medium,23080260,3498227,2715064,783163,1735000,56,0.033,74261380,0,1
22,freelancer,low,30421081,118074,61220,56854,1294000,46,0.02,35558799,0,1
20,student,medium,0,1380236,1182141,198095,1559000,15,0.0509,3061294,0,1
31,employee,low,4281634,0,1762195,-1762195,1442000,63,0.017,0,1442000,0
26,student,medium,7541163,0,3034620,-3034620,1558000,76,0.0513,0,1558000,0
35,self_employed,low,32806026,2881716,2126455,755261,10000,47,0.0279,74052877,0,1
24,professional,medium,56523351,3062795,1848363,1214432,1372000,61,0.0545,159657976,0,1
21,student,medium,4843696,0,449456,-449456,10000,28,0.037,0,10000,0
21,student,low,5012845,614523,387440,227083,758000,68,0.0198,21934547,0,1
43,employee,low,13803570,2468222,1432469,1035753,37000,41,0.0263,59481338,0,1
34,self_employed,medium,0,0,0,0,1000000,33,0.0521,0,1000000,0
31,professional,low,25702495,2658822,1714185,944637,708000,100,0.0167,130814578,0,1
21,student,high,4522410,0,812514,-812514,1621000,39,0.0864,0,1621000,0
36,employee,low,0,3014117,1377079,1637038,2235000,33,0.0204,55517804,0,1
21,student,high,0,1147930,434608,713322,1545000,31,0.0926,24874248,0,1
24,student,low,0,0,0,0,1854000,37,0.0116,0,1854000,0
24,self_employed,high,31943320,4476006,3569474,906532,1227000,63,0.0758,117374938,0,1
38,self_employed,medium,16012731,0,5939706,-5939706,10000,73,0.0517,0,10000,0
20,student,high,5778867,0,1427552,-1427552,1053000,60,0.0877,0,1053000,0
23,student,low,0,0,0,0,10000,38,0.0164,0,10000,0
47,professional,high,22159002,3979737,2038393,1941344,10000,36,0.081,107043433,0,1
23,student,low,0,0,0,0,279000,75,0.0261,0,279000,0
25,employee,low,28148807,2576368,1314700,1261668,10000,45,0.0204,89335849,0,1
22,employee,medium,20795613,3600742,1096756,2503986,152000,9,0.0552,44627579,0,1
28,professional,medium,11075106,5238762,3831291,1407471,333000,45,0.0518,83184641,0,1
39,freelancer,medium,8994899,461969,321480,140489,1070000,35,0.047,15572772,0,1
30,employee,medium,13970442,3309309,2835973,473336,10000,35,0.0581,34549363,0,1
22,student,low,7824996,0,2435985,-2435985,2252000,109,0.0245,0,2252000,0
41,freelancer,low,24474871,3462032,2919460,542572,10000,61,0.0146,60693581,0,1
42,professional,low,33965643,5227634,3126051,2101583,10000,43,0.0261,131912818,0,1
22,employee,medium,21942586,3501742,1891405,1610337,2112000,16,0.0387,49500697,0,1
24,student,low,3552695,1484367,810973,673394,1356000,73,0.0263,57413804,0,1
22,student,low,0,1386027,1172109,213918,1924000,57,0.0225,12856049,0,1
25,employee,medium,29315966,2223892,1741564,482328,272000,64,0.0507,73756685,0,1
19,student,medium,4794675,1589710,829953,759757,1109000,80,0.0546,80012313,0,1
35,employee,low,19072320,4182325,3046901,1135424,160000,9,0.0126,29515153,0,1
23,student,low,2834657,0,490513,-490513,10000,56,0.0153,0,10000,0
41,employee,medium,27014459,1991419,1341592,649827,2006000,38,0.0583,59525247,0,1
44,self_employed,medium,51238949,1707019,869800,837219,1293000,37,0.0592,95365221,0,1
23,student,medium,1759075,0,1016236,-1016236,10000,68,0.0458,0,10000,0
23,student,high,424129,1135725,666462,469263,39000,91,0.0937,62732486,0,1
42,employee,medium,34890798,1019550,773055,246495,60000,125,0.0343,86821375,0,1
22,student,medium,2461885,600521,396675,203846,10000,41,0.0482,11967177,0,1
34,employee,high,37453413,3769998,2583278,1186720,10000,1,0.0739,38870784,0,1
19,student,medium,621498,0,247761,-247761,1653000,48,0.058,0,1653000,0
37,self_employed,high,36412399,4484775,3531307,953468,407000,63,0.0883,133856467,0,1
43,employee,medium,39670686,2376120,1487374,888746,1613000,50,0.0538,99301989,0,1
23,student,medium,4678483,0,2337234,-2337234,10000,41,0.0367,0,10000,0
35,freelancer,medium,16537282,0,7552839,-7552839,499000,75,0.0476,0,499000,0
21,student,low,0,0,0,0,10000,22,0.0289,0,10000,0
45,self_employed,high,23939289,0,10992848,-10992848,405000,17,0.0757,0,405000,0
32,employee,low,37672601,3911895,3021460,890435,199000,52,0.014,87734701,0,1
37,employee,low,15905931,4942475,3276887,1665588,897000,83,0.0216,167426893,0,1
20,student,low,0,695575,589302,106273,340000,3,0.0121,319141,20859,0
44,self_employed,high,0,157487,127312,30175,1118000,18,0.0981,582589,535411,0
23,student,medium,552736,1709366,992773,716593,10000,13,0.0539,10156844,0,1
26,employee,medium,12103715,3313739,1984132,1329607,1974000,71,0.05,125847698,0,1
21,student,low,2829303,1287065,846057,441008,10000,3,0.0107,4161082,0,1
23,student,low,3085168,0,407726,-407726,10000,64,0.0201,0,10000,0
30,freelancer,high,16017248,2349112,1412568,936544,1260000,41,0.0888,66339026,0,1
35,employee,low,16779894,0,0,0,289000,29,0.0272,17918619,0,1
37,employee,low,25239908,3245705,2193603,1052102,10000,25,0.0276,53773439,0,1
20,student,medium,0,0,0,0,640000,21,0.0329,0,640000,0
20,student,low,82712,1046798,674988,371810,1403000,84,0.0162,33140823,0,1
22,student,high,561208,0,269275,-269275,331000,63,0.0776,0,331000,0
24,student,medium,9885984,0,3110732,-3110732,21000,30,0.052,0,21000,0
22,student,medium,289109,0,173465,-173465,1088000,78,0.0442,0,1088000,0
42,self_employed,medium,39449962,4822418,2290280,2532138,2024000,57,0.0588,218162494,0,1
22,student,low,2610296,0,879490,-879490,1883000,46,0.0198,0,1883000,0
31,professional,medium,0,0,0,0,440000,9,0.0516,0,440000,0
24,student,medium,767959,1646174,1106936,539238,10000,81,0.0377,50640609,0,1
29,professional,low,15207605,4127271,2722332,1404939,15000,46,0.028,85067796,0,1
22,employee,medium,34454200,3030860,1947969,1082891,296000,35,0.0558,81584822,0,1
31,freelancer,high,7799193,1739663,1199849,539814,886000,27,0.0926,25733777,0,1
31,self_employed,medium,38464963,0,15406330,-15406330,433000,31,0.0386,0,433000,0
19,student,low,4584186,1002069,612148,389921,279000,66,0.0173,32019961,0,1
22,student,medium,6345969,707340,564546,142794,194000,111,0.0353,27504059,0,1
44,employee,medium,0,3518110,1765018,1753092,576000,24,0.046,43982185,0,1
30,employee,low,42988955,4641857,3086744,1555113,10000,80,0.0285,188807697,0,1
25,student,low,3786246,1336965,1075897,261068,1837000,38,0.0109,14008278,0,1
31,employee,low,27549355,4262620,2673420,1589200,1883000,1,0.019,29182175,0,1
29,professional,high,45085050,6121258,4065873,2055385,10000,56,0.0832,206442761,0,1
22,student,low,10662436,685319,514573,170746,310000,23,0.023,15153593,0,1
20,student,low,0,269617,173953,95664,1535000,79,0.0294,8327174,0,1
51,freelancer,low,15629534,4680442,3102179,1578263,1528000,41,0.0111,82153801,0,1
24,professional,medium,21215613,5117358,2489547,2627811,807000,40,0.0543,140356633,0,1
19,student,low,0,589149,460002,129147,950000,21,0.0142,2744422,0,1
26,freelancer,high,30344893,0,10882067,-10882067,1565000,69,0.0872,0,1565000,0
29,employee,low,21032537,3021173,2039014,982159,10000,13,0.0148,34235245,0,1
26,freelancer,high,21450945,0,1991308,-1991308,390000,19,0.095,0,390000,0
29,freelancer,low,13282424,0,2721697,-2721697,2499000,38,0.0142,0,2499000,0
31,professional,low,29066228,5041475,2374157,2667318,471000,74,0.0104,234747818,0,1
26,professional,medium,6073203,4248111,1935413,2312698,1596000,45,0.0531,122284399,0,1
23,student,low,0,502892,353678,149214,279000,69,0.0197,10892094,0,1
27,professional,low,15787507,2892490,1554381,1338109,10000,41,0.0132,72602299,0,1
33,self_employed,medium,5443107,0,1610487,-1610487,481000,17,0.0529,0,481000,0
21,student,low,2223207,0,785058,-785058,1298000,54,0.0175,0,1298000,0
29,employee,medium,31829816,5006070,3333444,1672626,10000,11,0.055,52298233,0,1
21,student,low,0,0,0,0,734000,25,0.0254,0,734000,0
23,freelancer,medium,14686243,3198207,1819971,1378236,620000,64,0.0592,123546810,0,1
26,student,medium,4266761,0,751739,-751739,780000,48,0.0364,0,780000,0
30,freelancer,medium,18107459,5962637,3658064,2304573,797000,74,0.0326,210739842,0,1
24,self_employed,low,22717115,0,6537716,-6537716,720000,105,0.0281,0,720000,0
43,professional,medium,0,7525208,4091815,3433393,10000,2,0.0469,6880205,0,1
33,professional,high,63231155,3435834,2318491,1117343,2203000,76,0.0876,222873237,0,1
29,employee,high,21177845,2577738,1804622,773116,674000,45,0.0702,67201839,0,1
51,self_employed,medium,0,0,0,0,3226000,41,0.0442,0,3226000,0
23,student,low,1555702,1045490,681501,363989,429000,48,0.0295,20270227,0,1
23,student,low,3476381,0,693900,-693900,542000,57,0.0254,0,542000,0
41,self_employed,medium,412184,0,166232,-166232,1685000,57,0.0429,0,1685000,0
36,employee,medium,18422310,1833116,1075777,757339,911000,66,0.0477,80961567,0,1
35,employee,low,605379,2601608,1383707,1217901,1327000,55,0.0224,71145434,0,1
40,self_employed,medium,0,0,0,0,970000,87,0.0388,0,970000,0
24,employee,medium,27359445,4415235,2145372,2269863,10000,28,0.0458,97380859,0,1
25,freelancer,medium,0,1120997,1123338,-2341,622000,76,0.0592,0,622000,0
36,self_employed,low,21723936,5424457,3085887,2338570,10000,39,0.0139,115967685,0,1
31,professional,medium,11479732,5484698,3006086,2478612,10000,68,0.0447,206193147,0,1
36,employee,medium,29899927,2536396,1677648,858748,174000,81,0.0478,123159096,0,1
23,student,medium,7645125,0,702171,-702171,685000,40,0.0395,0,685000,0
36,professional,low,15243109,6566196,3936623,2629573,1417000,2,0.0279,20579332,0,1
38,self_employed,medium,31567280,6083324,3615536,2467788,1472000,81,0.0483,279475804,0,1
37,freelancer,medium,22576269,4154258,2838471,1315787,10000,53,0.0382,102552048,0,1
43,self_employed,medium,33426210,2584362,2166653,417709,708000,28,0.0537,50308248,0,1
36,professional,medium,42165946,4695360,2771329,1924031,10000,72,0.0548,222119482,0,1
40,employee,high,8195244,0,744300,-744300,10000,63,0.0605,0,10000,0
36,freelancer,medium,29336522,2714236,2352359,361877,654000,10,0.0326,33806643,0,1
26,freelancer,low,0,2290473,1352190,938283,908000,50,0.0114,48022861,0,1
33,employee,medium,6847100,5357653,2558197,2799456,10000,33,0.0535,107215744,0,1
24,student,medium,0,0,0,0,1908000,18,0.0549,0,1908000,0
37,professional,low,27696397,5242008,3774146,1467862,2222000,31,0.018,75556240,0,1
21,student,low,4782347,0,1485330,-1485330,443000,17,0.0108,0,443000,0
36,freelancer,medium,18595564,0,4548367,-4548367,288000,49,0.0375,0,288000,0
39,employee,low,1605507,4326382,3287190,1039192,2423000,30,0.0292,34028082,0,1
41,self_employed,high,0,4943180,5015191,-72011,340000,27,0.0669,0,340000,0
27,student,high,4331955,1871437,1072595,798842,554000,55,0.077,58646477,0,1
22,student,medium,4516100,933858,831398,102460,565000,51,0.0586,11707179,0,1
33,professional,low,36711800,6547733,4305772,2241961,10000,46,0.0239,148120102,0,1
20,student,low,7807151,0,2095964,-2095964,115000,19,0.0192,0,115000,0
36,professional,low,32749636,5403905,3177210,2226695,10000,80,0.0276,234688655,0,1
22,student,low,6884212,0,525281,-525281,1287000,60,0.0262,0,1287000,0
27,employee,medium,19432593,3389121,2313460,1075661,442000,24,0.0412,47959975,0,1
24,professional,low,59000946,5837975,3899292,1938683,10000,81,0.0195,234985503,0,1
24,student,medium,5789586,1979494,1651277,328217,320000,27,0.0341,15447714,0,1
32,employee,high,10398334,3103854,2220317,883537,1757000,42,0.0609,54105650,0,1
21,student,low,2480994,0,1118221,-1118221,935000,50,0.0157,0,935000,0
43,professional,medium,17063732,4289068,2400113,1888955,777000,33,0.0363,84301239,0,1
45,freelancer,high,0,0,0,0,1565000,71,0.0819,0,1565000,0
22,freelancer,medium,0,0,0,0,10000,32,0.043,0,10000,0
30,employee,high,20481168,2836966,1888531,948435,10000,56,0.0605,88334808,0,1
23,student,medium,0,0,0,0,10000,96,0.0518,0,10000,0
22,student,low,2975944,436792,325024,111768,2122000,33,0.0247,6997323,0,1
32,self_employed,medium,15228536,0,5859961,-5859961,10000,67,0.0519,0,10000,0
22,freelancer,low,21978750,1365260,897060,468200,590000,42,0.0227,44240981,0,1
41,professional,medium,10033272,3534565,2282008,1252557,1078000,26,0.0578,45973370,0,1
19,student,low,1915970,0,544637,-544637,1190000,57,0.0174,0,1190000,0
31,employee,low,28963839,2378768,1162223,1216545,10000,35,0.0262,75459414,0,1
23,student,low,13418,0,78216,-78216,74000,74,0.0115,0,74000,0
29,freelancer,low,4889112,0,1194927,-1194927,558000,42,0.0128,0,558000,0
25,freelancer,medium,14898856,3097888,2191035,906853,10000,6,0.0391,20678145,0,1
22,student,low,2363548,0,587906,-587906,803000,18,0.0134,0,803000,0
22,student,high,4579424,0,99733,-99733,1857000,46,0.0993,1134825,722175,0
40,employee,low,22771753,3154601,1826445,1328156,10000,53,0.0268,100269123,0,1
30,employee,medium,25243551,2789081,1806267,982814,401000,56,0.0359,89659502,0,1
48,freelancer,medium,3032691,0,948970,-948970,1428000,42,0.0313,0,1428000,0
35,freelancer,high,9207255,0,3939923,-3939923,1098000,46,0.0657,0,1098000,0
31,professional,low,67269018,5454155,2557096,2897059,432000,81,0.0126,318033080,0,1
46,self_employed,medium,5634489,0,2312070,-2312070,1668000,64,0.0509,0,1668000,0
38,self_employed,high,50132946,7550749,5528365,2022384,2928000,39,0.0996,161888294,0,1
28,employee,medium,9951127,3837607,1873665,1963942,2048000,1,0.0568,11962171,0,1
25,student,medium,1814460,429261,313638,115623,152000,32,0.0507,6029334,0,1
44,freelancer,high,0,865234,610008,255226,1838000,28,0.082,7846343,0,1
27,employee,low,21821647,2804629,2192550,612079,231000,21,0.0182,35577801,0,1
25,employee,low,11742792,3645002,2210748,1434254,10000,33,0.027,61721394,0,1
25,student,low,5334852,0,1537756,-1537756,10000,104,0.0173,0,10000,0
24,student,medium,4884847,0,720208,-720208,10000,31,0.0569,0,10000,0
35,employee,low,0,3519133,2312177,1206956,725000,43,0.0225,53995997,0,1
32,employee,low,13153062,1939855,1242757,697098,127000,52,0.0259,53031382,0,1
40,self_employed,low,0,5182953,3270766,1912187,10000,47,0.0268,94647780,0,1
21,student,low,3269412,0,726985,-726985,574000,57,0.0148,0,574000,0
37,professional,medium,14456634,3198205,2316733,881472,793000,54,0.0419,69733300,0,1
29,freelancer,medium,17057517,3729690,1756500,1973190,10000,19,0.0377,56674785,0,1
24,student,low,6599985,1149300,585412,563888,1631000,56,0.013,39549641,0,1
36,employee,medium,16441087,3329350,2176432,1152918,10000,59,0.0411,95355985,0,1
32,employee,medium,16896189,3854978,2173283,1681695,297000,42,0.0406,95229956,0,1
29,self_employed,low,0,3887669,2965018,922651,2462000,73,0.0258,72842233,0,1
28,student,low,0,843678,417632,426046,10000,60,0.0197,26840972,0,1
45,self_employed,medium,22617291,0,2699964,-2699964,2035000,46,0.0593,0,2035000,0
34,employee,low,13382065,3815632,2486501,1329131,2056000,43,0.0238,74171042,0,1
23,student,low,0,0,0,0,183000,88,0.0275,0,183000,0
35,employee,low,15869597,3859290,2543941,1315349,1138000,75,0.0274,126298450,0,1
21,student,high,3072751,1316130,863350,452780,10000,58,0.0948,37999252,0,1
29,employee,medium,13953309,3961486,2283880,1677606,436000,49,0.0365,104691968,0,1
48,self_employed,low,0,5855363,4333439,1521924,1226000,92,0.0243,153738158,0,1
39,employee,low,23467590,2522891,2012745,510146,1947000,49,0.0208,51611830,0,1
23,student,medium,3744970,0,770655,-770655,10000,45,0.0452,0,10000,0
25,student,low,3759841,1403455,1603889,-200434,10000,21,0.0198,0,10000,0
25,student,medium,0,1248450,903764,344686,1605000,38,0.0361,13854053,0,1
22,student,high,1065559,1029676,861256,168420,2539000,39,0.0787,8832132,0,1
32,freelancer,low,19918844,1601653,1169870,431783,10000,47,0.0273,43556845,0,1
23,student,medium,876308,0,360001,-360001,575000,36,0.0488,0,575000,0
26,employee,low,19085056,1334057,852244,481813,653000,60,0.0127,50165665,0,1
44,professional,medium,22407040,3970892,2186971,1783921,1421000,113,0.0443,283556768,0,1
38,freelancer,medium,14770755,0,1555912,-1555912,374000,20,0.0459,0,374000,0
32,freelancer,high,19532950,0,6110029,-6110029,10000,73,0.0634,0,10000,0
35,self_employed,low,36963823,2767474,1087679,1679795,10000,17,0.0294,67657052,0,1
34,self_employed,low,0,5302393,3833042,1469351,541000,79,0.0204,124121681,0,1
32,self_employed,medium,0,2076915,1402975,673940,10000,85,0.0395,65977156,0,1
21,student,medium,2340783,0,625657,-625657,1970000,58,0.0468,0,1970000,0
23,student,low,0,0,0,0,807000,27,0.0187,0,807000,0
30,employee,high,27410238,2410317,1385261,1025056,2342000,28,0.0996,66709680,0,1
25,student,high,1481618,0,618143,-618143,1007000,14,0.0901,0,1007000,0
24,student,low,0,0,0,0,1447000,6,0.0284,0,1447000,0
22,student,medium,2387232,0,720385,-720385,1036000,74,0.051,0,1036000,0
37,employee,low,8594621,2356375,1661052,695323,10000,49,0.0221,45026649,0,1
29,employee,medium,8038070,4190835,2495804,1695031,10000,36,0.0418,74002010,0,1
20,student,low,0,0,0,0,10000,36,0.0281,0,10000,0
33,freelancer,high,24054508,4218847,3350088,868759,10000,58,0.0807,96862070,0,1
21,student,medium,8837603,290942,203274,87668,10000,21,0.0404,11388264,0,1
22,student,medium,0,1809569,1027031,782538,10000,23,0.0384,18646338,0,1
23,student,high,5642924,0,2580353,-2580353,10000,60,0.0758,0,10000,0
21,student,high,0,745713,402297,343416,10000,47,0.0966,19524124,0,1
47,self_employed,low,1818155,0,619381,-619381,966000,20,0.0285,0,966000,0
22,freelancer,low,19306363,0,10577925,-10577925,1537000,33,0.0174,0,1537000,0
24,student,medium,1269748,0,660665,-660665,2554000,25,0.0327,0,2554000,0
21,student,low,421047,1813187,1547982,265205,345000,44,0.0168,12475021,0,1
40,freelancer,medium,9569134,2108884,1616886,491998,1659000,33,0.0382,27718045,0,1
23,student,medium,4654641,0,1038146,-1038146,295000,69,0.0421,0,295000,0
22,freelancer,medium,6060881,4351320,2978204,1373116,10000,42,0.0409,68881715,0,1
22,student,high,0,1037961,850207,187754,398000,1,0.0882,187754,210246,0
51,self_employed,medium,4345503,5450910,5891926,-441016,688000,23,0.053,0,688000,0
24,student,low,0,1010169,757505,252664,2614000,48,0.0138,12461483,0,1
30,freelancer,medium,11660652,0,2679219,-2679219,10000,54,0.0562,0,10000,0
27,self_employed,low,8840926,0,4305945,-4305945,10000,36,0.022,0,10000,0
22,student,low,1576937,0,836727,-836727,1619000,11,0.0233,0,1619000,0
41,professional,high,55399817,4075655,2385608,1690047,10000,102,0.0782,351169182,0,1
29,employee,medium,10774765,0,4563337,-4563337,1298000,30,0.0356,0,1298000,0
24,student,low,3238246,0,1328889,-1328889,481000,67,0.021,0,481000,0
38,employee,medium,22773400,2926345,2285887,640458,1418000,46,0.0376,57935043,0,1
39,professional,high,32211713,6206093,3908698,2297395,10000,53,0.0901,196757152,0,1
40,freelancer,medium,17328784,971073,699001,272072,453000,90,0.0536,55938390,0,1
24,student,medium,0,1494841,1145227,349614,3044000,1,0.0494,349614,2694386,0
35,freelancer,medium,19744718,3773755,2504768,1268987,10000,41,0.0587,81575804,0,1
28,employee,medium,10023766,2195152,1146943,1048209,10000,51,0.0353,69229530,0,1
